K,Points:0,Points:1,Points:2,U,V,W,X,Y,Z,uu,uv,uw,vv,vw,ww,U-ref,K-dim,uw-dim
0.0014029,1.6711,0.5,1.2756,0.017499,0.0076934,0.98561,1.6711,0.5,1.2756,0.00089923,-0.00015628,-0.00015594,0.00075627,-0.00031614,0.0011502,0.25,0.0224464,-0.00249504
0.0014053,1.6793,0.5,1.2756,0.016123,0.0058971,0.98612,1.6793,0.5,1.2756,0.00085649,-0.00019728,-0.00012616,0.00074349,-0.0002387,0.0012105,,0.0224848,-0.00201856
0.0013945,1.6876,0.5,1.2756,0.015001,0.0048219,0.9878,1.6876,0.5,1.2756,0.00080711,-0.00021987,-8.91E-05,0.00075519,-0.00020183,0.0012268,,0.022312,-0.001425728
0.0013809,1.6958,0.5,1.2756,0.014376,0.0045878,0.98874,1.6958,0.5,1.2756,0.00075127,-0.00022009,-4.06E-05,0.00079019,-0.00020908,0.0012204,,0.0220944,-0.000650208
0.0013787,1.7041,0.5,1.2756,0.014152,0.005146,0.98761,1.7041,0.5,1.2756,0.00069081,-0.00020835,2.69E-05,0.00082415,-0.00022967,0.0012424,,0.0220592,0.000430656
0.0013534,1.7123,0.5,1.2756,0.013997,0.0056025,0.9853,1.7123,0.5,1.2756,0.00063572,-0.00019873,7.51E-05,0.00082821,-0.00023085,0.0012428,,0.0216544,0.00120232
0.0013135,1.7206,0.5,1.2756,0.013569,0.0046835,0.98247,1.7206,0.5,1.2756,0.00060031,-0.00019047,8.05E-05,0.00080818,-0.00021836,0.0012186,,0.021016,0.001287936
0.0012702,1.7289,0.5,1.2756,0.012666,0.002716,0.9808,1.7289,0.5,1.2756,0.00058661,-0.0001688,7.20E-05,0.00078514,-0.00017741,0.0011686,,0.0203232,0.001152128
0.0012406,1.7371,0.5,1.2756,0.011229,0.0012175,0.98174,1.7371,0.5,1.2756,0.00058221,-0.00012631,5.28E-05,0.00074671,-0.00012859,0.0011523,,0.0198496,0.000844016
0.0012903,1.7454,0.5,1.2756,0.0093777,0.00068083,0.98398,1.7454,0.5,1.2756,0.0005754,-6.87E-05,-1.65E-05,0.00067204,-0.00012732,0.0013332,,0.0206448,-0.000264208
0.0013998,1.7536,0.5,1.2756,0.0074611,0.00032657,0.98702,1.7536,0.5,1.2756,0.00056223,-2.20E-05,-9.91E-05,0.00059875,-0.00018998,0.0016387,,0.0223968,-0.00158632
0.0015279,1.7619,0.5,1.2756,0.0057162,-0.00040339,0.9907,1.7619,0.5,1.2756,0.00054213,-1.14E-05,-0.00016691,0.00058445,-0.00028662,0.0019291,,0.0244464,-0.00267056
0.0016873,1.7701,0.5,1.2756,0.0040333,-0.0011244,0.99384,1.7701,0.5,1.2756,0.00051597,-2.36E-05,-0.00023933,0.00062726,-0.00036285,0.0022313,,0.0269968,-0.00382928
0.0018343,1.7784,0.5,1.2756,0.0023316,-0.0018829,0.99678,1.7784,0.5,1.2756,0.00049015,-4.60E-05,-0.00029428,0.00069414,-0.00041644,0.0024843,,0.0293488,-0.00470848
0.001942,1.7866,0.5,1.2756,0.00080395,-0.002645,1.0001,1.7866,0.5,1.2756,0.0004759,-6.79E-05,-0.00032449,0.00077513,-0.00048299,0.0026329,,0.031072,-0.00519184
0.0019627,1.7949,0.5,1.2756,-0.0002827,-0.0025929,1.0034,1.7949,0.5,1.2756,0.00048117,-6.64E-05,-0.00030016,0.0008285,-0.00056609,0.0026158,,0.0314032,-0.00480256
0.0018489,1.8032,0.5,1.2756,-0.00082018,-0.0020277,1.0055,1.8032,0.5,1.2756,0.00051076,-4.96E-05,-0.00021027,0.00081523,-0.00061596,0.0023719,,0.0295824,-0.00336432
0.0017213,1.8114,0.5,1.2756,-0.00092265,-0.0018935,1.0066,1.8114,0.5,1.2756,0.00056959,-3.40E-05,-9.79E-05,0.00078538,-0.00058255,0.0020877,,0.0275408,-0.001566608
0.0016888,1.8197,0.5,1.2756,-0.00080953,-0.0020168,1.0084,1.8197,0.5,1.2756,0.00065561,-1.65E-05,1.80E-05,0.0007923,-0.00050244,0.0019298,,0.0270208,0.000287824
0.0016916,1.8279,0.5,1.2756,-0.00068166,-0.0018097,1.0113,1.8279,0.5,1.2756,0.00075486,8.76E-06,0.00011827,0.00083962,-0.00043591,0.0017887,,0.0270656,0.00189232
0.0016983,1.8362,0.5,1.2756,-0.00068046,-0.0011433,1.0146,1.8362,0.5,1.2756,0.00085686,4.23E-05,0.0002266,0.0008769,-0.00038771,0.0016629,,0.0271728,0.0036256
0.0018031,1.8446,0.5,1.2756,-0.0007971,-0.00059955,1.017,1.8446,0.5,1.2756,0.00096343,7.71E-05,0.00032996,0.00087797,-0.00042301,0.0017649,,0.0288496,0.00527936
0.0018549,1.8534,0.5,1.2756,-0.00089793,-0.00070499,1.0212,1.8534,0.5,1.2756,0.0010848,0.00011148,0.00036006,0.00088568,-0.00046505,0.0017394,,0.0296784,0.00576096
0.0017452,1.8626,0.5,1.2756,-0.00093573,-0.0019681,1.0279,1.8626,0.5,1.2756,0.0012322,0.00015008,0.00033198,0.0008725,-0.00037484,0.0013856,,0.0279232,0.00531168
0.0016928,1.8723,0.5,1.2756,-0.00097607,-0.0036152,1.0314,1.8723,0.5,1.2756,0.0013762,0.00017557,0.00041478,0.00079697,-0.00025781,0.0012126,,0.0270848,0.00663648
0.0017451,1.8824,0.5,1.2756,-0.0010455,-0.0040662,1.0279,1.8824,0.5,1.2756,0.0014761,0.00019402,0.00053508,0.00072966,-0.00022415,0.0012844,,0.0279216,0.00856128
0.0019276,1.8931,0.5,1.2756,-0.0011297,-0.0035527,1.0205,1.8931,0.5,1.2756,0.0015719,0.00024415,0.00064721,0.00077021,-0.00027392,0.0015131,,0.0308416,0.01035536
0.0022148,1.9042,0.5,1.2756,-0.0013047,-0.0023246,1.0115,1.9042,0.5,1.2756,0.0017175,0.00033269,0.00077039,0.00091251,-0.00040693,0.0017995,,0.0354368,0.01232624
0.0023419,1.9159,0.5,1.2756,-0.0018955,0.00046616,1.0035,1.9159,0.5,1.2756,0.0018838,0.00040484,0.0006375,0.0010221,-0.00062452,0.0017779,,0.0374704,0.0102
0.002227,1.9282,0.5,1.2756,-0.00345,0.0037009,0.99846,1.9282,0.5,1.2756,0.0019471,0.00039416,0.00034735,0.00094747,-0.00071681,0.0015594,,0.035632,0.0055576
0.00213,1.941,0.5,1.2756,-0.0059099,0.0047765,0.99479,1.941,0.5,1.2756,0.0018208,0.00027799,0.00025901,0.0007773,-0.00060022,0.001662,,0.03408,0.00414416
0.002059,1.9545,0.5,1.2756,-0.0080733,0.0047406,0.98956,1.9545,0.5,1.2756,0.0015893,8.43E-05,0.00017969,0.00070902,-0.00040298,0.0018197,,0.032944,0.00287504
0.0020133,1.9686,0.5,1.2756,-0.0087671,0.0050701,0.98721,1.9686,0.5,1.2756,0.001395,-4.80E-05,-6.86E-05,0.00074457,-0.00023346,0.001887,,0.0322128,-0.001096928
0.0019575,1.9833,0.5,1.2756,-0.0076015,0.0044806,0.98665,1.9833,0.5,1.2756,0.0013246,-7.32E-05,-0.00025537,0.00074921,-0.00024393,0.0018413,,0.03132,-0.00408592
0.001744,1.9988,0.5,1.2756,-0.0041942,0.0038725,0.98424,1.9988,0.5,1.2756,0.0013553,-2.68E-05,-0.00025376,0.00070085,-0.00031168,0.001432,,0.027904,-0.00406016
0.0015996,2.0149,0.5,1.2756,0.0010024,0.0038973,0.98673,2.0149,0.5,1.2756,0.0013745,0.00010958,-0.00023684,0.00068061,-0.000286,0.0011441,,0.0255936,-0.00378944
0.0016712,2.0319,0.5,1.2756,0.0066075,0.0029599,0.98405,2.0319,0.5,1.2756,0.0013056,0.00020668,-0.00035822,0.00063328,-0.0003626,0.0014035,,0.0267392,-0.00573152
0.0025645,2.0496,0.5,1.2756,0.011235,0.002258,0.98115,2.0496,0.5,1.2756,0.0012087,0.00025178,-0.00065106,0.00074138,-0.00091688,0.003179,,0.041032,-0.01041696
0.0031426,2.0681,0.5,1.2756,0.014047,0.00074835,0.98286,2.0681,0.5,1.2756,0.0011512,0.00033221,-0.00078227,0.00094961,-0.0014532,0.0041844,,0.0502816,-0.01251632
0.003048,2.0875,0.5,1.2756,0.015879,-0.00026671,0.97587,2.0875,0.5,1.2756,0.0010857,0.00039609,-0.0007208,0.00084153,-0.0012789,0.0041687,,0.048768,-0.0115328
0.0028507,2.1078,0.5,1.2756,0.016931,-0.0017968,0.97507,2.1078,0.5,1.2756,0.00099724,0.00032097,-0.00090871,0.00066442,-0.00083112,0.0040398,,0.0456112,-0.01453936
0.0021167,2.129,0.5,1.2756,0.015981,-0.0041115,0.98574,2.129,0.5,1.2756,0.00084107,0.00016703,-0.00046058,0.00055019,-0.00033992,0.0028421,,0.0338672,-0.00736928
0.0014341,2.1511,0.5,1.2756,0.012931,-0.0066825,0.99394,2.1511,0.5,1.2756,0.00062434,6.12E-05,0.00018964,0.00047567,-0.00019277,0.0017683,,0.0229456,0.00303424
0.0016975,2.1743,0.5,1.2756,0.0093287,-0.013228,0.99466,2.1743,0.5,1.2756,0.0004886,6.68E-06,8.48E-05,0.00060194,-0.00058469,0.0023045,,0.02716,0.001356464
0.0021476,2.1984,0.5,1.2756,0.0075227,-0.011957,0.98145,2.1984,0.5,1.2756,0.000438,3.62E-05,-3.64E-05,0.00084744,-0.00050242,0.0030098,,0.0343616,-0.000581904
0.0019831,2.2237,0.5,1.2756,0.0080421,-0.0051597,0.9705,2.2237,0.5,1.2756,0.00049455,0.00012388,-4.26E-05,0.00092206,-0.00041014,0.0025496,,0.0317296,-0.00068168
0.0023628,2.2501,0.5,1.2756,0.011536,-0.0063385,0.95852,2.2501,0.5,1.2756,0.00062546,9.20E-05,0.00029869,0.0007469,-0.00055659,0.0033533,,0.0378048,0.00477904
0.0021404,2.2776,0.5,1.2756,0.016859,-0.011732,0.96494,2.2776,0.5,1.2756,0.00067466,8.68E-05,0.0002299,0.00077464,-0.00033849,0.0028314,,0.0342464,0.0036784
0.001554,2.3063,0.5,1.2756,0.019343,-0.018132,0.97993,2.3063,0.5,1.2756,0.00074135,8.93E-05,-2.31E-07,0.0010117,-0.00017629,0.0013549,,0.024864,-3.70176E-06
0.002556,2.3362,0.5,1.2756,0.018241,-0.013135,0.96921,2.3362,0.5,1.2756,0.0009334,0.00021077,0.00060509,0.00087695,0.00016331,0.0033016,,0.040896,0.00968144
0.0032758,2.3674,0.5,1.2756,0.014269,-0.016698,0.95843,2.3674,0.5,1.2756,0.0011266,0.0001089,0.00099857,0.0011767,-0.00034404,0.0042483,,0.0524128,0.01597712
0.0036044,2.3999,0.5,1.2756,0.0089911,-0.011188,0.89057,2.3999,0.5,1.2756,0.0012132,0.00016424,0.0013394,0.0017804,-0.00064652,0.0042152,,0.0576704,0.0214304
0.0040246,2.4338,0.5,1.2756,0.0051807,0.0042972,0.8098,2.4338,0.5,1.2756,0.00095346,0.00040712,0.0013683,0.001869,-0.00019315,0.0052268,,0.0643936,0.0218928
0.0031602,2.4691,0.5,1.2756,0.0023656,0.0019062,0.71127,2.4691,0.5,1.2756,0.00036326,0.00017892,0.0006374,0.001542,-0.00021637,0.0044151,,0.0505632,0.0101984
0.0014049,1.6711,0.5,1.3137,0.017323,0.0077409,0.98552,1.6711,0.5,1.3137,0.0008966,-0.00016291,-0.00015618,0.0007804,-0.00031608,0.0011327,,0.0224784,-0.00249888
0.0014078,1.6793,0.5,1.3137,0.015963,0.0058874,0.98604,1.6793,0.5,1.3137,0.00085569,-0.00020308,-0.0001253,0.00077249,-0.00022963,0.0011874,,0.0225248,-0.0020048
0.0014016,1.6876,0.5,1.3137,0.014821,0.0047621,0.98765,1.6876,0.5,1.3137,0.00080763,-0.00022542,-8.65E-05,0.00078521,-0.00019038,0.0012104,,0.0224256,-0.001383952
0.00139,1.6958,0.5,1.3137,0.014124,0.0044602,0.98851,1.6958,0.5,1.3137,0.00075099,-0.0002263,-3.80E-05,0.00081594,-0.00020278,0.0012131,,0.02224,-0.000607376
0.0013854,1.7041,0.5,1.3137,0.01379,0.0049514,0.98731,1.7041,0.5,1.3137,0.00068918,-0.00021546,2.61E-05,0.00084167,-0.00023258,0.00124,,0.0221664,0.000417296
0.0013573,1.7123,0.5,1.3137,0.01353,0.0053841,0.985,1.7123,0.5,1.3137,0.00063544,-0.00020488,6.98E-05,0.00083438,-0.00024536,0.0012448,,0.0217168,0.001116832
0.0013161,1.7206,0.5,1.3137,0.013035,0.0044926,0.98209,1.7206,0.5,1.3137,0.00060526,-0.00019392,7.51E-05,0.00080299,-0.00024288,0.001224,,0.0210576,0.001202208
0.0012743,1.7289,0.5,1.3137,0.012111,0.0025537,0.98031,1.7289,0.5,1.3137,0.00059936,-0.00017138,7.19E-05,0.00077632,-0.00020309,0.0011728,,0.0203888,0.001150048
0.001249,1.7371,0.5,1.3137,0.010693,0.0010535,0.98143,1.7371,0.5,1.3137,0.00060192,-0.00013134,5.91E-05,0.00074733,-0.00014736,0.0011488,,0.019984,0.000946336
0.0013013,1.7454,0.5,1.3137,0.0088901,0.00053981,0.98405,1.7454,0.5,1.3137,0.00059613,-7.50E-05,-7.27E-06,0.00068693,-0.00013932,0.0013194,,0.0208208,-0.000116336
0.0014107,1.7536,0.5,1.3137,0.0070286,0.00033721,0.98719,1.7536,0.5,1.3137,0.00057893,-2.33E-05,-9.15E-05,0.00061867,-0.00019856,0.0016239,,0.0225712,-0.001463712
0.0015373,1.7619,0.5,1.3137,0.0053366,-0.00018931,0.99085,1.7619,0.5,1.3137,0.00055787,-8.06E-06,-0.00015963,0.00059856,-0.00029399,0.0019182,,0.0245968,-0.00255408
0.0016882,1.7701,0.5,1.3137,0.0036963,-0.0007922,0.99401,1.7701,0.5,1.3137,0.00053363,-2.25E-05,-0.00023128,0.00063155,-0.00036552,0.0022113,,0.0270112,-0.00370048
0.0018193,1.7784,0.5,1.3137,0.0020068,-0.0014695,0.99693,1.7784,0.5,1.3137,0.00050314,-4.76E-05,-0.00028708,0.00068574,-0.00040859,0.0024497,,0.0291088,-0.00459328
0.0019116,1.7866,0.5,1.3137,0.00046223,-0.0022347,1.0002,1.7866,0.5,1.3137,0.00047706,-6.74E-05,-0.00032111,0.0007541,-0.00046541,0.0025921,,0.0305856,-0.00513776
0.0019312,1.7949,0.5,1.3137,-0.00064407,-0.0023543,1.0034,1.7949,0.5,1.3137,0.0004748,-5.96E-05,-0.00030259,0.00080794,-0.00054912,0.0025798,,0.0308992,-0.00484144
0.0018358,1.8032,0.5,1.3137,-0.0011844,-0.0020089,1.0054,1.8032,0.5,1.3137,0.00050573,-3.40E-05,-0.0002222,0.00081249,-0.00060551,0.0023533,,0.0293728,-0.0035552
0.0017217,1.8114,0.5,1.3137,-0.0012754,-0.002015,1.0066,1.8114,0.5,1.3137,0.00056622,-1.47E-05,-0.00012476,0.00080504,-0.00057727,0.0020721,,0.0275472,-0.00199616
0.0016854,1.8197,0.5,1.3137,-0.0011473,-0.0021828,1.0084,1.8197,0.5,1.3137,0.00064979,-3.40E-06,-1.42E-05,0.00082465,-0.00050475,0.0018963,,0.0269664,-0.000226816
0.0016899,1.8279,0.5,1.3137,-0.0010232,-0.0020007,1.0113,1.8279,0.5,1.3137,0.00074725,1.02E-05,9.90E-05,0.00087092,-0.00044353,0.0017616,,0.0270384,0.001584368
0.0017098,1.8362,0.5,1.3137,-0.001072,-0.0014171,1.0143,1.8362,0.5,1.3137,0.00085269,3.51E-05,0.0002182,0.00090134,-0.00040442,0.0016656,,0.0273568,0.0034912
0.0018189,1.8446,0.5,1.3137,-0.0012872,-0.0009344,1.0168,1.8446,0.5,1.3137,0.00097131,6.85E-05,0.0003233,0.00090168,-0.00044534,0.0017649,,0.0291024,0.0051728
0.0018584,1.8534,0.5,1.3137,-0.001507,-0.001067,1.0217,1.8534,0.5,1.3137,0.0011129,0.00010107,0.00034947,0.00090732,-0.00046043,0.0016967,,0.0297344,0.00559152
0.0017498,1.8626,0.5,1.3137,-0.0016159,-0.002292,1.0283,1.8626,0.5,1.3137,0.0012791,0.00013291,0.00031706,0.00088048,-0.00034652,0.00134,,0.0279968,0.00507296
0.0017217,1.8723,0.5,1.3137,-0.0016296,-0.0037544,1.031,1.8723,0.5,1.3137,0.001434,0.00015311,0.00041315,0.00079524,-0.00023812,0.0012141,,0.0275472,0.0066104
0.0017948,1.8824,0.5,1.3137,-0.0016424,-0.0040838,1.0272,1.8824,0.5,1.3137,0.0015439,0.0001747,0.00054598,0.00073111,-0.00022494,0.0013146,,0.0287168,0.00873568
0.0019778,1.8931,0.5,1.3137,-0.0017183,-0.0036556,1.0196,1.8931,0.5,1.3137,0.0016437,0.00023711,0.00065316,0.00078092,-0.00028899,0.0015311,,0.0316448,0.01045056
0.0022476,1.9042,0.5,1.3137,-0.0019077,-0.002473,1.0108,1.9042,0.5,1.3137,0.0017683,0.00033726,0.00078115,0.00092803,-0.00041614,0.0017989,,0.0359616,0.0124984
0.002355,1.9159,0.5,1.3137,-0.0024432,0.00040664,1.0035,1.9159,0.5,1.3137,0.0018948,0.00041391,0.00065768,0.0010267,-0.00062533,0.0017884,,0.03768,0.01052288
0.0022359,1.9282,0.5,1.3137,-0.0037707,0.0037258,0.99841,1.9282,0.5,1.3137,0.0019328,0.00040752,0.00037601,0.00094489,-0.00071761,0.0015942,,0.0357744,0.00601616
0.002132,1.941,0.5,1.3137,-0.0058891,0.004986,0.99468,1.941,0.5,1.3137,0.0018114,0.00029532,0.00027651,0.00078296,-0.00059496,0.0016697,,0.034112,0.00442416
0.0020434,1.9545,0.5,1.3137,-0.0078117,0.0050562,0.99006,1.9545,0.5,1.3137,0.0015915,9.96E-05,0.00016602,0.00071473,-0.00040729,0.0017806,,0.0326944,0.00265632
0.0020115,1.9686,0.5,1.3137,-0.0084208,0.0052105,0.98771,1.9686,0.5,1.3137,0.0014011,-2.73E-05,-0.00010628,0.00074638,-0.00026738,0.0018754,,0.032184,-0.00170048
0.0019832,1.9833,0.5,1.3137,-0.0071897,0.0044652,0.98649,1.9833,0.5,1.3137,0.0013314,-5.09E-05,-0.00030837,0.00075589,-0.00027752,0.001879,,0.0317312,-0.00493392
0.0017806,1.9988,0.5,1.3137,-0.0036745,0.003828,0.98353,1.9988,0.5,1.3137,0.0013519,-1.35E-05,-0.00030679,0.00071235,-0.00032603,0.0014971,,0.0284896,-0.00490864
0.0016207,2.0149,0.5,1.3137,0.0015951,0.0038887,0.9861,2.0149,0.5,1.3137,0.0013522,0.00012654,-0.00026942,0.00068508,-0.00028724,0.0012042,,0.0259312,-0.00431072
0.0016812,2.0319,0.5,1.3137,0.0071312,0.0030396,0.98373,2.0319,0.5,1.3137,0.0012824,0.00022575,-0.0003691,0.00063319,-0.00035948,0.0014468,,0.0268992,-0.0059056
0.0025623,2.0496,0.5,1.3137,0.01159,0.0021218,0.98113,2.0496,0.5,1.3137,0.0012104,0.00026763,-0.00068965,0.00074634,-0.00090143,0.0031679,,0.0409968,-0.0110344
0.0031416,2.0681,0.5,1.3137,0.014266,0.00038585,0.98299,2.0681,0.5,1.3137,0.001169,0.00034995,-0.00082282,0.00097642,-0.0014524,0.0041377,,0.0502656,-0.01316512
0.0030775,2.0875,0.5,1.3137,0.016004,-0.00048359,0.97623,2.0875,0.5,1.3137,0.0011002,0.00040516,-0.00072249,0.00087265,-0.0013171,0.0041822,,0.04924,-0.01155984
0.0029067,2.1078,0.5,1.3137,0.016981,-0.0016455,0.97485,2.1078,0.5,1.3137,0.001011,0.00032342,-0.00091689,0.00068481,-0.00087246,0.0041175,,0.0465072,-0.01467024
0.0021381,2.129,0.5,1.3137,0.015968,-0.0037661,0.98443,2.129,0.5,1.3137,0.00085238,0.00016935,-0.00049741,0.0005618,-0.00037949,0.002862,,0.0342096,-0.00795856
0.0014197,2.1511,0.5,1.3137,0.012829,-0.0064037,0.99379,2.1511,0.5,1.3137,0.00063343,6.69E-05,0.00015908,0.00047536,-0.00022478,0.0017305,,0.0227152,0.00254528
0.0016861,2.1743,0.5,1.3137,0.0091305,-0.013103,0.99524,2.1743,0.5,1.3137,0.00049327,1.14E-05,8.00E-05,0.0005866,-0.00058804,0.0022924,,0.0269776,0.001279696
0.0021432,2.1984,0.5,1.3137,0.0072209,-0.012196,0.98124,2.1984,0.5,1.3137,0.00043234,4.13E-05,-3.43E-05,0.00083705,-0.00050457,0.003017,,0.0342912,-0.000549344
0.0019998,2.2237,0.5,1.3137,0.0077094,-0.0054035,0.97017,2.2237,0.5,1.3137,0.00048137,0.00013873,-4.60E-05,0.00093633,-0.00042118,0.0025819,,0.0319968,-0.000736496
0.0023034,2.2501,0.5,1.3137,0.011254,-0.0063865,0.95854,2.2501,0.5,1.3137,0.00061021,0.00011155,0.00027855,0.00073715,-0.00052428,0.0032594,,0.0368544,0.0044568
0.0020732,2.2776,0.5,1.3137,0.01653,-0.011868,0.96517,2.2776,0.5,1.3137,0.0006738,0.00010676,0.00022886,0.00074667,-0.00029125,0.002726,,0.0331712,0.00366176
0.0015639,2.3063,0.5,1.3137,0.018978,-0.018352,0.97973,2.3063,0.5,1.3137,0.00075435,8.34E-05,4.64E-06,0.0010161,-0.00016703,0.0013575,,0.0250224,0.000074296
0.0025352,2.3362,0.5,1.3137,0.018136,-0.013209,0.96826,2.3362,0.5,1.3137,0.00093544,0.00020514,0.00059387,0.00091003,0.00019079,0.003225,,0.0405632,0.00950192
0.0032152,2.3674,0.5,1.3137,0.014568,-0.016673,0.95752,2.3674,0.5,1.3137,0.0010938,8.67E-05,0.0010244,0.0011727,-0.00026391,0.0041639,,0.0514432,0.0163904
0.0035893,2.3999,0.5,1.3137,0.0093623,-0.011553,0.89012,2.3999,0.5,1.3137,0.0011938,0.00012682,0.0013869,0.001712,-0.00056766,0.0042727,,0.0574288,0.0221904
0.0041223,2.4338,0.5,1.3137,0.0053631,0.0041363,0.809,2.4338,0.5,1.3137,0.00098255,0.00041878,0.0014349,0.0018685,-0.00013308,0.0053936,,0.0659568,0.0229584
0.003289,2.4691,0.5,1.3137,0.0024252,0.0022459,0.71016,2.4691,0.5,1.3137,0.00038564,0.00020015,0.00069393,0.0016154,-0.00016701,0.004577,,0.052624,0.01110288
0.0013957,1.6711,0.5,1.3518,0.01713,0.0078613,0.98533,1.6711,0.5,1.3518,0.00088805,-0.00016205,-0.00016471,0.00078494,-0.00032172,0.0011184,,0.0223312,-0.00263536
0.0013993,1.6793,0.5,1.3518,0.015791,0.0059181,0.98585,1.6793,0.5,1.3518,0.00084647,-0.00020319,-0.00013599,0.00078689,-0.00022653,0.0011652,,0.0223888,-0.00217584
0.0013969,1.6876,0.5,1.3518,0.01462,0.0047201,0.98738,1.6876,0.5,1.3518,0.0007963,-0.00022511,-9.64E-05,0.0008019,-0.00018469,0.0011956,,0.0223504,-0.001543072
0.0013849,1.6958,0.5,1.3518,0.013844,0.0043441,0.98819,1.6958,0.5,1.3518,0.00073703,-0.00022884,-4.37E-05,0.00082779,-0.00020061,0.0012049,,0.0221584,-0.000699184
0.0013761,1.7041,0.5,1.3518,0.013381,0.0047567,0.98699,1.7041,0.5,1.3518,0.00067352,-0.0002229,2.18E-05,0.00084865,-0.0002388,0.0012301,,0.0220176,0.000349344
0.0013463,1.7123,0.5,1.3518,0.012975,0.0051343,0.98471,1.7123,0.5,1.3518,0.00062042,-0.00021379,6.31E-05,0.0008385,-0.0002612,0.0012336,,0.0215408,0.00100928
0.0013085,1.7206,0.5,1.3518,0.012379,0.0042517,0.98177,1.7206,0.5,1.3518,0.00059331,-0.00019964,6.61E-05,0.00080297,-0.0002613,0.0012207,,0.020936,0.001058064
0.0012704,1.7289,0.5,1.3518,0.011441,0.0023602,0.97986,1.7289,0.5,1.3518,0.00059167,-0.00017438,6.27E-05,0.00077257,-0.00021756,0.0011765,,0.0203264,0.001003072
0.0012468,1.7371,0.5,1.3518,0.010092,0.00088313,0.98112,1.7371,0.5,1.3518,0.00059803,-0.00013469,5.31E-05,0.00074551,-0.00015862,0.00115,,0.0199488,0.000849152
0.001301,1.7454,0.5,1.3518,0.0083971,0.00038524,0.98411,1.7454,0.5,1.3518,0.00059462,-7.82E-05,-4.87E-06,0.00069206,-0.0001493,0.0013154,,0.020816,-7.79104E-05
0.0014137,1.7536,0.5,1.3518,0.0066257,0.00031151,0.98736,1.7536,0.5,1.3518,0.00057854,-2.12E-05,-8.24E-05,0.00062712,-0.00020419,0.0016217,,0.0226192,-0.001318
0.0015375,1.7619,0.5,1.3518,0.0049837,-7.83E-06,0.99099,1.7619,0.5,1.3518,0.00055836,2.76E-07,-0.00014747,0.00060133,-0.00029298,0.0019153,,0.0246,-0.00235952
0.0016778,1.7701,0.5,1.3518,0.0033728,-0.00047704,0.99413,1.7701,0.5,1.3518,0.00053459,-1.53E-05,-0.00021567,0.00062328,-0.00036063,0.0021978,,0.0268448,-0.00345072
0.0018031,1.7784,0.5,1.3518,0.0017027,-0.0010683,0.99702,1.7784,0.5,1.3518,0.00050418,-4.49E-05,-0.00027129,0.00066777,-0.00040583,0.0024342,,0.0288496,-0.00434064
0.0018926,1.7866,0.5,1.3518,0.00015383,-0.0018285,1.0003,1.7866,0.5,1.3518,0.0004808,-6.63E-05,-0.00031208,0.00073235,-0.00046388,0.002572,,0.0302816,-0.00499328
0.0019136,1.7949,0.5,1.3518,-0.00097302,-0.0021116,1.0034,1.7949,0.5,1.3518,0.00048333,-5.56E-05,-0.00031023,0.00079222,-0.00054068,0.0025517,,0.0306176,-0.00496368
0.0018316,1.8032,0.5,1.3518,-0.0015215,-0.0019764,1.0054,1.8032,0.5,1.3518,0.00051547,-2.51E-05,-0.00024696,0.00081295,-0.00059011,0.0023347,,0.0293056,-0.00395136
0.0017174,1.8114,0.5,1.3518,-0.0015984,-0.0021054,1.0066,1.8114,0.5,1.3518,0.00057111,-6.06E-06,-0.00015516,0.00082108,-0.00056037,0.0020427,,0.0274784,-0.00248256
0.0016677,1.8197,0.5,1.3518,-0.0014506,-0.0023165,1.0084,1.8197,0.5,1.3518,0.0006453,-1.71E-06,-4.15E-05,0.00084255,-0.00049393,0.0018475,,0.0266832,-0.000664656
0.001676,1.8279,0.5,1.3518,-0.0013366,-0.0021848,1.0111,1.8279,0.5,1.3518,0.00073248,7.79E-06,8.15E-05,0.00088158,-0.00044667,0.001738,,0.026816,0.00130424
0.0017099,1.8362,0.5,1.3518,-0.001457,-0.0017036,1.0139,1.8362,0.5,1.3518,0.00083358,3.67E-05,0.0002063,0.00090976,-0.00042466,0.0016764,,0.0273584,0.0033008
0.0018154,1.8446,0.5,1.3518,-0.0017901,-0.0012712,1.0167,1.8446,0.5,1.3518,0.00095864,7.49E-05,0.00030863,0.00091109,-0.0004618,0.001761,,0.0290464,0.00493808
0.0018406,1.8534,0.5,1.3518,-0.0021192,-0.0014035,1.0222,1.8534,0.5,1.3518,0.0011104,0.00010642,0.0003337,0.00090974,-0.00044334,0.001661,,0.0294496,0.0053392
0.0017338,1.8626,0.5,1.3518,-0.0022697,-0.0025643,1.0286,1.8626,0.5,1.3518,0.0012766,0.00013232,0.0003037,0.00087308,-0.00031703,0.0013179,,0.0277408,0.0048592
0.0017161,1.8723,0.5,1.3518,-0.0022435,-0.0038467,1.0304,1.8723,0.5,1.3518,0.001423,0.00014462,0.00040758,0.00078859,-0.00022596,0.0012205,,0.0274576,0.00652128
0.0017998,1.8824,0.5,1.3518,-0.002202,-0.0041054,1.0264,1.8824,0.5,1.3518,0.0015318,0.00016499,0.00055498,0.00073558,-0.00022724,0.0013323,,0.0287968,0.00887968
0.0019963,1.8931,0.5,1.3518,-0.0022644,-0.0037888,1.0187,1.8931,0.5,1.3518,0.0016395,0.00023682,0.00067073,0.00080021,-0.0002964,0.0015528,,0.0319408,0.01073168
0.002272,1.9042,0.5,1.3518,-0.0024501,-0.0026158,1.0101,1.9042,0.5,1.3518,0.0017709,0.00034444,0.00080503,0.000954,-0.00041889,0.0018191,,0.036352,0.01288048
0.0023794,1.9159,0.5,1.3518,-0.0029202,0.00038357,1.0034,1.9159,0.5,1.3518,0.0018978,0.00042301,0.00068869,0.0010441,-0.00062364,0.0018168,,0.0380704,0.01101904
0.0022628,1.9282,0.5,1.3518,-0.0040512,0.0037903,0.99837,1.9282,0.5,1.3518,0.0019385,0.00042119,0.00040616,0.00096076,-0.00071369,0.0016264,,0.0362048,0.00649856
0.0021542,1.941,0.5,1.3518,-0.0058695,0.0052487,0.99464,1.941,0.5,1.3518,0.0018247,0.00031517,0.00028366,0.00080515,-0.0005898,0.0016785,,0.0344672,0.00453856
0.0020437,1.9545,0.5,1.3518,-0.0075469,0.0054326,0.99059,1.9545,0.5,1.3518,0.0016022,0.00012396,0.0001466,0.00072459,-0.00042105,0.0017606,,0.0326992,0.0023456
0.0020049,1.9686,0.5,1.3518,-0.0080408,0.0054046,0.98821,1.9686,0.5,1.3518,0.0014038,2.52E-06,-0.00015443,0.00074117,-0.00031277,0.0018649,,0.0320784,-0.00247088
0.0019958,1.9833,0.5,1.3518,-0.0067174,0.0044834,0.98632,1.9833,0.5,1.3518,0.0013251,-2.52E-05,-0.00038014,0.00075479,-0.0003088,0.0019116,,0.0319328,-0.00608224
0.00181,1.9988,0.5,1.3518,-0.0030852,0.0037677,0.98276,1.9988,0.5,1.3518,0.0013355,1.77E-06,-0.00036944,0.00072586,-0.00033176,0.0015587,,0.02896,-0.00591104
0.0016544,2.0149,0.5,1.3518,0.0022151,0.003838,0.98535,2.0149,0.5,1.3518,0.0013326,0.0001404,-0.00030934,0.00070104,-0.00030077,0.0012751,,0.0264704,-0.00494944
0.0017132,2.0319,0.5,1.3518,0.0076122,0.003091,0.98342,2.0319,0.5,1.3518,0.0012746,0.00024367,-0.00039348,0.00063859,-0.00036415,0.0015132,,0.0274112,-0.00629568
0.0025471,2.0496,0.5,1.3518,0.011869,0.0019565,0.98118,2.0496,0.5,1.3518,0.0012152,0.00028802,-0.00073112,0.00073794,-0.00087347,0.003141,,0.0407536,-0.01169792
0.0030959,2.0681,0.5,1.3518,0.014409,-1.21E-06,0.98317,2.0681,0.5,1.3518,0.0011687,0.00037444,-0.00085086,0.00097811,-0.0014291,0.004045,,0.0495344,-0.01361376
0.0030697,2.0875,0.5,1.3518,0.016056,-0.00067964,0.9767,2.0875,0.5,1.3518,0.0010941,0.00042646,-0.00071128,0.0008911,-0.001335,0.0041543,,0.0491152,-0.01138048
0.0029385,2.1078,0.5,1.3518,0.01696,-0.0014653,0.97479,2.1078,0.5,1.3518,0.0010075,0.00033069,-0.00090414,0.00070035,-0.00091539,0.0041692,,0.047016,-0.01446624
0.0021354,2.129,0.5,1.3518,0.015874,-0.0034411,0.98324,2.129,0.5,1.3518,0.00085474,0.00016332,-0.00051151,0.00055727,-0.00042229,0.0028588,,0.0341664,-0.00818416
0.001395,2.1511,0.5,1.3518,0.012674,-0.0061434,0.99365,2.1511,0.5,1.3518,0.00064581,6.65E-05,0.00013506,0.0004649,-0.00025711,0.0016794,,0.02232,0.00216096
0.0016759,2.1743,0.5,1.3518,0.0089394,-0.012948,0.99579,2.1743,0.5,1.3518,0.00050752,1.67E-05,7.53E-05,0.00057497,-0.00059101,0.0022692,,0.0268144,0.001204448
0.0021392,2.1984,0.5,1.3518,0.006953,-0.012409,0.98112,2.1984,0.5,1.3518,0.00043256,4.39E-05,-2.81E-05,0.00082541,-0.00049641,0.0030204,,0.0342272,-0.000449936
0.0020132,2.2237,0.5,1.3518,0.0073894,-0.0056387,0.96991,2.2237,0.5,1.3518,0.00046952,0.00014271,-4.50E-05,0.0009488,-0.00042036,0.002608,,0.0322112,-0.000720032
0.0022548,2.2501,0.5,1.3518,0.010962,-0.0064534,0.95857,2.2501,0.5,1.3518,0.00059991,0.00012308,0.00025843,0.00073182,-0.00048901,0.003178,,0.0360768,0.00413488
0.0020193,2.2776,0.5,1.3518,0.016207,-0.012004,0.96546,2.2776,0.5,1.3518,0.00067596,0.0001318,0.00022786,0.00071792,-0.00025737,0.0026447,,0.0323088,0.00364576
0.0015754,2.3063,0.5,1.3518,0.018642,-0.018535,0.97955,2.3063,0.5,1.3518,0.0007772,9.06E-05,1.45E-05,0.0010028,-0.00016449,0.0013707,,0.0252064,0.00023232
0.0025342,2.3362,0.5,1.3518,0.018057,-0.013235,0.96718,2.3362,0.5,1.3518,0.0009485,0.00019995,0.00058509,0.00092936,0.00022009,0.0031905,,0.0405472,0.00936144
0.0031805,2.3674,0.5,1.3518,0.014892,-0.016567,0.95649,2.3674,0.5,1.3518,0.0010649,6.93E-05,0.00104,0.0011711,-0.00017995,0.0041249,,0.050888,0.01664
0.0035866,2.3999,0.5,1.3518,0.0097542,-0.011875,0.88968,2.3999,0.5,1.3518,0.0011873,0.0001112,0.0014205,0.0016479,-0.00048145,0.004338,,0.0573856,0.022728
0.0042037,2.4338,0.5,1.3518,0.0055369,0.003966,0.80823,2.4338,0.5,1.3518,0.0010177,0.00043702,0.0014871,0.0018452,-8.20E-05,0.0055444,,0.0672592,0.0237936
0.0033887,2.4691,0.5,1.3518,0.0024672,0.0025715,0.70904,2.4691,0.5,1.3518,0.00040402,0.00021768,0.00073918,0.0016463,-0.00013477,0.0047271,,0.0542192,0.01182688
0.0013731,1.6711,0.5,1.3897,0.016875,0.0080068,0.98503,1.6711,0.5,1.3897,0.0008732,-0.00013978,-0.00016615,0.00076034,-0.00033152,0.0011127,,0.0219696,-0.0026584
0.0013676,1.6793,0.5,1.3897,0.015571,0.0059802,0.98556,1.6793,0.5,1.3897,0.00082,-0.00018596,-0.00013951,0.00076852,-0.00023403,0.0011467,,0.0218816,-0.00223216
0.0013687,1.6876,0.5,1.3897,0.014389,0.0047197,0.98701,1.6876,0.5,1.3897,0.00076092,-0.00020994,-0.00010147,0.00079074,-0.00018769,0.0011858,,0.0218992,-0.00162352
0.0013617,1.6958,0.5,1.3897,0.013544,0.0042686,0.98778,1.6958,0.5,1.3897,0.00070168,-0.00021935,-4.82E-05,0.0008208,-0.00020041,0.0012009,,0.0217872,-0.00077144
0.0013586,1.7041,0.5,1.3897,0.012968,0.0045861,0.98663,1.7041,0.5,1.3897,0.0006458,-0.00022381,1.55E-05,0.00084536,-0.00024093,0.001226,,0.0217376,0.000248432
0.0013377,1.7123,0.5,1.3897,0.012451,0.0048868,0.98445,1.7123,0.5,1.3897,0.00060179,-0.00022314,5.14E-05,0.00084028,-0.00026834,0.0012333,,0.0214032,0.000821936
0.0013067,1.7206,0.5,1.3897,0.011785,0.0039938,0.98151,1.7206,0.5,1.3897,0.00058097,-0.00021055,5.00E-05,0.00080558,-0.00026829,0.0012269,,0.0209072,0.000799888
0.001266,1.7289,0.5,1.3897,0.01083,0.0021383,0.97948,1.7289,0.5,1.3897,0.00058217,-0.00018332,4.62E-05,0.00076881,-0.00022271,0.0011811,,0.020256,0.000738496
0.0012359,1.7371,0.5,1.3897,0.0095104,0.00068383,0.98083,1.7371,0.5,1.3897,0.00058802,-0.00014151,4.19E-05,0.00073429,-0.00016613,0.0011495,,0.0197744,0.000669824
0.0012851,1.7454,0.5,1.3897,0.007878,0.00019665,0.98415,1.7454,0.5,1.3897,0.00058133,-8.22E-05,-3.96E-06,0.00067884,-0.00015851,0.00131,,0.0205616,-6.33184E-05
0.0013957,1.7536,0.5,1.3897,0.0061701,0.00023519,0.98752,1.7536,0.5,1.3897,0.00056196,-2.02E-05,-7.13E-05,0.00061633,-0.00020944,0.0016131,,0.0223312,-0.001140288
0.0015213,1.7619,0.5,1.3897,0.0045768,0.00013084,0.99112,1.7619,0.5,1.3897,0.00053966,7.30E-06,-0.00013215,0.00059371,-0.0002932,0.0019093,,0.0243408,-0.0021144
0.0016617,1.7701,0.5,1.3897,0.0030042,-0.00017287,0.99423,1.7701,0.5,1.3897,0.00051462,-6.60E-06,-0.00019951,0.00061736,-0.00036104,0.0021914,,0.0265872,-0.00319216
0.0017897,1.7784,0.5,1.3897,0.0013552,-0.000668,0.99709,1.7784,0.5,1.3897,0.00048669,-4.12E-05,-0.00026124,0.00066302,-0.00040766,0.0024297,,0.0286352,-0.00417984
0.0018834,1.7866,0.5,1.3897,-0.0001952,-0.0014327,1.0004,1.7866,0.5,1.3897,0.00047232,-7.18E-05,-0.00031089,0.00072706,-0.00045763,0.0025673,,0.0301344,-0.00497424
0.0019059,1.7949,0.5,1.3897,-0.0013279,-0.0018866,1.0034,1.7949,0.5,1.3897,0.00048429,-6.90E-05,-0.00031777,0.00078324,-0.0005192,0.0025443,,0.0304944,-0.00508432
0.0018166,1.8032,0.5,1.3897,-0.0018626,-0.0019567,1.0053,1.8032,0.5,1.3897,0.00051613,-4.09E-05,-0.00025973,0.00080167,-0.00055865,0.0023153,,0.0290656,-0.00415568
0.0016808,1.8114,0.5,1.3897,-0.0019085,-0.0021916,1.0066,1.8114,0.5,1.3897,0.00056189,-2.15E-05,-0.0001684,0.00080943,-0.00052646,0.0019903,,0.0268928,-0.0026944
0.0016231,1.8197,0.5,1.3897,-0.0017362,-0.00245,1.0083,1.8197,0.5,1.3897,0.00062592,-1.49E-05,-5.91E-05,0.00082889,-0.00047178,0.0017913,,0.0259696,-0.000946368
0.0016477,1.8279,0.5,1.3897,-0.0016373,-0.0024023,1.0108,1.8279,0.5,1.3897,0.00071039,3.81E-06,6.37E-05,0.00086505,-0.00045225,0.00172,,0.0263632,0.001018976
0.0016956,1.8362,0.5,1.3897,-0.0018334,-0.002031,1.0136,1.8362,0.5,1.3897,0.00081704,4.47E-05,0.00019424,0.00089009,-0.00045104,0.0016842,,0.0271296,0.00310784
0.0017911,1.8446,0.5,1.3897,-0.0022719,-0.0016083,1.0167,1.8446,0.5,1.3897,0.00094793,8.87E-05,0.00029821,0.00088725,-0.00047876,0.001747,,0.0286576,0.00477136
0.0018023,1.8534,0.5,1.3897,-0.0026809,-0.0016945,1.0228,1.8534,0.5,1.3897,0.0010961,0.00012099,0.00032674,0.00088527,-0.00043484,0.0016232,,0.0288368,0.00522784
0.001703,1.8626,0.5,1.3897,-0.0028524,-0.0027672,1.0288,1.8626,0.5,1.3897,0.0012484,0.0001431,0.00030195,0.00085115,-0.00030181,0.0013064,,0.027248,0.0048312
0.0016899,1.8723,0.5,1.3897,-0.0027927,-0.0038853,1.0298,1.8723,0.5,1.3897,0.0013771,0.00014464,0.00041004,0.000773,-0.00021582,0.0012298,,0.0270384,0.00656064
0.0017783,1.8824,0.5,1.3897,-0.0027203,-0.0041281,1.0256,1.8824,0.5,1.3897,0.0014705,0.00015678,0.00057218,0.00073532,-0.000221,0.0013508,,0.0284528,0.00915488
0.001988,1.8931,0.5,1.3897,-0.0027973,-0.0039344,1.0177,1.8931,0.5,1.3897,0.0015722,0.00023078,0.00069314,0.00081819,-0.00029735,0.0015856,,0.031808,0.01109024
0.002265,1.9042,0.5,1.3897,-0.0029912,-0.0027259,1.0094,1.9042,0.5,1.3897,0.0017148,0.00033963,0.00081716,0.00097439,-0.00042449,0.0018407,,0.03624,0.01307456
0.0023774,1.9159,0.5,1.3897,-0.0033871,0.00040578,1.0034,1.9159,0.5,1.3897,0.0018671,0.00041927,0.00070202,0.0010545,-0.00062428,0.0018333,,0.0380384,0.01123232
0.0022778,1.9282,0.5,1.3897,-0.0043165,0.0038923,0.99839,1.9282,0.5,1.3897,0.0019394,0.00042972,0.00041446,0.00097295,-0.0007074,0.0016432,,0.0364448,0.00663136
0.0021753,1.941,0.5,1.3897,-0.0058226,0.0055494,0.99465,1.941,0.5,1.3897,0.0018465,0.0003394,0.00026535,0.00081835,-0.0005916,0.0016858,,0.0348048,0.0042456
0.0020433,1.9545,0.5,1.3897,-0.0072257,0.0058336,0.99109,1.9545,0.5,1.3897,0.0016248,0.00016299,0.00010849,0.00071978,-0.00044024,0.0017421,,0.0326928,0.00173584
0.0019958,1.9686,0.5,1.3897,-0.0075868,0.0056202,0.98871,1.9686,0.5,1.3897,0.001415,5.38E-05,-0.00021279,0.00072933,-0.00034833,0.0018472,,0.0319328,-0.00340464
0.0019977,1.9833,0.5,1.3897,-0.0061799,0.0045408,0.98616,1.9833,0.5,1.3897,0.0013137,1.99E-05,-0.0004506,0.00075132,-0.00031992,0.0019303,,0.0319632,-0.0072096
0.0018184,1.9988,0.5,1.3897,-0.002453,0.0037261,0.98197,1.9988,0.5,1.3897,0.0013095,2.61E-05,-0.0004363,0.00072993,-0.00031866,0.0015973,,0.0290944,-0.0069808
0.0016834,2.0149,0.5,1.3897,0.0028423,0.0037648,0.98454,2.0149,0.5,1.3897,0.0013123,0.00014413,-0.00037172,0.00071308,-0.00031552,0.0013413,,0.0269344,-0.00594752
0.0017527,2.0319,0.5,1.3897,0.0080601,0.0031058,0.98312,2.0319,0.5,1.3897,0.0012665,0.0002437,-0.00043919,0.00064787,-0.00037554,0.001591,,0.0280432,-0.00702704
0.0025157,2.0496,0.5,1.3897,0.012103,0.0017451,0.98123,2.0496,0.5,1.3897,0.0012054,0.00030084,-0.00076345,0.0007198,-0.000843,0.0031062,,0.0402512,-0.0122152
0.0030224,2.0681,0.5,1.3897,0.014516,-0.0004043,0.98333,2.0681,0.5,1.3897,0.001151,0.00040185,-0.00086495,0.00095363,-0.001396,0.0039401,,0.0483584,-0.0138392
0.0030504,2.0875,0.5,1.3897,0.016087,-0.0008508,0.97724,2.0875,0.5,1.3897,0.0010855,0.00045835,-0.00072033,0.00088735,-0.0013369,0.004128,,0.0488064,-0.01152528
0.0029581,2.1078,0.5,1.3897,0.016917,-0.0012406,0.97486,2.1078,0.5,1.3897,0.001,0.00034936,-0.00091119,0.00070167,-0.00096057,0.0042146,,0.0473296,-0.01457904
0.0021237,2.129,0.5,1.3897,0.015746,-0.0031023,0.98216,2.129,0.5,1.3897,0.00084395,0.00015967,-0.00052404,0.000548,-0.00047029,0.0028554,,0.0339792,-0.00838464
0.0013745,2.1511,0.5,1.3897,0.012501,-0.0058963,0.99347,2.1511,0.5,1.3897,0.00065464,6.25E-05,0.00011037,0.00045849,-0.00028232,0.0016358,,0.021992,0.00176592
0.0016751,2.1743,0.5,1.3897,0.0087603,-0.01277,0.99629,2.1743,0.5,1.3897,0.00053027,2.30E-05,7.11E-05,0.00057221,-0.0005855,0.0022477,,0.0268016,0.00113712
0.002142,2.1984,0.5,1.3897,0.0066979,-0.012584,0.9811,2.1984,0.5,1.3897,0.00044524,4.35E-05,-1.48E-05,0.00081439,-0.00048366,0.0030243,,0.034272,-0.000236752
0.0020188,2.2237,0.5,1.3897,0.0070704,-0.0058672,0.96976,2.2237,0.5,1.3897,0.00046836,0.00013574,-4.31E-05,0.00095884,-0.00041686,0.0026103,,0.0323008,-0.000688832
0.0022298,2.2501,0.5,1.3897,0.010655,-0.0065494,0.95857,2.2501,0.5,1.3897,0.00059368,0.00012236,0.0002377,0.00075961,-0.00046241,0.0031062,,0.0356768,0.0038032
0.0020031,2.2776,0.5,1.3897,0.015868,-0.012138,0.96576,2.2776,0.5,1.3897,0.00067855,0.00015059,0.00022307,0.00072606,-0.00024731,0.0026015,,0.0320496,0.00356912
0.0015929,2.3063,0.5,1.3897,0.018327,-0.018686,0.97941,2.3063,0.5,1.3897,0.00079968,0.00010449,1.17E-05,0.00099034,-0.00016117,0.0013957,,0.0254864,0.000186832
0.0025442,2.3362,0.5,1.3897,0.018012,-0.013243,0.96603,2.3362,0.5,1.3897,0.00095874,0.00019574,0.00057556,0.00093991,0.00025231,0.0031898,,0.0407072,0.00920896
0.0031637,2.3674,0.5,1.3897,0.015192,-0.016423,0.9554,2.3674,0.5,1.3897,0.0010415,5.44E-05,0.0010515,0.0011768,-9.59E-05,0.0041092,,0.0506192,0.016824
0.0036052,2.3999,0.5,1.3897,0.010081,-0.012144,0.88929,2.3999,0.5,1.3897,0.0011904,0.00011055,0.001452,0.0015944,-0.00038563,0.0044255,,0.0576832,0.023232
0.0042903,2.4338,0.5,1.3897,0.0056561,0.0037961,0.80751,2.4338,0.5,1.3897,0.0010506,0.00046095,0.0015457,0.0018106,-3.62E-05,0.0057194,,0.0686448,0.0247312
0.0034743,2.4691,0.5,1.3897,0.0024817,0.0028585,0.70795,2.4691,0.5,1.3897,0.00041793,0.00023313,0.00078218,0.0016563,-0.00011263,0.0048744,,0.0555888,0.01251488
0.0013618,1.6711,0.5,1.4276,0.01666,0.0081378,0.98465,1.6711,0.5,1.4276,0.00086189,-0.00011874,-0.00014952,0.00074934,-0.00034052,0.0011124,,0.0217888,-0.00239232
0.0013481,1.6793,0.5,1.4276,0.015388,0.0059981,0.98522,1.6793,0.5,1.4276,0.00080418,-0.00017216,-0.00012839,0.00075917,-0.0002451,0.0011329,,0.0215696,-0.00205424
0.0013529,1.6876,0.5,1.4276,0.014163,0.0046679,0.98659,1.6876,0.5,1.4276,0.00074202,-0.00020149,-9.68E-05,0.00078552,-0.00019398,0.0011782,,0.0216464,-0.001548544
0.0013539,1.6958,0.5,1.4276,0.013219,0.0041703,0.98734,1.6958,0.5,1.4276,0.00068719,-0.00021516,-4.96E-05,0.00081668,-0.00019925,0.001204,,0.0216624,-0.000793536
0.0013608,1.7041,0.5,1.4276,0.012513,0.0044214,0.98627,1.7041,0.5,1.4276,0.0006423,-0.00022519,7.36E-06,0.00083991,-0.00023526,0.0012395,,0.0217728,0.000117797
0.0013509,1.7123,0.5,1.4276,0.011867,0.0046377,0.9842,1.7123,0.5,1.4276,0.00060861,-0.0002294,3.65E-05,0.00083453,-0.00026343,0.0012587,,0.0216144,0.000584624
0.0013215,1.7206,0.5,1.4276,0.01112,0.0037213,0.98129,1.7206,0.5,1.4276,0.00059153,-0.00021714,3.10E-05,0.00079958,-0.00026693,0.0012518,,0.021144,0.000495488
0.0012699,1.7289,0.5,1.4276,0.010169,0.0019159,0.97915,1.7289,0.5,1.4276,0.0005899,-0.00018819,2.66E-05,0.00076067,-0.00022565,0.0011892,,0.0203184,0.000426048
0.0012289,1.7371,0.5,1.4276,0.0089381,0.00049572,0.98057,1.7371,0.5,1.4276,0.00058973,-0.00014764,2.54E-05,0.00072485,-0.00017224,0.0011431,,0.0196624,0.00040616
0.0012686,1.7454,0.5,1.4276,0.0074234,6.71E-06,0.9842,1.7454,0.5,1.4276,0.00057574,-9.25E-05,-1.06E-05,0.00067023,-0.00016564,0.0012912,,0.0202976,-0.00016904
0.0013702,1.7536,0.5,1.4276,0.005801,0.00013095,0.98773,1.7536,0.5,1.4276,0.00054724,-3.31E-05,-6.83E-05,0.00060856,-0.00021416,0.0015847,,0.0219232,-0.001093488
0.0014976,1.7619,0.5,1.4276,0.00424,0.0002299,0.99128,1.7619,0.5,1.4276,0.00051651,-2.69E-06,-0.00012385,0.00058874,-0.00029449,0.00189,,0.0239616,-0.0019816
0.0016453,1.7701,0.5,1.4276,0.0026734,0.0001155,0.99434,1.7701,0.5,1.4276,0.00048961,-1.18E-05,-0.00018581,0.00061649,-0.00036174,0.0021845,,0.0263248,-0.00297296
0.0017768,1.7784,0.5,1.4276,0.0010182,-0.00026003,0.99719,1.7784,0.5,1.4276,0.00046666,-4.51E-05,-0.0002479,0.00066256,-0.00040262,0.0024243,,0.0284288,-0.0039664
0.0018639,1.7866,0.5,1.4276,-0.00054796,-0.0010275,1.0005,1.7866,0.5,1.4276,0.00045652,-7.88E-05,-0.00030353,0.00071843,-0.0004347,0.0025528,,0.0298224,-0.00485648
0.0018764,1.7949,0.5,1.4276,-0.0016819,-0.0016467,1.0034,1.7949,0.5,1.4276,0.00046748,-8.02E-05,-0.00031438,0.00076211,-0.00048201,0.0025232,,0.0300224,-0.00503008
0.001777,1.8032,0.5,1.4276,-0.0021846,-0.0019039,1.0053,1.8032,0.5,1.4276,0.00049717,-5.44E-05,-0.00025484,0.00077517,-0.00052228,0.0022817,,0.028432,-0.00407744
0.0016324,1.8114,0.5,1.4276,-0.002182,-0.0022373,1.0066,1.8114,0.5,1.4276,0.00054312,-3.16E-05,-0.00016839,0.00078521,-0.00049771,0.0019364,,0.0261184,-0.00269424
0.0015848,1.8197,0.5,1.4276,-0.001986,-0.0025729,1.0082,1.8197,0.5,1.4276,0.00061015,-1.42E-05,-7.63E-05,0.00081081,-0.00046215,0.0017487,,0.0253568,-0.00122056
0.0016285,1.8279,0.5,1.4276,-0.0019216,-0.0026484,1.0105,1.8279,0.5,1.4276,0.0007019,1.41E-05,3.99E-05,0.0008511,-0.00046942,0.001704,,0.026056,0.000638368
0.0016833,1.8362,0.5,1.4276,-0.0022011,-0.0023806,1.0132,1.8362,0.5,1.4276,0.00081809,5.22E-05,0.00017663,0.00087049,-0.00048129,0.0016781,,0.0269328,0.00282608
0.0017662,1.8446,0.5,1.4276,-0.0027232,-0.0019361,1.0168,1.8446,0.5,1.4276,0.00095396,8.79E-05,0.00028423,0.00086183,-0.00050204,0.0017167,,0.0282592,0.00454768
0.0017684,1.8534,0.5,1.4276,-0.0031855,-0.001966,1.0233,1.8534,0.5,1.4276,0.0010979,0.00011718,0.0003214,0.0008651,-0.00044264,0.0015739,,0.0282944,0.0051424
0.0016798,1.8626,0.5,1.4276,-0.0033768,-0.0029467,1.029,1.8626,0.5,1.4276,0.001238,0.00013448,0.00030824,0.00083419,-0.00029957,0.0012875,,0.0268768,0.00493184
0.0016719,1.8723,0.5,1.4276,-0.0033028,-0.0039101,1.0291,1.8723,0.5,1.4276,0.0013506,0.00012822,0.00042383,0.00075761,-0.00020957,0.0012356,,0.0267504,0.00678128
0.001773,1.8824,0.5,1.4276,-0.0032219,-0.0041567,1.0246,1.8824,0.5,1.4276,0.0014312,0.00014231,0.00059839,0.00073073,-0.00021946,0.0013841,,0.028368,0.00957424
0.0019911,1.8931,0.5,1.4276,-0.0033301,-0.0040582,1.0168,1.8931,0.5,1.4276,0.0015314,0.00022375,0.00071004,0.00082378,-0.00030741,0.001627,,0.0318576,0.01136064
0.0022496,1.9042,0.5,1.4276,-0.003534,-0.0027687,1.0088,1.9042,0.5,1.4276,0.0016828,0.00033239,0.00080356,0.00097486,-0.00043763,0.0018416,,0.0359936,0.01285696
0.0023551,1.9159,0.5,1.4276,-0.0038562,0.00049154,1.0033,1.9159,0.5,1.4276,0.0018446,0.00040918,0.00068554,0.0010427,-0.0006278,0.0018228,,0.0376816,0.01096864
0.0022694,1.9282,0.5,1.4276,-0.0045966,0.0040374,0.99841,1.9282,0.5,1.4276,0.0019257,0.00042399,0.0004027,0.00095877,-0.00070871,0.0016544,,0.0363104,0.0064432
0.0021685,1.941,0.5,1.4276,-0.005794,0.0058607,0.99465,1.941,0.5,1.4276,0.0018439,0.00034714,0.00023614,0.00079943,-0.00060567,0.0016936,,0.034696,0.00377824
0.0020184,1.9545,0.5,1.4276,-0.0069058,0.0061906,0.99158,1.9545,0.5,1.4276,0.0016404,0.00019201,5.60E-05,0.00068815,-0.0004621,0.0017083,,0.0322944,0.000896272
0.0019843,1.9686,0.5,1.4276,-0.0071047,0.0057812,0.98924,1.9686,0.5,1.4276,0.0014412,0.00010569,-0.00028129,0.0007061,-0.0003721,0.0018213,,0.0317488,-0.00450064
0.0020008,1.9833,0.5,1.4276,-0.0055946,0.0046014,0.98604,1.9833,0.5,1.4276,0.0013281,7.82E-05,-0.00051383,0.00074352,-0.00031397,0.0019299,,0.0320128,-0.00822128
0.0018313,1.9988,0.5,1.4276,-0.0017842,0.003725,0.98118,1.9988,0.5,1.4276,0.0013078,6.65E-05,-0.00049998,0.00073163,-0.00029425,0.001623,,0.0293008,-0.00799968
0.0017196,2.0149,0.5,1.4276,0.0034717,0.003708,0.98371,2.0149,0.5,1.4276,0.0012986,0.00015231,-0.00044665,0.000727,-0.0003225,0.0014137,,0.0275136,-0.0071464
0.0017863,2.0319,0.5,1.4276,0.0084877,0.0030899,0.9828,2.0319,0.5,1.4276,0.0012485,0.00023208,-0.00049328,0.00066226,-0.00038609,0.0016618,,0.0285808,-0.00789248
0.0024864,2.0496,0.5,1.4276,0.012326,0.0014729,0.98122,2.0496,0.5,1.4276,0.0011917,0.00029919,-0.00079063,0.00071204,-0.00082055,0.003069,,0.0397824,-0.01265008
0.0029752,2.0681,0.5,1.4276,0.014627,-0.00084018,0.98343,2.0681,0.5,1.4276,0.0011477,0.00042386,-0.00089065,0.00094348,-0.0013767,0.0038592,,0.0476032,-0.0142504
0.0030486,2.0875,0.5,1.4276,0.016139,-0.0010263,0.97782,2.0875,0.5,1.4276,0.0010957,0.00048567,-0.00075939,0.00089132,-0.0013469,0.0041103,,0.0487776,-0.01215024
0.0029618,2.1078,0.5,1.4276,0.016904,-0.00099794,0.9751,2.1078,0.5,1.4276,0.0010062,0.00036828,-0.00093682,0.00070559,-0.00099423,0.0042117,,0.0473888,-0.01498912
0.0021226,2.129,0.5,1.4276,0.015629,-0.0027403,0.98123,2.129,0.5,1.4276,0.000841,0.00016408,-0.00055028,0.00054979,-0.00049797,0.0028543,,0.0339616,-0.00880448
0.0013842,2.1511,0.5,1.4276,0.012329,-0.0056532,0.99324,2.1511,0.5,1.4276,0.00066871,5.76E-05,6.96E-05,0.00046531,-0.00028823,0.0016343,,0.0221472,0.001114192
0.0016919,2.1743,0.5,1.4276,0.0085848,-0.012588,0.99677,2.1743,0.5,1.4276,0.00056038,2.52E-05,5.94E-05,0.0005766,-0.00057012,0.0022469,,0.0270704,0.000950544
0.0021512,2.1984,0.5,1.4276,0.0064658,-0.012767,0.98119,2.1984,0.5,1.4276,0.00046994,4.57E-05,-2.46E-06,0.00080368,-0.0004664,0.0030289,,0.0344192,-3.92832E-05
0.0020145,2.2237,0.5,1.4276,0.0067962,-0.0061281,0.9697,2.2237,0.5,1.4276,0.00047362,0.00013281,-5.15E-05,0.00096872,-0.00041017,0.0025867,,0.032232,-0.00082344
0.0022142,2.2501,0.5,1.4276,0.010375,-0.0066601,0.95851,2.2501,0.5,1.4276,0.0005818,0.00011662,0.00020394,0.00081175,-0.00043621,0.0030349,,0.0354272,0.00326304
0.0020085,2.2776,0.5,1.4276,0.015536,-0.012257,0.96603,2.2776,0.5,1.4276,0.00067937,0.00015218,0.00021221,0.00076052,-0.00023551,0.0025771,,0.032136,0.00339536
0.0016153,2.3063,0.5,1.4276,0.018052,-0.018833,0.97931,2.3063,0.5,1.4276,0.00081541,0.00010628,-2.84E-07,0.00099395,-0.00014903,0.0014213,,0.0258448,-4.54112E-06
0.0025637,2.3362,0.5,1.4276,0.018035,-0.013275,0.96485,2.3362,0.5,1.4276,0.0009571,0.00019161,0.00055592,0.00096846,0.00028265,0.0032018,,0.0410192,0.00889472
0.0031564,2.3674,0.5,1.4276,0.015493,-0.016277,0.95432,2.3674,0.5,1.4276,0.0010171,4.53E-05,0.001049,0.0011888,-2.02E-05,0.0041069,,0.0505024,0.016784
0.0036462,2.3999,0.5,1.4276,0.010344,-0.012367,0.88895,2.3999,0.5,1.4276,0.0011927,0.00011214,0.0014837,0.0015575,-0.00028144,0.0045421,,0.0583392,0.0237392
0.0044145,2.4338,0.5,1.4276,0.005738,0.0036585,0.80686,2.4338,0.5,1.4276,0.0010867,0.0004876,0.0016283,0.0018085,1.94E-05,0.0059338,,0.070632,0.0260528
0.0035788,2.4691,0.5,1.4276,0.0024911,0.0031454,0.70695,2.4691,0.5,1.4276,0.00043779,0.00025354,0.00084216,0.0016934,-8.69E-05,0.0050264,,0.0572608,0.01347456
0.0013764,1.6711,0.5,1.4654,0.016335,0.0082916,0.98422,1.6711,0.5,1.4654,0.00087316,-0.00011917,-0.00013049,0.00076287,-0.00034682,0.0011167,,0.0220224,-0.00208784
0.0013598,1.6793,0.5,1.4654,0.015115,0.006022,0.98484,1.6793,0.5,1.4654,0.00081853,-0.00017439,-0.00011284,0.0007736,-0.00025327,0.0011274,,0.0217568,-0.00180544
0.0013648,1.6876,0.5,1.4654,0.013876,0.0045997,0.98615,1.6876,0.5,1.4654,0.00075986,-0.00020751,-9.01E-05,0.00079815,-0.00020188,0.0011717,,0.0218368,-0.001440992
0.0013697,1.6958,0.5,1.4654,0.012856,0.0040326,0.98688,1.6958,0.5,1.4654,0.00071098,-0.00022402,-5.33E-05,0.00082243,-0.00020334,0.001206,,0.0219152,-0.000853344
0.0013833,1.7041,0.5,1.4654,0.012047,0.0042196,0.98589,1.7041,0.5,1.4654,0.00067519,-0.00023349,-4.74E-06,0.00083893,-0.00023449,0.0012525,,0.0221328,-7.59152E-05
0.0013812,1.7123,0.5,1.4654,0.011319,0.004376,0.98395,1.7123,0.5,1.4654,0.00065014,-0.00023398,2.42E-05,0.00083178,-0.00026171,0.0012804,,0.0220992,0.000387168
0.0013529,1.7206,0.5,1.4654,0.010541,0.0034518,0.98109,1.7206,0.5,1.4654,0.00063525,-0.00021666,2.59E-05,0.000798,-0.00026758,0.0012726,,0.0216464,0.000414592
0.0012936,1.7289,0.5,1.4654,0.0096058,0.0016977,0.97889,1.7289,0.5,1.4654,0.00062646,-0.00018412,2.81E-05,0.00076248,-0.00022682,0.0011983,,0.0206976,0.000449808
0.0012436,1.7371,0.5,1.4654,0.0084233,0.00032152,0.98036,1.7371,0.5,1.4654,0.00061171,-0.00014365,2.80E-05,0.00073545,-0.00016954,0.0011401,,0.0198976,0.000448672
0.0012736,1.7454,0.5,1.4654,0.0069838,-0.00015289,0.98428,1.7454,0.5,1.4654,0.00058142,-9.27E-05,-2.78E-06,0.00068985,-0.00016127,0.0012758,,0.0203776,-4.44288E-05
0.0013673,1.7536,0.5,1.4654,0.0054338,5.27E-05,0.98797,1.7536,0.5,1.4654,0.00053985,-3.79E-05,-5.48E-05,0.00062785,-0.00021093,0.0015668,,0.0218768,-0.000876496
0.0014911,1.7619,0.5,1.4654,0.0039142,0.00033336,0.99148,1.7619,0.5,1.4654,0.00050175,-8.02E-06,-0.00011248,0.00060024,-0.00028953,0.0018801,,0.0238576,-0.00179968
0.0016323,1.7701,0.5,1.4654,0.0023552,0.00039426,0.99446,1.7701,0.5,1.4654,0.00047496,-1.44E-05,-0.00017572,0.00061803,-0.00035195,0.0021716,,0.0261168,-0.00281152
0.0017549,1.7784,0.5,1.4654,0.00068973,0.00014219,0.99729,1.7784,0.5,1.4654,0.00045621,-4.39E-05,-0.00023435,0.00065075,-0.0003858,0.0024028,,0.0280784,-0.0037496
0.0018298,1.7866,0.5,1.4654,-0.00088496,-0.00060576,1.0006,1.7866,0.5,1.4654,0.0004457,-7.41E-05,-0.00028557,0.00068905,-0.00040919,0.0025248,,0.0292768,-0.00456912
0.0018283,1.7949,0.5,1.4654,-0.0020131,-0.0013593,1.0033,1.7949,0.5,1.4654,0.00045003,-7.21E-05,-0.00029816,0.00072168,-0.00044983,0.0024848,,0.0292528,-0.00477056
0.0017284,1.8032,0.5,1.4654,-0.0024914,-0.0017862,1.0052,1.8032,0.5,1.4654,0.00047674,-4.14E-05,-0.00024885,0.00074221,-0.00049321,0.0022378,,0.0276544,-0.0039816
0.0016024,1.8114,0.5,1.4654,-0.0024554,-0.0022348,1.0066,1.8114,0.5,1.4654,0.00053174,-1.22E-05,-0.00017865,0.00077157,-0.00048532,0.0019015,,0.0256384,-0.0028584
0.0015806,1.8197,0.5,1.4654,-0.0022464,-0.0026872,1.008,1.8197,0.5,1.4654,0.00061641,1.04E-05,-0.00010066,0.00081631,-0.00047304,0.0017284,,0.0252896,-0.00161056
0.0016419,1.8279,0.5,1.4654,-0.0022202,-0.0029031,1.0101,1.8279,0.5,1.4654,0.00072485,3.17E-05,1.85E-05,0.00086636,-0.0004903,0.0016925,,0.0262704,0.000295872
0.0017036,1.8362,0.5,1.4654,-0.0025809,-0.0027282,1.0128,1.8362,0.5,1.4654,0.00084973,4.99E-05,0.00016224,0.00088419,-0.00050112,0.0016733,,0.0272576,0.00259584
0.0017726,1.8446,0.5,1.4654,-0.0031829,-0.0022686,1.0168,1.8446,0.5,1.4654,0.00098733,7.02E-05,0.00026543,0.00087342,-0.00051832,0.0016844,,0.0283616,0.00424688
0.0017606,1.8534,0.5,1.4654,-0.0036943,-0.0022521,1.0238,1.8534,0.5,1.4654,0.0011311,9.47E-05,0.00031091,0.00087309,-0.00044182,0.001517,,0.0281696,0.00497456
0.0016791,1.8626,0.5,1.4654,-0.0038938,-0.0031281,1.0291,1.8626,0.5,1.4654,0.001267,0.000106,0.00031986,0.00083122,-0.00028411,0.00126,,0.0268656,0.00511776
0.0016809,1.8723,0.5,1.4654,-0.0037962,-0.0039513,1.0283,1.8723,0.5,1.4654,0.0013694,0.00010002,0.00044667,0.00074753,-0.00020218,0.0012448,,0.0268944,0.00714672
0.001799,1.8824,0.5,1.4654,-0.0037151,-0.0042095,1.0237,1.8824,0.5,1.4654,0.0014428,0.00013023,0.00062385,0.00072359,-0.00022788,0.0014317,,0.028784,0.0099816
0.002016,1.8931,0.5,1.4654,-0.0038612,-0.0041511,1.016,1.8931,0.5,1.4654,0.0015438,0.00022373,0.00071951,0.00082432,-0.00032039,0.0016639,,0.032256,0.01151216
0.0022513,1.9042,0.5,1.4654,-0.0040651,-0.0027521,1.0083,1.9042,0.5,1.4654,0.0016929,0.0003345,0.00078755,0.00097925,-0.00044551,0.0018305,,0.0360208,0.0126008
0.0023459,1.9159,0.5,1.4654,-0.0043012,0.00061799,1.0033,1.9159,0.5,1.4654,0.0018454,0.00041208,0.00066672,0.0010381,-0.0006317,0.0018083,,0.0375344,0.01066752
0.0022644,1.9282,0.5,1.4654,-0.0048484,0.0042079,0.99848,1.9282,0.5,1.4654,0.0019191,0.00042813,0.00038998,0.00094206,-0.00071636,0.0016675,,0.0362304,0.00623968
0.0021559,1.941,0.5,1.4654,-0.0057579,0.0061578,0.99475,1.941,0.5,1.4654,0.0018415,0.00035597,0.000201,0.0007793,-0.00061934,0.0016909,,0.0344944,0.003216
0.0019948,1.9545,0.5,1.4654,-0.0066066,0.0064771,0.99217,1.9545,0.5,1.4654,0.0016543,0.00020701,-8.95E-06,0.00067066,-0.00048224,0.0016645,,0.0319168,-0.000143194
0.0019869,1.9686,0.5,1.4654,-0.0066374,0.0058602,0.9898,1.9686,0.5,1.4654,0.0014638,0.00012982,-0.00034489,0.00070272,-0.00039922,0.0018074,,0.0317904,-0.00551824
0.0020185,1.9833,0.5,1.4654,-0.0049989,0.0046215,0.98593,1.9833,0.5,1.4654,0.001353,0.00011426,-0.00056096,0.00075127,-0.00031503,0.0019327,,0.032296,-0.00897536
0.0018709,1.9988,0.5,1.4654,-0.0010942,0.0037371,0.98042,1.9988,0.5,1.4654,0.0013364,0.00010624,-0.00055669,0.00074947,-0.00028086,0.001656,,0.0299344,-0.00890704
0.0017802,2.0149,0.5,1.4654,0.0041049,0.0036767,0.98288,2.0149,0.5,1.4654,0.0013114,0.00017674,-0.00052341,0.00074889,-0.00033087,0.0015001,,0.0284832,-0.00837456
0.0018237,2.0319,0.5,1.4654,0.0088895,0.0030743,0.98245,2.0319,0.5,1.4654,0.0012407,0.00023134,-0.00054985,0.00067466,-0.00039532,0.0017321,,0.0291792,-0.0087976
0.0024765,2.0496,0.5,1.4654,0.012518,0.0011786,0.98116,2.0496,0.5,1.4654,0.0011957,0.00029408,-0.00082982,0.0007125,-0.00080249,0.0030447,,0.039624,-0.01327712
0.0029651,2.0681,0.5,1.4654,0.014718,-0.0012916,0.9835,2.0681,0.5,1.4654,0.0011744,0.0004421,-0.00094269,0.0009526,-0.0013625,0.0038031,,0.0474416,-0.01508304
0.0030481,2.0875,0.5,1.4654,0.016173,-0.0012067,0.97844,2.0875,0.5,1.4654,0.0011201,0.00050381,-0.0007961,0.00091423,-0.0013542,0.0040618,,0.0487696,-0.0127376
0.0029273,2.1078,0.5,1.4654,0.016876,-0.00074933,0.97557,2.1078,0.5,1.4654,0.0010153,0.00037541,-0.00093269,0.00072463,-0.0010106,0.0041147,,0.0468368,-0.01492304
0.002111,2.129,0.5,1.4654,0.015501,-0.0023511,0.9805,2.129,0.5,1.4654,0.00084474,0.00016952,-0.0005712,0.00055683,-0.00051534,0.0028204,,0.033776,-0.0091392
0.0014092,2.1511,0.5,1.4654,0.012137,-0.0054151,0.993,2.1511,0.5,1.4654,0.00068557,5.14E-05,1.16E-05,0.00047315,-0.00029104,0.0016596,,0.0225472,0.000185376
0.0017145,2.1743,0.5,1.4654,0.0083893,-0.012417,0.99721,2.1743,0.5,1.4654,0.00058808,1.96E-05,3.79E-05,0.00057905,-0.00055383,0.0022618,,0.027432,0.000606064
0.0021539,2.1984,0.5,1.4654,0.0062602,-0.012969,0.98132,2.1984,0.5,1.4654,0.00049486,5.05E-05,1.34E-05,0.00078672,-0.0004379,0.0030262,,0.0344624,0.000214112
0.0019967,2.2237,0.5,1.4654,0.0066105,-0.0064049,0.96966,2.2237,0.5,1.4654,0.00047719,0.000139,-6.15E-05,0.00096275,-0.00039608,0.0025535,,0.0319472,-0.000984752
0.0021798,2.2501,0.5,1.4654,0.010182,-0.0067624,0.95839,2.2501,0.5,1.4654,0.00056274,0.00011811,0.00016054,0.00083759,-0.00039977,0.0029593,,0.0348768,0.00256864
0.0019997,2.2776,0.5,1.4654,0.01527,-0.012363,0.96623,2.2776,0.5,1.4654,0.00067409,0.00014834,0.00019938,0.00077736,-0.0001953,0.002548,,0.0319952,0.00319008
0.0016324,2.3063,0.5,1.4654,0.017844,-0.01898,0.97927,2.3063,0.5,1.4654,0.00081721,9.14E-05,-9.79E-06,0.001002,-0.00012833,0.0014457,,0.0261184,-0.00015664
0.0025928,2.3362,0.5,1.4654,0.018124,-0.013381,0.96368,2.3362,0.5,1.4654,0.00093656,0.00018247,0.00053442,0.0010219,0.00030896,0.003227,,0.0414848,0.00855072
0.0031549,2.3674,0.5,1.4654,0.015817,-0.016158,0.95327,2.3674,0.5,1.4654,0.00097844,4.79E-05,0.0010387,0.0012029,4.83E-05,0.0041285,,0.0504784,0.0166192
0.0036847,2.3999,0.5,1.4654,0.01059,-0.012522,0.88871,2.3999,0.5,1.4654,0.0011816,0.00011133,0.0015128,0.001526,-0.00017383,0.0046618,,0.0589552,0.0242048
0.0045542,2.4338,0.5,1.4654,0.0058353,0.0035674,0.80627,2.4338,0.5,1.4654,0.0011209,0.00050492,0.0017269,0.0018365,8.88E-05,0.0061511,,0.0728672,0.0276304
0.0036952,2.4691,0.5,1.4654,0.0025299,0.0034447,0.70608,2.4691,0.5,1.4654,0.00046235,0.00027619,0.00091705,0.0017488,-5.50E-05,0.0051792,,0.0591232,0.0146728
0.0014098,1.6711,0.5,1.5031,0.01598,0.0084478,0.98372,1.6711,0.5,1.5031,0.00090088,-0.00013434,-0.00013376,0.00078619,-0.00036247,0.0011324,,0.0225568,-0.00214016
0.0013896,1.6793,0.5,1.5031,0.014808,0.006011,0.98441,1.6793,0.5,1.5031,0.00084956,-0.00018519,-0.00011587,0.00079796,-0.00026759,0.0011317,,0.0222336,-0.00185392
0.0013889,1.6876,0.5,1.5031,0.01354,0.0044777,0.98567,1.6876,0.5,1.5031,0.00079061,-0.00021709,-9.52E-05,0.00081924,-0.00021642,0.0011679,,0.0222224,-0.001523328
0.0013865,1.6958,0.5,1.5031,0.012438,0.0038435,0.9864,1.6958,0.5,1.5031,0.00073865,-0.0002342,-6.19E-05,0.00083402,-0.00021654,0.0012004,,0.022184,-0.00099024
0.0013937,1.7041,0.5,1.5031,0.011527,0.0039702,0.98549,1.7041,0.5,1.5031,0.00070019,-0.00024038,-1.52E-05,0.0008403,-0.00024516,0.0012469,,0.0222992,-0.00024384
0.0013902,1.7123,0.5,1.5031,0.010716,0.0040751,0.98369,1.7123,0.5,1.5031,0.00067364,-0.00023208,1.81E-05,0.00083085,-0.00026936,0.0012758,,0.0222432,0.000289696
0.001366,1.7206,0.5,1.5031,0.0099108,0.0031697,0.98093,1.7206,0.5,1.5031,0.00065674,-0.00020606,2.98E-05,0.0008021,-0.00026989,0.0012732,,0.021856,0.000476496
0.0013113,1.7289,0.5,1.5031,0.0090225,0.0015001,0.97871,1.7289,0.5,1.5031,0.00064412,-0.00016942,3.65E-05,0.00077298,-0.00022389,0.0012056,,0.0209808,0.000583904
0.0012622,1.7371,0.5,1.5031,0.0079421,0.00018784,0.98024,1.7371,0.5,1.5031,0.00062356,-0.00012783,3.43E-05,0.00075392,-0.00016366,0.0011468,,0.0201952,0.000549584
0.0012879,1.7454,0.5,1.5031,0.0066132,-0.00026984,0.98437,1.7454,0.5,1.5031,0.00058666,-7.73E-05,6.77E-06,0.00071653,-0.0001554,0.0012726,,0.0206064,0.000108256
0.0013816,1.7536,0.5,1.5031,0.0051352,-7.19E-07,0.98819,1.7536,0.5,1.5031,0.00054167,-2.32E-05,-3.88E-05,0.00065415,-0.00020682,0.0015674,,0.0221056,-0.000620688
0.0015061,1.7619,0.5,1.5031,0.0036283,0.00044029,0.99165,1.7619,0.5,1.5031,0.00050762,8.31E-06,-9.20E-05,0.00061474,-0.00028416,0.0018898,,0.0240976,-0.001472736
0.0016364,1.7701,0.5,1.5031,0.002049,0.00066611,0.99457,1.7701,0.5,1.5031,0.00048995,3.69E-06,-0.00015071,0.00061594,-0.00034143,0.002167,,0.0261824,-0.00241136
0.0017452,1.7784,0.5,1.5031,0.00036611,0.00053818,0.99737,1.7784,0.5,1.5031,0.00047683,-2.46E-05,-0.00020882,0.00063408,-0.00037178,0.0023796,,0.0279232,-0.00334112
0.001811,1.7866,0.5,1.5031,-0.0012049,-0.00016898,1.0007,1.7866,0.5,1.5031,0.00046439,-5.37E-05,-0.00026265,0.00066243,-0.00039536,0.0024952,,0.028976,-0.0042024
0.0018064,1.7949,0.5,1.5031,-0.0023109,-0.0010334,1.0034,1.7949,0.5,1.5031,0.00046377,-5.23E-05,-0.00028328,0.00069466,-0.00043378,0.0024544,,0.0289024,-0.00453248
0.0017141,1.8032,0.5,1.5031,-0.0027671,-0.0016426,1.0052,1.8032,0.5,1.5031,0.00048751,-2.01E-05,-0.00025338,0.00072814,-0.00047531,0.0022126,,0.0274256,-0.00405408
0.0016036,1.8114,0.5,1.5031,-0.0027213,-0.0022455,1.0065,1.8114,0.5,1.5031,0.00054355,1.29E-05,-0.00020293,0.00077495,-0.00047727,0.0018888,,0.0256576,-0.00324688
0.0015952,1.8197,0.5,1.5031,-0.002522,-0.0028303,1.0078,1.8197,0.5,1.5031,0.00063168,3.29E-05,-0.00012879,0.00083425,-0.00047675,0.0017245,,0.0255232,-0.00206064
0.0016651,1.8279,0.5,1.5031,-0.0025364,-0.0031641,1.0096,1.8279,0.5,1.5031,0.00074111,4.11E-05,6.08E-07,0.00089252,-0.00049052,0.0016966,,0.0266416,9.73088E-06
0.0017302,1.8362,0.5,1.5031,-0.0029665,-0.003065,1.0124,1.8362,0.5,1.5031,0.00086326,4.38E-05,0.00014864,0.00091176,-0.00050237,0.0016854,,0.0276832,0.00237824
0.0017755,1.8446,0.5,1.5031,-0.0036412,-0.0026006,1.0169,1.8446,0.5,1.5031,0.00099769,5.52E-05,0.00024308,0.00089695,-0.00052033,0.0016564,,0.028408,0.00388928
0.0017376,1.8534,0.5,1.5031,-0.0042004,-0.0025337,1.0243,1.8534,0.5,1.5031,0.0011394,7.33E-05,0.00029683,0.00088042,-0.00042096,0.0014553,,0.0278016,0.00474928
0.0016654,1.8626,0.5,1.5031,-0.0044078,-0.0033035,1.0291,1.8626,0.5,1.5031,0.0012717,7.79E-05,0.00033216,0.00082276,-0.00025278,0.0012364,,0.0266464,0.00531456
0.0016914,1.8723,0.5,1.5031,-0.0042968,-0.0040382,1.0275,1.8723,0.5,1.5031,0.0013754,7.80E-05,0.00046313,0.00073616,-0.00019597,0.0012712,,0.0270624,0.00741008
0.0018331,1.8824,0.5,1.5031,-0.0042257,-0.0043268,1.0228,1.8824,0.5,1.5031,0.0014674,0.00012705,0.00063025,0.00071884,-0.00023964,0.0014799,,0.0293296,0.010084
0.0020547,1.8931,0.5,1.5031,-0.0043923,-0.0042633,1.0153,1.8931,0.5,1.5031,0.0015896,0.00022972,0.00071941,0.00083541,-0.00032396,0.0016843,,0.0328752,0.01151056
0.0022818,1.9042,0.5,1.5031,-0.0045737,-0.0027412,1.0079,1.9042,0.5,1.5031,0.0017384,0.00034113,0.00078234,0.0010025,-0.00044624,0.0018227,,0.0365088,0.01251744
0.0023702,1.9159,0.5,1.5031,-0.0047237,0.00073395,1.0034,1.9159,0.5,1.5031,0.0018775,0.00041883,0.00066559,0.0010492,-0.0006429,0.0018137,,0.0379232,0.01064944
0.0022869,1.9282,0.5,1.5031,-0.0050876,0.0043797,0.9986,1.9282,0.5,1.5031,0.0019467,0.00044,0.000398,0.00093536,-0.00072511,0.0016918,,0.0365904,0.006368
0.0021674,1.941,0.5,1.5031,-0.005713,0.0064625,0.99499,1.941,0.5,1.5031,0.0018767,0.00037688,0.00017552,0.00077609,-0.00061617,0.0016819,,0.0346784,0.00280832
0.0019967,1.9545,0.5,1.5031,-0.0062784,0.0067794,0.99287,1.9545,0.5,1.5031,0.001689,0.00023023,-7.45E-05,0.00067984,-0.00048799,0.0016246,,0.0319472,-0.00119224
0.0019988,1.9686,0.5,1.5031,-0.0061242,0.0059569,0.9904,1.9686,0.5,1.5031,0.0014796,0.00014451,-0.00040515,0.00072486,-0.00042739,0.0017931,,0.0319808,-0.0064824
0.0020366,1.9833,0.5,1.5031,-0.0043775,0.004627,0.98584,1.9833,0.5,1.5031,0.0013564,0.00012623,-0.00060719,0.00078087,-0.00033453,0.0019358,,0.0325856,-0.00971504
0.0019128,1.9988,0.5,1.5031,-0.00040608,0.0037266,0.97966,1.9988,0.5,1.5031,0.0013451,0.00013328,-0.00061406,0.00077969,-0.00029303,0.0017008,,0.0306048,-0.00982496
0.0018445,2.0149,0.5,1.5031,0.0047244,0.0036386,0.98204,2.0149,0.5,1.5031,0.001322,0.00021057,-0.000595,0.0007693,-0.00035458,0.0015978,,0.029512,-0.00952
0.001867,2.0319,0.5,1.5031,0.0092627,0.0030435,0.98206,2.0319,0.5,1.5031,0.001245,0.0002521,-0.00060206,0.0006788,-0.00040736,0.0018101,,0.029872,-0.00963296
0.0024765,2.0496,0.5,1.5031,0.012659,0.00085958,0.98107,2.0496,0.5,1.5031,0.0012127,0.00030549,-0.00087323,0.00070603,-0.00078316,0.0030342,,0.039624,-0.01397168
0.0029569,2.0681,0.5,1.5031,0.014753,-0.0017724,0.98352,2.0681,0.5,1.5031,0.0012089,0.00046226,-0.00099417,0.00095303,-0.0013382,0.0037519,,0.0473104,-0.01590672
0.0030239,2.0875,0.5,1.5031,0.016155,-0.0014073,0.97903,2.0875,0.5,1.5031,0.0011431,0.00051471,-0.0008024,0.00092873,-0.0013425,0.0039761,,0.0483824,-0.0128384
0.0028571,2.1078,0.5,1.5031,0.016811,-0.00050092,0.97619,2.1078,0.5,1.5031,0.0010189,0.00037472,-0.00088411,0.00074172,-0.001019,0.0039535,,0.0457136,-0.01414576
0.0020635,2.129,0.5,1.5031,0.015354,-0.0019302,0.97999,2.129,0.5,1.5031,0.0008442,0.000171,-0.00056144,0.00055871,-0.00053995,0.002724,,0.033016,-0.00898304
0.001413,2.1511,0.5,1.5031,0.011933,-0.0051593,0.99278,2.1511,0.5,1.5031,0.0006973,4.43E-05,-3.77E-05,0.00046736,-0.00030353,0.0016613,,0.022608,-0.000602448
0.0017226,2.1743,0.5,1.5031,0.0082024,-0.012236,0.99761,2.1743,0.5,1.5031,0.00060639,1.37E-05,9.36E-06,0.00056795,-0.0005459,0.0022709,,0.0275616,0.00014976
0.0021388,2.1984,0.5,1.5031,0.0061048,-0.013155,0.98143,2.1984,0.5,1.5031,0.0005049,5.80E-05,2.80E-05,0.00076019,-0.0004098,0.0030125,,0.0342208,0.000448544
0.0019696,2.2237,0.5,1.5031,0.0065051,-0.0066653,0.96963,2.2237,0.5,1.5031,0.00047388,0.00014951,-6.18E-05,0.0009354,-0.00038544,0.0025299,,0.0315136,-0.000989216
0.0021216,2.2501,0.5,1.5031,0.010063,-0.0068394,0.95823,2.2501,0.5,1.5031,0.00055138,0.00013021,0.00012809,0.00081329,-0.00036698,0.0028785,,0.0339456,0.00204944
0.0019678,2.2776,0.5,1.5031,0.015058,-0.012451,0.96639,2.2776,0.5,1.5031,0.00067029,0.00015752,0.00019368,0.0007627,-0.00014688,0.0025027,,0.0314848,0.00309888
0.0016474,2.3063,0.5,1.5031,0.017675,-0.019136,0.97934,2.3063,0.5,1.5031,0.0008095,8.46E-05,-1.58E-05,0.0010101,-0.00010532,0.0014752,,0.0263584,-0.000252912
0.0026317,2.3362,0.5,1.5031,0.018239,-0.013584,0.96254,2.3362,0.5,1.5031,0.00090694,0.00017498,0.00051177,0.0010773,0.00033426,0.0032792,,0.0421072,0.00818832
0.003163,2.3674,0.5,1.5031,0.016142,-0.01609,0.95228,2.3674,0.5,1.5031,0.00093089,6.61E-05,0.0010261,0.0012111,0.00011111,0.0041839,,0.050608,0.0164176
0.0036924,2.3999,0.5,1.5031,0.010827,-0.012638,0.88858,2.3999,0.5,1.5031,0.001154,0.00012134,0.0015321,0.0014821,-6.61E-05,0.0047487,,0.0590784,0.0245136
0.0046469,2.4338,0.5,1.5031,0.0059584,0.003484,0.80578,2.4338,0.5,1.5031,0.001135,0.0005073,0.0018095,0.0018372,0.00016328,0.0063216,,0.0743504,0.028952
0.0037825,2.4691,0.5,1.5031,0.0026002,0.0037326,0.70533,2.4691,0.5,1.5031,0.00047794,0.00028937,0.00098236,0.0017628,-2.52E-05,0.0053244,,0.06052,0.01571776
0.0014328,1.6711,0.5,1.5407,0.015475,0.0086241,0.98314,1.6711,0.5,1.5407,0.00090401,-0.00013672,-0.00013956,0.00079685,-0.0003889,0.0011647,,0.0229248,-0.00223296
0.0014011,1.6793,0.5,1.5407,0.014378,0.0060174,0.98389,1.6793,0.5,1.5407,0.00085141,-0.00018414,-0.00012017,0.00080505,-0.00029255,0.0011458,,0.0224176,-0.00192272
0.0013911,1.6876,0.5,1.5407,0.013123,0.0043673,0.98512,1.6876,0.5,1.5407,0.00079027,-0.00021677,-9.88E-05,0.0008258,-0.0002391,0.0011661,,0.0222576,-0.00158152
0.0013811,1.6958,0.5,1.5407,0.011971,0.0036563,0.98586,1.6958,0.5,1.5407,0.00073465,-0.00024016,-6.55E-05,0.00083965,-0.0002356,0.0011878,,0.0220976,-0.001048336
0.0013813,1.7041,0.5,1.5407,0.010992,0.0037178,0.98507,1.7041,0.5,1.5407,0.00069263,-0.00025182,-1.80E-05,0.0008419,-0.00026054,0.0012281,,0.0221008,-0.000287424
0.0013784,1.7123,0.5,1.5407,0.010145,0.0037812,0.98342,1.7123,0.5,1.5407,0.00066302,-0.0002422,1.98E-05,0.00083193,-0.00027723,0.0012618,,0.0220544,0.000316816
0.001363,1.7206,0.5,1.5407,0.0093585,0.0028983,0.98081,1.7206,0.5,1.5407,0.00064363,-0.0002095,3.54E-05,0.00080826,-0.00026499,0.001274,,0.021808,0.000567184
0.0013159,1.7289,0.5,1.5407,0.0085222,0.0012965,0.97861,1.7289,0.5,1.5407,0.00063007,-0.00016621,3.88E-05,0.0007817,-0.00021562,0.0012201,,0.0210544,0.000620624
0.0012679,1.7371,0.5,1.5407,0.0075048,3.43E-05,0.98015,1.7371,0.5,1.5407,0.00061141,-0.0001198,3.21E-05,0.00076032,-0.00016509,0.0011641,,0.0202864,0.00051328
0.0012914,1.7454,0.5,1.5407,0.0062443,-0.00040486,0.98442,1.7454,0.5,1.5407,0.00058052,-6.62E-05,9.02E-06,0.0007224,-0.0001652,0.0012799,,0.0206624,0.00014432
0.0013845,1.7536,0.5,1.5407,0.0048138,-7.65E-05,0.98836,1.7536,0.5,1.5407,0.00054525,-1.07E-05,-3.17E-05,0.00066207,-0.0002164,0.0015618,,0.022152,-0.000507392
0.00151,1.7619,0.5,1.5407,0.0033108,0.00051663,0.99178,1.7619,0.5,1.5407,0.00052335,2.23E-05,-8.16E-05,0.00062185,-0.00028799,0.0018749,,0.02416,-0.00130608
0.0016424,1.7701,0.5,1.5407,0.0017142,0.00091831,0.99462,1.7701,0.5,1.5407,0.00051854,1.73E-05,-0.00013221,0.0006193,-0.00034057,0.002147,,0.0262784,-0.00211536
0.0017577,1.7784,0.5,1.5407,3.35E-05,0.00093118,0.99741,1.7784,0.5,1.5407,0.00051433,-1.42E-05,-0.0001875,0.00063626,-0.00037141,0.0023649,,0.0281232,-0.003
0.0018235,1.7866,0.5,1.5407,-0.0015086,0.00027784,1.0007,1.7866,0.5,1.5407,0.00050275,-4.53E-05,-0.00024798,0.00066723,-0.00039361,0.002477,,0.029176,-0.00396768
0.0018173,1.7949,0.5,1.5407,-0.0025797,-0.00068478,1.0034,1.7949,0.5,1.5407,0.00049757,-4.43E-05,-0.00028003,0.00070555,-0.00042496,0.0024315,,0.0290768,-0.00448048
0.0017312,1.8032,0.5,1.5407,-0.0030176,-0.001486,1.0052,1.8032,0.5,1.5407,0.0005165,-1.28E-05,-0.0002606,0.00074789,-0.00046298,0.0021979,,0.0276992,-0.0041696
0.0016219,1.8114,0.5,1.5407,-0.0029756,-0.0022712,1.0065,1.8114,0.5,1.5407,0.00056854,1.74E-05,-0.00021471,0.00079927,-0.00046821,0.0018761,,0.0259504,-0.00343536
0.0016153,1.8197,0.5,1.5407,-0.0027944,-0.0029933,1.0076,1.8197,0.5,1.5407,0.00065152,3.29E-05,-0.00013882,0.00085754,-0.00046917,0.0017215,,0.0258448,-0.00222112
0.0016899,1.8279,0.5,1.5407,-0.0028464,-0.003427,1.0091,1.8279,0.5,1.5407,0.00075376,4.10E-05,-5.11E-06,0.00090899,-0.0004846,0.0017171,,0.0270384,-0.000081776
0.0017466,1.8362,0.5,1.5407,-0.0033353,-0.0033817,1.0121,1.8362,0.5,1.5407,0.00086841,4.91E-05,0.00014087,0.00091706,-0.00051129,0.0017078,,0.0279456,0.00225392
0.001755,1.8446,0.5,1.5407,-0.0040638,-0.0028905,1.017,1.8446,0.5,1.5407,0.00099644,6.08E-05,0.00022689,0.00089088,-0.00052712,0.0016226,,0.02808,0.00363024
0.0016931,1.8534,0.5,1.5407,-0.0046488,-0.0027591,1.0246,1.8534,0.5,1.5407,0.0011317,7.04E-05,0.00029116,0.00086132,-0.00040129,0.0013933,,0.0270896,0.00465856
0.0016412,1.8626,0.5,1.5407,-0.0048701,-0.0034448,1.0289,1.8626,0.5,1.5407,0.0012556,6.55E-05,0.00034826,0.00079922,-0.00023354,0.0012276,,0.0262592,0.00557216
0.0016909,1.8723,0.5,1.5407,-0.0047937,-0.0041435,1.0267,1.8723,0.5,1.5407,0.0013591,6.38E-05,0.00046526,0.00072153,-0.00020502,0.0013012,,0.0270544,0.00744416
0.0018458,1.8824,0.5,1.5407,-0.0047622,-0.0044714,1.0219,1.8824,0.5,1.5407,0.0014656,0.00011846,0.00061519,0.00072434,-0.00025772,0.0015015,,0.0295328,0.00984304
0.002077,1.8931,0.5,1.5407,-0.0049254,-0.0043728,1.0146,1.8931,0.5,1.5407,0.0015974,0.00022332,0.00071494,0.00086678,-0.00033238,0.0016898,,0.033232,0.01143904
0.0023035,1.9042,0.5,1.5407,-0.0050586,-0.0027244,1.0075,1.9042,0.5,1.5407,0.0017426,0.00033322,0.00077339,0.0010428,-0.00045904,0.0018214,,0.036856,0.01237424
0.0023868,1.9159,0.5,1.5407,-0.005129,0.00082439,1.0034,1.9159,0.5,1.5407,0.0018831,0.00041129,0.00065457,0.0010709,-0.00066515,0.0018198,,0.0381888,0.01047312
0.0023081,1.9282,0.5,1.5407,-0.0053296,0.0045189,0.99874,1.9282,0.5,1.5407,0.0019676,0.0004411,0.00040106,0.00094008,-0.00073413,0.0017085,,0.0369296,0.00641696
0.0021874,1.941,0.5,1.5407,-0.0056617,0.006758,0.99532,1.941,0.5,1.5407,0.0019144,0.00038904,0.00015423,0.00078213,-0.00061053,0.0016782,,0.0349984,0.00246768
0.0020113,1.9545,0.5,1.5407,-0.0058988,0.0071166,0.99356,1.9545,0.5,1.5407,0.0017246,0.00025912,-0.00012231,0.00068954,-0.00048889,0.0016084,,0.0321808,-0.00195696
0.0020035,1.9686,0.5,1.5407,-0.0055424,0.0061323,0.991,1.9686,0.5,1.5407,0.0014952,0.00017962,-0.00045273,0.00073952,-0.00044515,0.0017723,,0.032056,-0.00724368
0.0020339,1.9833,0.5,1.5407,-0.0037179,0.0046786,0.98577,1.9833,0.5,1.5407,0.0013505,0.00015156,-0.00066163,0.00079787,-0.00035211,0.0019194,,0.0325424,-0.01058608
0.0019256,1.9988,0.5,1.5407,0.00028991,0.0037174,0.9789,1.9988,0.5,1.5407,0.0013267,0.00015828,-0.00068764,0.00078479,-0.00031127,0.0017398,,0.0308096,-0.01100224
0.0018823,2.0149,0.5,1.5407,0.0053441,0.0035863,0.98114,2.0149,0.5,1.5407,0.0013078,0.00023475,-0.0006695,0.00076275,-0.0003842,0.001694,,0.0301168,-0.010712
0.0018993,2.0319,0.5,1.5407,0.0096275,0.0029664,0.9816,2.0319,0.5,1.5407,0.0012454,0.00027356,-0.00065038,0.00066753,-0.00042037,0.0018857,,0.0303888,-0.01040608
0.0024662,2.0496,0.5,1.5407,0.012769,0.0004948,0.98097,2.0496,0.5,1.5407,0.0012293,0.00032955,-0.0009119,0.00068591,-0.00076695,0.0030171,,0.0394592,-0.0145904
0.0029266,2.0681,0.5,1.5407,0.014758,-0.0022788,0.98351,2.0681,0.5,1.5407,0.0012305,0.00048516,-0.0010317,0.00093397,-0.0013123,0.0036887,,0.0468256,-0.0165072
0.0029803,2.0875,0.5,1.5407,0.016136,-0.0016211,0.97953,2.0875,0.5,1.5407,0.0011467,0.00052233,-0.00080287,0.0009215,-0.0013242,0.0038925,,0.0476848,-0.01284592
0.0027783,2.1078,0.5,1.5407,0.016766,-0.00026727,0.97685,2.1078,0.5,1.5407,0.0010084,0.00037869,-0.00083465,0.00074758,-0.001035,0.0038006,,0.0444528,-0.0133544
0.0019977,2.129,0.5,1.5407,0.015217,-0.0014939,0.97966,2.129,0.5,1.5407,0.00084234,0.00017495,-0.00053719,0.00056546,-0.00057262,0.0025877,,0.0319632,-0.00859504
0.001401,2.1511,0.5,1.5407,0.011717,-0.0048613,0.9926,2.1511,0.5,1.5407,0.00071616,3.94E-05,-7.38E-05,0.00046069,-0.00031736,0.0016251,,0.022416,-0.001180352
0.0017241,2.1743,0.5,1.5407,0.0080114,-0.012032,0.99794,2.1743,0.5,1.5407,0.00063015,9.12E-06,-1.75E-05,0.00055224,-0.00054183,0.0022658,,0.0275856,-0.000280656
0.0021184,2.1984,0.5,1.5407,0.0059691,-0.013307,0.98149,2.1984,0.5,1.5407,0.00050808,6.03E-05,4.09E-05,0.00073165,-0.00039159,0.0029971,,0.0338944,0.000654752
0.0019485,2.2237,0.5,1.5407,0.0064335,-0.0069082,0.96959,2.2237,0.5,1.5407,0.00046466,0.00015229,-5.29E-05,0.00090719,-0.00038162,0.0025252,,0.031176,-0.000847008
0.0020615,2.2501,0.5,1.5407,0.0099953,-0.0068964,0.95804,2.2501,0.5,1.5407,0.00055035,0.00013644,0.0001104,0.00077249,-0.0003493,0.0028002,,0.032984,0.0017664
0.0019271,2.2776,0.5,1.5407,0.014896,-0.01249,0.96656,2.2776,0.5,1.5407,0.00067529,0.00017408,0.00019192,0.00073754,-0.00012172,0.0024413,,0.0308336,0.00307072
0.0016648,2.3063,0.5,1.5407,0.017534,-0.019281,0.97952,2.3063,0.5,1.5407,0.00080867,9.84E-05,-1.96E-05,0.0010189,-8.49E-05,0.0015022,,0.0266368,-0.000313744
0.0026726,2.3362,0.5,1.5407,0.018365,-0.013818,0.96147,2.3362,0.5,1.5407,0.00089011,0.00017672,0.00048595,0.0011021,0.00035851,0.0033531,,0.0427616,0.0077752
0.0031858,2.3674,0.5,1.5407,0.016458,-0.016033,0.95133,2.3674,0.5,1.5407,0.00089508,9.63E-05,0.0010113,0.0012111,0.00017011,0.0042655,,0.0509728,0.0161808
0.0036749,2.3999,0.5,1.5407,0.011053,-0.012748,0.8886,2.3999,0.5,1.5407,0.0011335,0.00014987,0.0015376,0.0014315,4.29E-05,0.0047848,,0.0587984,0.0246016
0.004684,2.4338,0.5,1.5407,0.0061021,0.0034002,0.80544,2.4338,0.5,1.5407,0.0011486,0.00051246,0.0018506,0.0017918,0.00023159,0.0064275,,0.074944,0.0296096
0.0038443,2.4691,0.5,1.5407,0.0026938,0.0040267,0.70471,2.4691,0.5,1.5407,0.00049112,0.00030113,0.0010193,0.0017339,-3.19E-06,0.0054637,,0.0615088,0.0163088
0.0014315,1.6711,0.5,1.5782,0.014973,0.0088191,0.98249,1.6711,0.5,1.5782,0.00087131,-0.00012794,-0.00012542,0.00079509,-0.00041238,0.0011966,,0.022904,-0.00200672
0.0013876,1.6793,0.5,1.5782,0.013937,0.006021,0.98332,1.6793,0.5,1.5782,0.00082176,-0.00017704,-0.00010328,0.00079191,-0.00031656,0.0011616,,0.0222016,-0.00165248
0.0013703,1.6876,0.5,1.5782,0.012677,0.0042561,0.98454,1.6876,0.5,1.5782,0.00076344,-0.00021367,-8.38E-05,0.00081157,-0.00026046,0.0011655,,0.0219248,-0.001341552
0.0013582,1.6958,0.5,1.5782,0.011471,0.0034867,0.98531,1.6958,0.5,1.5782,0.00070891,-0.00024374,-5.64E-05,0.000829,-0.00025184,0.0011786,,0.0217312,-0.000902208
0.0013602,1.7041,0.5,1.5782,0.010425,0.0034883,0.98463,1.7041,0.5,1.5782,0.00066713,-0.00026247,-1.90E-05,0.00083328,-0.00027028,0.00122,,0.0217632,-0.000303904
0.0013647,1.7123,0.5,1.5782,0.0095345,0.0034945,0.98316,1.7123,0.5,1.5782,0.00063948,-0.00025732,1.05E-05,0.00082647,-0.00027925,0.0012634,,0.0218352,0.000168464
0.0013619,1.7206,0.5,1.5782,0.0087505,0.0026199,0.98071,1.7206,0.5,1.5782,0.0006247,-0.00022468,2.23E-05,0.00080718,-0.00025924,0.0012918,,0.0217904,0.000356592
0.0013213,1.7289,0.5,1.5782,0.0079728,0.0010885,0.97858,1.7289,0.5,1.5782,0.00061639,-0.00017885,2.27E-05,0.00077993,-0.00021086,0.0012463,,0.0211408,0.000363808
0.0012671,1.7371,0.5,1.5782,0.0070496,-0.00011611,0.98009,1.7371,0.5,1.5782,0.00060133,-0.00013164,1.60E-05,0.00075319,-0.00017015,0.0011796,,0.0202736,0.000256736
0.0012807,1.7454,0.5,1.5782,0.0058762,-0.00053433,0.98443,1.7454,0.5,1.5782,0.00057285,-8.11E-05,2.86E-06,0.00071358,-0.0001776,0.001275,,0.0204912,4.58112E-05
0.0013682,1.7536,0.5,1.5782,0.00449,-0.000155,0.98849,1.7536,0.5,1.5782,0.0005402,-2.95E-05,-2.40E-05,0.00065784,-0.00022603,0.0015384,,0.0218912,-0.000384288
0.0014913,1.7619,0.5,1.5782,0.0029772,0.00057561,0.99188,1.7619,0.5,1.5782,0.00051987,2.73E-06,-6.83E-05,0.00062341,-0.00028739,0.0018392,,0.0238608,-0.001093504
0.001627,1.7701,0.5,1.5782,0.0013516,0.0011477,0.99462,1.7701,0.5,1.5782,0.00051624,-1.88E-06,-0.00012331,0.00062492,-0.00033421,0.0021128,,0.026032,-0.00197296
0.0017538,1.7784,0.5,1.5782,-0.00032988,0.001299,0.99739,1.7784,0.5,1.5782,0.00051639,-3.34E-05,-0.00018796,0.00064564,-0.00036794,0.0023455,,0.0280608,-0.00300736
0.001825,1.7866,0.5,1.5782,-0.0018339,0.00068591,1.0007,1.7866,0.5,1.5782,0.00051091,-6.27E-05,-0.00025447,0.00067912,-0.00039196,0.00246,,0.0292,-0.00407152
0.001816,1.7949,0.5,1.5782,-0.0028615,-0.00038551,1.0034,1.7949,0.5,1.5782,0.00050769,-5.54E-05,-0.00029013,0.00071871,-0.00041836,0.0024056,,0.029056,-0.00464208
0.0017255,1.8032,0.5,1.5782,-0.0032812,-0.0013676,1.0052,1.8032,0.5,1.5782,0.00052362,-1.58E-05,-0.00027022,0.00076062,-0.00045221,0.0021668,,0.027608,-0.00432352
0.001609,1.8114,0.5,1.5782,-0.0032446,-0.0023126,1.0065,1.8114,0.5,1.5782,0.00057088,1.84E-05,-0.00021806,0.00080822,-0.0004582,0.0018389,,0.025744,-0.00348896
0.0016044,1.8197,0.5,1.5782,-0.0030848,-0.0031683,1.0073,1.8197,0.5,1.5782,0.0006496,3.59E-05,-0.00014221,0.00085899,-0.00046593,0.0017003,,0.0256704,-0.00227536
0.0016835,1.8279,0.5,1.5782,-0.0031783,-0.0037182,1.0086,1.8279,0.5,1.5782,0.00075248,5.02E-05,-1.31E-05,0.00089304,-0.00050082,0.0017215,,0.026936,-0.000208848
0.0017308,1.8362,0.5,1.5782,-0.0037185,-0.003715,1.0118,1.8362,0.5,1.5782,0.00087192,6.30E-05,0.00013161,0.00088227,-0.00054795,0.0017075,,0.0276928,0.00210576
0.0017152,1.8446,0.5,1.5782,-0.0044798,-0.0031632,1.0171,1.8446,0.5,1.5782,0.0010007,7.02E-05,0.00021877,0.0008519,-0.0005484,0.0015778,,0.0274432,0.00350032
0.0016533,1.8534,0.5,1.5782,-0.0050716,-0.0029585,1.0247,1.8534,0.5,1.5782,0.0011319,7.14E-05,0.00029825,0.0008296,-0.00039406,0.001345,,0.0264528,0.004772
0.0016348,1.8626,0.5,1.5782,-0.0053087,-0.0035778,1.0286,1.8626,0.5,1.5782,0.0012554,5.95E-05,0.00037254,0.00077689,-0.00023214,0.0012372,,0.0261568,0.00596064
0.0016996,1.8723,0.5,1.5782,-0.0052777,-0.004273,1.0259,1.8723,0.5,1.5782,0.0013665,5.46E-05,0.0004694,0.00071078,-0.00022087,0.0013219,,0.0271936,0.0075104
0.0018509,1.8824,0.5,1.5782,-0.0052652,-0.0046474,1.021,1.8824,0.5,1.5782,0.0014743,0.00011281,0.00060756,0.00073092,-0.00027297,0.0014966,,0.0296144,0.00972096
0.0020815,1.8931,0.5,1.5782,-0.005391,-0.0044769,1.0139,1.8931,0.5,1.5782,0.0015839,0.00021965,0.00072258,0.00088838,-0.000344,0.0016907,,0.033304,0.01156128
0.0022922,1.9042,0.5,1.5782,-0.0054811,-0.0026838,1.0072,1.9042,0.5,1.5782,0.0017,0.00032349,0.0007597,0.0010609,-0.00047743,0.0018235,,0.0366752,0.0121552
0.0023588,1.9159,0.5,1.5782,-0.0055012,0.00090545,1.0034,1.9159,0.5,1.5782,0.0018284,0.00039717,0.00062571,0.0010734,-0.00068517,0.0018158,,0.0377408,0.01001136
0.0022858,1.9282,0.5,1.5782,-0.0055464,0.0046503,0.99891,1.9282,0.5,1.5782,0.0019226,0.00043191,0.0003826,0.00093737,-0.0007419,0.0017116,,0.0365728,0.0061216
0.0021772,1.941,0.5,1.5782,-0.0055668,0.0070535,0.9957,1.941,0.5,1.5782,0.0018952,0.00038704,0.00011497,0.00077863,-0.00062087,0.0016806,,0.0348352,0.00183952
0.0020143,1.9545,0.5,1.5782,-0.0054632,0.0074381,0.99421,1.9545,0.5,1.5782,0.0017355,0.00028274,-0.00017695,0.00068253,-0.00050675,0.0016106,,0.0322288,-0.0028312
0.002009,1.9686,0.5,1.5782,-0.0049117,0.0063285,0.99157,1.9686,0.5,1.5782,0.0015236,0.00023322,-0.00049943,0.00073428,-0.00046126,0.0017602,,0.032144,-0.00799088
0.0020264,1.9833,0.5,1.5782,-0.0030209,0.0048017,0.98572,1.9833,0.5,1.5782,0.0013685,0.00020923,-0.0007135,0.000791,-0.00035467,0.0018933,,0.0324224,-0.011416
0.0019222,1.9988,0.5,1.5782,0.0010186,0.0037946,0.97815,1.9988,0.5,1.5782,0.0013146,0.00019656,-0.00076104,0.00076968,-0.00031013,0.0017601,,0.0307552,-0.01217664
0.0018993,2.0149,0.5,1.5782,0.0060026,0.0035863,0.98022,2.0149,0.5,1.5782,0.0012806,0.00023994,-0.00074056,0.00074632,-0.00039743,0.0017717,,0.0303888,-0.01184896
0.0019138,2.0319,0.5,1.5782,0.010025,0.0028799,0.98114,2.0319,0.5,1.5782,0.0012343,0.00026634,-0.00069744,0.0006539,-0.00042688,0.0019393,,0.0306208,-0.01115904
0.0024461,2.0496,0.5,1.5782,0.012897,0.00011283,0.98089,2.0496,0.5,1.5782,0.0012395,0.00033696,-0.00094793,0.00066173,-0.00075644,0.002991,,0.0391376,-0.01516688
0.0028902,2.0681,0.5,1.5782,0.014809,-0.0027891,0.98346,2.0681,0.5,1.5782,0.0012444,0.00050378,-0.0010666,0.00090442,-0.0012942,0.0036316,,0.0462432,-0.0170656
0.0029405,2.0875,0.5,1.5782,0.016208,-0.0018518,0.9799,2.0875,0.5,1.5782,0.0011422,0.00053401,-0.00082714,0.00090486,-0.0013085,0.0038339,,0.047048,-0.01323424
0.0027059,2.1078,0.5,1.5782,0.016798,-7.41E-05,0.97751,2.1078,0.5,1.5782,0.00099281,0.00039024,-0.00081269,0.00074958,-0.0010474,0.0036695,,0.0432944,-0.01300304
0.0019391,2.129,0.5,1.5782,0.015094,-0.0010737,0.9795,2.129,0.5,1.5782,0.00084585,0.00018015,-0.00052404,0.00057978,-0.00059687,0.0024525,,0.0310256,-0.00838464
0.0013992,2.1511,0.5,1.5782,0.011477,-0.0045425,0.99248,2.1511,0.5,1.5782,0.00074239,3.51E-05,-0.00011691,0.00047111,-0.00031955,0.001585,,0.0223872,-0.00187056
0.0017345,2.1743,0.5,1.5782,0.0078055,-0.011811,0.99822,2.1743,0.5,1.5782,0.00065546,5.83E-06,-3.94E-05,0.00055648,-0.00053152,0.002257,,0.027752,-0.000631008
0.0021108,2.1984,0.5,1.5782,0.0058462,-0.013419,0.9815,2.1984,0.5,1.5782,0.00050898,6.01E-05,5.81E-05,0.00071781,-0.00037743,0.0029947,,0.0337728,0.000930128
0.0019491,2.2237,0.5,1.5782,0.0063847,-0.0071263,0.96957,2.2237,0.5,1.5782,0.00045361,0.00014965,-4.30E-05,0.00090342,-0.00036937,0.0025413,,0.0311856,-0.000687744
0.0020295,2.2501,0.5,1.5782,0.0099603,-0.0069589,0.95787,2.2501,0.5,1.5782,0.00055202,0.0001274,9.87E-05,0.0007632,-0.00032659,0.0027437,,0.032472,0.0015784
0.0018997,2.2776,0.5,1.5782,0.014775,-0.012506,0.96675,2.2776,0.5,1.5782,0.00068519,0.00017984,0.00018675,0.00072937,-0.00010933,0.0023847,,0.0303952,0.002988
0.0016811,2.3063,0.5,1.5782,0.017405,-0.019386,0.9798,2.3063,0.5,1.5782,0.0008172,0.00011693,-1.98E-05,0.0010261,-6.79E-05,0.001519,,0.0268976,-0.000317232
0.0027084,2.3362,0.5,1.5782,0.018482,-0.014043,0.96045,2.3362,0.5,1.5782,0.00088618,0.00018123,0.00046745,0.0011014,0.00037041,0.0034293,,0.0433344,0.0074792
0.0032235,2.3674,0.5,1.5782,0.016733,-0.015961,0.95045,2.3674,0.5,1.5782,0.0008752,0.00012741,0.00099549,0.0012205,0.00021711,0.0043513,,0.051576,0.01592784
0.0036573,2.3999,0.5,1.5782,0.011225,-0.012795,0.88877,2.3999,0.5,1.5782,0.0011353,0.00018692,0.0015347,0.0013929,0.00014518,0.0047864,,0.0585168,0.0245552
0.0047132,2.4338,0.5,1.5782,0.0062403,0.0033642,0.80525,2.4338,0.5,1.5782,0.0011816,0.00053704,0.0018554,0.0017499,0.00028477,0.006495,,0.0754112,0.0296864
0.0039247,2.4691,0.5,1.5782,0.0028035,0.0043284,0.70424,2.4691,0.5,1.5782,0.0005116,0.00032937,0.0010242,0.0017352,9.73E-06,0.0056026,,0.0627952,0.0163872
0.0014218,1.6711,0.5,1.6157,0.014341,0.0090577,0.9818,1.6711,0.5,1.6157,0.00083106,-0.00013047,-0.00010275,0.00079469,-0.000423,0.0012179,,0.0227488,-0.001644
0.001379,1.6793,0.5,1.6157,0.013388,0.0060825,0.98273,1.6793,0.5,1.6157,0.00079812,-0.00018125,-8.13E-05,0.00078259,-0.00032836,0.0011773,,0.022064,-0.001301008
0.0013612,1.6876,0.5,1.6157,0.012169,0.0041982,0.98395,1.6876,0.5,1.6157,0.00075681,-0.00022013,-6.54E-05,0.00079786,-0.00027335,0.0011678,,0.0217792,-0.001046432
0.001352,1.6958,0.5,1.6157,0.01095,0.0033589,0.98476,1.6958,0.5,1.6157,0.00071363,-0.00025192,-4.55E-05,0.00081512,-0.00026394,0.0011753,,0.021632,-0.000728208
0.0013625,1.7041,0.5,1.6157,0.0098699,0.0033058,0.98422,1.7041,0.5,1.6157,0.00067618,-0.00027142,-2.08E-05,0.00082232,-0.00027948,0.0012266,,0.0218,-0.000332016
0.0013739,1.7123,0.5,1.6157,0.0089653,0.0032636,0.98292,1.7123,0.5,1.6157,0.00064864,-0.00026648,-3.83E-06,0.00082029,-0.0002847,0.0012788,,0.0219824,-6.12752E-05
0.0013755,1.7206,0.5,1.6157,0.0082116,0.0023785,0.98065,1.7206,0.5,1.6157,0.00063299,-0.00023397,3.87E-06,0.00080534,-0.00026059,0.0013127,,0.022008,0.000061984
0.0013381,1.7289,0.5,1.6157,0.0074923,0.00087812,0.97859,1.7289,0.5,1.6157,0.00062261,-0.00018833,8.36E-06,0.00078,-0.00020977,0.0012736,,0.0214096,0.00013375
0.0012784,1.7371,0.5,1.6157,0.006629,-0.00028814,0.98006,1.7371,0.5,1.6157,0.00060234,-0.00014117,8.07E-06,0.00075494,-0.00016565,0.0011996,,0.0204544,0.00012905
0.0012744,1.7454,0.5,1.6157,0.0055057,-0.00067545,0.98442,1.7454,0.5,1.6157,0.00056577,-9.38E-05,1.27E-06,0.00071904,-0.00016796,0.001264,,0.0203904,2.02976E-05
0.0013458,1.7536,0.5,1.6157,0.0041499,-0.00023922,0.98856,1.7536,0.5,1.6157,0.00052421,-4.94E-05,-1.93E-05,0.00066575,-0.0002119,0.0015015,,0.0215328,-0.000308768
0.0014638,1.7619,0.5,1.6157,0.0026365,0.00062201,0.99193,1.7619,0.5,1.6157,0.00049561,-2.31E-05,-6.02E-05,0.00062784,-0.00026835,0.0018042,,0.0234208,-0.000962592
0.0015992,1.7701,0.5,1.6157,0.00099135,0.0013568,0.99459,1.7701,0.5,1.6157,0.00048589,-2.97E-05,-0.00011861,0.00062174,-0.00031396,0.0020907,,0.0255872,-0.00189776
0.0017219,1.7784,0.5,1.6157,-0.00068747,0.0016358,0.99734,1.7784,0.5,1.6157,0.00048432,-5.82E-05,-0.00019146,0.00063313,-0.00035094,0.0023263,,0.0275504,-0.00306336
0.0017857,1.7866,0.5,1.6157,-0.0021506,0.0010516,1.0007,1.7866,0.5,1.6157,0.00048221,-7.98E-05,-0.00026011,0.00065643,-0.00037973,0.0024328,,0.0285712,-0.00416176
0.0017742,1.7949,0.5,1.6157,-0.0031312,-0.00013503,1.0033,1.7949,0.5,1.6157,0.00048596,-6.36E-05,-0.00029095,0.00069062,-0.00040987,0.0023717,,0.0283872,-0.0046552
0.0016837,1.8032,0.5,1.6157,-0.003534,-0.0012874,1.005,1.8032,0.5,1.6157,0.00051046,-1.55E-05,-0.00026828,0.00073138,-0.0004444,0.0021256,,0.0269392,-0.00429248
0.001572,1.8114,0.5,1.6157,-0.0035075,-0.0023643,1.0063,1.8114,0.5,1.6157,0.00056649,2.75E-05,-0.00021815,0.00077738,-0.00045347,0.0018,,0.025152,-0.0034904
0.0015784,1.8197,0.5,1.6157,-0.0033758,-0.0033447,1.0069,1.8197,0.5,1.6157,0.00065322,5.18E-05,-0.00015109,0.00082259,-0.00047325,0.0016809,,0.0252544,-0.00241744
0.0016558,1.8279,0.5,1.6157,-0.0035159,-0.0040163,1.008,1.8279,0.5,1.6157,0.00076432,6.32E-05,-3.56E-05,0.00084526,-0.00052705,0.001702,,0.0264928,-0.00057024
0.0016962,1.8362,0.5,1.6157,-0.0040926,-0.0040416,1.0115,1.8362,0.5,1.6157,0.00089081,5.94E-05,0.00010388,0.00083313,-0.00058035,0.0016684,,0.0271392,0.00166208
0.0016775,1.8446,0.5,1.6157,-0.0048619,-0.0034269,1.0172,1.8446,0.5,1.6157,0.0010204,4.97E-05,0.00020025,0.00081662,-0.00055697,0.0015179,,0.02684,0.003204
0.0016318,1.8534,0.5,1.6157,-0.0054621,-0.0031667,1.0247,1.8534,0.5,1.6157,0.0011485,4.51E-05,0.00029559,0.00080763,-0.00038377,0.0013074,,0.0261088,0.00472944
0.0016426,1.8626,0.5,1.6157,-0.0057357,-0.0037298,1.0282,1.8626,0.5,1.6157,0.0012722,3.47E-05,0.00038419,0.00076094,-0.00023219,0.001252,,0.0262816,0.00614704
0.0017108,1.8723,0.5,1.6157,-0.0057472,-0.004437,1.0252,1.8723,0.5,1.6157,0.0013828,3.94E-05,0.00047762,0.00070053,-0.00023126,0.0013383,,0.0273728,0.00764192
0.0018537,1.8824,0.5,1.6157,-0.0057249,-0.004847,1.02,1.8824,0.5,1.6157,0.0014792,0.00011395,0.00061887,0.00072695,-0.00028309,0.0015013,,0.0296592,0.00990192
0.0020822,1.8931,0.5,1.6157,-0.0057943,-0.0045531,1.0131,1.8931,0.5,1.6157,0.0015734,0.00023372,0.00073415,0.00088606,-0.00035317,0.001705,,0.0333152,0.0117464
0.0022797,1.9042,0.5,1.6157,-0.0058402,-0.0025968,1.007,1.9042,0.5,1.6157,0.0016821,0.00034087,0.00073691,0.0010549,-0.00049027,0.0018223,,0.0364752,0.01179056
0.0023361,1.9159,0.5,1.6157,-0.0058051,0.0010271,1.0035,1.9159,0.5,1.6157,0.0018005,0.00040858,0.00059297,0.0010653,-0.00070021,0.0018063,,0.0373776,0.00948752
0.0022656,1.9282,0.5,1.6157,-0.0056958,0.0048447,0.99914,1.9282,0.5,1.6157,0.0018813,0.00043371,0.00035938,0.00093671,-0.00075446,0.0017131,,0.0362496,0.00575008
0.0021659,1.941,0.5,1.6157,-0.0054313,0.007403,0.99615,1.941,0.5,1.6157,0.0018613,0.00038537,6.47E-05,0.00078357,-0.00064846,0.0016869,,0.0346544,0.001035872
0.0020214,1.9545,0.5,1.6157,-0.0050146,0.0077603,0.99484,1.9545,0.5,1.6157,0.001735,0.00029731,-0.00024431,0.00068674,-0.0005419,0.0016211,,0.0323424,-0.00390896
0.0020301,1.9686,0.5,1.6157,-0.0042631,0.0065143,0.9921,1.9686,0.5,1.6157,0.0015571,0.00027168,-0.00054999,0.00073656,-0.00048427,0.0017665,,0.0324816,-0.00879984
0.0020361,1.9833,0.5,1.6157,-0.0022867,0.0049711,0.9857,1.9833,0.5,1.6157,0.001413,0.00026097,-0.00075496,0.00078926,-0.00035249,0.00187,,0.0325776,-0.01207936
0.0019365,1.9988,0.5,1.6157,0.0017824,0.0039818,0.97747,1.9988,0.5,1.6157,0.0013377,0.00023418,-0.00081658,0.00077363,-0.00029633,0.0017617,,0.030984,-0.01306528
0.0019317,2.0149,0.5,1.6157,0.0066757,0.0036912,0.97934,2.0149,0.5,1.6157,0.0012743,0.00023492,-0.00080627,0.0007551,-0.00039838,0.0018341,,0.0309072,-0.01290032
0.0019356,2.0319,0.5,1.6157,0.010431,0.0028295,0.98071,2.0319,0.5,1.6157,0.0012305,0.00024012,-0.00075451,0.00066206,-0.00043029,0.0019785,,0.0309696,-0.01207216
0.0024444,2.0496,0.5,1.6157,0.01306,-0.00025935,0.98084,2.0496,0.5,1.6157,0.0012539,0.00032784,-0.00098893,0.00066105,-0.00075087,0.0029739,,0.0391104,-0.01582288
0.0028848,2.0681,0.5,1.6157,0.014922,-0.0032982,0.98339,2.0681,0.5,1.6157,0.0012631,0.00052018,-0.0011031,0.0008971,-0.001285,0.0036093,,0.0461568,-0.0176496
0.0029248,2.0875,0.5,1.6157,0.016336,-0.0021068,0.98016,2.0875,0.5,1.6157,0.0011477,0.00054974,-0.00085764,0.00090977,-0.0012957,0.0037922,,0.0467968,-0.01372224
0.0026399,2.1078,0.5,1.6157,0.016842,7.23E-05,0.97819,2.1078,0.5,1.6157,0.00099252,0.00039622,-0.00079612,0.00076138,-0.0010405,0.003526,,0.0422384,-0.01273792
0.0018876,2.129,0.5,1.6157,0.014948,-0.00069451,0.97952,2.129,0.5,1.6157,0.00086272,0.00017563,-0.00051468,0.00059042,-0.00060344,0.0023221,,0.0302016,-0.00823488
0.0014104,2.1511,0.5,1.6157,0.01122,-0.0042353,0.99241,2.1511,0.5,1.6157,0.00076469,2.46E-05,-0.00016288,0.00049093,-0.00031211,0.0015652,,0.0225664,-0.00260608
0.001749,2.1743,0.5,1.6157,0.0076074,-0.011583,0.99842,2.1743,0.5,1.6157,0.00066441,4.90E-06,-5.61E-05,0.00057655,-0.0005132,0.002257,,0.027984,-0.000897984
0.0021089,2.1984,0.5,1.6157,0.0057619,-0.013539,0.98149,2.1984,0.5,1.6157,0.00050179,7.17E-05,7.83E-05,0.00071362,-0.00036534,0.0030024,,0.0337424,0.00125216
0.0019539,2.2237,0.5,1.6157,0.006378,-0.0073674,0.96961,2.2237,0.5,1.6157,0.00043851,0.00015854,-4.02E-05,0.00091197,-0.0003513,0.0025573,,0.0312624,-0.000642768
0.0020192,2.2501,0.5,1.6157,0.0099505,-0.0070469,0.95772,2.2501,0.5,1.6157,0.00053996,0.00011922,8.35E-05,0.00078593,-0.00028428,0.0027126,,0.0323072,0.00133552
0.0018942,2.2776,0.5,1.6157,0.014671,-0.012544,0.96693,2.2776,0.5,1.6157,0.00068236,0.00017494,0.00017664,0.00074662,-7.87E-05,0.0023595,,0.0303072,0.00282624
0.0016995,2.3063,0.5,1.6157,0.017273,-0.019469,0.98015,2.3063,0.5,1.6157,0.00082134,0.00012175,-1.63E-05,0.0010418,-4.83E-05,0.0015359,,0.027192,-0.000260352
0.0027537,2.3362,0.5,1.6157,0.01859,-0.014308,0.95947,2.3362,0.5,1.6157,0.00088448,0.00017861,0.00045994,0.0011216,0.00037355,0.0035014,,0.0440592,0.00735904
0.0032613,2.3674,0.5,1.6157,0.016957,-0.015907,0.94962,2.3674,0.5,1.6157,0.00086443,0.00015311,0.00097428,0.001233,0.00024371,0.0044252,,0.0521808,0.01558848
0.0036414,2.3999,0.5,1.6157,0.011317,-0.012751,0.88903,2.3999,0.5,1.6157,0.0011372,0.00021787,0.001526,0.0013522,0.0002291,0.0047934,,0.0582624,0.024416
0.0047599,2.4338,0.5,1.6157,0.0063477,0.0033557,0.8052,2.4338,0.5,1.6157,0.0012048,0.00056597,0.0018438,0.0017503,0.00033676,0.0065646,,0.0761584,0.0295008
0.0040245,2.4691,0.5,1.6157,0.0029148,0.0046012,0.70397,2.4691,0.5,1.6157,0.00052702,0.0003652,0.0010075,0.0017949,2.57E-05,0.005727,,0.064392,0.01612
0.0014372,1.6711,0.5,1.653,0.013699,0.0093097,0.98115,1.6711,0.5,1.653,0.00083841,-0.00014677,-0.00010291,0.00079808,-0.00043545,0.001238,,0.0229952,-0.00164656
0.0013982,1.6793,0.5,1.653,0.012806,0.0061455,0.98214,1.6793,0.5,1.653,0.00081249,-0.00019247,-8.12E-05,0.00078089,-0.00034089,0.0012031,,0.0223712,-0.00129872
0.0013764,1.6876,0.5,1.653,0.011615,0.0041434,0.98336,1.6876,0.5,1.653,0.00078194,-0.00022455,-6.23E-05,0.000787,-0.0002868,0.0011838,,0.0220224,-0.000996208
0.0013614,1.6958,0.5,1.653,0.010394,0.003238,0.98422,1.6958,0.5,1.653,0.0007485,-0.00024897,-4.48E-05,0.0007962,-0.00027626,0.0011781,,0.0217824,-0.000717136
0.0013719,1.7041,0.5,1.653,0.0093066,0.0031249,0.98383,1.7041,0.5,1.653,0.00071562,-0.00026235,-2.73E-05,0.00080451,-0.00029065,0.0012236,,0.0219504,-0.000436832
0.0013865,1.7123,0.5,1.653,0.0084057,0.0030247,0.98271,1.7123,0.5,1.653,0.00068506,-0.00025418,-1.65E-05,0.0008133,-0.00029583,0.0012746,,0.022184,-0.000264416
0.0013905,1.7206,0.5,1.653,0.0076756,0.0021339,0.98061,1.7206,0.5,1.653,0.00065914,-0.00022223,-9.78E-06,0.0008117,-0.00026545,0.0013101,,0.022248,-0.000156426
0.0013567,1.7289,0.5,1.653,0.0070164,0.0006759,0.97861,1.7289,0.5,1.653,0.00063567,-0.00018065,-1.93E-06,0.00079448,-0.00020403,0.0012833,,0.0217072,-0.00003092
0.0012991,1.7371,0.5,1.653,0.0062397,-0.00044556,0.98,1.7371,0.5,1.653,0.00060541,-0.00013652,6.64E-06,0.00077106,-0.00015132,0.0012217,,0.0207856,0.000106314
0.0012885,1.7454,0.5,1.653,0.0051915,-0.00079249,0.98434,1.7454,0.5,1.653,0.00056492,-8.82E-05,1.08E-05,0.00073342,-0.00014587,0.0012786,,0.020616,0.000172672
0.001348,1.7536,0.5,1.653,0.0038668,-0.00029803,0.98857,1.7536,0.5,1.653,0.00052371,-4.13E-05,-8.59E-06,0.0006746,-0.00018587,0.0014976,,0.021568,-0.000137405
0.0014546,1.7619,0.5,1.653,0.0023341,0.0006864,0.99194,1.7619,0.5,1.653,0.00049636,-1.31E-05,-5.74E-05,0.00062496,-0.00024361,0.0017878,,0.0232736,-0.000919168
0.001579,1.7701,0.5,1.653,0.00065256,0.0015809,0.99456,1.7701,0.5,1.653,0.00048676,-1.94E-05,-0.00012035,0.00060587,-0.00029163,0.0020654,,0.025264,-0.0019256
0.0016913,1.7784,0.5,1.653,-0.0010318,0.0019805,0.9973,1.7784,0.5,1.653,0.00048229,-4.73E-05,-0.00018895,0.00060565,-0.00032973,0.0022947,,0.0270608,-0.0030232
0.0017455,1.7866,0.5,1.653,-0.0024578,0.0014177,1.0006,1.7866,0.5,1.653,0.00047424,-6.58E-05,-0.00025093,0.00061674,-0.00036032,0.0023999,,0.027928,-0.00401488
0.0017282,1.7949,0.5,1.653,-0.0034002,0.00011659,1.0031,1.7949,0.5,1.653,0.00047411,-4.69E-05,-0.00027965,0.00064431,-0.00039152,0.002338,,0.0276512,-0.0044744
0.0016393,1.8032,0.5,1.653,-0.0038031,-0.0012019,1.0048,1.8032,0.5,1.653,0.00050053,2.22E-06,-0.00026325,0.00068879,-0.00042734,0.0020892,,0.0262288,-0.004212
0.0015442,1.8114,0.5,1.653,-0.0038072,-0.0024058,1.0061,1.8114,0.5,1.653,0.00056365,4.49E-05,-0.0002255,0.00074324,-0.00044742,0.0017815,,0.0247072,-0.003608
0.001569,1.8197,0.5,1.653,-0.0037091,-0.0035077,1.0065,1.8197,0.5,1.653,0.00066255,6.36E-05,-0.00016736,0.00079345,-0.000482,0.0016821,,0.025104,-0.00267776
0.0016437,1.8279,0.5,1.653,-0.0038697,-0.0042875,1.0075,1.8279,0.5,1.653,0.00078508,5.61E-05,-5.94E-05,0.00082084,-0.00053605,0.0016814,,0.0262992,-0.000950272
0.0016772,1.8362,0.5,1.653,-0.0044409,-0.0043395,1.0112,1.8362,0.5,1.653,0.00091239,2.68E-05,7.64E-05,0.00082402,-0.0005736,0.0016181,,0.0268352,0.00122208
0.0016543,1.8446,0.5,1.653,-0.0051968,-0.0036997,1.0172,1.8446,0.5,1.653,0.0010356,5.83E-06,0.00017742,0.00081961,-0.00053196,0.0014535,,0.0264688,0.00283872
0.0016182,1.8534,0.5,1.653,-0.0058143,-0.0034096,1.0245,1.8534,0.5,1.653,0.0011651,5.97E-06,0.00027841,0.00080466,-0.00035929,0.0012665,,0.0258912,0.00445456
0.0016531,1.8626,0.5,1.653,-0.0061285,-0.0039218,1.0277,1.8626,0.5,1.653,0.0012986,5.91E-06,0.00038481,0.00074794,-0.00022336,0.0012595,,0.0264496,0.00615696
0.0017313,1.8723,0.5,1.653,-0.0061697,-0.0046347,1.0243,1.8723,0.5,1.653,0.0014106,2.67E-05,0.0004942,0.00068733,-0.00023473,0.0013646,,0.0277008,0.0079072
0.0018745,1.8824,0.5,1.653,-0.0061482,-0.005029,1.019,1.8824,0.5,1.653,0.0014974,0.0001139,0.00063629,0.00071836,-0.00029324,0.0015331,,0.029992,0.01018064
0.0021029,1.8931,0.5,1.653,-0.0061956,-0.0045679,1.0125,1.8931,0.5,1.653,0.0015916,0.00023898,0.00073114,0.00088211,-0.0003656,0.0017321,,0.0336464,0.01169824
0.0022977,1.9042,0.5,1.653,-0.0061969,-0.0024591,1.0069,1.9042,0.5,1.653,0.001713,0.00035283,0.0007099,0.0010583,-0.00050767,0.001824,,0.0367632,0.0113584
0.0023579,1.9159,0.5,1.653,-0.0060607,0.0012014,1.0036,1.9159,0.5,1.653,0.0018356,0.00042586,0.00057726,0.0010732,-0.00071855,0.001807,,0.0377264,0.00923616
0.0022896,1.9282,0.5,1.653,-0.0057698,0.0051025,0.99942,1.9282,0.5,1.653,0.0019085,0.00045206,0.00034794,0.00095232,-0.00076859,0.0017185,,0.0366336,0.00556704
0.0021925,1.941,0.5,1.653,-0.0052515,0.0077933,0.99671,1.941,0.5,1.653,0.0018832,0.00040873,1.22E-05,0.00081234,-0.00067469,0.0016894,,0.03508,0.00019472
0.0020548,1.9545,0.5,1.653,-0.0045682,0.0080938,0.99546,1.9545,0.5,1.653,0.0017521,0.00032896,-0.00031595,0.00072528,-0.00057327,0.0016322,,0.0328768,-0.0050552
0.0020609,1.9686,0.5,1.653,-0.0036406,0.0066908,0.99257,1.9686,0.5,1.653,0.0015675,0.00029772,-0.00059423,0.00077662,-0.00050747,0.0017777,,0.0329744,-0.00950768
0.0020529,1.9833,0.5,1.653,-0.0015835,0.005134,0.98571,1.9833,0.5,1.653,0.0014285,0.00028059,-0.00077698,0.0008264,-0.00036237,0.0018509,,0.0328464,-0.01243168
0.0019597,1.9988,0.5,1.653,0.0025052,0.0042134,0.97689,1.9988,0.5,1.653,0.0013546,0.00025264,-0.00084406,0.00080911,-0.00029537,0.0017556,,0.0313552,-0.01350496
0.0019786,2.0149,0.5,1.653,0.007278,0.0038583,0.97853,2.0149,0.5,1.653,0.0012788,0.00023371,-0.00086364,0.00077898,-0.00040926,0.0018993,,0.0316576,-0.01381824
0.0019797,2.0319,0.5,1.653,0.010763,0.0027929,0.9803,2.0319,0.5,1.653,0.0012384,0.00022378,-0.00082025,0.00068227,-0.00044471,0.0020387,,0.0316752,-0.013124
0.0024709,2.0496,0.5,1.653,0.013182,-0.00062559,0.98081,2.0496,0.5,1.653,0.0012822,0.00032141,-0.0010339,0.00067861,-0.00074371,0.0029811,,0.0395344,-0.0165424
0.0029141,2.0681,0.5,1.653,0.015016,-0.003789,0.98335,2.0681,0.5,1.653,0.0013027,0.00053485,-0.0011424,0.00090946,-0.0012649,0.0036161,,0.0466256,-0.0182784
0.0029324,2.0875,0.5,1.653,0.01643,-0.0023409,0.98038,2.0875,0.5,1.653,0.0011727,0.00056053,-0.00088392,0.00093351,-0.0012672,0.0037586,,0.0469184,-0.01414272
0.0025777,2.1078,0.5,1.653,0.016832,0.00021852,0.97887,2.1078,0.5,1.653,0.0010004,0.00039388,-0.00077136,0.00078128,-0.001014,0.0033738,,0.0412432,-0.01234176
0.0018251,2.129,0.5,1.653,0.014765,-0.00033263,0.97972,2.129,0.5,1.653,0.00087301,0.00016912,-0.00049593,0.00059532,-0.00060721,0.0021819,,0.0292016,-0.00793488
0.0014112,2.1511,0.5,1.653,0.01096,-0.0039291,0.99236,2.1511,0.5,1.653,0.00077181,1.39E-05,-0.00020218,0.00050144,-0.00031193,0.0015492,,0.0225792,-0.00323488
0.0017524,2.1743,0.5,1.653,0.0074133,-0.011357,0.99852,2.1743,0.5,1.653,0.00066195,5.15E-06,-7.19E-05,0.00058266,-0.00049522,0.0022601,,0.0280384,-0.001150624
0.0020946,2.1984,0.5,1.653,0.0056947,-0.013695,0.98149,2.1984,0.5,1.653,0.00049765,8.94E-05,0.00010137,0.00069809,-0.00035889,0.0029934,,0.0335136,0.00162192
0.001936,2.2237,0.5,1.653,0.0064076,-0.0076557,0.96976,2.2237,0.5,1.653,0.00042658,0.00017397,-3.53E-05,0.00089816,-0.00034844,0.0025472,,0.030976,-0.00056408
0.0020033,2.2501,0.5,1.653,0.0099718,-0.0071613,0.9576,2.2501,0.5,1.653,0.0005143,0.00012634,6.64E-05,0.00079807,-0.00024791,0.0026943,,0.0320528,0.001062
0.0018986,2.2776,0.5,1.653,0.014578,-0.012596,0.96709,2.2776,0.5,1.653,0.00066198,0.00018069,0.00016273,0.00076844,-3.30E-05,0.0023668,,0.0303776,0.00260368
0.0017178,2.3063,0.5,1.653,0.01715,-0.019542,0.98055,2.3063,0.5,1.653,0.00081019,0.0001146,-1.47E-05,0.001071,-1.82E-05,0.0015544,,0.0274848,-0.000234464
0.0028149,2.3362,0.5,1.653,0.0187,-0.014641,0.95854,2.3362,0.5,1.653,0.00087371,0.00016562,0.00045277,0.0011805,0.00039364,0.0035756,,0.0450384,0.00724432
0.0032856,2.3674,0.5,1.653,0.017146,-0.015859,0.94885,2.3674,0.5,1.653,0.00085399,0.00017472,0.00094708,0.0012238,0.00026145,0.0044934,,0.0525696,0.01515328
0.0036262,2.3999,0.5,1.653,0.011363,-0.012654,0.88932,2.3999,0.5,1.653,0.0011204,0.00024323,0.0015128,0.0013032,0.00030313,0.0048289,,0.0580192,0.0242048
0.0048128,2.4338,0.5,1.653,0.0064287,0.0032914,0.80526,2.4338,0.5,1.653,0.0011944,0.00057945,0.0018279,0.0017839,0.00041725,0.0066473,,0.0770048,0.0292464
0.0040959,2.4691,0.5,1.653,0.0030129,0.0048073,0.70393,2.4691,0.5,1.653,0.0005273,0.00038334,0.00098355,0.0018537,6.06E-05,0.0058109,,0.0655344,0.0157368
0.001478,1.6711,0.5,1.6903,0.013005,0.0096325,0.98055,1.6711,0.5,1.6903,0.00088584,-0.00016046,-0.0001237,0.00081453,-0.00046457,0.0012556,,0.023648,-0.0019792
0.0014326,1.6793,0.5,1.6903,0.012168,0.0062836,0.98155,1.6793,0.5,1.6903,0.00084817,-0.00020177,-9.86E-05,0.00079064,-0.00036918,0.0012263,,0.0229216,-0.001577824
0.0014019,1.6876,0.5,1.6903,0.011029,0.0041462,0.98273,1.6876,0.5,1.6903,0.00081066,-0.00023005,-6.71E-05,0.00078931,-0.00031087,0.0012038,,0.0224304,-0.001073792
0.0013754,1.6958,0.5,1.6903,0.0098411,0.0031563,0.98365,1.6958,0.5,1.6903,0.00077583,-0.00024992,-3.99E-05,0.00079166,-0.00029275,0.0011834,,0.0220064,-0.000638816
0.0013742,1.7041,0.5,1.6903,0.0087827,0.0029775,0.98343,1.7041,0.5,1.6903,0.00074193,-0.00025639,-2.01E-05,0.00079622,-0.00030036,0.0012102,,0.0219872,-0.000321984
0.0013829,1.7123,0.5,1.6903,0.0079286,0.0028256,0.98251,1.7123,0.5,1.6903,0.00070419,-0.00024078,-1.17E-05,0.00080863,-0.00030145,0.0012529,,0.0221264,-0.000186608
0.0013874,1.7206,0.5,1.6903,0.0072616,0.0019286,0.98058,1.7206,0.5,1.6903,0.00066348,-0.00020436,-9.84E-06,0.00081653,-0.00026457,0.0012948,,0.0221984,-0.000157434
0.001359,1.7289,0.5,1.6903,0.0066536,0.00049905,0.97864,1.7289,0.5,1.6903,0.00062418,-0.00016103,-8.84E-06,0.00080701,-0.0001948,0.0012867,,0.021744,-0.000141373
0.0013065,1.7371,0.5,1.6903,0.0059021,-0.00058991,0.97993,1.7371,0.5,1.6903,0.00058799,-0.00011617,-3.76E-06,0.00078548,-0.00013914,0.0012394,,0.020904,-0.000060216
0.0012992,1.7454,0.5,1.6903,0.0048623,-0.00089688,0.98421,1.7454,0.5,1.6903,0.00055815,-6.77E-05,4.45E-06,0.00074462,-0.00013692,0.0012955,,0.0207872,7.11648E-05
0.0013625,1.7536,0.5,1.6903,0.0035383,-0.00034035,0.98854,1.7536,0.5,1.6903,0.00053946,-2.06E-05,-7.64E-06,0.00067797,-0.00018045,0.0015076,,0.0218,-0.000122293
0.0014661,1.7619,0.5,1.6903,0.0019955,0.00077101,0.99195,1.7619,0.5,1.6903,0.00053393,9.13E-06,-5.14E-05,0.00061808,-0.00023673,0.0017803,,0.0234576,-0.000822032
0.0015795,1.7701,0.5,1.6903,0.00030496,0.0018322,0.99456,1.7701,0.5,1.6903,0.0005354,5.10E-06,-0.00011207,0.00059488,-0.00027897,0.0020287,,0.025272,-0.00179312
0.0016865,1.7784,0.5,1.6903,-0.0013587,0.0023569,0.99726,1.7784,0.5,1.6903,0.00053024,-2.01E-05,-0.00017737,0.00059927,-0.00031249,0.0022435,,0.026984,-0.00283792
0.0017454,1.7866,0.5,1.6903,-0.0027363,0.001818,1.0005,1.7866,0.5,1.6903,0.00051542,-3.86E-05,-0.00023344,0.00061433,-0.0003436,0.0023611,,0.0279264,-0.00373504
0.0017306,1.7949,0.5,1.6903,-0.0036435,0.00040582,1.0029,1.7949,0.5,1.6903,0.00050769,-2.52E-05,-0.00026324,0.00064058,-0.00037413,0.002313,,0.0276896,-0.00421184
0.0016394,1.8032,0.5,1.6903,-0.0040572,-0.0010771,1.0047,1.8032,0.5,1.6903,0.00052665,1.68E-05,-0.00025884,0.00068504,-0.00040818,0.0020671,,0.0262304,-0.00414144
0.0015493,1.8114,0.5,1.6903,-0.0041041,-0.0024129,1.0058,1.8114,0.5,1.6903,0.00058101,5.19E-05,-0.0002342,0.00074431,-0.00043727,0.0017732,,0.0247888,-0.0037472
0.0015763,1.8197,0.5,1.6903,-0.0040405,-0.003639,1.006,1.8197,0.5,1.6903,0.00067108,5.74E-05,-0.00017943,0.00080241,-0.00048298,0.0016792,,0.0252208,-0.00287088
0.0016406,1.8279,0.5,1.6903,-0.0041993,-0.0045151,1.007,1.8279,0.5,1.6903,0.00078611,3.12E-05,-6.81E-05,0.00084189,-0.00052987,0.0016533,,0.0262496,-0.001089744
0.0016649,1.8362,0.5,1.6903,-0.0047404,-0.0046006,1.0109,1.8362,0.5,1.6903,0.00090574,-8.56E-06,7.22E-05,0.00085553,-0.00055368,0.0015686,,0.0266384,0.001154528
0.0016296,1.8446,0.5,1.6903,-0.0054939,-0.0039681,1.0171,1.8446,0.5,1.6903,0.0010244,-2.28E-05,0.00016911,0.00084381,-0.00050506,0.001391,,0.0260736,0.00270576
0.0015889,1.8534,0.5,1.6903,-0.0061706,-0.0036571,1.0242,1.8534,0.5,1.6903,0.0011577,-1.09E-05,0.00025927,0.00080613,-0.00033681,0.0012139,,0.0254224,0.00414832
0.0016463,1.8626,0.5,1.6903,-0.0065564,-0.0041159,1.0271,1.8626,0.5,1.6903,0.0012981,-1.43E-06,0.00038595,0.00073717,-0.00021417,0.0012574,,0.0263408,0.0061752
0.0017542,1.8723,0.5,1.6903,-0.0066345,-0.0048117,1.0234,1.8723,0.5,1.6903,0.0014159,2.66E-05,0.00051495,0.00068713,-0.00023961,0.0014054,,0.0280672,0.0082392
0.0019126,1.8824,0.5,1.6903,-0.0066145,-0.0051425,1.018,1.8824,0.5,1.6903,0.0015146,0.0001092,0.00063836,0.00073652,-0.00030803,0.0015742,,0.0306016,0.01021376
0.0021416,1.8931,0.5,1.6903,-0.0066297,-0.0045206,1.012,1.8931,0.5,1.6903,0.0016246,0.00021993,0.00070642,0.00090977,-0.00038842,0.0017488,,0.0342656,0.01130272
0.0023345,1.9042,0.5,1.6903,-0.0065661,-0.0023181,1.0068,1.9042,0.5,1.6903,0.0017534,0.00032675,0.00068575,0.0010836,-0.00053957,0.0018321,,0.037352,0.010972
0.0023953,1.9159,0.5,1.6903,-0.0063176,0.0013569,1.0035,1.9159,0.5,1.6903,0.0018791,0.00040873,0.0005743,0.0010841,-0.00074562,0.0018273,,0.0383248,0.0091888
0.0023227,1.9282,0.5,1.6903,-0.0058371,0.0053515,0.99974,1.9282,0.5,1.6903,0.0019581,0.00045113,0.00034077,0.00095447,-0.00078289,0.0017328,,0.0371632,0.00545232
0.0022282,1.941,0.5,1.6903,-0.0050522,0.0081703,0.99734,1.941,0.5,1.6903,0.001932,0.00042896,-3.30E-05,0.00082264,-0.00069058,0.0017018,,0.0356512,-0.000527728
0.0020908,1.9545,0.5,1.6903,-0.0041015,0.0084437,0.99601,1.9545,0.5,1.6903,0.001785,0.00037285,-0.00037484,0.00075284,-0.00058616,0.0016438,,0.0334528,-0.00599744
0.0020822,1.9686,0.5,1.6903,-0.0030187,0.0069142,0.993,1.9686,0.5,1.6903,0.0015771,0.0003351,-0.00063165,0.00081866,-0.00051787,0.0017687,,0.0333152,-0.0101064
0.0020637,1.9833,0.5,1.6903,-0.00091112,0.0053142,0.98572,1.9833,0.5,1.6903,0.0014245,0.00029538,-0.00079592,0.00087567,-0.00038096,0.0018273,,0.0330192,-0.01273472
0.0019699,1.9988,0.5,1.6903,0.0031666,0.0044608,0.97638,1.9988,0.5,1.6903,0.0013472,0.00026846,-0.00086265,0.00084015,-0.00030446,0.0017525,,0.0315184,-0.0138024
0.00202,2.0149,0.5,1.6903,0.0078046,0.0040444,0.97781,2.0149,0.5,1.6903,0.0012767,0.00025343,-0.00092056,0.00078682,-0.00042578,0.0019764,,0.03232,-0.01472896
0.0020383,2.0319,0.5,1.6903,0.01103,0.0027362,0.97987,2.0319,0.5,1.6903,0.0012483,0.0002367,-0.00088848,0.00069715,-0.00047036,0.0021311,,0.0326128,-0.01421568
0.0025011,2.0496,0.5,1.6903,0.013248,-0.0010069,0.98077,2.0496,0.5,1.6903,0.0013088,0.00033215,-0.0010711,0.00069159,-0.00073977,0.0030019,,0.0400176,-0.0171376
0.00294,2.0681,0.5,1.6903,0.01506,-0.0042578,0.98336,2.0681,0.5,1.6903,0.0013413,0.00054709,-0.0011796,0.00091311,-0.001238,0.0036255,,0.04704,-0.0188736
0.0029374,2.0875,0.5,1.6903,0.016482,-0.0025487,0.98052,2.0875,0.5,1.6903,0.0011966,0.00056064,-0.00091465,0.00094107,-0.0012311,0.0037372,,0.0469984,-0.0146344
0.0025169,2.1078,0.5,1.6903,0.016782,0.0003558,0.97948,2.1078,0.5,1.6903,0.00099906,0.00039672,-0.00074727,0.00079101,-0.00098608,0.0032438,,0.0402704,-0.01195632
0.001755,2.129,0.5,1.6903,0.014567,1.70E-05,0.98004,2.129,0.5,1.6903,0.00086566,0.00018262,-0.00046508,0.00060622,-0.00061426,0.0020381,,0.02808,-0.00744128
0.0013976,2.1511,0.5,1.6903,0.010706,-0.0036257,0.99237,2.1511,0.5,1.6903,0.00077157,1.62E-05,-0.00023183,0.00050064,-0.00032169,0.001523,,0.0223616,-0.00370928
0.001742,2.1743,0.5,1.6903,0.0072244,-0.011153,0.99855,2.1743,0.5,1.6903,0.00066531,6.14E-06,-9.38E-05,0.00056559,-0.00048611,0.0022531,,0.027872,-0.001501328
0.0020639,2.1984,0.5,1.6903,0.005631,-0.013841,0.98154,2.1984,0.5,1.6903,0.00050169,9.95E-05,0.00012062,0.00067382,-0.00035762,0.0029523,,0.0330224,0.00192992
0.0019052,2.2237,0.5,1.6903,0.0064477,-0.0079294,0.97007,2.2237,0.5,1.6903,0.0004228,0.00017939,-2.18E-05,0.00086734,-0.00036082,0.0025202,,0.0304832,-0.000348576
0.0019826,2.2501,0.5,1.6903,0.010004,-0.0072912,0.95757,2.2501,0.5,1.6903,0.00049817,0.00013598,5.88E-05,0.00078074,-0.00023471,0.0026862,,0.0317216,0.000941152
0.0018977,2.2776,0.5,1.6903,0.014481,-0.012617,0.96723,2.2776,0.5,1.6903,0.00064891,0.00019851,0.00015372,0.00076309,6.45E-06,0.0023834,,0.0303632,0.00245952
0.0017265,2.3063,0.5,1.6903,0.017019,-0.01957,0.98097,2.3063,0.5,1.6903,0.00079797,0.00011268,-1.26E-05,0.0010958,2.08E-05,0.0015592,,0.027624,-0.000201408
0.0028783,2.3362,0.5,1.6903,0.018776,-0.015012,0.95766,2.3362,0.5,1.6903,0.00085749,0.00015698,0.00044295,0.0012458,0.0004286,0.0036533,,0.0460528,0.0070872
0.0033147,2.3674,0.5,1.6903,0.017275,-0.015816,0.94813,2.3674,0.5,1.6903,0.00084337,0.0001996,0.00092118,0.0012095,0.00027892,0.0045766,,0.0530352,0.01473888
0.003634,2.3999,0.5,1.6903,0.011375,-0.012544,0.88965,2.3999,0.5,1.6903,0.0010933,0.00027331,0.0014996,0.0012902,0.00038174,0.0048846,,0.058144,0.0239936
0.0048524,2.4338,0.5,1.6903,0.0064804,0.0031634,0.80546,2.4338,0.5,1.6903,0.0011573,0.00058394,0.0018024,0.0018304,0.00051781,0.0067172,,0.0776384,0.0288384
0.0041106,2.4691,0.5,1.6903,0.0030837,0.0049529,0.70412,2.4691,0.5,1.6903,0.00051295,0.00038241,0.00094978,0.0018683,0.0001025,0.00584,,0.0657696,0.01519648
0.0015028,1.6711,0.5,1.7275,0.012377,0.0099405,0.97996,1.6711,0.5,1.7275,0.00090381,-0.00015753,-0.00011638,0.00084219,-0.00050104,0.0012596,,0.0240448,-0.00186208
0.0014434,1.6793,0.5,1.7275,0.01158,0.0064158,0.98091,1.6793,0.5,1.7275,0.0008504,-0.00019768,-9.22E-05,0.00080788,-0.00040671,0.0012286,,0.0230944,-0.001474544
0.0014052,1.6876,0.5,1.7275,0.010464,0.0041714,0.98204,1.6876,0.5,1.7275,0.00080509,-0.00023005,-5.64E-05,0.00079909,-0.00034013,0.0012062,,0.0224832,-0.000903008
0.0013729,1.6958,0.5,1.7275,0.0092951,0.0031222,0.98303,1.6958,0.5,1.7275,0.00077121,-0.00025591,-2.50E-05,0.00079607,-0.00030773,0.0011785,,0.0219664,-0.000400672
0.0013674,1.7041,0.5,1.7275,0.0082757,0.0028774,0.98299,1.7041,0.5,1.7275,0.00074171,-0.00026475,-4.09E-06,0.00079341,-0.00030164,0.0011997,,0.0218784,-6.53712E-05
0.0013776,1.7123,0.5,1.7275,0.0074745,0.0026694,0.98228,1.7123,0.5,1.7275,0.0007044,-0.00024676,7.66E-07,0.00080061,-0.00029147,0.0012502,,0.0220416,1.22512E-05
0.0013858,1.7206,0.5,1.7275,0.0068538,0.0017787,0.98055,1.7206,0.5,1.7275,0.00065912,-0.00020686,-5.73E-06,0.0008099,-0.00024837,0.0013025,,0.0221728,-0.000091744
0.0013602,1.7289,0.5,1.7275,0.0062867,0.00038923,0.97869,1.7289,0.5,1.7275,0.00061633,-0.00015949,-1.39E-05,0.00080417,-0.00018128,0.0013,,0.0217632,-0.00022264
0.0013101,1.7371,0.5,1.7275,0.0055671,-0.00067763,0.97988,1.7371,0.5,1.7275,0.00058248,-0.00010843,-1.38E-05,0.0007849,-0.0001326,0.0012528,,0.0209616,-0.000220064
0.0013014,1.7454,0.5,1.7275,0.0045424,-0.00096635,0.98408,1.7454,0.5,1.7275,0.00056035,-5.50E-05,-6.37E-06,0.00074645,-0.00013657,0.0012959,,0.0208224,-0.000101872
0.0013604,1.7536,0.5,1.7275,0.0032189,-0.00036259,0.98847,1.7536,0.5,1.7275,0.00055173,-9.32E-06,-1.41E-05,0.00068261,-0.00018328,0.0014865,,0.0217664,-0.000225616
0.0014608,1.7619,0.5,1.7275,0.0016707,0.00086502,0.99193,1.7619,0.5,1.7275,0.00055429,1.41E-05,-4.75E-05,0.00062346,-0.00023359,0.0017438,,0.0233728,-0.00076024
0.0015758,1.7701,0.5,1.7275,-1.76E-05,0.0020759,0.99453,1.7701,0.5,1.7275,0.00055879,6.17E-06,-0.00010084,0.00060273,-0.00026666,0.0019901,,0.0252128,-0.00161344
0.0016896,1.7784,0.5,1.7275,-0.0016539,0.002709,0.99719,1.7784,0.5,1.7275,0.0005533,-1.56E-05,-0.00016821,0.00061657,-0.00029967,0.0022093,,0.0270336,-0.00269136
0.0017546,1.7866,0.5,1.7275,-0.0029818,0.0022005,1.0003,1.7866,0.5,1.7275,0.00053865,-2.67E-05,-0.00022875,0.00064283,-0.00033558,0.0023277,,0.0280736,-0.00366
0.0017433,1.7949,0.5,1.7275,-0.0038518,0.00070946,1.0028,1.7949,0.5,1.7275,0.000531,-1.11E-05,-0.00026143,0.00067291,-0.00036892,0.0022827,,0.0278928,-0.00418288
0.0016545,1.8032,0.5,1.7275,-0.0042687,-0.00091139,1.0045,1.8032,0.5,1.7275,0.00054706,2.63E-05,-0.00025876,0.00071371,-0.00040418,0.0020481,,0.026472,-0.00414016
0.0015639,1.8114,0.5,1.7275,-0.0043495,-0.0023775,1.0055,1.8114,0.5,1.7275,0.00059484,5.45E-05,-0.00023113,0.0007669,-0.0004377,0.0017661,,0.0250224,-0.00369808
0.0015799,1.8197,0.5,1.7275,-0.0043197,-0.0037361,1.0055,1.8197,0.5,1.7275,0.00067306,5.25E-05,-0.00017102,0.00082145,-0.00048826,0.0016653,,0.0252784,-0.00273632
0.001626,1.8279,0.5,1.7275,-0.0044879,-0.0047121,1.0064,1.8279,0.5,1.7275,0.00077429,2.18E-05,-5.99E-05,0.00086035,-0.00053468,0.0016174,,0.026016,-0.000958336
0.0016391,1.8362,0.5,1.7275,-0.005017,-0.004839,1.0105,1.8362,0.5,1.7275,0.00089103,-1.37E-05,7.41E-05,0.00087127,-0.00056078,0.0015158,,0.0262256,0.001186336
0.0015992,1.8446,0.5,1.7275,-0.005784,-0.0042186,1.017,1.8446,0.5,1.7275,0.0010236,-1.95E-05,0.00015932,0.00084776,-0.00050457,0.0013271,,0.0255872,0.00254912
0.0015645,1.8534,0.5,1.7275,-0.0065271,-0.0038848,1.0239,1.8534,0.5,1.7275,0.0011728,-5.86E-06,0.00024249,0.00079405,-0.00032686,0.0011621,,0.025032,0.00387984
0.0016496,1.8626,0.5,1.7275,-0.0069917,-0.0042844,1.0263,1.8626,0.5,1.7275,0.0013144,2.58E-07,0.00039112,0.0007258,-0.00021578,0.001259,,0.0263936,0.00625792
0.0017855,1.8723,0.5,1.7275,-0.0071268,-0.0049253,1.0225,1.8723,0.5,1.7275,0.001425,2.37E-05,0.00052572,0.00070123,-0.00025659,0.0014447,,0.028568,0.00841152
0.0019474,1.8824,0.5,1.7275,-0.0071245,-0.0051483,1.0171,1.8824,0.5,1.7275,0.0015203,9.50E-05,0.00062095,0.00078027,-0.00033279,0.0015942,,0.0311584,0.0099352
0.0021668,1.8931,0.5,1.7275,-0.0070984,-0.0043831,1.0115,1.8931,0.5,1.7275,0.0016219,0.00018899,0.00068183,0.00096039,-0.00042291,0.0017512,,0.0346688,0.01090928
0.0023482,1.9042,0.5,1.7275,-0.0069624,-0.0021572,1.0066,1.9042,0.5,1.7275,0.0017357,0.00028864,0.00067549,0.001112,-0.00057641,0.0018488,,0.0375712,0.01080784
0.0023989,1.9159,0.5,1.7275,-0.0066133,0.0014957,1.0035,1.9159,0.5,1.7275,0.0018639,0.00038192,0.00056168,0.0010842,-0.00076968,0.0018499,,0.0383824,0.00898688
0.0023234,1.9282,0.5,1.7275,-0.0059368,0.0056017,1.0001,1.9282,0.5,1.7275,0.0019611,0.00043853,0.00030885,0.00093973,-0.00079601,0.0017459,,0.0371744,0.0049416
0.0022473,1.941,0.5,1.7275,-0.0048624,0.0085439,0.99792,1.941,0.5,1.7275,0.0019471,0.00043319,-8.27E-05,0.0008152,-0.00070695,0.0017322,,0.0359568,-0.001323376
0.0021173,1.9545,0.5,1.7275,-0.0036428,0.0088049,0.99641,1.9545,0.5,1.7275,0.0018064,0.00040653,-0.00041805,0.00076218,-0.00059475,0.001666,,0.0338768,-0.0066888
0.0020938,1.9686,0.5,1.7275,-0.0024164,0.0072094,0.99333,1.9686,0.5,1.7275,0.0016003,0.00037779,-0.00065699,0.00083382,-0.00052277,0.0017535,,0.0335008,-0.01051184
0.0020648,1.9833,0.5,1.7275,-0.00028074,0.0055712,0.98569,1.9833,0.5,1.7275,0.0014353,0.0003224,-0.00081446,0.00089167,-0.0003996,0.0018027,,0.0330368,-0.01303136
0.0019654,1.9988,0.5,1.7275,0.0037591,0.0047427,0.97591,1.9988,0.5,1.7275,0.001342,0.00029221,-0.00088589,0.00083531,-0.00030978,0.0017535,,0.0314464,-0.01417424
0.0020526,2.0149,0.5,1.7275,0.0082817,0.0042327,0.97719,2.0149,0.5,1.7275,0.0012783,0.00028604,-0.00097936,0.00076716,-0.00043228,0.0020598,,0.0328416,-0.01566976
0.0020922,2.0319,0.5,1.7275,0.011286,0.0026408,0.97945,2.0319,0.5,1.7275,0.0012659,0.0002695,-0.00095046,0.00069338,-0.00048924,0.002225,,0.0334752,-0.01520736
0.002516,2.0496,0.5,1.7275,0.0133,-0.0014237,0.98077,2.0496,0.5,1.7275,0.0013323,0.0003624,-0.0011027,0.00069214,-0.00074644,0.0030076,,0.040256,-0.0176432
0.0029424,2.0681,0.5,1.7275,0.015079,-0.0047127,0.98339,2.0681,0.5,1.7275,0.0013587,0.0005644,-0.0012233,0.00090409,-0.001233,0.003622,,0.0470784,-0.0195728
0.0029246,2.0875,0.5,1.7275,0.016502,-0.002763,0.98054,2.0875,0.5,1.7275,0.0011961,0.00055452,-0.00095661,0.0009212,-0.0012177,0.003732,,0.0467936,-0.01530576
0.0024638,2.1078,0.5,1.7275,0.016688,0.00042269,0.97995,2.1078,0.5,1.7275,0.00099194,0.00040529,-0.00072854,0.00078568,-0.0009757,0.0031499,,0.0394208,-0.01165664
0.0017037,2.129,0.5,1.7275,0.014321,0.00034227,0.98044,2.129,0.5,1.7275,0.00086879,0.00021317,-0.00043117,0.00062641,-0.00062359,0.0019122,,0.0272592,-0.00689872
0.0013964,2.1511,0.5,1.7275,0.010413,-0.0032998,0.99247,2.1511,0.5,1.7275,0.00078958,3.13E-05,-0.00025545,0.00050564,-0.00033472,0.0014976,,0.0223424,-0.0040872
0.0017391,2.1743,0.5,1.7275,0.0070176,-0.010959,0.99853,2.1743,0.5,1.7275,0.00068617,5.46E-06,-0.00011477,0.00055389,-0.0004813,0.0022381,,0.0278256,-0.00183632
0.0020365,2.1984,0.5,1.7275,0.0055557,-0.013956,0.98167,2.1984,0.5,1.7275,0.00051222,9.84E-05,0.00013822,0.00065681,-0.00034697,0.0029039,,0.032584,0.00221152
0.0018901,2.2237,0.5,1.7275,0.0064752,-0.0081637,0.97056,2.2237,0.5,1.7275,0.00042403,0.00017339,-6.84E-06,0.00084552,-0.00036344,0.0025106,,0.0302416,-0.000109474
0.0019648,2.2501,0.5,1.7275,0.010041,-0.0074229,0.95768,2.2501,0.5,1.7275,0.00049415,0.00013038,5.87E-05,0.00075552,-0.00022535,0.0026799,,0.0314368,0.000938432
0.0018756,2.2776,0.5,1.7275,0.014399,-0.012584,0.96738,2.2776,0.5,1.7275,0.00064439,0.00020105,0.00015076,0.00072339,3.44E-05,0.0023835,,0.0300096,0.00241216
0.0017177,2.3063,0.5,1.7275,0.016892,-0.019551,0.9814,2.3063,0.5,1.7275,0.00079532,0.0001176,-3.08E-06,0.0010907,5.74E-05,0.0015493,,0.0274832,-4.93184E-05
0.0029281,2.3362,0.5,1.7275,0.018815,-0.015393,0.95687,2.3362,0.5,1.7275,0.00085337,0.00016577,0.0004422,0.0012795,0.00044486,0.0037233,,0.0468496,0.0070752
0.0033786,2.3674,0.5,1.7275,0.017353,-0.015767,0.94743,2.3674,0.5,1.7275,0.00084078,0.00023287,0.0009057,0.0012312,0.00028751,0.0046853,,0.0540576,0.0144912
0.0036878,2.3999,0.5,1.7275,0.011353,-0.012443,0.88999,2.3999,0.5,1.7275,0.001069,0.00030604,0.0014792,0.0013477,0.00046858,0.0049589,,0.0590048,0.0236672
0.0048688,2.4338,0.5,1.7275,0.0064869,0.0030393,0.80576,2.4338,0.5,1.7275,0.0011093,0.00058847,0.0017436,0.0018731,0.00061115,0.0067551,,0.0779008,0.0278976
0.0040824,2.4691,0.5,1.7275,0.0031184,0.0051347,0.70449,2.4691,0.5,1.7275,0.00048854,0.00038141,0.00089436,0.0018542,0.00014111,0.005822,,0.0653184,0.01430976
0.0014973,1.6711,0.5,1.7646,0.011743,0.010296,0.97938,1.6711,0.5,1.7646,0.00087613,-0.00016048,-7.57E-05,0.00086251,-0.00051837,0.0012559,,0.0239568,-0.001211088
0.0014337,1.6793,0.5,1.7646,0.010985,0.0065997,0.98028,1.6793,0.5,1.7646,0.00082616,-0.00019949,-5.77E-05,0.00081952,-0.00042641,0.0012217,,0.0229392,-0.000923392
0.0013986,1.6876,0.5,1.7646,0.0099157,0.0042362,0.98135,1.6876,0.5,1.7646,0.00078767,-0.00023401,-2.80E-05,0.00080883,-0.00035719,0.0012007,,0.0223776,-0.000447552
0.0013695,1.6958,0.5,1.7646,0.0087806,0.0031122,0.9824,1.6958,0.5,1.7646,0.00076115,-0.0002633,-4.17E-06,0.00080591,-0.00031728,0.0011719,,0.021912,-0.000066696
0.001367,1.7041,0.5,1.7646,0.0077997,0.0028026,0.98252,1.7041,0.5,1.7646,0.00073718,-0.00027276,8.11E-06,0.00080003,-0.00030018,0.0011967,,0.021872,0.000129837
0.0013843,1.7123,0.5,1.7646,0.0070666,0.0025587,0.98201,1.7123,0.5,1.7646,0.00070236,-0.00025189,9.31E-06,0.00080274,-0.00028065,0.0012636,,0.0221488,0.000148925
0.0013994,1.7206,0.5,1.7646,0.0065196,0.001677,0.98049,1.7206,0.5,1.7646,0.00065636,-0.00020799,2.21E-06,0.00081188,-0.00023336,0.0013305,,0.0223904,3.54048E-05
0.0013741,1.7289,0.5,1.7646,0.0059821,0.00030669,0.97874,1.7289,0.5,1.7646,0.00061309,-0.00015787,-1.15E-05,0.00080956,-0.00016675,0.0013255,,0.0219856,-0.000183488
0.0013183,1.7371,0.5,1.7646,0.005243,-0.00074982,0.97983,1.7371,0.5,1.7646,0.00058202,-0.0001072,-1.70E-05,0.00079234,-0.00012196,0.0012622,,0.0210928,-0.00027264
0.0013023,1.7454,0.5,1.7646,0.0041842,-0.0010114,0.98392,1.7454,0.5,1.7646,0.0005609,-5.68E-05,-8.20E-06,0.00075494,-0.0001278,0.0012887,,0.0208368,-0.000131213
0.0013512,1.7536,0.5,1.7646,0.0028425,-0.00034598,0.98834,1.7536,0.5,1.7646,0.00054436,-1.56E-05,-1.13E-05,0.00069538,-0.00017005,0.0014627,,0.0216192,-0.000180816
0.0014403,1.7619,0.5,1.7646,0.0012897,0.00099184,0.99184,1.7619,0.5,1.7646,0.00053179,2.43E-06,-4.48E-05,0.00063927,-0.00021129,0.0017095,,0.0230448,-0.00071736
0.0015521,1.7701,0.5,1.7646,-0.00039407,0.0023208,0.99445,1.7701,0.5,1.7646,0.00052409,-9.51E-06,-0.0001044,0.00061469,-0.00024117,0.0019655,,0.0248336,-0.0016704
0.0016687,1.7784,0.5,1.7646,-0.0020023,0.0030296,0.99709,1.7784,0.5,1.7646,0.00051753,-3.06E-05,-0.00017734,0.00062245,-0.00028601,0.0021975,,0.0266992,-0.00283744
0.00173,1.7866,0.5,1.7646,-0.0032778,0.0025403,1.0002,1.7866,0.5,1.7646,0.00051031,-3.48E-05,-0.00023998,0.00064577,-0.00033601,0.002304,,0.02768,-0.00383968
0.001714,1.7949,0.5,1.7646,-0.004102,0.00099405,1.0026,1.7949,0.5,1.7646,0.0005097,-9.32E-06,-0.00027303,0.00067601,-0.00037306,0.0022422,,0.027424,-0.00436848
0.0016304,1.8032,0.5,1.7646,-0.0045105,-0.000722,1.0042,1.8032,0.5,1.7646,0.00052796,3.66E-05,-0.00026645,0.00071479,-0.00040728,0.002018,,0.0260864,-0.0042632
0.0015469,1.8114,0.5,1.7646,-0.0046181,-0.0022963,1.0051,1.8114,0.5,1.7646,0.0005754,6.92E-05,-0.00022862,0.00075977,-0.00044326,0.0017586,,0.0247504,-0.00365792
0.0015583,1.8197,0.5,1.7646,-0.0046255,-0.0037948,1.005,1.8197,0.5,1.7646,0.00065479,6.77E-05,-0.00016079,0.00080292,-0.00049939,0.0016589,,0.0249328,-0.00257264
0.0015914,1.8279,0.5,1.7646,-0.0048164,-0.0048817,1.0059,1.8279,0.5,1.7646,0.0007623,3.53E-05,-5.68E-05,0.00083127,-0.00055191,0.0015893,,0.0254624,-0.000908176
0.0015969,1.8362,0.5,1.7646,-0.0053471,-0.0050508,1.0103,1.8362,0.5,1.7646,0.00089251,-5.87E-06,5.99E-05,0.00083986,-0.00057909,0.0014614,,0.0255504,0.000957904
0.0015616,1.8446,0.5,1.7646,-0.0061226,-0.0044422,1.017,1.8446,0.5,1.7646,0.0010397,-2.24E-05,0.00013802,0.00081801,-0.00050334,0.0012656,,0.0249856,0.00220832
0.0015459,1.8534,0.5,1.7646,-0.0069,-0.0040895,1.0235,1.8534,0.5,1.7646,0.0011923,-1.99E-05,0.00023344,0.00076517,-0.00031429,0.0011343,,0.0247344,0.00373504
0.0016626,1.8626,0.5,1.7646,-0.0074059,-0.0044336,1.0253,1.8626,0.5,1.7646,0.0013272,-1.80E-05,0.00040352,0.00070911,-0.00022353,0.0012889,,0.0266016,0.00645632
0.0018125,1.8723,0.5,1.7646,-0.0075777,-0.0050156,1.0216,1.8723,0.5,1.7646,0.0014339,9.53E-06,0.00053101,0.00070909,-0.00027897,0.0014819,,0.029,0.00849616
0.0019627,1.8824,0.5,1.7646,-0.0075881,-0.0051221,1.0164,1.8824,0.5,1.7646,0.0015239,8.59E-05,0.000606,0.00080902,-0.00035822,0.0015924,,0.0314032,0.009696
0.002176,1.8931,0.5,1.7646,-0.0075342,-0.0042212,1.0109,1.8931,0.5,1.7646,0.001608,0.00018375,0.00067897,0.00098861,-0.00045486,0.0017553,,0.034816,0.01086352
0.0023489,1.9042,0.5,1.7646,-0.0073631,-0.0019971,1.0064,1.9042,0.5,1.7646,0.0017043,0.00029036,0.00068235,0.0011194,-0.00060133,0.0018741,,0.0375824,0.0109176
0.0023862,1.9159,0.5,1.7646,-0.0069401,0.0016423,1.0034,1.9159,0.5,1.7646,0.001828,0.0003886,0.00054034,0.0010818,-0.00077985,0.0018627,,0.0381792,0.00864544
0.0023116,1.9282,0.5,1.7646,-0.0060642,0.0058876,1.0004,1.9282,0.5,1.7646,0.0019259,0.00044416,0.0002582,0.00094324,-0.00080179,0.001754,,0.0369856,0.0041312
0.0022677,1.941,0.5,1.7646,-0.004709,0.0089264,0.9984,1.941,0.5,1.7646,0.001926,0.00044899,-0.00014429,0.0008378,-0.00072595,0.0017716,,0.0362832,-0.00230864
0.0021573,1.9545,0.5,1.7646,-0.0032541,0.0091366,0.99667,1.9545,0.5,1.7646,0.0018207,0.00044268,-0.00046571,0.00079552,-0.00061235,0.0016984,,0.0345168,-0.00745136
0.0021209,1.9686,0.5,1.7646,-0.0019093,0.0075107,0.99355,1.9686,0.5,1.7646,0.0016403,0.00041865,-0.00067769,0.00084679,-0.00053166,0.0017547,,0.0339344,-0.01084304
0.0020707,1.9833,0.5,1.7646,0.00023886,0.0058691,0.98561,1.9833,0.5,1.7646,0.0014644,0.00035332,-0.0008239,0.00088912,-0.00041617,0.0017879,,0.0331312,-0.0131824
0.0019636,1.9988,0.5,1.7646,0.004237,0.0050232,0.97549,1.9988,0.5,1.7646,0.0013432,0.00031455,-0.00090531,0.00082844,-0.00031685,0.0017555,,0.0314176,-0.01448496
0.0020793,2.0149,0.5,1.7646,0.00867,0.004385,0.97663,2.0149,0.5,1.7646,0.0012714,0.00030779,-0.0010251,0.00075318,-0.00043514,0.002134,,0.0332688,-0.0164016
0.0021192,2.0319,0.5,1.7646,0.011495,0.0025094,0.9791,2.0319,0.5,1.7646,0.0012728,0.00029602,-0.00099615,0.00067508,-0.00049719,0.0022906,,0.0339072,-0.0159384
0.0025169,2.0496,0.5,1.7646,0.013337,-0.0018478,0.98086,2.0496,0.5,1.7646,0.0013536,0.00039373,-0.0011362,0.00067926,-0.00075417,0.0030011,,0.0402704,-0.0181792
0.0029437,2.0681,0.5,1.7646,0.015089,-0.0051425,0.98345,2.0681,0.5,1.7646,0.0013764,0.00058225,-0.0012728,0.00088348,-0.001237,0.0036275,,0.0470992,-0.0203648
0.0029126,2.0875,0.5,1.7646,0.016505,-0.0029998,0.98045,2.0875,0.5,1.7646,0.0011996,0.0005471,-0.0010017,0.00088495,-0.0012075,0.0037407,,0.0466016,-0.0160272
0.0024313,2.1078,0.5,1.7646,0.01657,0.00039422,0.98025,2.1078,0.5,1.7646,0.001002,0.00040531,-0.00071676,0.00076718,-0.00096329,0.0030935,,0.0389008,-0.01146816
0.0016767,2.129,0.5,1.7646,0.014047,0.00065739,0.98088,2.129,0.5,1.7646,0.00089659,0.00023278,-0.00040869,0.00063596,-0.00063041,0.0018208,,0.0268272,-0.00653904
0.0014106,2.1511,0.5,1.7646,0.010092,-0.002905,0.99261,2.1511,0.5,1.7646,0.00081799,4.41E-05,-0.00028024,0.00052535,-0.00034489,0.0014778,,0.0225696,-0.00448384
0.0017499,2.1743,0.5,1.7646,0.0067907,-0.010739,0.99842,2.1743,0.5,1.7646,0.00070031,2.97E-06,-0.00012929,0.00057074,-0.00047026,0.0022288,,0.0279984,-0.00206864
0.0020247,2.1984,0.5,1.7646,0.0054717,-0.014058,0.98179,2.1984,0.5,1.7646,0.00051661,9.37E-05,0.00015519,0.00064893,-0.00032249,0.0028838,,0.0323952,0.00248304
0.001898,2.2237,0.5,1.7646,0.006507,-0.0083898,0.97117,2.2237,0.5,1.7646,0.00042888,0.0001686,5.79E-06,0.00083317,-0.00034858,0.002534,,0.030368,0.00009268
0.0019533,2.2501,0.5,1.7646,0.010091,-0.0075545,0.95793,2.2501,0.5,1.7646,0.00049742,0.00011506,6.07E-05,0.00074436,-0.00020416,0.0026649,,0.0312528,0.000971744
0.00185,2.2776,0.5,1.7646,0.014352,-0.0125,0.96751,2.2776,0.5,1.7646,0.00064608,0.00017607,0.00014711,0.00068707,6.05E-05,0.0023669,,0.0296,0.00235376
0.0017077,2.3063,0.5,1.7646,0.016798,-0.019465,0.98182,2.3063,0.5,1.7646,0.00080265,0.00011393,8.83E-06,0.001069,8.77E-05,0.0015436,,0.0273232,0.000141326
0.0029599,2.3362,0.5,1.7646,0.01884,-0.015761,0.95621,2.3362,0.5,1.7646,0.00086072,0.00018028,0.00044886,0.0012836,0.00043161,0.0037756,,0.0473584,0.00718176
0.0034675,2.3674,0.5,1.7646,0.017399,-0.01571,0.94679,2.3674,0.5,1.7646,0.00084996,0.00027506,0.00089952,0.0012858,0.00027881,0.0047992,,0.05548,0.01439232
0.0037755,2.3999,0.5,1.7646,0.011287,-0.012335,0.8903,2.3999,0.5,1.7646,0.0010635,0.00034236,0.0014525,0.001425,0.00055019,0.0050626,,0.060408,0.02324
0.0048719,2.4338,0.5,1.7646,0.0064358,0.0029574,0.80612,2.4338,0.5,1.7646,0.001077,0.00059091,0.0016518,0.0018876,0.00068402,0.0067791,,0.0779504,0.0264288
0.0040399,2.4691,0.5,1.7646,0.0031197,0.0053966,0.70495,2.4691,0.5,1.7646,0.00046863,0.00038619,0.00081626,0.0018375,0.0001728,0.0057736,,0.0646384,0.01306016
0.0014989,1.6711,0.5,1.8016,0.011163,0.010632,0.97883,1.6711,0.5,1.8016,0.00085753,-0.00018359,-4.98E-05,0.00087078,-0.00051484,0.0012695,,0.0239824,-0.000797104
0.0014406,1.6793,0.5,1.8016,0.010434,0.006764,0.97969,1.6793,0.5,1.8016,0.0008213,-0.00021762,-4.34E-05,0.00082389,-0.00042634,0.0012361,,0.0230496,-0.000695008
0.001408,1.6876,0.5,1.8016,0.0093951,0.0042851,0.98069,1.6876,0.5,1.8016,0.00079293,-0.00024667,-2.10E-05,0.00081303,-0.00035982,0.0012101,,0.022528,-0.000336624
0.0013789,1.6958,0.5,1.8016,0.0082958,0.0030912,0.98177,1.6958,0.5,1.8016,0.00077091,-0.00026968,-6.95E-07,0.00081255,-0.00032125,0.0011743,,0.0220624,-1.11147E-05
0.0013738,1.7041,0.5,1.8016,0.0073737,0.0027192,0.98206,1.7041,0.5,1.8016,0.00074794,-0.00027255,7.72E-06,0.00080907,-0.00030029,0.0011905,,0.0219808,0.000123555
0.0013902,1.7123,0.5,1.8016,0.0067046,0.0024488,0.98174,1.7123,0.5,1.8016,0.00071426,-0.00024643,9.73E-06,0.00081346,-0.00027389,0.0012527,,0.0222432,0.000155662
0.001411,1.7206,0.5,1.8016,0.0061953,0.0015944,0.98045,1.7206,0.5,1.8016,0.00066954,-0.00020037,8.62E-06,0.00082488,-0.00022309,0.0013276,,0.022576,0.000137944
0.0013948,1.7289,0.5,1.8016,0.0056597,0.00025351,0.97883,1.7289,0.5,1.8016,0.00062307,-0.00015012,-3.71E-06,0.00082465,-0.00015449,0.0013418,,0.0223168,-0.000059376
0.0013377,1.7371,0.5,1.8016,0.0048992,-0.00079623,0.97977,1.7371,0.5,1.8016,0.00058175,-0.00010023,-1.34E-05,0.00080682,-0.00010517,0.0012868,,0.0214032,-0.000213856
0.0013094,1.7454,0.5,1.8016,0.0038191,-0.0010362,0.9837,1.7454,0.5,1.8016,0.00054697,-5.32E-05,-5.65E-06,0.00076642,-0.00010582,0.0013053,,0.0209504,-0.000090464
0.0013465,1.7536,0.5,1.8016,0.0024647,-0.00031295,0.98812,1.7536,0.5,1.8016,0.00051832,-1.74E-05,-5.18E-06,0.00070446,-0.00014357,0.0014701,,0.021544,-8.29152E-05
0.0014269,1.7619,0.5,1.8016,0.00090123,0.0011248,0.99171,1.7619,0.5,1.8016,0.00049749,-1.85E-06,-3.79E-05,0.0006441,-0.0001815,0.0017122,,0.0228304,-0.000607056
0.0015289,1.7701,0.5,1.8016,-0.00079051,0.0025512,0.9944,1.7701,0.5,1.8016,0.00048589,-1.24E-05,-0.00010376,0.00060941,-0.00021291,0.0019624,,0.0244624,-0.00166016
0.0016306,1.7784,0.5,1.8016,-0.0023794,0.0033175,0.99702,1.7784,0.5,1.8016,0.0004797,-3.11E-05,-0.00018253,0.00060173,-0.00026688,0.0021797,,0.0260896,-0.00292048
0.0016767,1.7866,0.5,1.8016,-0.0035995,0.0028489,1,1.7866,0.5,1.8016,0.00047595,-3.32E-05,-0.00024487,0.00061009,-0.00032937,0.0022673,,0.0268272,-0.00391792
0.0016576,1.7949,0.5,1.8016,-0.0043732,0.0012625,1.0024,1.7949,0.5,1.8016,0.00048091,-4.27E-06,-0.00027785,0.0006347,-0.00037312,0.0021997,,0.0265216,-0.0044456
0.0015864,1.8032,0.5,1.8016,-0.0047802,-0.00053548,1.0039,1.8032,0.5,1.8016,0.00050799,4.89E-05,-0.00027562,0.00067428,-0.00040807,0.0019905,,0.0253824,-0.00440992
0.001521,1.8114,0.5,1.8016,-0.0049347,-0.0022071,1.0047,1.8114,0.5,1.8016,0.00056641,8.92E-05,-0.0002426,0.00071718,-0.00044755,0.0017584,,0.024336,-0.0038816
0.0015387,1.8197,0.5,1.8016,-0.0050022,-0.0038366,1.0045,1.8197,0.5,1.8016,0.00065735,8.78E-05,-0.00018077,0.00075615,-0.00050875,0.0016639,,0.0246192,-0.00289232
0.0015629,1.8279,0.5,1.8016,-0.0052216,-0.005023,1.0056,1.8279,0.5,1.8016,0.00077877,4.32E-05,-9.05E-05,0.0007849,-0.00056044,0.0015622,,0.0250064,-0.001447648
0.0015616,1.8362,0.5,1.8016,-0.0057334,-0.0052347,1.0101,1.8362,0.5,1.8016,0.00092178,-2.03E-05,1.55E-05,0.00080439,-0.00057193,0.001397,,0.0249856,0.000248496
0.0015329,1.8446,0.5,1.8016,-0.0064842,-0.0046616,1.0169,1.8446,0.5,1.8016,0.0010689,-5.63E-05,0.00010838,0.00079221,-0.00047499,0.0012048,,0.0245264,0.00173408
0.0015359,1.8534,0.5,1.8016,-0.0072801,-0.0043123,1.0228,1.8534,0.5,1.8016,0.0012036,-6.02E-05,0.00022903,0.00074082,-0.00029397,0.0011275,,0.0245744,0.00366448
0.0016717,1.8626,0.5,1.8016,-0.0078437,-0.0046182,1.0243,1.8626,0.5,1.8016,0.0013158,-5.05E-05,0.00041271,0.00069068,-0.00022752,0.001337,,0.0267472,0.00660336
0.0018165,1.8723,0.5,1.8016,-0.0080728,-0.0051514,1.0207,1.8723,0.5,1.8016,0.0014082,-8.32E-06,0.00053585,0.00070251,-0.00028798,0.0015224,,0.029064,0.0085736
0.0019527,1.8824,0.5,1.8016,-0.0080978,-0.0051361,1.0156,1.8824,0.5,1.8016,0.0014907,8.29E-05,0.00060296,0.00081232,-0.00037144,0.0016023,,0.0312432,0.00964736
0.0021714,1.8931,0.5,1.8016,-0.0080139,-0.0040962,1.0103,1.8931,0.5,1.8016,0.0015805,0.00019903,0.00067933,0.00099188,-0.00047784,0.0017705,,0.0347424,0.01086928
0.0023537,1.9042,0.5,1.8016,-0.0077918,-0.0018479,1.0063,1.9042,0.5,1.8016,0.0016994,0.00032247,0.00067764,0.0011201,-0.00061879,0.001888,,0.0376592,0.01084224
0.0023988,1.9159,0.5,1.8016,-0.0072558,0.0018417,1.0036,1.9159,0.5,1.8016,0.0018339,0.00042048,0.00051069,0.0010967,-0.00078855,0.0018671,,0.0383808,0.00817104
0.0023309,1.9282,0.5,1.8016,-0.0061824,0.0062237,1.0008,1.9282,0.5,1.8016,0.0019153,0.00047053,0.00020738,0.00098186,-0.00080724,0.0017647,,0.0372944,0.00331808
0.0023071,1.941,0.5,1.8016,-0.0046256,0.0092857,0.99878,1.941,0.5,1.8016,0.0019088,0.00048826,-0.00020594,0.0008955,-0.00074882,0.0018098,,0.0369136,-0.00329504
0.0022066,1.9545,0.5,1.8016,-0.0030118,0.0094185,0.99677,1.9545,0.5,1.8016,0.0018246,0.00049258,-0.00051344,0.00084715,-0.00064077,0.0017415,,0.0353056,-0.00821504
0.0021494,1.9686,0.5,1.8016,-0.001554,0.0078089,0.99366,1.9686,0.5,1.8016,0.0016599,0.00045788,-0.00068401,0.00086378,-0.00054307,0.0017752,,0.0343904,-0.01094416
0.002077,1.9833,0.5,1.8016,0.00064465,0.0061947,0.98553,1.9833,0.5,1.8016,0.0014748,0.00037634,-0.00081299,0.00089432,-0.00043281,0.0017849,,0.033232,-0.01300784
0.0019719,1.9988,0.5,1.8016,0.004626,0.0053095,0.97512,1.9988,0.5,1.8016,0.0013349,0.00032064,-0.00091483,0.00084817,-0.00033005,0.0017606,,0.0315504,-0.01463728
0.0021082,2.0149,0.5,1.8016,0.0089733,0.004528,0.97614,2.0149,0.5,1.8016,0.0012587,0.00030622,-0.001059,0.00076207,-0.00043932,0.0021956,,0.0337312,-0.016944
0.0021402,2.0319,0.5,1.8016,0.011641,0.0023712,0.97883,2.0319,0.5,1.8016,0.0012796,0.00031014,-0.0010447,0.00065922,-0.00050538,0.0023415,,0.0342432,-0.0167152
0.0025276,2.0496,0.5,1.8016,0.01334,-0.0022521,0.98102,2.0496,0.5,1.8016,0.0013805,0.00042243,-0.0011882,0.00066344,-0.00075788,0.0030113,,0.0404416,-0.0190112
0.0029616,2.0681,0.5,1.8016,0.015075,-0.005539,0.98357,2.0681,0.5,1.8016,0.0014044,0.0006027,-0.001317,0.00086251,-0.001224,0.0036562,,0.0473856,-0.021072
0.0029146,2.0875,0.5,1.8016,0.016493,-0.0032508,0.98032,2.0875,0.5,1.8016,0.0012247,0.00054795,-0.0010319,0.00085995,-0.0011771,0.0037445,,0.0466336,-0.0165104
0.0024214,2.1078,0.5,1.8016,0.016464,0.00029092,0.9804,2.1078,0.5,1.8016,0.0010316,0.00039899,-0.00071263,0.00074914,-0.0009397,0.0030622,,0.0387424,-0.01140208
0.0016619,2.129,0.5,1.8016,0.013813,0.00096902,0.98134,2.129,0.5,1.8016,0.00093231,0.0002353,-0.00039703,0.00063529,-0.00063139,0.0017561,,0.0265904,-0.00635248
0.0014229,2.1511,0.5,1.8016,0.009825,-0.0024442,0.99276,2.1511,0.5,1.8016,0.00084103,4.95E-05,-0.00029968,0.00055389,-0.00034723,0.0014508,,0.0227664,-0.00479488
0.0017593,2.1743,0.5,1.8016,0.0065956,-0.010497,0.99819,2.1743,0.5,1.8016,0.00069363,3.91E-06,-0.0001405,0.00059146,-0.00044832,0.0022335,,0.0281488,-0.002248
0.0020129,2.1984,0.5,1.8016,0.0054035,-0.014172,0.98186,2.1984,0.5,1.8016,0.0005049,9.25E-05,0.00016575,0.00063674,-0.00030144,0.0028841,,0.0322064,0.002652
0.0019074,2.2237,0.5,1.8016,0.0065602,-0.008634,0.97185,2.2237,0.5,1.8016,0.00043022,0.00016675,1.96E-05,0.00081944,-0.00034401,0.0025652,,0.0305184,0.0003136
0.0019628,2.2501,0.5,1.8016,0.010138,-0.0076862,0.95826,2.2501,0.5,1.8016,0.00050681,0.00010373,6.89E-05,0.00075019,-0.00017298,0.0026685,,0.0314048,0.001102672
0.0018685,2.2776,0.5,1.8016,0.014311,-0.012377,0.96758,2.2776,0.5,1.8016,0.00066804,0.0001508,0.00013975,0.00069807,0.00010398,0.0023709,,0.029896,0.002236
0.0017287,2.3063,0.5,1.8016,0.016725,-0.019309,0.98221,2.3063,0.5,1.8016,0.00082318,0.00010745,1.69E-05,0.001075,0.00012263,0.0015592,,0.0276592,0.000271136
0.0029842,2.3362,0.5,1.8016,0.018841,-0.01614,0.95572,2.3362,0.5,1.8016,0.00086786,0.0001903,0.00046158,0.0012842,0.00041347,0.0038163,,0.0477472,0.00738528
0.003527,2.3674,0.5,1.8016,0.017397,-0.015685,0.94623,2.3674,0.5,1.8016,0.0008662,0.00031466,0.00089309,0.0013143,0.00025546,0.0048736,,0.056432,0.01428944
0.0038381,2.3999,0.5,1.8016,0.011173,-0.012198,0.89055,2.3999,0.5,1.8016,0.0010688,0.00037814,0.0014282,0.001442,0.0006064,0.0051654,,0.0614096,0.0228512
0.0048624,2.4338,0.5,1.8016,0.0063392,0.0028846,0.80646,2.4338,0.5,1.8016,0.0010567,0.0005914,0.0015664,0.0018709,0.00073956,0.0067972,,0.0777984,0.0250624
0.0039922,2.4691,0.5,1.8016,0.0030955,0.0056481,0.70542,2.4691,0.5,1.8016,0.00045687,0.00038962,0.00073696,0.0018292,0.00019756,0.0056983,,0.0638752,0.01179136
0.0015385,1.6711,0.5,1.8386,0.010537,0.011013,0.97835,1.6711,0.5,1.8386,0.00090468,-0.0002061,-5.41E-05,0.00087443,-0.00052437,0.001298,,0.024616,-0.000865104
0.0014761,1.6793,0.5,1.8386,0.0098337,0.0070049,0.97913,1.6793,0.5,1.8386,0.00086199,-0.00023227,-5.16E-05,0.0008224,-0.00043888,0.0012678,,0.0236176,-0.0008252
0.0014301,1.6876,0.5,1.8386,0.0088574,0.0043984,0.98004,1.6876,0.5,1.8386,0.00082229,-0.00025379,-2.87E-05,0.00080518,-0.00037413,0.0012327,,0.0228816,-0.00045888
0.0013853,1.6958,0.5,1.8386,0.00782,0.0031153,0.98116,1.6958,0.5,1.8386,0.00078899,-0.00026922,-6.43E-06,0.00080208,-0.00033506,0.0011796,,0.0221648,-0.000102861
0.0013666,1.7041,0.5,1.8386,0.0069611,0.0026774,0.98161,1.7041,0.5,1.8386,0.00076092,-0.00026648,4.08E-06,0.00080061,-0.00031078,0.0011716,,0.0218656,6.52752E-05
0.0013784,1.7123,0.5,1.8386,0.006375,0.0023713,0.9815,1.7123,0.5,1.8386,0.00072784,-0.00023618,6.50E-06,0.00081055,-0.00027875,0.0012184,,0.0220544,0.000103981
0.0014059,1.7206,0.5,1.8386,0.0059397,0.001521,0.98046,1.7206,0.5,1.8386,0.00068526,-0.00018801,-6.63E-08,0.00082775,-0.00022238,0.0012987,,0.0224944,-1.06003E-06
0.0014018,1.7289,0.5,1.8386,0.0054281,0.00019469,0.97895,1.7289,0.5,1.8386,0.00063886,-0.00014097,-1.86E-05,0.00082775,-0.00015178,0.0013369,,0.0224288,-0.000298304
0.001352,1.7371,0.5,1.8386,0.0046404,-0.00084548,0.97972,1.7371,0.5,1.8386,0.00059207,-9.70E-05,-2.59E-05,0.00080237,-0.00010109,0.0013096,,0.021632,-0.000414016
0.0013195,1.7454,0.5,1.8386,0.0035098,-0.0010508,0.98344,1.7454,0.5,1.8386,0.00054851,-5.33E-05,-1.13E-05,0.00075274,-9.66E-05,0.0013377,,0.021112,-0.000180752
0.0013458,1.7536,0.5,1.8386,0.0021165,-0.00026775,0.98787,1.7536,0.5,1.8386,0.00051718,-1.90E-05,-4.05E-06,0.00068595,-0.00012909,0.0014885,,0.0215328,-6.47344E-05
0.0014175,1.7619,0.5,1.8386,0.00053533,0.0012491,0.9916,1.7619,0.5,1.8386,0.00050422,-2.55E-06,-2.79E-05,0.00062464,-0.00016568,0.0017061,,0.02268,-0.000447088
0.0015141,1.7701,0.5,1.8386,-0.0011586,0.0027581,0.99442,1.7701,0.5,1.8386,0.00050306,-6.62E-06,-8.37E-05,0.00059097,-0.00019806,0.0019341,,0.0242256,-0.00133928
0.0016094,1.7784,0.5,1.8386,-0.0027289,0.0035895,0.99703,1.7784,0.5,1.8386,0.00049858,-1.70E-05,-0.00015668,0.00058178,-0.00025065,0.0021384,,0.0257504,-0.00250688
0.0016478,1.7866,0.5,1.8386,-0.0039127,0.0031566,0.99993,1.7866,0.5,1.8386,0.00048659,-1.57E-05,-0.00022018,0.00058303,-0.00031112,0.0022259,,0.0263648,-0.00352288
0.0016277,1.7949,0.5,1.8386,-0.004671,0.0015361,1.0023,1.7949,0.5,1.8386,0.00048274,1.11E-05,-0.00026226,0.00060045,-0.0003575,0.0021722,,0.0260432,-0.00419616
0.0015664,1.8032,0.5,1.8386,-0.0051156,-0.00035161,1.0037,1.8032,0.5,1.8386,0.00051087,6.13E-05,-0.00027615,0.00063881,-0.00039887,0.0019831,,0.0250624,-0.0044184
0.0015168,1.8114,0.5,1.8386,-0.0053397,-0.0021251,1.0043,1.8114,0.5,1.8386,0.00058081,9.96E-05,-0.0002573,0.00068562,-0.00044626,0.0017672,,0.0242688,-0.0041168
0.0015381,1.8197,0.5,1.8386,-0.0054625,-0.0038646,1.0042,1.8197,0.5,1.8386,0.00068336,9.21E-05,-0.00020267,0.00073142,-0.00050773,0.0016615,,0.0246096,-0.00324272
0.0015496,1.8279,0.5,1.8386,-0.0056862,-0.0051215,1.0054,1.8279,0.5,1.8386,0.00080607,3.17E-05,-0.00012139,0.00077039,-0.00054539,0.0015227,,0.0247936,-0.00194224
0.0015337,1.8362,0.5,1.8386,-0.0061534,-0.0053848,1.0099,1.8362,0.5,1.8386,0.00093922,-4.92E-05,-1.99E-05,0.00080192,-0.0005357,0.0013263,,0.0245392,-0.000319072
0.0015043,1.8446,0.5,1.8386,-0.0068702,-0.0048859,1.0166,1.8446,0.5,1.8386,0.0010733,-9.04E-05,9.00E-05,0.00079235,-0.00043557,0.001143,,0.0240688,0.001439744
0.0015242,1.8534,0.5,1.8386,-0.0076927,-0.0045622,1.0221,1.8534,0.5,1.8386,0.001201,-8.68E-05,0.00022853,0.00073147,-0.00028041,0.0011159,,0.0243872,0.00365648
0.0016751,1.8626,0.5,1.8386,-0.0083197,-0.0048364,1.0234,1.8626,0.5,1.8386,0.0013143,-6.37E-05,0.00042294,0.00067496,-0.00023,0.0013609,,0.0268016,0.00676704
0.0018229,1.8723,0.5,1.8386,-0.008599,-0.005304,1.02,1.8723,0.5,1.8386,0.0014058,-1.08E-05,0.00055502,0.00068995,-0.00028717,0.0015501,,0.0291664,0.00888032
0.0019598,1.8824,0.5,1.8386,-0.0086459,-0.0051422,1.0148,1.8824,0.5,1.8386,0.0014811,8.38E-05,0.00061544,0.00080434,-0.00038025,0.0016342,,0.0313568,0.00984704
0.0021728,1.8931,0.5,1.8386,-0.0085541,-0.0039623,1.0098,1.8931,0.5,1.8386,0.0015717,0.00020165,0.0006742,0.0009822,-0.0005016,0.0017917,,0.0347648,0.0107872
0.0023535,1.9042,0.5,1.8386,-0.0082629,-0.0016658,1.0062,1.9042,0.5,1.8386,0.0017031,0.00032259,0.00065879,0.0011104,-0.00064451,0.0018934,,0.037656,0.01054064
0.0024129,1.9159,0.5,1.8386,-0.0075544,0.0021101,1.0037,1.9159,0.5,1.8386,0.0018416,0.00041489,0.00048192,0.0010975,-0.00081247,0.0018868,,0.0386064,0.00771072
0.0023504,1.9282,0.5,1.8386,-0.006264,0.0065779,1.0011,1.9282,0.5,1.8386,0.0019181,0.00047289,0.00016343,0.00099686,-0.00082692,0.0017857,,0.0376064,0.00261488
0.0023326,1.941,0.5,1.8386,-0.0045547,0.0095953,0.99906,1.941,0.5,1.8386,0.0019126,0.00051824,-0.00026314,0.00091436,-0.00077664,0.0018383,,0.0373216,-0.00421024
0.0022396,1.9545,0.5,1.8386,-0.0028325,0.0096795,0.99669,1.9545,0.5,1.8386,0.0018252,0.00053891,-0.00055202,0.00085983,-0.00066627,0.0017941,,0.0358336,-0.00883232
0.0021662,1.9686,0.5,1.8386,-0.0012687,0.008142,0.99358,1.9686,0.5,1.8386,0.0016446,0.00049397,-0.00067671,0.00087105,-0.00054836,0.0018168,,0.0346592,-0.01082736
0.0020845,1.9833,0.5,1.8386,0.00098829,0.0065753,0.98541,1.9833,0.5,1.8386,0.0014482,0.00039133,-0.0007973,0.00091763,-0.00044502,0.0018031,,0.033352,-0.0127568
0.0019926,1.9988,0.5,1.8386,0.0049333,0.0056452,0.97482,1.9988,0.5,1.8386,0.0013136,0.00031238,-0.00092485,0.0008874,-0.00033102,0.0017842,,0.0318816,-0.0147976
0.0021552,2.0149,0.5,1.8386,0.009171,0.0046794,0.97572,2.0149,0.5,1.8386,0.0012614,0.00029441,-0.0010959,0.00078214,-0.00043061,0.0022667,,0.0344832,-0.0175344
0.0021962,2.0319,0.5,1.8386,0.011714,0.0021946,0.97861,2.0319,0.5,1.8386,0.0013137,0.00032219,-0.0011101,0.00065702,-0.00051575,0.0024217,,0.0351392,-0.0177616
0.0025601,2.0496,0.5,1.8386,0.013317,-0.0026754,0.9812,2.0496,0.5,1.8386,0.0014152,0.00044666,-0.0012487,0.00065476,-0.00075766,0.0030503,,0.0409616,-0.0199792
0.0029692,2.0681,0.5,1.8386,0.015027,-0.0059148,0.98375,2.0681,0.5,1.8386,0.0014172,0.00061733,-0.0013434,0.00085015,-0.0011931,0.0036711,,0.0475072,-0.0214944
0.0029101,2.0875,0.5,1.8386,0.016437,-0.0034736,0.98018,2.0875,0.5,1.8386,0.0012407,0.00055169,-0.0010489,0.00085668,-0.0011393,0.0037228,,0.0465616,-0.0167824
0.0024171,2.1078,0.5,1.8386,0.016337,0.00017527,0.98047,2.1078,0.5,1.8386,0.0010517,0.00039537,-0.00072023,0.00074511,-0.00092208,0.0030375,,0.0386736,-0.01152368
0.0016408,2.129,0.5,1.8386,0.013592,0.0012636,0.98178,2.129,0.5,1.8386,0.00094732,0.00023434,-0.00038821,0.00064218,-0.00063337,0.0016921,,0.0262528,-0.00621136
0.0014169,2.1511,0.5,1.8386,0.0095985,-0.0019604,0.99288,2.1511,0.5,1.8386,0.00084896,5.33E-05,-0.00031061,0.00057347,-0.00034676,0.0014113,,0.0226704,-0.00496976
0.0017548,2.1743,0.5,1.8386,0.0064358,-0.010238,0.9979,2.1743,0.5,1.8386,0.00068692,1.22E-05,-0.00015327,0.00058184,-0.00042319,0.0022408,,0.0280768,-0.00245232
0.0019887,2.1984,0.5,1.8386,0.0053522,-0.014262,0.98193,2.1984,0.5,1.8386,0.00049915,9.56E-05,0.00017199,0.0006212,-0.00030052,0.0028571,,0.0318192,0.00275184
0.0019059,2.2237,0.5,1.8386,0.0066363,-0.0088589,0.97262,2.2237,0.5,1.8386,0.00042713,0.000156,3.47E-05,0.00081639,-0.00037065,0.0025682,,0.0304944,0.000555104
0.0019982,2.2501,0.5,1.8386,0.010205,-0.0078151,0.95866,2.2501,0.5,1.8386,0.00051035,9.24E-05,7.80E-05,0.00076833,-0.00014428,0.0027177,,0.0319712,0.001247904
0.0019259,2.2776,0.5,1.8386,0.014281,-0.012249,0.96755,2.2776,0.5,1.8386,0.00069084,0.00014514,0.00013232,0.00074439,0.00016003,0.0024165,,0.0308144,0.00211712
0.0017738,2.3063,0.5,1.8386,0.016668,-0.019154,0.98258,2.3063,0.5,1.8386,0.00083573,0.00011517,3.04E-05,0.0011211,0.00016239,0.0015908,,0.0283808,0.000486672
0.0030087,2.3362,0.5,1.8386,0.018822,-0.016563,0.95542,2.3362,0.5,1.8386,0.00087208,0.00020111,0.0004847,0.001303,0.00040338,0.0038422,,0.0481392,0.0077552
0.0035439,2.3674,0.5,1.8386,0.017351,-0.015683,0.94577,2.3674,0.5,1.8386,0.00089113,0.00033546,0.00089057,0.0013039,0.00022652,0.0048928,,0.0567024,0.01424912
0.003857,2.3999,0.5,1.8386,0.011041,-0.012039,0.89076,2.3999,0.5,1.8386,0.0010638,0.00039891,0.0014112,0.0014274,0.00064774,0.0052228,,0.061712,0.0225792
0.0048311,2.4338,0.5,1.8386,0.0062004,0.0027832,0.80684,2.4338,0.5,1.8386,0.001018,0.00059212,0.0015086,0.0018699,0.00079602,0.0067742,,0.0772976,0.0241376
0.0039324,2.4691,0.5,1.8386,0.0030263,0.0058434,0.70598,2.4691,0.5,1.8386,0.0004392,0.00038892,0.00067932,0.0018358,0.00022437,0.0055898,,0.0629184,0.01086912
0.0015802,1.6711,0.5,1.8755,0.010004,0.011348,0.9779,1.6711,0.5,1.8755,0.00096555,-0.00020836,-5.87E-05,0.00088115,-0.000555,0.0013137,,0.0252832,-0.000938464
0.0015066,1.6793,0.5,1.8755,0.009322,0.0072473,0.97862,1.6793,0.5,1.8755,0.00090868,-0.00022937,-4.82E-05,0.00082299,-0.00047277,0.0012815,,0.0241056,-0.000770624
0.0014459,1.6876,0.5,1.8755,0.0083739,0.0045575,0.97945,1.6876,0.5,1.8755,0.00085287,-0.0002497,-1.76E-05,0.00079829,-0.00040587,0.0012406,,0.0231344,-0.000282048
0.0013875,1.6958,0.5,1.8755,0.0073732,0.0032086,0.98063,1.6958,0.5,1.8755,0.00080828,-0.0002664,5.22E-06,0.00079088,-0.0003584,0.0011759,,0.0222,8.35536E-05
0.0013586,1.7041,0.5,1.8755,0.0065719,0.0026913,0.98123,1.7041,0.5,1.8755,0.00077819,-0.00026711,9.89E-06,0.00078771,-0.00032416,0.0011514,,0.0217376,0.000158186
0.0013728,1.7123,0.5,1.8755,0.0060458,0.0023164,0.9813,1.7123,0.5,1.8755,0.00075034,-0.00024062,6.15E-06,0.00079601,-0.0002869,0.0011993,,0.0219648,9.83408E-05
0.0014104,1.7206,0.5,1.8755,0.0056522,0.0014595,0.98047,1.7206,0.5,1.8755,0.00071128,-0.00019383,-6.13E-06,0.00081225,-0.00022946,0.0012974,,0.0225664,-9.81568E-05
0.0014098,1.7289,0.5,1.8755,0.0051622,0.00015392,0.97905,1.7289,0.5,1.8755,0.00066072,-0.00014603,-2.90E-05,0.00081283,-0.00015636,0.001346,,0.0225568,-0.000464784
0.0013547,1.7371,0.5,1.8755,0.0043769,-0.00088896,0.97964,1.7371,0.5,1.8755,0.00060691,-0.00010283,-3.44E-05,0.00078575,-0.0001046,0.0013167,,0.0216752,-0.000551024
0.001316,1.7454,0.5,1.8755,0.0032264,-0.0010804,0.98317,1.7454,0.5,1.8755,0.00056219,-6.25E-05,-1.21E-05,0.00073202,-0.00010199,0.0013378,,0.021056,-0.00019304
0.0013371,1.7536,0.5,1.8755,0.0017955,-0.00024522,0.98762,1.7536,0.5,1.8755,0.00053838,-3.20E-05,5.35E-06,0.00066372,-0.00013243,0.0014722,,0.0213936,8.56032E-05
0.001402,1.7619,0.5,1.8755,0.00018423,0.0013385,0.99152,1.7619,0.5,1.8755,0.00053711,-1.68E-05,-1.00E-05,0.00060662,-0.00016391,0.0016602,,0.022432,-0.000160064
0.0014949,1.7701,0.5,1.8755,-0.0015129,0.0029149,0.99449,1.7701,0.5,1.8755,0.00054403,-1.54E-05,-6.25E-05,0.00058149,-0.00019263,0.0018643,,0.0239184,-0.00099928
0.0015993,1.7784,0.5,1.8755,-0.0030554,0.0038252,0.9971,1.7784,0.5,1.8755,0.00054036,-1.65E-05,-0.00013578,0.00058135,-0.00024199,0.0020769,,0.0255888,-0.00217248
0.0016544,1.7866,0.5,1.8755,-0.0042012,0.0034545,0.99989,1.7866,0.5,1.8755,0.00052414,-1.03E-05,-0.00020201,0.00058946,-0.00029778,0.0021953,,0.0264704,-0.00323216
0.0016427,1.7949,0.5,1.8755,-0.0049602,0.0018007,1.0022,1.7949,0.5,1.8755,0.00051384,1.43E-05,-0.00025071,0.00060693,-0.00034258,0.0021646,,0.0262832,-0.00401136
0.0015828,1.8032,0.5,1.8755,-0.0054669,-0.00019651,1.0036,1.8032,0.5,1.8755,0.00053455,5.93E-05,-0.00027445,0.00064132,-0.00038989,0.0019898,,0.0253248,-0.0043912
0.0015299,1.8114,0.5,1.8755,-0.0057732,-0.0020817,1.0041,1.8114,0.5,1.8755,0.00059707,9.32E-05,-0.00025918,0.00068866,-0.00044394,0.0017741,,0.0244784,-0.00414688
0.0015348,1.8197,0.5,1.8755,-0.0059357,-0.0039101,1.004,1.8197,0.5,1.8755,0.00069155,7.91E-05,-0.0001969,0.00073919,-0.0004997,0.0016389,,0.0245568,-0.0031504
0.0015313,1.8279,0.5,1.8755,-0.0061269,-0.0052069,1.0052,1.8279,0.5,1.8755,0.00080471,9.60E-06,-0.00011214,0.00078353,-0.00052207,0.0014743,,0.0245008,-0.00179424
0.001507,1.8362,0.5,1.8755,-0.0065303,-0.0055223,1.0097,1.8362,0.5,1.8755,0.00093085,-7.39E-05,-1.63E-05,0.00081723,-0.00050311,0.0012658,,0.024112,-0.000260272
0.0014766,1.8446,0.5,1.8755,-0.0072402,-0.0051163,1.0162,1.8446,0.5,1.8755,0.0010668,-0.00010965,9.02E-05,0.00080019,-0.0004098,0.0010863,,0.0236256,0.001443152
0.0015062,1.8534,0.5,1.8755,-0.008129,-0.0048191,1.0214,1.8534,0.5,1.8755,0.0012046,-9.86E-05,0.00022406,0.00072612,-0.00027437,0.0010816,,0.0240992,0.00358496
0.0016663,1.8626,0.5,1.8755,-0.0088178,-0.0050381,1.0225,1.8626,0.5,1.8755,0.0013277,-6.57E-05,0.00042626,0.000669,-0.0002361,0.0013359,,0.0266608,0.00682016
0.0018353,1.8723,0.5,1.8755,-0.0091164,-0.0054016,1.0192,1.8723,0.5,1.8755,0.0014253,-3.76E-06,0.00057567,0.00069572,-0.00030113,0.0015496,,0.0293648,0.00921072
0.0019924,1.8824,0.5,1.8755,-0.0091667,-0.0050792,1.0142,1.8824,0.5,1.8755,0.0015061,9.12E-05,0.00063206,0.00081503,-0.00040722,0.0016637,,0.0318784,0.01011296
0.0021946,1.8931,0.5,1.8755,-0.0090566,-0.0037796,1.0093,1.8931,0.5,1.8755,0.0015957,0.00019871,0.00067686,0.00098385,-0.00053411,0.0018095,,0.0351136,0.01082976
0.0023641,1.9042,0.5,1.8755,-0.0086842,-0.00144,1.0061,1.9042,0.5,1.8755,0.0017113,0.0003012,0.00065452,0.0010996,-0.00067569,0.0019173,,0.0378256,0.01047232
0.0024213,1.9159,0.5,1.8755,-0.0078131,0.0024133,1.0037,1.9159,0.5,1.8755,0.0018291,0.00037863,0.00046429,0.0010792,-0.00084615,0.0019342,,0.0387408,0.00742864
0.0023429,1.9282,0.5,1.8755,-0.0063362,0.0069031,1.0014,1.9282,0.5,1.8755,0.0019,0.00043855,0.00012111,0.00096995,-0.00086281,0.0018159,,0.0374864,0.00193776
0.0023259,1.941,0.5,1.8755,-0.0044879,0.0098366,0.9992,1.941,0.5,1.8755,0.0019046,0.00050815,-0.00030925,0.00088105,-0.00081353,0.0018662,,0.0372144,-0.004948
0.0022602,1.9545,0.5,1.8755,-0.0026494,0.0099059,0.99637,1.9545,0.5,1.8755,0.0018272,0.00055176,-0.00056923,0.00083606,-0.00068543,0.0018571,,0.0361632,-0.00910768
0.0022011,1.9686,0.5,1.8755,-0.00098,0.0084771,0.99332,1.9686,0.5,1.8755,0.0016486,0.0005112,-0.00066816,0.00087144,-0.00054531,0.0018822,,0.0352176,-0.01069056
0.002123,1.9833,0.5,1.8755,0.0013013,0.00699,0.98526,1.9833,0.5,1.8755,0.0014531,0.00039763,-0.00079956,0.00094566,-0.00044385,0.0018473,,0.033968,-0.01279296
0.0020392,1.9988,0.5,1.8755,0.005157,0.0060166,0.9746,1.9988,0.5,1.8755,0.0013312,0.00030861,-0.00094658,0.00092068,-0.00030844,0.0018265,,0.0326272,-0.01514528
0.0022311,2.0149,0.5,1.8755,0.009268,0.004817,0.9754,2.0149,0.5,1.8755,0.0013054,0.00030377,-0.0011429,0.00080217,-0.00040611,0.0023545,,0.0356976,-0.0182864
0.0022899,2.0319,0.5,1.8755,0.011735,0.0019781,0.97839,2.0319,0.5,1.8755,0.0013689,0.00034932,-0.0011788,0.00067286,-0.00052111,0.0025381,,0.0366384,-0.0188608
0.0025988,2.0496,0.5,1.8755,0.013304,-0.0031228,0.98137,2.0496,0.5,1.8755,0.0014376,0.00046577,-0.0012889,0.00066245,-0.00075292,0.0030977,,0.0415808,-0.0206224
0.0029522,2.0681,0.5,1.8755,0.014991,-0.006299,0.98397,2.0681,0.5,1.8755,0.0014064,0.00061681,-0.0013559,0.00084638,-0.0011609,0.0036515,,0.0472352,-0.0216944
0.0029,2.0875,0.5,1.8755,0.016358,-0.0036787,0.98007,2.0875,0.5,1.8755,0.0012425,0.00054603,-0.0010835,0.0008549,-0.0011107,0.0037025,,0.0464,-0.017336
0.0024154,2.1078,0.5,1.8755,0.01618,6.64E-05,0.98045,2.1078,0.5,1.8755,0.0010625,0.00039563,-0.00074779,0.00074226,-0.00091398,0.0030261,,0.0386464,-0.01196464
0.0016097,2.129,0.5,1.8755,0.013359,0.0015275,0.98215,2.129,0.5,1.8755,0.00094718,0.00023906,-0.00037946,0.00064359,-0.00063752,0.0016287,,0.0257552,-0.00607136
0.001394,2.1511,0.5,1.8755,0.0093658,-0.0014874,0.99296,2.1511,0.5,1.8755,0.0008452,5.75E-05,-0.00031689,0.00056569,-0.00035064,0.0013771,,0.022304,-0.00507024
0.0017349,2.1743,0.5,1.8755,0.0062837,-0.0099533,0.99759,2.1743,0.5,1.8755,0.00069018,2.27E-05,-0.00016429,0.00055047,-0.00040544,0.0022291,,0.0277584,-0.00262864
0.0019522,2.1984,0.5,1.8755,0.0053215,-0.014281,0.9821,2.1984,0.5,1.8755,0.00050592,9.96E-05,0.00018195,0.0006197,-0.00030638,0.0027789,,0.0312352,0.0029112
0.0019012,2.2237,0.5,1.8755,0.0067385,-0.0090273,0.97349,2.2237,0.5,1.8755,0.00042007,0.00013749,5.04E-05,0.00083925,-0.00040056,0.0025431,,0.0304192,0.000806432
0.0020314,2.2501,0.5,1.8755,0.010307,-0.0079597,0.95916,2.2501,0.5,1.8755,0.00050152,7.30E-05,7.92E-05,0.00078578,-0.00013042,0.0027754,,0.0325024,0.001267456
0.0019593,2.2776,0.5,1.8755,0.014274,-0.012157,0.96749,2.2776,0.5,1.8755,0.0006876,0.00014353,0.00013182,0.00076968,0.00019733,0.0024613,,0.0313488,0.00210912
0.0018014,2.3063,0.5,1.8755,0.016632,-0.019033,0.98293,2.3063,0.5,1.8755,0.00082099,0.00012952,5.60E-05,0.0011733,0.00019506,0.0016086,,0.0288224,0.000895488
0.0030314,2.3362,0.5,1.8755,0.01879,-0.017008,0.95531,2.3362,0.5,1.8755,0.00086791,0.00021408,0.00050478,0.0013512,0.00039435,0.0038436,,0.0485024,0.00807648
0.0035698,2.3674,0.5,1.8755,0.017273,-0.015697,0.94538,2.3674,0.5,1.8755,0.00091632,0.00034748,0.00089722,0.0013095,0.00020704,0.0049138,,0.0571168,0.01435552
0.0038855,2.3999,0.5,1.8755,0.0109,-0.011892,0.89098,2.3999,0.5,1.8755,0.0010546,0.00040958,0.0014129,0.0014552,0.0007035,0.0052613,,0.062168,0.0226064
0.0047897,2.4338,0.5,1.8755,0.0060131,0.0026551,0.80737,2.4338,0.5,1.8755,0.00096444,0.00058738,0.0014637,0.0019137,0.00086807,0.0067011,,0.0766352,0.0234192
0.0038601,2.4691,0.5,1.8755,0.0029006,0.0059918,0.70669,2.4691,0.5,1.8755,0.0004103,0.00038209,0.00062905,0.0018543,0.00026212,0.0054555,,0.0617616,0.0100648
0.0015851,1.6711,0.5,1.9123,0.0094295,0.011736,0.97745,1.6711,0.5,1.9123,0.00095866,-0.00020832,-2.36E-05,0.00090318,-0.000587,0.0013084,,0.0253616,-0.00037816
0.0015095,1.6793,0.5,1.9123,0.0087754,0.0075776,0.97816,1.6793,0.5,1.9123,0.00090194,-0.00023134,-5.38E-06,0.00083949,-0.0005082,0.0012777,,0.024152,-8.60208E-05
0.0014474,1.6876,0.5,1.9123,0.0078896,0.0047969,0.97896,1.6876,0.5,1.9123,0.00084882,-0.00025427,2.11E-05,0.00080831,-0.00043811,0.0012376,,0.0231584,0.000337536
0.0013897,1.6958,0.5,1.9123,0.006943,0.003354,0.98021,1.6958,0.5,1.9123,0.00081007,-0.00027117,3.16E-05,0.00079624,-0.00037943,0.001173,,0.0222352,0.00050576
0.0013637,1.7041,0.5,1.9123,0.0061866,0.0027326,0.98093,1.7041,0.5,1.9123,0.00078439,-0.00026767,1.80E-05,0.00078774,-0.00033186,0.0011553,,0.0218192,0.000288368
0.001383,1.7123,0.5,1.9123,0.005731,0.0022703,0.98111,1.7123,0.5,1.9123,0.00075752,-0.00023567,3.39E-07,0.00079,-0.00028506,0.0012184,,0.022128,5.42064E-06
0.0014246,1.7206,0.5,1.9123,0.00542,0.0013871,0.98044,1.7206,0.5,1.9123,0.00071821,-0.00018732,-8.36E-06,0.00080496,-0.00022457,0.001326,,0.0227936,-0.000133803
0.0014248,1.7289,0.5,1.9123,0.0049717,9.33E-05,0.9791,1.7289,0.5,1.9123,0.00066648,-0.0001407,-1.56E-05,0.00081132,-0.00014997,0.0013719,,0.0227968,-0.000248976
0.0013637,1.7371,0.5,1.9123,0.0041565,-0.00093822,0.97957,1.7371,0.5,1.9123,0.00061089,-9.76E-05,-1.29E-05,0.00079147,-9.41E-05,0.001325,,0.0218192,-0.000205712
0.0013145,1.7454,0.5,1.9123,0.00293,-0.0011013,0.98292,1.7454,0.5,1.9123,0.00056678,-5.82E-05,7.22E-06,0.00074308,-9.03E-05,0.0013192,,0.021032,0.000115558
0.0013277,1.7536,0.5,1.9123,0.0014335,-0.00021676,0.98738,1.7536,0.5,1.9123,0.00054666,-3.31E-05,2.25E-05,0.0006789,-0.00012183,0.0014299,,0.0212432,0.000359296
0.0013891,1.7619,0.5,1.9123,-0.0002015,0.0014158,0.99143,1.7619,0.5,1.9123,0.00054861,-2.58E-05,5.39E-06,0.00062213,-0.00015274,0.0016075,,0.0222256,8.62272E-05
0.0014807,1.7701,0.5,1.9123,-0.0018778,0.0030368,0.99456,1.7701,0.5,1.9123,0.0005546,-3.00E-05,-5.48E-05,0.00059052,-0.00018105,0.0018162,,0.0236912,-0.000876608
0.0015865,1.7784,0.5,1.9123,-0.0033718,0.0040136,0.99716,1.7784,0.5,1.9123,0.00054808,-3.20E-05,-0.00014023,0.0005822,-0.00023297,0.0020427,,0.025384,-0.00224368
0.0016495,1.7866,0.5,1.9123,-0.0044721,0.0036989,0.99988,1.7866,0.5,1.9123,0.00053346,-2.28E-05,-0.00021456,0.00059172,-0.00029336,0.0021739,,0.026392,-0.00343296
0.0016472,1.7949,0.5,1.9123,-0.0052261,0.001999,1.0022,1.7949,0.5,1.9123,0.0005293,6.60E-06,-0.00026237,0.00061723,-0.00034009,0.0021479,,0.0263552,-0.00419792
0.0015949,1.8032,0.5,1.9123,-0.0057805,-0.00012292,1.0036,1.8032,0.5,1.9123,0.00055248,5.57E-05,-0.00028091,0.00065295,-0.0003901,0.0019844,,0.0255184,-0.00449456
0.0015369,1.8114,0.5,1.9123,-0.0061531,-0.0021186,1.0039,1.8114,0.5,1.9123,0.00060758,9.17E-05,-0.00025614,0.00069379,-0.00044646,0.0017725,,0.0245904,-0.00409824
0.0015173,1.8197,0.5,1.9123,-0.0063511,-0.0040128,1.0038,1.8197,0.5,1.9123,0.00068637,7.57E-05,-0.00018093,0.00073831,-0.00049349,0.00161,,0.0242768,-0.00289488
0.0014987,1.8279,0.5,1.9123,-0.0065234,-0.0053352,1.0051,1.8279,0.5,1.9123,0.00078604,2.33E-06,-9.71E-05,0.00078383,-0.00050684,0.0014276,,0.0239792,-0.001552848
0.0014753,1.8362,0.5,1.9123,-0.0068924,-0.0057078,1.0095,1.8362,0.5,1.9123,0.00091544,-8.35E-05,-1.84E-05,0.00082067,-0.00048243,0.0012146,,0.0236048,-0.000294448
0.0014577,1.8446,0.5,1.9123,-0.0076108,-0.0053915,1.0159,1.8446,0.5,1.9123,0.0010727,-0.00012321,7.48E-05,0.00079851,-0.00038117,0.0010442,,0.0233232,0.00119664
0.001502,1.8534,0.5,1.9123,-0.0085377,-0.0050974,1.0208,1.8534,0.5,1.9123,0.0012305,-0.00011571,0.00020673,0.00071984,-0.00025369,0.0010536,,0.024032,0.00330768
0.0016683,1.8626,0.5,1.9123,-0.0092533,-0.0052311,1.0215,1.8626,0.5,1.9123,0.0013548,-7.73E-05,0.0004157,0.00067547,-0.00024215,0.0013064,,0.0266928,0.0066512
0.0018549,1.8723,0.5,1.9123,-0.0095767,-0.0054654,1.0185,1.8723,0.5,1.9123,0.0014429,-4.71E-06,0.00057277,0.0007219,-0.00033431,0.001545,,0.0296784,0.00916432
0.0020252,1.8824,0.5,1.9123,-0.0096519,-0.0049842,1.0135,1.8824,0.5,1.9123,0.0015201,9.51E-05,0.0006329,0.00084805,-0.00044875,0.0016822,,0.0324032,0.0101264
0.002222,1.8931,0.5,1.9123,-0.0095223,-0.0035841,1.0088,1.8931,0.5,1.9123,0.001608,0.00020143,0.00068463,0.0010083,-0.0005649,0.0018277,,0.035552,0.01095408
0.0023944,1.9042,0.5,1.9123,-0.0090586,-0.0011894,1.0059,1.9042,0.5,1.9123,0.0017141,0.00030129,0.00066146,0.0011127,-0.00069719,0.001962,,0.0383104,0.01058336
0.0024463,1.9159,0.5,1.9123,-0.0080356,0.0027565,1.0037,1.9159,0.5,1.9123,0.0018232,0.0003739,0.00044099,0.0010843,-0.00086687,0.0019849,,0.0391408,0.00705584
0.0023486,1.9282,0.5,1.9123,-0.006395,0.0072314,1.0016,1.9282,0.5,1.9123,0.0018911,0.00043107,6.48E-05,0.00096378,-0.00088565,0.0018423,,0.0375776,0.00103728
0.0023404,1.941,0.5,1.9123,-0.0044302,0.010061,0.99918,1.941,0.5,1.9123,0.0018937,0.00051152,-0.0003536,0.00088569,-0.00084644,0.0019015,,0.0374464,-0.0056576
0.0023084,1.9545,0.5,1.9123,-0.0025044,0.01013,0.99585,1.9545,0.5,1.9123,0.0018267,0.00055863,-0.00058045,0.0008593,-0.00070765,0.0019307,,0.0369344,-0.0092872
0.0022641,1.9686,0.5,1.9123,-0.00075425,0.0088144,0.99291,1.9686,0.5,1.9123,0.0016684,0.00050577,-0.00066761,0.00089257,-0.00054552,0.0019672,,0.0362256,-0.01068176
0.0021721,1.9833,0.5,1.9123,0.0015399,0.0074175,0.9851,1.9833,0.5,1.9123,0.0014847,0.00038007,-0.00080291,0.00095836,-0.00044069,0.0019011,,0.0347536,-0.01284656
0.0020788,1.9988,0.5,1.9123,0.005308,0.0063769,0.97447,1.9988,0.5,1.9123,0.0013716,0.00029774,-0.00095721,0.00092538,-0.00028972,0.0018607,,0.0332608,-0.01531536
0.0023013,2.0149,0.5,1.9123,0.0093192,0.004923,0.97513,2.0149,0.5,1.9123,0.0013561,0.00031995,-0.0011789,0.00080855,-0.00038792,0.0024379,,0.0368208,-0.0188624
0.0023753,2.0319,0.5,1.9123,0.011764,0.0017727,0.97818,2.0319,0.5,1.9123,0.0014115,0.00037978,-0.0012227,0.00068927,-0.00052024,0.0026498,,0.0380048,-0.0195632
0.0026292,2.0496,0.5,1.9123,0.013335,-0.0035341,0.98155,2.0496,0.5,1.9123,0.0014508,0.0004835,-0.0013038,0.0006855,-0.00074633,0.0031221,,0.0420672,-0.0208608
0.0029514,2.0681,0.5,1.9123,0.014974,-0.0066693,0.98426,2.0681,0.5,1.9123,0.0014103,0.0006136,-0.0013794,0.00085542,-0.0011397,0.003637,,0.0472224,-0.0220704
0.0029171,2.0875,0.5,1.9123,0.016258,-0.0038871,0.97998,2.0875,0.5,1.9123,0.0012668,0.00053413,-0.0011493,0.00084499,-0.0010862,0.0037223,,0.0466736,-0.0183888
0.0024347,2.1078,0.5,1.9123,0.016012,-7.15E-05,0.98027,2.1078,0.5,1.9123,0.0010953,0.00039498,-0.00078774,0.00072783,-0.00090283,0.0030463,,0.0389552,-0.01260384
0.0015961,2.129,0.5,1.9123,0.013138,0.001757,0.98243,2.129,0.5,1.9123,0.00096368,0.00025051,-0.00037055,0.00062691,-0.00064092,0.0016015,,0.0255376,-0.0059288
0.0013801,2.1511,0.5,1.9123,0.0091301,-0.0010295,0.99302,2.1511,0.5,1.9123,0.00084832,6.73E-05,-0.00031572,0.00055012,-0.00035648,0.0013617,,0.0220816,-0.00505152
0.0017144,2.1743,0.5,1.9123,0.0061397,-0.0096742,0.99725,2.1743,0.5,1.9123,0.00069892,3.17E-05,-0.00016367,0.00053783,-0.00039132,0.0021921,,0.0274304,-0.00261872
0.001913,2.1984,0.5,1.9123,0.0053311,-0.014297,0.98234,2.1984,0.5,1.9123,0.00050945,0.00010015,0.00019733,0.00063107,-0.00029427,0.0026855,,0.030608,0.00315728
0.0019013,2.2237,0.5,1.9123,0.0068578,-0.0091955,0.97451,2.2237,0.5,1.9123,0.00040696,0.00012582,6.31E-05,0.00086754,-0.00040472,0.0025281,,0.0304208,0.001009392
0.0020369,2.2501,0.5,1.9123,0.010396,-0.0081241,0.95981,2.2501,0.5,1.9123,0.00048596,6.02E-05,8.01E-05,0.00079599,-0.00013543,0.0027918,,0.0325904,0.001282064
0.0019374,2.2776,0.5,1.9123,0.014269,-0.012079,0.96749,2.2776,0.5,1.9123,0.00066798,0.0001364,0.00014139,0.00075285,0.0002045,0.0024539,,0.0309984,0.00226224
0.0017931,2.3063,0.5,1.9123,0.016621,-0.018919,0.98332,2.3063,0.5,1.9123,0.00079994,0.00013373,7.81E-05,0.0011894,0.000213,0.0015969,,0.0286896,0.00124992
0.0030542,2.3362,0.5,1.9123,0.018745,-0.017486,0.95542,2.3362,0.5,1.9123,0.00085637,0.00022279,0.00050769,0.0014108,0.00037907,0.0038413,,0.0488672,0.00812304
0.003629,2.3674,0.5,1.9123,0.017166,-0.015767,0.94505,2.3674,0.5,1.9123,0.00092373,0.00037094,0.00090305,0.0013434,0.00019707,0.0049909,,0.058064,0.0144488
0.0039465,2.3999,0.5,1.9123,0.010757,-0.011762,0.89122,2.3999,0.5,1.9123,0.001049,0.00042004,0.0014346,0.0015041,0.00076515,0.0053398,,0.063144,0.0229536
0.0047593,2.4338,0.5,1.9123,0.0058012,0.0025326,0.8081,2.4338,0.5,1.9123,0.00091838,0.00056521,0.0014161,0.0019665,0.00094969,0.0066338,,0.0761488,0.0226576
0.0037879,2.4691,0.5,1.9123,0.0027431,0.0061181,0.70753,2.4691,0.5,1.9123,0.0003785,0.00036738,0.00056038,0.001872,0.00031372,0.0053252,,0.0606064,0.00896608
0.0015748,1.6711,0.5,1.949,0.0088481,0.012068,0.97696,1.6711,0.5,1.949,0.00092294,-0.00022484,3.96E-06,0.00092305,-0.00059582,0.0013035,,0.0251968,6.32992E-05
0.0015088,1.6793,0.5,1.949,0.0082153,0.007854,0.97771,1.6793,0.5,1.949,0.00087027,-0.00025178,2.76E-05,0.00085716,-0.00052062,0.0012902,,0.0241408,0.0004412
0.001456,1.6876,0.5,1.949,0.0073675,0.0049962,0.97851,1.6876,0.5,1.949,0.00082721,-0.0002757,4.77E-05,0.00082822,-0.00045102,0.0012565,,0.023296,0.000762848
0.0014063,1.6958,0.5,1.949,0.0064762,0.0034535,0.97985,1.6958,0.5,1.949,0.00079929,-0.00028792,4.82E-05,0.00082222,-0.00038746,0.0011911,,0.0225008,0.000771408
0.0013854,1.7041,0.5,1.949,0.0057894,0.0027136,0.9807,1.7041,0.5,1.949,0.00077738,-0.00027305,2.92E-05,0.0008172,-0.00033155,0.0011762,,0.0221664,0.000467328
0.0014015,1.7123,0.5,1.949,0.0053896,0.0021805,0.98096,1.7123,0.5,1.949,0.00074384,-0.00022788,1.40E-05,0.00081808,-0.00027846,0.0012411,,0.022424,0.000223392
0.0014333,1.7206,0.5,1.949,0.0051112,0.0013118,0.98041,1.7206,0.5,1.949,0.0006929,-0.00017037,1.42E-05,0.00083211,-0.00021353,0.0013415,,0.0229328,0.000227344
0.001432,1.7289,0.5,1.949,0.0046718,5.62E-05,0.97914,1.7289,0.5,1.949,0.00063556,-0.00012023,1.62E-05,0.00084126,-0.00013362,0.0013872,,0.022912,0.000258544
0.0013776,1.7371,0.5,1.949,0.0038405,-0.0009618,0.9795,1.7371,0.5,1.949,0.00058534,-7.72E-05,1.99E-05,0.00082403,-7.05E-05,0.0013458,,0.0220416,0.000318928
0.0013294,1.7454,0.5,1.949,0.0025771,-0.0011027,0.98268,1.7454,0.5,1.949,0.00055067,-3.83E-05,2.99E-05,0.00077573,-5.84E-05,0.0013324,,0.0212704,0.000479024
0.0013341,1.7536,0.5,1.949,0.0010369,-0.0001741,0.98712,1.7536,0.5,1.949,0.00053548,-1.44E-05,2.97E-05,0.00071062,-8.67E-05,0.0014221,,0.0213456,0.000475232
0.0013855,1.7619,0.5,1.949,-0.00061616,0.001503,0.99133,1.7619,0.5,1.949,0.00053676,-1.16E-05,-2.75E-06,0.00064815,-0.00012173,0.001586,,0.022168,-4.39744E-05
0.0014727,1.7701,0.5,1.949,-0.0022644,0.003168,0.99462,1.7701,0.5,1.949,0.00054107,-2.39E-05,-7.12E-05,0.0006005,-0.00015855,0.0018038,,0.0235632,-0.001138768
0.0015714,1.7784,0.5,1.949,-0.003702,0.0042014,0.99725,1.7784,0.5,1.949,0.00053468,-3.37E-05,-0.00015607,0.00057134,-0.00022254,0.0020367,,0.0251424,-0.00249712
0.0016218,1.7866,0.5,1.949,-0.0047594,0.0039116,0.99992,1.7866,0.5,1.949,0.00052119,-2.60E-05,-0.00022827,0.00057036,-0.00029726,0.0021521,,0.0259488,-0.00365232
0.0016173,1.7949,0.5,1.949,-0.005514,0.0021339,1.0023,1.7949,0.5,1.949,0.00051906,8.87E-06,-0.00027158,0.00060282,-0.00035123,0.0021127,,0.0258768,-0.00434528
0.0015786,1.8032,0.5,1.949,-0.0061073,-0.00011741,1.0036,1.8032,0.5,1.949,0.0005452,6.46E-05,-0.00028293,0.00064668,-0.00039935,0.0019653,,0.0252576,-0.00452688
0.0015277,1.8114,0.5,1.949,-0.0065276,-0.0021978,1.0037,1.8114,0.5,1.949,0.00060313,0.00010132,-0.0002498,0.00068179,-0.00045446,0.0017704,,0.0244432,-0.0039968
0.0014972,1.8197,0.5,1.949,-0.0067518,-0.0041236,1.0036,1.8197,0.5,1.949,0.00068497,8.10E-05,-0.0001684,0.000721,-0.00049848,0.0015885,,0.0239552,-0.0026944
0.0014721,1.8279,0.5,1.949,-0.0069205,-0.0054632,1.0051,1.8279,0.5,1.949,0.00078961,2.25E-06,-9.46E-05,0.0007753,-0.0005052,0.0013792,,0.0235536,-0.001513024
0.0014533,1.8362,0.5,1.949,-0.0072824,-0.0059086,1.0094,1.8362,0.5,1.949,0.00092663,-9.27E-05,-4.08E-05,0.00081963,-0.00045878,0.0011604,,0.0232528,-0.000652816
0.001453,1.8446,0.5,1.949,-0.0080022,-0.0056795,1.0156,1.8446,0.5,1.949,0.0010885,-0.00014398,4.44E-05,0.00079233,-0.00033316,0.0010251,,0.023248,0.00071056
0.0015124,1.8534,0.5,1.949,-0.0089198,-0.0053651,1.0199,1.8534,0.5,1.949,0.0012405,-0.0001416,0.0001908,0.0007125,-0.00022127,0.0010719,,0.0241984,0.0030528
0.0016827,1.8626,0.5,1.949,-0.0096334,-0.0054071,1.0204,1.8626,0.5,1.949,0.0013546,-0.00010024,0.00040648,0.00068202,-0.00025163,0.0013288,,0.0269232,0.00650368
0.0018795,1.8723,0.5,1.949,-0.0099961,-0.00553,1.0176,1.8723,0.5,1.949,0.0014409,-2.61E-05,0.0005632,0.00074554,-0.00036814,0.0015726,,0.030072,0.0090112
0.0020579,1.8824,0.5,1.949,-0.010121,-0.0049189,1.0129,1.8824,0.5,1.949,0.0015242,7.50E-05,0.00063583,0.00087964,-0.00047818,0.0017119,,0.0329264,0.01017328
0.0022565,1.8931,0.5,1.949,-0.0099886,-0.0034231,1.0083,1.8931,0.5,1.949,0.0016193,0.00019252,0.00069737,0.0010379,-0.0005836,0.0018557,,0.036104,0.01115792
0.0024399,1.9042,0.5,1.949,-0.0094416,-0.00092538,1.0059,1.9042,0.5,1.949,0.0017329,0.00030986,0.00066069,0.0011448,-0.00071498,0.002002,,0.0390384,0.01057104
0.002495,1.9159,0.5,1.949,-0.0082722,0.0031448,1.0039,1.9159,0.5,1.949,0.0018469,0.00039239,0.00040238,0.0011216,-0.00087862,0.0020216,,0.03992,0.00643808
0.0023937,1.9282,0.5,1.949,-0.0064737,0.0075602,1.0018,1.9282,0.5,1.949,0.0019102,0.00045677,5.97E-06,0.0010016,-0.0008887,0.0018757,,0.0382992,9.55392E-05
0.0023995,1.941,0.5,1.949,-0.0044039,0.010255,0.99902,1.941,0.5,1.949,0.0018993,0.00055105,-0.00038897,0.00094668,-0.00086336,0.0019531,,0.038392,-0.00622352
0.0023838,1.9545,0.5,1.949,-0.0024285,0.01036,0.99518,1.9545,0.5,1.949,0.0018223,0.00059131,-0.00058896,0.00093279,-0.00072549,0.0020126,,0.0381408,-0.00942336
0.002325,1.9686,0.5,1.949,-0.00063674,0.0091816,0.99238,1.9686,0.5,1.949,0.0016584,0.00050398,-0.00065624,0.00093431,-0.0005462,0.0020572,,0.0372,-0.01049984
0.0021974,1.9833,0.5,1.949,0.0016714,0.0078429,0.98488,1.9833,0.5,1.949,0.0014722,0.00035172,-0.00077673,0.00096765,-0.00045228,0.0019549,,0.0351584,-0.01242768
0.0020865,1.9988,0.5,1.949,0.005378,0.006665,0.97434,1.9988,0.5,1.949,0.0013696,0.00027178,-0.00094459,0.00092327,-0.00030733,0.0018801,,0.033384,-0.01511344
0.0023348,2.0149,0.5,1.949,0.0093115,0.0049394,0.9749,2.0149,0.5,1.949,0.0013664,0.00031548,-0.0011986,0.00080364,-0.00039548,0.0024994,,0.0373568,-0.0191776
0.0024188,2.0319,0.5,1.949,0.011761,0.0015466,0.97798,2.0319,0.5,1.949,0.0014269,0.00039596,-0.0012445,0.00068436,-0.00052665,0.0027264,,0.0387008,-0.019912
0.0026483,2.0496,0.5,1.949,0.013348,-0.0039018,0.98176,2.0496,0.5,1.949,0.0014741,0.00050175,-0.0013172,0.000697,-0.0007433,0.0031256,,0.0423728,-0.0210752
0.002981,2.0681,0.5,1.949,0.014918,-0.0069838,0.98461,2.0681,0.5,1.949,0.0014477,0.00061515,-0.0014136,0.00086251,-0.0011161,0.0036518,,0.047696,-0.0226176
0.0029469,2.0875,0.5,1.949,0.016112,-0.0040735,0.97986,2.0875,0.5,1.949,0.0013148,0.00051828,-0.0011986,0.00082952,-0.0010465,0.0037495,,0.0471504,-0.0191776
0.0024707,2.1078,0.5,1.949,0.015836,-0.00024365,0.9799,2.1078,0.5,1.949,0.001139,0.00038525,-0.0008125,0.0007089,-0.00087885,0.0030935,,0.0395312,-0.013
0.0016195,2.129,0.5,1.949,0.012952,0.001957,0.98259,2.129,0.5,1.949,0.00098768,0.00026463,-0.00036823,0.00062001,-0.00064113,0.0016314,,0.025912,-0.00589168
0.0013876,2.1511,0.5,1.949,0.0089185,-0.00058249,0.9931,2.1511,0.5,1.949,0.0008536,8.77E-05,-0.00031342,0.00056823,-0.00035835,0.0013535,,0.0222016,-0.00501472
0.0017008,2.1743,0.5,1.949,0.0060082,-0.0094236,0.99688,2.1743,0.5,1.949,0.00069683,4.12E-05,-0.00015886,0.00055403,-0.00037044,0.0021508,,0.0272128,-0.00254176
0.0018775,2.1984,0.5,1.949,0.0053719,-0.014364,0.98261,2.1984,0.5,1.949,0.00049979,9.35E-05,0.0002065,0.000627,-0.00026619,0.0026283,,0.03004,0.003304
0.0019084,2.2237,0.5,1.949,0.0069917,-0.0093962,0.97567,2.2237,0.5,1.949,0.00039456,0.00011776,6.86E-05,0.00086466,-0.00039859,0.0025577,,0.0305344,0.001098224
0.002038,2.2501,0.5,1.949,0.010448,-0.0082979,0.96064,2.2501,0.5,1.949,0.00047765,5.73E-05,9.29E-05,0.00081208,-0.00014541,0.0027862,,0.032608,0.00148592
0.0019039,2.2776,0.5,1.949,0.014238,-0.011999,0.9676,2.2776,0.5,1.949,0.00066335,0.0001237,0.00015533,0.00073042,0.00021016,0.0024141,,0.0304624,0.00248528
0.0017817,2.3063,0.5,1.949,0.01663,-0.018789,0.98376,2.3063,0.5,1.949,0.00079984,0.00012686,8.28E-05,0.0011716,0.00022323,0.0015919,,0.0285072,0.00132536
0.0030828,2.3362,0.5,1.949,0.018674,-0.018023,0.95573,2.3362,0.5,1.949,0.00085214,0.00023375,0.00049856,0.0014557,0.00036174,0.0038578,,0.0493248,0.00797696
0.0036851,2.3674,0.5,1.949,0.017,-0.015906,0.9448,2.3674,0.5,1.949,0.00092663,0.00041193,0.00090749,0.0013627,0.00018272,0.0050809,,0.0589616,0.01451984
0.0040101,2.3999,0.5,1.949,0.010596,-0.011644,0.8915,2.3999,0.5,1.949,0.00105,0.00042832,0.0014614,0.0015148,0.0008016,0.0054554,,0.0641616,0.0233824
0.0047436,2.4338,0.5,1.949,0.0055642,0.0024268,0.80901,2.4338,0.5,1.949,0.00088965,0.00052445,0.0013583,0.0019809,0.0010168,0.0066167,,0.0758976,0.0217328
0.0037208,2.4691,0.5,1.949,0.0025557,0.0062826,0.70846,2.4691,0.5,1.949,0.00035534,0.00034778,0.00047642,0.0018669,0.00036164,0.0052194,,0.0595328,0.00762272
0.0015941,1.6711,0.5,1.9856,0.0082511,0.012423,0.9765,1.6711,0.5,1.9856,0.00093745,-0.0002563,3.18E-06,0.00093762,-0.00059575,0.0013131,,0.0255056,5.08528E-05
0.0015334,1.6793,0.5,1.9856,0.0076233,0.0081677,0.97729,1.6793,0.5,1.9856,0.00087387,-0.00027667,2.09E-05,0.00086884,-0.00052201,0.0013241,,0.0245344,0.000334416
0.0014817,1.6876,0.5,1.9856,0.0068276,0.0052086,0.97812,1.6876,0.5,1.9856,0.00082887,-0.00029149,3.73E-05,0.00084306,-0.00045475,0.0012914,,0.0237072,0.000596912
0.0014276,1.6958,0.5,1.9856,0.0059925,0.0035345,0.97953,1.6958,0.5,1.9856,0.00079924,-0.00029208,4.38E-05,0.00084527,-0.00039198,0.0012107,,0.0228416,0.000700752
0.0013949,1.7041,0.5,1.9856,0.0053642,0.0026644,0.98047,1.7041,0.5,1.9856,0.00076961,-0.0002671,4.03E-05,0.00084733,-0.00033108,0.0011728,,0.0223184,0.000645264
0.0013952,1.7123,0.5,1.9856,0.0050491,0.0020638,0.98084,1.7123,0.5,1.9856,0.00072561,-0.00021826,4.18E-05,0.00085042,-0.00027442,0.0012143,,0.0223232,0.000669568
0.0014196,1.7206,0.5,1.9856,0.0048437,0.0012091,0.98041,1.7206,0.5,1.9856,0.00066739,-0.00016288,4.79E-05,0.00086191,-0.00021198,0.00131,,0.0227136,0.00076656
0.0014251,1.7289,0.5,1.9856,0.0044084,-2.13E-06,0.9792,1.7289,0.5,1.9856,0.00060787,-0.0001153,3.99E-05,0.0008633,-0.00013285,0.0013789,,0.0228016,0.000638256
0.0013801,1.7371,0.5,1.9856,0.0035088,-0.00098595,0.97944,1.7371,0.5,1.9856,0.0005608,-7.43E-05,2.74E-05,0.00083384,-6.62E-05,0.0013656,,0.0220816,0.0004388
0.0013354,1.7454,0.5,1.9856,0.0021559,-0.0010946,0.98243,1.7454,0.5,1.9856,0.00053412,-3.83E-05,2.61E-05,0.00077436,-4.75E-05,0.0013623,,0.0213664,0.000417024
0.0013381,1.7536,0.5,1.9856,0.00055934,-0.00013423,0.98685,1.7536,0.5,1.9856,0.00052839,-1.55E-05,2.15E-05,0.00070454,-6.90E-05,0.0014433,,0.0214096,0.000343712
0.0013835,1.7619,0.5,1.9856,-0.0010975,0.0015727,0.99122,1.7619,0.5,1.9856,0.00053592,-8.98E-06,-1.22E-05,0.0006421,-0.00010074,0.0015891,,0.022136,-0.000194544
0.0014624,1.7701,0.5,1.9856,-0.0027022,0.0032796,0.9947,1.7701,0.5,1.9856,0.00054163,-1.36E-05,-7.86E-05,0.00059246,-0.00013759,0.0017906,,0.0233984,-0.001257536
0.0015516,1.7784,0.5,1.9856,-0.0040718,0.004364,0.99738,1.7784,0.5,1.9856,0.00053358,-1.58E-05,-0.00015544,0.00055749,-0.00020675,0.0020121,,0.0248256,-0.00248704
0.0015943,1.7866,0.5,1.9856,-0.0050725,0.0040858,1,1.7866,0.5,1.9856,0.00051618,-3.43E-06,-0.00022151,0.00055179,-0.00029398,0.0021207,,0.0255088,-0.00354416
0.0015907,1.7949,0.5,1.9856,-0.0058126,0.0022277,1.0023,1.7949,0.5,1.9856,0.00050929,3.25E-05,-0.00026513,0.00058644,-0.00035935,0.0020857,,0.0254512,-0.00424208
0.0015638,1.8032,0.5,1.9856,-0.0064343,-0.00013369,1.0035,1.8032,0.5,1.9856,0.0005325,8.55E-05,-0.00027684,0.00063359,-0.00040788,0.0019615,,0.0250208,-0.00442944
0.0015171,1.8114,0.5,1.9856,-0.0069035,-0.0022661,1.0034,1.8114,0.5,1.9856,0.00058898,0.0001163,-0.00024324,0.00066466,-0.00046178,0.0017807,,0.0242736,-0.00389184
0.0014769,1.8197,0.5,1.9856,-0.0071696,-0.0042064,1.0034,1.8197,0.5,1.9856,0.00067273,8.94E-05,-0.00016602,0.00070737,-0.00050917,0.0015736,,0.0236304,-0.00265632
0.0014489,1.8279,0.5,1.9856,-0.0073488,-0.0055788,1.0052,1.8279,0.5,1.9856,0.00078804,2.71E-06,-0.00010568,0.00077744,-0.00050866,0.0013323,,0.0231824,-0.00169088
0.0014395,1.8362,0.5,1.9856,-0.007687,-0.0061192,1.0094,1.8362,0.5,1.9856,0.0009401,-0.00010291,-6.83E-05,0.00082585,-0.00043254,0.0011131,,0.023032,-0.001093184
0.0014565,1.8446,0.5,1.9856,-0.0083636,-0.0059654,1.0152,1.8446,0.5,1.9856,0.0011062,-0.0001616,2.20E-05,0.00078678,-0.00029381,0.0010201,,0.023304,0.000352112
0.0015262,1.8534,0.5,1.9856,-0.0092541,-0.0056008,1.0191,1.8534,0.5,1.9856,0.0012475,-0.00015941,0.00018177,0.00069744,-0.00021386,0.0011076,,0.0244192,0.00290832
0.001693,1.8626,0.5,1.9856,-0.0099999,-0.005544,1.0194,1.8626,0.5,1.9856,0.0013515,-0.00012083,0.00039343,0.00066875,-0.00027317,0.0013657,,0.027088,0.00629488
0.0018951,1.8723,0.5,1.9856,-0.010439,-0.0055779,1.0168,1.8723,0.5,1.9856,0.0014378,-6.07E-05,0.00056329,0.00074447,-0.0003855,0.0016079,,0.0303216,0.00901264
0.0020887,1.8824,0.5,1.9856,-0.010628,-0.0048703,1.0121,1.8824,0.5,1.9856,0.001525,3.39E-05,0.00066424,0.0008917,-0.00048849,0.0017608,,0.0334192,0.01062784
0.0022891,1.8931,0.5,1.9856,-0.010496,-0.0032856,1.0078,1.8931,0.5,1.9856,0.0016262,0.00016787,0.00071511,0.0010562,-0.00060652,0.0018958,,0.0366256,0.01144176
0.002474,1.9042,0.5,1.9856,-0.0098542,-0.00065333,1.0059,1.9042,0.5,1.9856,0.0017487,0.00030734,0.00063711,0.0011703,-0.00075189,0.0020289,,0.039584,0.01019376
0.002539,1.9159,0.5,1.9856,-0.0085246,0.0035378,1.0041,1.9159,0.5,1.9856,0.0018662,0.00040302,0.00034227,0.0011531,-0.00090339,0.0020587,,0.040624,0.00547632
0.0024491,1.9282,0.5,1.9856,-0.0065717,0.0078274,1.0018,1.9282,0.5,1.9856,0.0019223,0.00048136,-5.45E-05,0.0010418,-0.00090195,0.0019341,,0.0391856,-0.000872288
0.0024612,1.941,0.5,1.9856,-0.0044057,0.010342,0.99869,1.941,0.5,1.9856,0.0018983,0.00059173,-0.00041652,0.0010012,-0.00088659,0.0020229,,0.0393792,-0.00666432
0.002439,1.9545,0.5,1.9856,-0.0023907,0.01053,0.99438,1.9545,0.5,1.9856,0.0018005,0.00062891,-0.00058795,0.00098078,-0.00074189,0.0020966,,0.039024,-0.0094072
0.0023523,1.9686,0.5,1.9856,-0.00057146,0.0095615,0.9917,1.9686,0.5,1.9856,0.0016056,0.00051499,-0.00062005,0.00095823,-0.00054547,0.0021408,,0.0376368,-0.0099208
0.0022055,1.9833,0.5,1.9856,0.0017364,0.0082794,0.98456,1.9833,0.5,1.9856,0.0014037,0.00033819,-0.0007269,0.00098811,-0.00048137,0.0020192,,0.035288,-0.0116304
0.0020917,1.9988,0.5,1.9856,0.0053694,0.0068935,0.97421,1.9988,0.5,1.9856,0.0013219,0.00024952,-0.00092689,0.00094616,-0.00035507,0.0019152,,0.0334672,-0.01483024
0.0023535,2.0149,0.5,1.9856,0.009228,0.0048592,0.97471,2.0149,0.5,1.9856,0.0013518,0.00030362,-0.0012105,0.00080756,-0.00042191,0.0025477,,0.037656,-0.019368
0.0024479,2.0319,0.5,1.9856,0.011705,0.0012705,0.9778,2.0319,0.5,1.9856,0.0014382,0.00040987,-0.001266,0.00066773,-0.00055065,0.0027899,,0.0391664,-0.020256
0.0026684,2.0496,0.5,1.9856,0.013326,-0.004258,0.98199,2.0496,0.5,1.9856,0.0015021,0.00052696,-0.0013512,0.00068652,-0.00075299,0.0031482,,0.0426944,-0.0216192
0.0029984,2.0681,0.5,1.9856,0.014836,-0.0072597,0.98495,2.0681,0.5,1.9856,0.0014782,0.00062775,-0.0014404,0.00085795,-0.0010891,0.0036607,,0.0479744,-0.0230464
0.0029458,2.0875,0.5,1.9856,0.01596,-0.0042473,0.97971,2.0875,0.5,1.9856,0.0013461,0.00051164,-0.0012079,0.00082068,-0.0010084,0.0037249,,0.0471328,-0.0193264
0.002506,2.1078,0.5,1.9856,0.01569,-0.00044351,0.9794,2.1078,0.5,1.9856,0.0011586,0.00037333,-0.00082911,0.00070469,-0.00086266,0.0031488,,0.040096,-0.01326576
0.0016638,2.129,0.5,1.9856,0.012817,0.0021198,0.98266,2.129,0.5,1.9856,0.00099291,0.00027202,-0.00038235,0.00064532,-0.00063773,0.0016894,,0.0266208,-0.0061176
0.0014048,2.1511,0.5,1.9856,0.0087451,-0.00015599,0.99318,2.1511,0.5,1.9856,0.0008602,0.00010659,-0.00032084,0.00061365,-0.00035443,0.0013357,,0.0224768,-0.00513344
0.001692,2.1743,0.5,1.9856,0.0058916,-0.0091852,0.99647,2.1743,0.5,1.9856,0.00069533,5.10E-05,-0.00016737,0.00056656,-0.00034789,0.0021222,,0.027072,-0.00267792
0.0018451,2.1984,0.5,1.9856,0.0054224,-0.014422,0.98288,2.1984,0.5,1.9856,0.00049136,8.27E-05,0.00020228,0.00060087,-0.00024593,0.0025981,,0.0295216,0.00323648
0.0019286,2.2237,0.5,1.9856,0.007135,-0.0095869,0.97692,2.2237,0.5,1.9856,0.00039401,9.93E-05,7.46E-05,0.00083907,-0.00040945,0.0026242,,0.0308576,0.001192912
0.0020749,2.2501,0.5,1.9856,0.010463,-0.0085034,0.96164,2.2501,0.5,1.9856,0.0004876,4.43E-05,0.00011277,0.00084915,-0.00014151,0.002813,,0.0331984,0.00180432
0.0019075,2.2776,0.5,1.9856,0.014149,-0.011931,0.96779,2.2776,0.5,1.9856,0.00068283,0.00010748,0.00016135,0.00073897,0.0002388,0.0023932,,0.03052,0.0025816
0.0018035,2.3063,0.5,1.9856,0.016631,-0.018632,0.98422,2.3063,0.5,1.9856,0.00081052,0.00013081,8.11E-05,0.0011623,0.0002359,0.0016341,,0.028856,0.00129776
0.003103,2.3362,0.5,1.9856,0.01854,-0.018589,0.9563,2.3362,0.5,1.9856,0.00085295,0.00026658,0.00049873,0.0014871,0.00034486,0.0038661,,0.049648,0.00797968
0.0036977,2.3674,0.5,1.9856,0.016723,-0.016097,0.94467,2.3674,0.5,1.9856,0.00094459,0.0004645,0.00092733,0.0013522,0.00015431,0.0050986,,0.0591632,0.01483728
0.0040612,2.3999,0.5,1.9856,0.010379,-0.011551,0.89181,2.3999,0.5,1.9856,0.00106,0.00044147,0.0014879,0.0015055,0.00080967,0.0055568,,0.0649792,0.0238064
0.0047345,2.4338,0.5,1.9856,0.005273,0.0023254,0.8101,2.4338,0.5,1.9856,0.00087321,0.00049278,0.0013023,0.001978,0.0010544,0.0066177,,0.075752,0.0208368
0.0036564,2.4691,0.5,1.9856,0.0023195,0.0064812,0.70948,2.4691,0.5,1.9856,0.00034397,0.00033289,0.00040706,0.0018496,0.00038811,0.0051193,,0.0585024,0.00651296
0.0016203,1.6711,0.5,2.0222,0.0077578,0.012702,0.9761,1.6711,0.5,2.0222,0.00099261,-0.00026632,1.54E-05,0.00093815,-0.00061168,0.0013099,,0.0259248,0.000246096
0.0015581,1.6793,0.5,2.0222,0.0071191,0.0084159,0.97696,1.6793,0.5,2.0222,0.00091308,-0.00027707,2.47E-05,0.00086189,-0.00053902,0.0013413,,0.0249296,0.000395856
0.001495,1.6876,0.5,2.0222,0.0063388,0.0053845,0.97778,1.6876,0.5,2.0222,0.00085524,-0.0002823,3.55E-05,0.00083103,-0.00047153,0.0013038,,0.02392,0.000567968
0.0014248,1.6958,0.5,2.0222,0.0055543,0.0036221,0.9792,1.6958,0.5,2.0222,0.00081646,-0.00027725,4.88E-05,0.00083595,-0.00040877,0.0011972,,0.0227968,0.000780624
0.001379,1.7041,0.5,2.0222,0.0049938,0.0026553,0.98024,1.7041,0.5,2.0222,0.00077927,-0.00025418,6.03E-05,0.0008457,-0.00034576,0.0011331,,0.022064,0.000965136
0.0013737,1.7123,0.5,2.0222,0.0047287,0.001987,0.98071,1.7123,0.5,2.0222,0.00072974,-0.00021132,6.81E-05,0.00085304,-0.00028702,0.0011647,,0.0219792,0.001089616
0.0014038,1.7206,0.5,2.0222,0.0045448,0.0011273,0.98043,1.7206,0.5,2.0222,0.00067248,-0.00016138,6.50E-05,0.00086122,-0.00022537,0.0012738,,0.0224608,0.001039616
0.0014197,1.7289,0.5,2.0222,0.0040986,-5.46E-05,0.97929,1.7289,0.5,2.0222,0.00061969,-0.00011891,4.34E-05,0.00085138,-0.00014996,0.0013683,,0.0227152,0.000694848
0.0013763,1.7371,0.5,2.0222,0.0031615,-0.0010144,0.97941,1.7371,0.5,2.0222,0.00057675,-8.47E-05,1.94E-05,0.00080545,-8.36E-05,0.0013703,,0.0220208,0.000310944
0.0013225,1.7454,0.5,2.0222,0.0017571,-0.0010984,0.98221,1.7454,0.5,2.0222,0.00054885,-5.76E-05,1.13E-05,0.00073379,-6.04E-05,0.0013624,,0.02116,0.000181552
0.0013187,1.7536,0.5,2.0222,0.00011399,-0.00011812,0.98658,1.7536,0.5,2.0222,0.0005428,-4.26E-05,9.34E-06,0.000666,-7.53E-05,0.0014286,,0.0210992,0.000149368
0.0013685,1.7619,0.5,2.0222,-0.0015529,0.0015977,0.9911,1.7619,0.5,2.0222,0.00055384,-3.69E-05,-1.28E-05,0.00061837,-0.00010088,0.0015649,,0.021896,-0.000205296
0.0014547,1.7701,0.5,2.0222,-0.0031191,0.0033316,0.99477,1.7701,0.5,2.0222,0.00056172,-3.10E-05,-6.67E-05,0.00058561,-0.00013355,0.0017621,,0.0232752,-0.001067952
0.0015481,1.7784,0.5,2.0222,-0.0044217,0.0044664,0.99749,1.7784,0.5,2.0222,0.00054989,-1.53E-05,-0.0001385,0.00056279,-0.00020004,0.0019835,,0.0247696,-0.002216
0.001596,1.7866,0.5,2.0222,-0.0053663,0.0042121,1.0001,1.7866,0.5,2.0222,0.00052544,1.15E-05,-0.00020707,0.00056116,-0.00028815,0.0021053,,0.025536,-0.00331312
0.0015958,1.7949,0.5,2.0222,-0.0060958,0.0023044,1.0024,1.7949,0.5,2.0222,0.00051355,5.18E-05,-0.00025592,0.00059192,-0.00035887,0.0020861,,0.0255328,-0.00409472
0.0015705,1.8032,0.5,2.0222,-0.0067521,-0.00013136,1.0034,1.8032,0.5,2.0222,0.00053495,0.00010091,-0.00026746,0.00063339,-0.00041225,0.0019727,,0.025128,-0.00427936
0.0015186,1.8114,0.5,2.0222,-0.007274,-0.0023003,1.0032,1.8114,0.5,2.0222,0.00058952,0.00012642,-0.00022879,0.00066078,-0.00046981,0.0017869,,0.0242976,-0.00366064
0.0014664,1.8197,0.5,2.0222,-0.007587,-0.0042617,1.0032,1.8197,0.5,2.0222,0.00066996,9.52E-05,-0.0001533,0.00070706,-0.00051827,0.0015558,,0.0234624,-0.0024528
0.001436,1.8279,0.5,2.0222,-0.0077838,-0.0056876,1.0053,1.8279,0.5,2.0222,0.00078493,1.97E-06,-0.00010376,0.00078414,-0.00050627,0.001303,,0.022976,-0.00166016
0.0014268,1.8362,0.5,2.0222,-0.0080954,-0.0063321,1.0094,1.8362,0.5,2.0222,0.00094021,-0.00011014,-7.43E-05,0.0008296,-0.00041182,0.0010837,,0.0228288,-0.001189024
0.0014471,1.8446,0.5,2.0222,-0.0087218,-0.0062392,1.0148,1.8446,0.5,2.0222,0.0011098,-0.00017224,2.10E-05,0.00078051,-0.00028388,0.0010039,,0.0231536,0.000335984
0.0015241,1.8534,0.5,2.0222,-0.0095921,-0.0058152,1.0183,1.8534,0.5,2.0222,0.0012589,-0.00017028,0.0001742,0.00068054,-0.00023895,0.0011088,,0.0243856,0.0027872
0.0016864,1.8626,0.5,2.0222,-0.010371,-0.0056562,1.0184,1.8626,0.5,2.0222,0.0013752,-0.0001314,0.00037205,0.00064557,-0.00030171,0.0013521,,0.0269824,0.0059528
0.0018978,1.8723,0.5,2.0222,-0.010862,-0.0055979,1.0158,1.8723,0.5,2.0222,0.0014648,-7.26E-05,0.00057839,0.00072718,-0.00039295,0.0016036,,0.0303648,0.00925424
0.0021169,1.8824,0.5,2.0222,-0.01109,-0.0048062,1.0113,1.8824,0.5,2.0222,0.0015428,2.67E-05,0.00071766,0.00088662,-0.00049974,0.0018044,,0.0338704,0.01148256
0.0023115,1.8931,0.5,2.0222,-0.010949,-0.0031324,1.0075,1.8931,0.5,2.0222,0.0016317,0.00016871,0.00073354,0.0010554,-0.00064613,0.001936,,0.036984,0.01173664
0.0024834,1.9042,0.5,2.0222,-0.010201,-0.00034088,1.0059,1.9042,0.5,2.0222,0.0017383,0.00030445,0.00059993,0.0011643,-0.00080603,0.0020642,,0.0397344,0.00959888
0.0025522,1.9159,0.5,2.0222,-0.0087083,0.0039383,1.0043,1.9159,0.5,2.0222,0.0018406,0.00039277,0.0002802,0.0011402,-0.00094146,0.0021236,,0.0408352,0.0044832
0.0024724,1.9282,0.5,2.0222,-0.006614,0.0080255,1.0017,1.9282,0.5,2.0222,0.0018959,0.0004827,-0.00011001,0.0010344,-0.0009365,0.0020145,,0.0395584,-0.00176016
0.0024832,1.941,0.5,2.0222,-0.0043635,0.010337,0.99817,1.941,0.5,2.0222,0.0018821,0.00061378,-0.00044209,0.0010012,-0.00092402,0.002083,,0.0397312,-0.00707344
0.0024564,1.9545,0.5,2.0222,-0.0023055,0.010656,0.99343,1.9545,0.5,2.0222,0.0017782,0.00065498,-0.00058294,0.00097232,-0.00076165,0.0021622,,0.0393024,-0.00932704
0.002365,1.9686,0.5,2.0222,-0.00045947,0.0099637,0.99085,1.9686,0.5,2.0222,0.0015584,0.00053132,-0.00058611,0.00095354,-0.00055117,0.0022181,,0.03784,-0.00937776
0.002234,1.9833,0.5,2.0222,0.0018134,0.0087861,0.98417,1.9833,0.5,2.0222,0.0013532,0.00034075,-0.00070174,0.0010133,-0.00051419,0.0021016,,0.035744,-0.01122784
0.0021374,1.9988,0.5,2.0222,0.0053274,0.0071517,0.97409,1.9988,0.5,2.0222,0.001302,0.00023969,-0.00093691,0.00098607,-0.00039555,0.0019868,,0.0341984,-0.01499056
0.0023995,2.0149,0.5,2.0222,0.0090913,0.0047438,0.97455,2.0149,0.5,2.0222,0.0013617,0.00030103,-0.0012318,0.00083086,-0.00043948,0.0026065,,0.038392,-0.0197088
0.0025045,2.0319,0.5,2.0222,0.011618,0.00096591,0.97765,2.0319,0.5,2.0222,0.0014579,0.00042466,-0.0013031,0.00066868,-0.000575,0.0028825,,0.040072,-0.0208496
0.0027006,2.0496,0.5,2.0222,0.013319,-0.0046389,0.98219,2.0496,0.5,2.0222,0.0015136,0.00054194,-0.0013983,0.00067364,-0.00076609,0.003214,,0.0432096,-0.0223728
0.002979,2.0681,0.5,2.0222,0.014773,-0.007553,0.98524,2.0681,0.5,2.0222,0.0014757,0.00063541,-0.00146,0.00084212,-0.0010679,0.0036402,,0.047664,-0.02336
0.0029188,2.0875,0.5,2.0222,0.01582,-0.0043986,0.97958,2.0875,0.5,2.0222,0.00135,0.00051373,-0.0012183,0.00081637,-0.00098672,0.0036712,,0.0467008,-0.0194928
0.0025409,2.1078,0.5,2.0222,0.015575,-0.00062154,0.97888,2.1078,0.5,2.0222,0.0011596,0.00036396,-0.00086529,0.00071478,-0.00086259,0.0032075,,0.0406544,-0.01384464
0.0016962,2.129,0.5,2.0222,0.012694,0.0022531,0.98262,2.129,0.5,2.0222,0.00099083,0.00026067,-0.00040985,0.00067143,-0.00063458,0.0017302,,0.0271392,-0.0065576
0.0014075,2.1511,0.5,2.0222,0.0085607,0.00023437,0.9932,2.1511,0.5,2.0222,0.0008741,0.00010882,-0.00033298,0.00063637,-0.00034922,0.0013045,,0.02252,-0.00532768
0.0016801,2.1743,0.5,2.0222,0.0057904,-0.0089622,0.99606,2.1743,0.5,2.0222,0.00070898,6.15E-05,-0.00018668,0.00055854,-0.00033297,0.0020926,,0.0268816,-0.00298688
0.0018186,2.1984,0.5,2.0222,0.0055008,-0.014441,0.98319,2.1984,0.5,2.0222,0.00050264,7.77E-05,0.00018978,0.00059114,-0.00024425,0.0025434,,0.0290976,0.00303648
0.0019694,2.2237,0.5,2.0222,0.0072964,-0.0097647,0.97824,2.2237,0.5,2.0222,0.00040836,7.62E-05,8.24E-05,0.00083936,-0.00043966,0.0026911,,0.0315104,0.001317856
0.0021276,2.2501,0.5,2.0222,0.010465,-0.0087697,0.96281,2.2501,0.5,2.0222,0.00050825,1.74E-05,0.00012473,0.00088294,-0.00013647,0.0028641,,0.0340416,0.00199568
0.0019184,2.2776,0.5,2.0222,0.014029,-0.011905,0.96802,2.2776,0.5,2.0222,0.00070182,9.37E-05,0.00015564,0.00075187,0.00026879,0.0023831,,0.0306944,0.00249024
0.0018401,2.3063,0.5,2.0222,0.016615,-0.018519,0.98466,2.3063,0.5,2.0222,0.00080488,0.00015439,9.12E-05,0.0011695,0.00024497,0.0017059,,0.0294416,0.001458544
0.0030918,2.3362,0.5,2.0222,0.018329,-0.019155,0.95711,2.3362,0.5,2.0222,0.00084912,0.00031561,0.00052328,0.0015078,0.0003148,0.0038267,,0.0494688,0.00837248
0.0036824,2.3674,0.5,2.0222,0.016358,-0.01631,0.94466,2.3674,0.5,2.0222,0.00097558,0.00051328,0.00097223,0.0013508,0.00011745,0.0050385,,0.0589184,0.01555568
0.0041156,2.3999,0.5,2.0222,0.010132,-0.011486,0.8922,2.3999,0.5,2.0222,0.0010687,0.00046697,0.0015203,0.0015476,0.00081533,0.0056149,,0.0658496,0.0243248
0.0047193,2.4338,0.5,2.0222,0.004943,0.0022408,0.81138,2.4338,0.5,2.0222,0.00084295,0.00049479,0.0012687,0.0020116,0.0010768,0.0065841,,0.0755088,0.0202992
0.0035928,2.4691,0.5,2.0222,0.0020494,0.0066687,0.71058,2.4691,0.5,2.0222,0.00032774,0.00033219,0.00037368,0.0018482,0.00040594,0.0050098,,0.0574848,0.00597888
0.0016204,1.6711,0.5,2.0587,0.0072772,0.013,0.97577,1.6711,0.5,2.0587,0.0010195,-0.00026342,5.26E-05,0.0009401,-0.00063318,0.0012812,,0.0259264,0.000842288
0.0015611,1.6793,0.5,2.0587,0.0066302,0.0087122,0.9767,1.6793,0.5,2.0587,0.00094156,-0.00027043,5.95E-05,0.00085649,-0.00057091,0.0013242,,0.0249776,0.0009512
0.0014893,1.6876,0.5,2.0587,0.0058868,0.005615,0.97748,1.6876,0.5,2.0587,0.0008731,-0.00027485,6.24E-05,0.00081659,-0.0005044,0.001289,,0.0238288,0.000999072
0.001404,1.6958,0.5,2.0587,0.0051459,0.003777,0.97888,1.6958,0.5,2.0587,0.00082282,-0.00027141,6.60E-05,0.00081454,-0.00043619,0.0011706,,0.022464,0.001055584
0.0013542,1.7041,0.5,2.0587,0.004628,0.0027218,0.97998,1.7041,0.5,2.0587,0.00078457,-0.00025151,6.82E-05,0.00082162,-0.00036715,0.0011023,,0.0216672,0.0010904
0.0013622,1.7123,0.5,2.0587,0.0044196,0.0019648,0.98059,1.7123,0.5,2.0587,0.00074591,-0.00021145,6.63E-05,0.00082826,-0.00030446,0.0011502,,0.0217952,0.001060896
0.0014097,1.7206,0.5,2.0587,0.0042806,0.0010713,0.98043,1.7206,0.5,2.0587,0.00070368,-0.00016171,5.88E-05,0.00083593,-0.00023842,0.0012798,,0.0225552,0.00094152
0.0014327,1.7289,0.5,2.0587,0.0038352,-8.18E-05,0.97934,1.7289,0.5,2.0587,0.00066154,-0.00011926,4.42E-05,0.000825,-0.00015847,0.0013788,,0.0229232,0.000706416
0.0013846,1.7371,0.5,2.0587,0.0028523,-0.00099485,0.97937,1.7371,0.5,2.0587,0.00062128,-8.96E-05,3.22E-05,0.00077595,-8.86E-05,0.0013719,,0.0221536,0.000514928
0.0013187,1.7454,0.5,2.0587,0.0013841,-0.0010452,0.982,1.7454,0.5,2.0587,0.00058803,-6.97E-05,3.10E-05,0.00070268,-6.20E-05,0.0013466,,0.0210992,0.000495472
0.0013035,1.7536,0.5,2.0587,-0.00030576,-6.26E-05,0.98633,1.7536,0.5,2.0587,0.00057149,-5.98E-05,2.69E-05,0.00064257,-7.47E-05,0.0013929,,0.020856,0.000430016
0.0013526,1.7619,0.5,2.0587,-0.0019815,0.0016286,0.991,1.7619,0.5,2.0587,0.00057086,-5.57E-05,-2.79E-06,0.00061149,-9.95E-05,0.0015228,,0.0216416,-4.46416E-05
0.0014488,1.7701,0.5,2.0587,-0.0035109,0.0033547,0.99483,1.7701,0.5,2.0587,0.00056906,-4.81E-05,-6.28E-05,0.00059416,-0.00013535,0.0017344,,0.0231808,-0.001004592
0.0015546,1.7784,0.5,2.0587,-0.004749,0.0045244,0.99756,1.7784,0.5,2.0587,0.00055215,-2.73E-05,-0.0001392,0.00058097,-0.0002073,0.0019761,,0.0248736,-0.0022272
0.0016099,1.7866,0.5,2.0587,-0.0056426,0.0043076,1.0001,1.7866,0.5,2.0587,0.00052773,7.22E-06,-0.00021118,0.00058182,-0.00029731,0.0021102,,0.0257584,-0.00337888
0.0016073,1.7949,0.5,2.0587,-0.0063691,0.0023873,1.0024,1.7949,0.5,2.0587,0.0005173,5.53E-05,-0.00026085,0.00060686,-0.00036869,0.0020904,,0.0257168,-0.0041736
0.0015738,1.8032,0.5,2.0587,-0.0070627,-8.59E-05,1.0033,1.8032,0.5,2.0587,0.00053802,0.00010931,-0.00026932,0.00064043,-0.00042413,0.0019691,,0.0251808,-0.00430912
0.0015105,1.8114,0.5,2.0587,-0.0076306,-0.0022728,1.0029,1.8114,0.5,2.0587,0.00059119,0.00013386,-0.00022368,0.00066214,-0.00048009,0.0017677,,0.024168,-0.00357888
0.0014505,1.8197,0.5,2.0587,-0.0079777,-0.0042552,1.0031,1.8197,0.5,2.0587,0.00067359,9.32E-05,-0.00014696,0.00070348,-0.00051768,0.001524,,0.023208,-0.00235136
0.0014215,1.8279,0.5,2.0587,-0.0081758,-0.0057569,1.0054,1.8279,0.5,2.0587,0.0007943,-1.07E-05,-9.90E-05,0.00077573,-0.00049017,0.001273,,0.022744,-0.001583888
0.0014087,1.8362,0.5,2.0587,-0.0084493,-0.0065222,1.0093,1.8362,0.5,2.0587,0.00095334,-0.00012743,-6.60E-05,0.00081923,-0.00038695,0.0010449,,0.0225392,-0.001056656
0.001433,1.8446,0.5,2.0587,-0.0090305,-0.0064958,1.0144,1.8446,0.5,2.0587,0.0011229,-0.00019129,2.60E-05,0.00077354,-0.00027204,0.00096956,,0.022928,0.000415824
0.0015203,1.8534,0.5,2.0587,-0.0098836,-0.0060456,1.0176,1.8534,0.5,2.0587,0.0012732,-0.00018636,0.00015829,0.00067657,-0.00024995,0.0010908,,0.0243248,0.00253264
0.0016706,1.8626,0.5,2.0587,-0.010671,-0.0058105,1.0174,1.8626,0.5,2.0587,0.0013912,-0.00013162,0.00035048,0.000642,-0.00031457,0.0013081,,0.0267296,0.00560768
0.0018885,1.8723,0.5,2.0587,-0.011178,-0.0056372,1.0147,1.8723,0.5,2.0587,0.0014769,-4.65E-05,0.00060076,0.00072856,-0.0004061,0.0015716,,0.030216,0.00961216
0.0021373,1.8824,0.5,2.0587,-0.011428,-0.0047286,1.0106,1.8824,0.5,2.0587,0.0015505,7.15E-05,0.00076425,0.00089583,-0.00052636,0.0018282,,0.0341968,0.012228
0.0023306,1.8931,0.5,2.0587,-0.011265,-0.0029342,1.0073,1.8931,0.5,2.0587,0.0016343,0.0002058,0.00073468,0.0010611,-0.00068638,0.0019659,,0.0372896,0.01175488
0.0024984,1.9042,0.5,2.0587,-0.010407,3.02E-05,1.006,1.9042,0.5,2.0587,0.0017244,0.00031209,0.00055515,0.0011552,-0.00084714,0.0021172,,0.0399744,0.0088824
0.0025717,1.9159,0.5,2.0587,-0.0087807,0.0043355,1.0043,1.9159,0.5,2.0587,0.0018106,0.00037768,0.00022228,0.0011163,-0.00097292,0.0022166,,0.0411472,0.00355648
0.0024882,1.9282,0.5,2.0587,-0.0065944,0.0081577,1.0015,1.9282,0.5,2.0587,0.0018704,0.00047261,-0.00016449,0.001004,-0.00097432,0.002102,,0.0398112,-0.00263184
0.0024805,1.941,0.5,2.0587,-0.0042835,0.010304,0.99753,1.941,0.5,2.0587,0.0018765,0.00061952,-0.00046495,0.00097124,-0.00095456,0.0021134,,0.039688,-0.0074392
0.0024591,1.9545,0.5,2.0587,-0.002182,0.010794,0.99235,1.9545,0.5,2.0587,0.0017792,0.00066107,-0.00056956,0.00094043,-0.00077606,0.0021987,,0.0393456,-0.00911296
0.0023931,1.9686,0.5,2.0587,-0.00033719,0.010378,0.98988,1.9686,0.5,2.0587,0.0015536,0.00053164,-0.00056295,0.00093438,-0.00056056,0.0022983,,0.0382896,-0.0090072
0.0022908,1.9833,0.5,2.0587,0.0018352,0.0093384,0.98374,1.9833,0.5,2.0587,0.0013629,0.00033441,-0.00070708,0.001018,-0.00053545,0.0022007,,0.0366528,-0.01131328
0.0022101,1.9988,0.5,2.0587,0.0051823,0.007434,0.97397,1.9988,0.5,2.0587,0.0013398,0.00023037,-0.00096809,0.0010014,-0.0004193,0.002079,,0.0353616,-0.01548944
0.0024658,2.0149,0.5,2.0587,0.008859,0.0045981,0.97444,2.0149,0.5,2.0587,0.0014024,0.00030628,-0.0012607,0.0008489,-0.00045051,0.0026802,,0.0394528,-0.0201712
0.0025844,2.0319,0.5,2.0587,0.011482,0.00066316,0.9775,2.0319,0.5,2.0587,0.001476,0.00044195,-0.0013424,0.00069544,-0.00059492,0.0029974,,0.0413504,-0.0214784
0.0027475,2.0496,0.5,2.0587,0.013306,-0.0050225,0.98234,2.0496,0.5,2.0587,0.0015096,0.00054635,-0.0014299,0.00068851,-0.00077888,0.0032969,,0.04396,-0.0228784
0.00296,2.0681,0.5,2.0587,0.0147,-0.0078719,0.98553,2.0681,0.5,2.0587,0.0014738,0.00062772,-0.0014839,0.00082496,-0.001046,0.0036212,,0.04736,-0.0237424
0.0029074,2.0875,0.5,2.0587,0.015662,-0.0045125,0.97947,2.0875,0.5,2.0587,0.0013672,0.00050681,-0.0012608,0.0007993,-0.00094871,0.0036483,,0.0465184,-0.0201728
0.0025775,2.1078,0.5,2.0587,0.015439,-0.00075213,0.97834,2.1078,0.5,2.0587,0.0011802,0.00034578,-0.00091969,0.00070683,-0.0008452,0.003268,,0.04124,-0.01471504
0.0017113,2.129,0.5,2.0587,0.012529,0.0023405,0.98248,2.129,0.5,2.0587,0.0010155,0.00023422,-0.00044226,0.00064965,-0.00063143,0.0017574,,0.0273808,-0.00707616
0.0014024,2.1511,0.5,2.0587,0.0083339,0.00056398,0.99314,2.1511,0.5,2.0587,0.00090185,0.00010465,-0.00034332,0.00062082,-0.00035182,0.0012821,,0.0224384,-0.00549312
0.0016683,2.1743,0.5,2.0587,0.0056969,-0.008748,0.99565,2.1743,0.5,2.0587,0.00072403,7.74E-05,-0.0001993,0.00055671,-0.00031767,0.0020559,,0.0266928,-0.0031888
0.0018031,2.1984,0.5,2.0587,0.0056177,-0.014447,0.9836,2.1984,0.5,2.0587,0.00051283,8.32E-05,0.00018425,0.0006228,-0.00023731,0.0024705,,0.0288496,0.002948
0.0020239,2.2237,0.5,2.0587,0.0074721,-0.0099651,0.97961,2.2237,0.5,2.0587,0.00041745,6.79E-05,9.08E-05,0.00087894,-0.00046414,0.0027514,,0.0323824,0.00145208
0.002144,2.2501,0.5,2.0587,0.01047,-0.009077,0.96416,2.2501,0.5,2.0587,0.00051865,-1.56E-06,0.00012652,0.00088182,-0.00016286,0.0028876,,0.034304,0.00202432
0.0018902,2.2776,0.5,2.0587,0.013937,-0.011927,0.96832,2.2776,0.5,2.0587,0.00069888,8.45E-05,0.00014657,0.0007367,0.000257,0.0023448,,0.0302432,0.00234512
0.0018559,2.3063,0.5,2.0587,0.016608,-0.018449,0.98508,2.3063,0.5,2.0587,0.00077704,0.00017752,0.00010838,0.001167,0.00024028,0.0017678,,0.0296944,0.00173408
0.0030545,2.3362,0.5,2.0587,0.018071,-0.019667,0.95813,2.3362,0.5,2.0587,0.0008413,0.00035697,0.00055606,0.0015093,0.00027308,0.0037583,,0.048872,0.00889696
0.0036831,2.3674,0.5,2.0587,0.015981,-0.016529,0.9447,2.3674,0.5,2.0587,0.0010103,0.00055342,0.0010224,0.0013894,9.05E-05,0.0049665,,0.0589296,0.0163584
0.004179,2.3999,0.5,2.0587,0.0099093,-0.011431,0.89273,2.3999,0.5,2.0587,0.0010739,0.00049407,0.0015586,0.0016472,0.0008359,0.005637,,0.066864,0.0249376
0.0046983,2.4338,0.5,2.0587,0.0046051,0.0022151,0.81279,2.4338,0.5,2.0587,0.00079591,0.00050867,0.0012668,0.0020725,0.0011106,0.0065281,,0.0751728,0.0202688
0.0035383,2.4691,0.5,2.0587,0.0017627,0.0068699,0.71163,2.4691,0.5,2.0587,0.00029845,0.00033761,0.00037005,0.0018555,0.0004395,0.0049227,,0.0566128,0.0059208
0.0016242,1.6711,0.5,2.0951,0.006872,0.013214,0.97543,1.6711,0.5,2.0951,0.0010143,-0.00027546,7.16E-05,0.00096305,-0.00063304,0.001271,,0.0259872,0.001145328
0.0015668,1.6793,0.5,2.0951,0.0062286,0.0089666,0.97646,1.6793,0.5,2.0951,0.00094015,-0.00028178,8.07E-05,0.00087724,-0.00058389,0.0013162,,0.0250688,0.001291568
0.0014917,1.6876,0.5,2.0951,0.005509,0.0058552,0.97722,1.6876,0.5,2.0951,0.00086638,-0.0002892,7.99E-05,0.00083237,-0.00052259,0.0012846,,0.0238672,0.001278432
0.0014029,1.6958,0.5,2.0951,0.0048013,0.0039562,0.9786,1.6958,0.5,2.0951,0.00080785,-0.00028944,6.89E-05,0.00082443,-0.00045142,0.0011736,,0.0224464,0.00110184
0.0013524,1.7041,0.5,2.0951,0.0043017,0.0027959,0.97977,1.7041,0.5,2.0951,0.00076794,-0.00026695,5.04E-05,0.00082123,-0.00037589,0.0011157,,0.0216384,0.000806368
0.001362,1.7123,0.5,2.0951,0.0040901,0.0019309,0.98047,1.7123,0.5,2.0951,0.00073965,-0.00021898,3.79E-05,0.00081506,-0.00030532,0.0011692,,0.021792,0.000606656
0.0014128,1.7206,0.5,2.0951,0.003951,0.0010013,0.98037,1.7206,0.5,2.0951,0.00071399,-0.00016197,4.44E-05,0.00081707,-0.00023166,0.0012945,,0.0226048,0.000710944
0.0014434,1.7289,0.5,2.0951,0.0035098,-0.00010938,0.97931,1.7289,0.5,2.0951,0.00068237,-0.00011562,5.73E-05,0.00081221,-0.0001423,0.0013923,,0.0230944,0.00091672
0.0014007,1.7371,0.5,2.0951,0.0025227,-0.00096534,0.97926,1.7371,0.5,2.0951,0.00064282,-8.43E-05,6.28E-05,0.00077316,-6.21E-05,0.0013855,,0.0224112,0.001004352
0.0013317,1.7454,0.5,2.0951,0.0010355,-0.00098265,0.98176,1.7454,0.5,2.0951,0.00060728,-6.23E-05,6.37E-05,0.00070615,-3.22E-05,0.00135,,0.0213072,0.001019536
0.0013113,1.7536,0.5,2.0951,-0.00067894,-1.94E-06,0.98609,1.7536,0.5,2.0951,0.00058966,-4.90E-05,5.21E-05,0.00064846,-5.04E-05,0.0013846,,0.0209808,0.000834064
0.0013586,1.7619,0.5,2.0951,-0.002353,0.0016634,0.99092,1.7619,0.5,2.0951,0.00058597,-4.15E-05,1.03E-05,0.00061783,-8.39E-05,0.0015134,,0.0217376,0.000164048
0.0014539,1.7701,0.5,2.0951,-0.0038398,0.0033831,0.99491,1.7701,0.5,2.0951,0.00057599,-3.46E-05,-6.34E-05,0.00059942,-0.0001284,0.0017324,,0.0232624,-0.001013936
0.0015559,1.7784,0.5,2.0951,-0.0050175,0.0045803,0.99765,1.7784,0.5,2.0951,0.00055057,-2.07E-05,-0.00015043,0.00058335,-0.00021068,0.0019778,,0.0248944,-0.00240688
0.0016017,1.7866,0.5,2.0951,-0.0058744,0.0043906,1.0001,1.7866,0.5,2.0951,0.00052386,6.94E-06,-0.00022509,0.00057902,-0.00030894,0.0021005,,0.0256272,-0.00360144
0.0015906,1.7949,0.5,2.0951,-0.0066105,0.0024678,1.0024,1.7949,0.5,2.0951,0.000515,5.26E-05,-0.000272,0.00059826,-0.0003834,0.0020679,,0.0254496,-0.004352
0.0015567,1.8032,0.5,2.0951,-0.0073442,-1.30E-05,1.0031,1.8032,0.5,2.0951,0.00053676,0.00010603,-0.00027764,0.00062651,-0.00043741,0.0019502,,0.0249072,-0.00444224
0.0014924,1.8114,0.5,2.0951,-0.0079556,-0.0021804,1.0026,1.8114,0.5,2.0951,0.00059179,0.00012753,-0.00022966,0.00064229,-0.00048047,0.0017507,,0.0238784,-0.00367456
0.0014232,1.8197,0.5,2.0951,-0.0083389,-0.0041681,1.0031,1.8197,0.5,2.0951,0.0006769,8.10E-05,-0.00015525,0.00067651,-0.00049612,0.001493,,0.0227712,-0.002484
0.0013811,1.8279,0.5,2.0951,-0.0085469,-0.0057682,1.0054,1.8279,0.5,2.0951,0.00079664,-2.58E-05,-0.00010617,0.00074451,-0.00045344,0.001221,,0.0220976,-0.00169872
0.0013648,1.8362,0.5,2.0951,-0.0087924,-0.0066693,1.0092,1.8362,0.5,2.0951,0.00095024,-0.0001424,-6.69E-05,0.00079357,-0.00034268,0.00098587,,0.0218368,-0.001070528
0.0014122,1.8446,0.5,2.0951,-0.0093289,-0.0067213,1.014,1.8446,0.5,2.0951,0.0011159,-0.00020791,2.21E-05,0.00076231,-0.00023304,0.00094624,,0.0225952,0.000353568
0.0015216,1.8534,0.5,2.0951,-0.010146,-0.0062888,1.0169,1.8534,0.5,2.0951,0.0012651,-0.00019808,0.00014911,0.00067907,-0.00023021,0.0010991,,0.0243456,0.00238576
0.0016614,1.8626,0.5,2.0951,-0.010926,-0.0060028,1.0163,1.8626,0.5,2.0951,0.0013803,-0.00012516,0.00035017,0.00065335,-0.00031727,0.0012892,,0.0265824,0.00560272
0.0018845,1.8723,0.5,2.0951,-0.011461,-0.0056883,1.0135,1.8723,0.5,2.0951,0.0014663,-2.08E-05,0.00061857,0.00074876,-0.00043344,0.0015539,,0.030152,0.00989712
0.0021576,1.8824,0.5,2.0951,-0.011748,-0.004623,1.0099,1.8824,0.5,2.0951,0.0015511,9.80E-05,0.00077881,0.00092308,-0.00056015,0.001841,,0.0345216,0.01246096
0.0023616,1.8931,0.5,2.0951,-0.01156,-0.002679,1.0072,1.8931,0.5,2.0951,0.0016466,0.00021314,0.00071617,0.0010858,-0.00071422,0.0019909,,0.0377856,0.01145872
0.002549,1.9042,0.5,2.0951,-0.010597,0.00043293,1.0062,1.9042,0.5,2.0951,0.0017385,0.00030433,0.00050753,0.0011715,-0.00087087,0.0021879,,0.040784,0.00812048
0.002635,1.9159,0.5,2.0951,-0.0088654,0.0046883,1.0044,1.9159,0.5,2.0951,0.0018213,0.00037352,0.00016121,0.0011242,-0.00099419,0.0023245,,0.04216,0.00257936
0.0025357,1.9282,0.5,2.0951,-0.0066024,0.0082285,1.0011,1.9282,0.5,2.0951,0.0018761,0.00047993,-0.00022336,0.0010078,-0.00099657,0.0021874,,0.0405712,-0.00357376
0.0024937,1.941,0.5,2.0951,-0.0042111,0.010276,0.99676,1.941,0.5,2.0951,0.0018742,0.00062866,-0.00048695,0.00098158,-0.00096256,0.0021316,,0.0398992,-0.0077912
0.0024752,1.9545,0.5,2.0951,-0.0020503,0.010953,0.99117,1.9545,0.5,2.0951,0.0017706,0.00065539,-0.00056042,0.0009499,-0.00078213,0.0022298,,0.0396032,-0.00896672
0.0024373,1.9686,0.5,2.0951,-0.00023443,0.010781,0.98886,1.9686,0.5,2.0951,0.0015522,0.00051021,-0.00056126,0.00093076,-0.00056814,0.0023916,,0.0389968,-0.00898016
0.0023442,1.9833,0.5,2.0951,0.0017803,0.0098814,0.98332,1.9833,0.5,2.0951,0.0013777,0.00030705,-0.00072192,0.0010044,-0.0005448,0.0023063,,0.0375072,-0.01155072
0.0022535,1.9988,0.5,2.0951,0.0049134,0.0076952,0.97389,1.9988,0.5,2.0951,0.0013621,0.00020746,-0.00098228,0.00098106,-0.00044159,0.0021638,,0.036056,-0.01571648
0.0025053,2.0149,0.5,2.0951,0.00852,0.0044142,0.97435,2.0149,0.5,2.0951,0.0014201,0.00029794,-0.0012761,0.00083242,-0.00046827,0.0027581,,0.0400848,-0.0204176
0.0026464,2.0319,0.5,2.0951,0.011291,0.00034782,0.97735,2.0319,0.5,2.0951,0.0014846,0.00045308,-0.0013704,0.00071334,-0.00061756,0.0030948,,0.0423424,-0.0219264
0.0028015,2.0496,0.5,2.0951,0.013247,-0.0053852,0.98245,2.0496,0.5,2.0951,0.0015157,0.00055906,-0.0014432,0.0007314,-0.00079621,0.0033559,,0.044824,-0.0230912
0.0029907,2.0681,0.5,2.0951,0.014595,-0.00815,0.98584,2.0681,0.5,2.0951,0.0015024,0.00062966,-0.0015123,0.00083935,-0.0010167,0.0036398,,0.0478512,-0.0241968
0.0029329,2.0875,0.5,2.0951,0.015492,-0.0045802,0.97943,2.0875,0.5,2.0951,0.0014191,0.00050168,-0.0013195,0.00079367,-0.00089074,0.0036531,,0.0469264,-0.021112
0.0026137,2.1078,0.5,2.0951,0.015272,-0.00086602,0.9778,2.1078,0.5,2.0951,0.0012328,0.0003251,-0.00098331,0.00068858,-0.00081581,0.0033059,,0.0418192,-0.01573296
0.0017388,2.129,0.5,2.0951,0.01233,0.0023548,0.98223,2.129,0.5,2.0951,0.0010671,0.00021367,-0.00048324,0.00060091,-0.00063464,0.0018095,,0.0278208,-0.00773184
0.0014243,2.1511,0.5,2.0951,0.0081107,0.00082121,0.99295,2.1511,0.5,2.0951,0.00094418,0.00010998,-0.00034822,0.00060161,-0.00036027,0.0013029,,0.0227888,-0.00557152
0.0016752,2.1743,0.5,2.0951,0.0056363,-0.0085297,0.99519,2.1743,0.5,2.0951,0.00073989,9.38E-05,-0.00019947,0.00057812,-0.00029141,0.0020323,,0.0268032,-0.00319152
0.0017963,2.1984,0.5,2.0951,0.0057755,-0.014451,0.98402,2.1984,0.5,2.0951,0.00050651,9.15E-05,0.00018988,0.00066073,-0.00021184,0.0024255,,0.0287408,0.00303808
0.0020799,2.2237,0.5,2.0951,0.0076428,-0.010179,0.98095,2.2237,0.5,2.0951,0.00040672,8.21E-05,0.00010716,0.00092067,-0.00047199,0.0028324,,0.0332784,0.00171456
0.0021437,2.2501,0.5,2.0951,0.010454,-0.0093697,0.96559,2.2501,0.5,2.0951,0.00051069,5.01E-06,0.00013254,0.00088548,-0.00022099,0.0028913,,0.0342992,0.00212064
0.0018534,2.2776,0.5,2.0951,0.013875,-0.011948,0.96866,2.2776,0.5,2.0951,0.00068519,7.91E-05,0.00014639,0.00073384,0.00020734,0.0022877,,0.0296544,0.00234224
0.001867,2.3063,0.5,2.0951,0.016606,-0.018347,0.9855,2.3063,0.5,2.0951,0.00075361,0.00018797,0.00011993,0.0011629,0.00023155,0.0018174,,0.029872,0.00191888
0.0030353,2.3362,0.5,2.0951,0.017788,-0.020087,0.95928,2.3362,0.5,2.0951,0.00084397,0.00038738,0.00057481,0.0015129,0.00023622,0.0037137,,0.0485648,0.00919696
0.0037111,2.3674,0.5,2.0951,0.015628,-0.016768,0.94476,2.3674,0.5,2.0951,0.0010511,0.00059769,0.0010575,0.0014571,7.98E-05,0.0049139,,0.0593776,0.01692
0.0042347,2.3999,0.5,2.0951,0.009755,-0.011356,0.89341,2.3999,0.5,2.0951,0.0010895,0.00051514,0.0015976,0.0017379,0.00086587,0.0056419,,0.0677552,0.0255616
0.004689,2.4338,0.5,2.0951,0.0043144,0.0022777,0.81431,2.4338,0.5,2.0951,0.00076195,0.00050196,0.001282,0.0021133,0.0011467,0.0065027,,0.075024,0.020512
0.0035103,2.4691,0.5,2.0951,0.0014878,0.0070903,0.71256,2.4691,0.5,2.0951,0.00027203,0.00033364,0.00036983,0.0018597,0.00046977,0.0048887,,0.0561648,0.00591728
0.0016578,1.6711,0.5,2.1315,0.0064952,0.013491,0.97504,1.6711,0.5,2.1315,0.0010292,-0.00029298,6.26E-05,0.00098632,-0.00062978,0.0013,,0.0265248,0.001002336
0.0015979,1.6793,0.5,2.1315,0.0058468,0.0092994,0.97617,1.6793,0.5,2.1315,0.00094774,-0.00029865,8.14E-05,0.00089955,-0.00057979,0.0013485,,0.0255664,0.001302944
0.0015187,1.6876,0.5,2.1315,0.005171,0.0061558,0.97697,1.6876,0.5,2.1315,0.00086713,-0.0003044,8.27E-05,0.00085601,-0.00051811,0.0013143,,0.0242992,0.001323936
0.0014281,1.6958,0.5,2.1315,0.0044992,0.0041562,0.97837,1.6958,0.5,2.1315,0.00080068,-0.00030111,6.62E-05,0.00085369,-0.00044546,0.0012019,,0.0228496,0.00105904
0.0013698,1.7041,0.5,2.1315,0.0040086,0.0028669,0.97962,1.7041,0.5,2.1315,0.00075373,-0.00027267,3.91E-05,0.00085281,-0.00036529,0.001133,,0.0219168,0.000625248
0.0013606,1.7123,0.5,2.1315,0.0038133,0.0019014,0.98037,1.7123,0.5,2.1315,0.00072198,-0.00021998,2.60E-05,0.00084027,-0.00029304,0.001159,,0.0217696,0.000416672
0.0013936,1.7206,0.5,2.1315,0.0037071,0.0009526,0.98026,1.7206,0.5,2.1315,0.00069551,-0.00016156,4.30E-05,0.00083375,-0.00022178,0.0012579,,0.0222976,0.000688464
0.0014286,1.7289,0.5,2.1315,0.0032844,-0.00010722,0.97918,1.7289,0.5,2.1315,0.0006647,-0.00011475,7.02E-05,0.00082481,-0.00013132,0.0013677,,0.0228576,0.001122816
0.0014041,1.7371,0.5,2.1315,0.0022697,-0.00090682,0.97909,1.7371,0.5,2.1315,0.00062771,-8.04E-05,8.07E-05,0.00078455,-4.46E-05,0.0013959,,0.0224656,0.001291008
0.001341,1.7454,0.5,2.1315,0.0007286,-0.00090091,0.98154,1.7454,0.5,2.1315,0.00059722,-5.19E-05,7.12E-05,0.00071662,-9.65E-06,0.0013682,,0.021456,0.001138864
0.0013152,1.7536,0.5,2.1315,-0.0010186,6.49E-05,0.98589,1.7536,0.5,2.1315,0.00058779,-3.07E-05,4.55E-05,0.00065576,-2.96E-05,0.0013869,,0.0210432,0.00072848
0.0013574,1.7619,0.5,2.1315,-0.0026777,0.0017022,0.99087,1.7619,0.5,2.1315,0.00059345,-1.73E-05,1.21E-06,0.00061735,-6.92E-05,0.0015039,,0.0217184,1.93232E-05
0.0014503,1.7701,0.5,2.1315,-0.0041071,0.0034319,0.99502,1.7701,0.5,2.1315,0.00058925,-9.05E-06,-6.58E-05,0.00059024,-0.00011776,0.0017211,,0.0232048,-0.001052032
0.0015489,1.7784,0.5,2.1315,-0.0052247,0.0046715,0.9978,1.7784,0.5,2.1315,0.0005629,2.97E-07,-0.00014907,0.00056969,-0.00020265,0.0019652,,0.0247824,-0.00238512
0.0015879,1.7866,0.5,2.1315,-0.0060602,0.0045045,1.0002,1.7866,0.5,2.1315,0.00053127,1.89E-05,-0.00022384,0.00056413,-0.00030476,0.0020805,,0.0254064,-0.00358144
0.0015715,1.7949,0.5,2.1315,-0.006823,0.0025722,1.0024,1.7949,0.5,2.1315,0.0005167,5.27E-05,-0.00026895,0.00058123,-0.0003809,0.002045,,0.025144,-0.0043032
0.0015396,1.8032,0.5,2.1315,-0.0076111,8.40E-05,1.0029,1.8032,0.5,2.1315,0.00053192,9.06E-05,-0.00027104,0.0006039,-0.00043439,0.0019435,,0.0246336,-0.00433664
0.0014747,1.8114,0.5,2.1315,-0.0082781,-0.0020695,1.0023,1.8114,0.5,2.1315,0.00058225,9.91E-05,-0.00021947,0.00061304,-0.00047201,0.0017542,,0.0235952,-0.00351152
0.0013898,1.8197,0.5,2.1315,-0.0086942,-0.0040781,1.0029,1.8197,0.5,2.1315,0.00066582,5.34E-05,-0.00014278,0.00064377,-0.00047753,0.0014699,,0.0222368,-0.00228448
0.0013295,1.8279,0.5,2.1315,-0.0088999,-0.0057806,1.0055,1.8279,0.5,2.1315,0.00078078,-4.26E-05,-9.34E-05,0.00071378,-0.00042363,0.0011644,,0.021272,-0.001494448
0.0013176,1.8362,0.5,2.1315,-0.0091217,-0.006795,1.0091,1.8362,0.5,2.1315,0.00092489,-0.00015199,-6.19E-05,0.00076995,-0.00030195,0.0009403,,0.0210816,-0.000989952
0.0013872,1.8446,0.5,2.1315,-0.0096311,-0.0069142,1.0136,1.8446,0.5,2.1315,0.0010835,-0.00021723,2.03E-05,0.00074957,-0.00020148,0.00094133,,0.0221952,0.000324912
0.0015111,1.8534,0.5,2.1315,-0.01043,-0.0065119,1.0161,1.8534,0.5,2.1315,0.001232,-0.00020666,0.00016109,0.00067671,-0.00022901,0.0011134,,0.0241776,0.00257744
0.0016532,1.8626,0.5,2.1315,-0.011225,-0.0061732,1.015,1.8626,0.5,2.1315,0.0013559,-0.0001339,0.00037386,0.00065909,-0.00034699,0.0012914,,0.0264512,0.00598176
0.0018937,1.8723,0.5,2.1315,-0.011807,-0.0057081,1.0122,1.8723,0.5,2.1315,0.001462,-4.27E-05,0.00063243,0.00076225,-0.0004748,0.0015632,,0.0302992,0.01011888
0.0021873,1.8824,0.5,2.1315,-0.012123,-0.0044969,1.0093,1.8824,0.5,2.1315,0.0015671,5.42E-05,0.0007775,0.00093987,-0.00058936,0.0018677,,0.0349968,0.01244
0.0024044,1.8931,0.5,2.1315,-0.01189,-0.0024288,1.0072,1.8931,0.5,2.1315,0.0016752,0.00016189,0.00069275,0.0011005,-0.00074018,0.0020332,,0.0384704,0.011084
0.0026189,1.9042,0.5,2.1315,-0.010811,0.00079038,1.0063,1.9042,0.5,2.1315,0.0017788,0.00027125,0.00045814,0.0011844,-0.00090397,0.0022745,,0.0419024,0.00733024
0.0027204,1.9159,0.5,2.1315,-0.0089696,0.0049708,1.0044,1.9159,0.5,2.1315,0.0018618,0.00036901,0.00010532,0.0011416,-0.0010216,0.0024375,,0.0435264,0.00168512
0.0026039,1.9282,0.5,2.1315,-0.0066222,0.0082577,1.0007,1.9282,0.5,2.1315,0.001894,0.00049154,-0.00026104,0.0010401,-0.0010082,0.0022736,,0.0416624,-0.00417664
0.002529,1.941,0.5,2.1315,-0.0041488,0.01024,0.99585,1.941,0.5,2.1315,0.0018559,0.00063823,-0.00048554,0.0010348,-0.00095755,0.0021673,,0.040464,-0.00776864
0.0025116,1.9545,0.5,2.1315,-0.001956,0.011127,0.98997,1.9545,0.5,2.1315,0.0017308,0.00065042,-0.00054686,0.0010067,-0.00078786,0.0022857,,0.0401856,-0.00874976
0.0024936,1.9686,0.5,2.1315,-0.00019194,0.011211,0.98787,1.9686,0.5,2.1315,0.0015218,0.00049352,-0.00056863,0.00096345,-0.00058157,0.002502,,0.0398976,-0.00909808
0.0023903,1.9833,0.5,2.1315,0.0016706,0.010428,0.98291,1.9833,0.5,2.1315,0.0013577,0.0002991,-0.00072173,0.0010152,-0.00055878,0.0024078,,0.0382448,-0.01154768
0.002275,1.9988,0.5,2.1315,0.0045854,0.0079689,0.97383,1.9988,0.5,2.1315,0.0013442,0.00020766,-0.00096492,0.00097134,-0.0004704,0.0022345,,0.0364,-0.01543872
0.002529,2.0149,0.5,2.1315,0.0081228,0.0042623,0.97429,2.0149,0.5,2.1315,0.0014181,0.00029354,-0.0012823,0.00080045,-0.00049062,0.0028394,,0.040464,-0.0205168
0.002681,2.0319,0.5,2.1315,0.011056,1.51E-05,0.97717,2.0319,0.5,2.1315,0.0014998,0.00045852,-0.0013992,0.00069583,-0.00064271,0.0031664,,0.042896,-0.0223872
0.0028397,2.0496,0.5,2.1315,0.013139,-0.0057509,0.98253,2.0496,0.5,2.1315,0.0015371,0.00057875,-0.0014647,0.00075568,-0.00081185,0.0033867,,0.0454352,-0.0234352
0.0030431,2.0681,0.5,2.1315,0.01445,-0.0083595,0.98615,2.0681,0.5,2.1315,0.0015354,0.000645,-0.0015429,0.00086805,-0.0009844,0.0036827,,0.0486896,-0.0246864
0.0029532,2.0875,0.5,2.1315,0.015307,-0.004591,0.97947,2.0875,0.5,2.1315,0.0014629,0.00050121,-0.0013545,0.00080748,-0.00084377,0.0036361,,0.0472512,-0.021672
0.0026367,2.1078,0.5,2.1315,0.015098,-0.00096744,0.97734,2.1078,0.5,2.1315,0.0012751,0.00030805,-0.0010389,0.00068917,-0.0007986,0.0033092,,0.0421872,-0.0166224
0.0017956,2.129,0.5,2.1315,0.012146,0.0023292,0.98186,2.129,0.5,2.1315,0.0011073,0.00020723,-0.0005391,0.00058226,-0.00064248,0.0019016,,0.0287296,-0.0086256
0.0014764,2.1511,0.5,2.1315,0.00794,0.0010274,0.99261,2.1511,0.5,2.1315,0.00098261,0.00012593,-0.00035499,0.00060051,-0.00036359,0.0013697,,0.0236224,-0.00567984
0.0016911,2.1743,0.5,2.1315,0.0056315,-0.0083311,0.99465,2.1743,0.5,2.1315,0.00075639,0.00010343,-0.00019708,0.0005947,-0.00026263,0.0020312,,0.0270576,-0.00315328
0.0017783,2.1984,0.5,2.1315,0.005983,-0.014477,0.9844,2.1984,0.5,2.1315,0.00049748,9.10E-05,0.00019317,0.00065519,-0.00019083,0.0024039,,0.0284528,0.00309072
0.0021266,2.2237,0.5,2.1315,0.007839,-0.010387,0.98225,2.2237,0.5,2.1315,0.00039626,9.73E-05,0.00012464,0.00092579,-0.00048724,0.0029312,,0.0340256,0.00199424
0.0021839,2.2501,0.5,2.1315,0.010418,-0.0096141,0.96706,2.2501,0.5,2.1315,0.00050649,2.15E-05,0.00014493,0.00093931,-0.00028071,0.002922,,0.0349424,0.00231888
0.0018615,2.2776,0.5,2.1315,0.013795,-0.011939,0.96899,2.2776,0.5,2.1315,0.00069166,7.41E-05,0.00014774,0.00078158,0.00016597,0.0022497,,0.029784,0.00236384
0.0019137,2.3063,0.5,2.1315,0.016599,-0.018208,0.98588,2.3063,0.5,2.1315,0.00076115,0.00019222,0.00012299,0.0011868,0.00022432,0.0018795,,0.0306192,0.00196784
0.0030574,2.3362,0.5,2.1315,0.0175,-0.020443,0.96056,2.3362,0.5,2.1315,0.00086077,0.00041499,0.0005842,0.0015528,0.00020194,0.0037014,,0.0489184,0.0093472
0.0037357,2.3674,0.5,2.1315,0.015298,-0.017061,0.94487,2.3674,0.5,2.1315,0.0010901,0.00064647,0.0010855,0.0015301,8.04E-05,0.0048513,,0.0597712,0.017368
0.0042768,2.3999,0.5,2.1315,0.0096718,-0.011301,0.89421,2.3999,0.5,2.1315,0.0011065,0.00053584,0.0016357,0.0017899,0.00090364,0.0056572,,0.0684288,0.0261712
0.0046962,2.4338,0.5,2.1315,0.004111,0.0023758,0.81596,2.4338,0.5,2.1315,0.00074081,0.00047874,0.0012809,0.0021237,0.0011662,0.006528,,0.0751392,0.0204944
0.0035038,2.4691,0.5,2.1315,0.0012612,0.0072609,0.7134,2.4691,0.5,2.1315,0.00025471,0.00031905,0.00034915,0.0018674,0.00047302,0.0048855,,0.0560608,0.0055864
0.0016856,1.6711,0.5,2.1678,0.0061999,0.0137,0.97458,1.6711,0.5,2.1678,0.0010573,-0.00027913,5.76E-05,0.00099547,-0.00065032,0.0013184,,0.0269696,0.000921536
0.0016276,1.6793,0.5,2.1678,0.0055483,0.0095618,0.97583,1.6793,0.5,2.1678,0.00097402,-0.00028232,9.24E-05,0.00090575,-0.00059362,0.0013754,,0.0260416,0.001477968
0.0015476,1.6876,0.5,2.1678,0.0048895,0.0063921,0.97671,1.6876,0.5,2.1678,0.00089414,-0.00028381,0.00010343,0.00086103,-0.00052949,0.00134,,0.0247616,0.00165488
0.0014512,1.6958,0.5,2.1678,0.0042453,0.0043058,0.97819,1.6958,0.5,2.1678,0.00082328,-0.00027609,9.09E-05,0.00086515,-0.0004573,0.001214,,0.0232192,0.00145384
0.0013771,1.7041,0.5,2.1678,0.0037623,0.0029178,0.97953,1.7041,0.5,2.1678,0.00076611,-0.00024675,6.72E-05,0.00087233,-0.00037105,0.0011157,,0.0220336,0.001074784
0.0013445,1.7123,0.5,2.1678,0.0035545,0.0018911,0.98029,1.7123,0.5,2.1678,0.00072208,-0.00019872,5.81E-05,0.00085998,-0.00029233,0.001107,,0.021512,0.00092984
0.0013606,1.7206,0.5,2.1678,0.0034412,0.00094788,0.98014,1.7206,0.5,2.1678,0.00068314,-0.00014927,7.09E-05,0.00084595,-0.00022302,0.0011921,,0.0217696,0.001135008
0.0013943,1.7289,0.5,2.1678,0.0030134,-5.69E-05,0.97903,1.7289,0.5,2.1678,0.00064345,-0.0001116,8.24E-05,0.00082675,-0.00013886,0.0013184,,0.0223088,0.001318224
0.0013793,1.7371,0.5,2.1678,0.0019903,-0.00081054,0.97894,1.7371,0.5,2.1678,0.00060778,-8.48E-05,7.74E-05,0.00077759,-5.80E-05,0.0013732,,0.0220688,0.001238064
0.0013236,1.7454,0.5,2.1678,0.00043602,-0.000802,0.98137,1.7454,0.5,2.1678,0.00058766,-6.20E-05,5.74E-05,0.00070669,-2.34E-05,0.0013529,,0.0211776,0.000917664
0.0012973,1.7536,0.5,2.1678,-0.0013171,0.00013451,0.98574,1.7536,0.5,2.1678,0.00058806,-4.27E-05,2.65E-05,0.00064871,-3.70E-05,0.0013577,,0.0207568,0.00042328
0.0013348,1.7619,0.5,2.1678,-0.0029493,0.0017453,0.99082,1.7619,0.5,2.1678,0.00059778,-2.86E-05,-1.62E-05,0.00061237,-6.85E-05,0.0014594,,0.0213568,-0.000259792
0.0014265,1.7701,0.5,2.1678,-0.0043172,0.0034895,0.99513,1.7701,0.5,2.1678,0.00059577,-1.81E-05,-7.61E-05,0.00058286,-0.00010872,0.0016745,,0.022824,-0.001218256
0.0015352,1.7784,0.5,2.1678,-0.0053743,0.0047692,0.99796,1.7784,0.5,2.1678,0.00057356,-4.26E-06,-0.00015236,0.00056179,-0.00018782,0.001935,,0.0245632,-0.00243776
0.0015912,1.7866,0.5,2.1678,-0.0061917,0.0046173,1.0004,1.7866,0.5,2.1678,0.00054734,1.97E-05,-0.00022224,0.0005634,-0.00029085,0.0020717,,0.0254592,-0.00355584
0.0015854,1.7949,0.5,2.1678,-0.0069833,0.0026723,1.0024,1.7949,0.5,2.1678,0.00053696,5.61E-05,-0.00025718,0.00058535,-0.00037034,0.0020484,,0.0253664,-0.00411488
0.0015516,1.8032,0.5,2.1678,-0.0078278,0.00017953,1.0027,1.8032,0.5,2.1678,0.00054837,9.08E-05,-0.00024459,0.00060022,-0.00042688,0.0019546,,0.0248256,-0.00391344
0.0014684,1.8114,0.5,2.1678,-0.0085594,-0.0019734,1.002,1.8114,0.5,2.1678,0.00058208,9.42E-05,-0.00018491,0.00059839,-0.00047074,0.0017564,,0.0234944,-0.00295856
0.001358,1.8197,0.5,2.1678,-0.0090212,-0.0040206,1.0028,1.8197,0.5,2.1678,0.00064383,4.75E-05,-0.0001092,0.00062897,-0.00047902,0.0014432,,0.021728,-0.0017472
0.0012926,1.8279,0.5,2.1678,-0.009232,-0.0058169,1.0055,1.8279,0.5,2.1678,0.00074468,-4.92E-05,-6.63E-05,0.00070627,-0.00041286,0.0011342,,0.0206816,-0.001061216
0.001294,1.8362,0.5,2.1678,-0.009433,-0.0069354,1.009,1.8362,0.5,2.1678,0.00088904,-0.00016374,-4.88E-05,0.0007651,-0.00028185,0.00093387,,0.020704,-0.000781312
0.001369,1.8446,0.5,2.1678,-0.0099199,-0.0071337,1.0132,1.8446,0.5,2.1678,0.0010576,-0.0002346,2.36E-05,0.00074437,-0.00020264,0.00093609,,0.021904,0.000378224
0.0014915,1.8534,0.5,2.1678,-0.010713,-0.0067557,1.0154,1.8534,0.5,2.1678,0.0012168,-0.00022639,0.00017137,0.00067131,-0.00026471,0.0010948,,0.023864,0.00274192
0.0016431,1.8626,0.5,2.1678,-0.011535,-0.0063259,1.0139,1.8626,0.5,2.1678,0.0013541,-0.00016087,0.00038508,0.00065362,-0.00039472,0.0012786,,0.0262896,0.00616128
0.0019059,1.8723,0.5,2.1678,-0.012154,-0.0056926,1.0111,1.8723,0.5,2.1678,0.0014743,-8.89E-05,0.00064128,0.00075789,-0.00050355,0.0015797,,0.0304944,0.01026048
0.0022206,1.8824,0.5,2.1678,-0.01248,-0.0043738,1.0088,1.8824,0.5,2.1678,0.0015764,-1.51E-06,0.00078973,0.00093703,-0.00060699,0.0019278,,0.0355296,0.01263568
0.0024462,1.8931,0.5,2.1678,-0.012205,-0.0022183,1.0072,1.8931,0.5,2.1678,0.0016735,0.00012287,0.00067836,0.0010988,-0.0007775,0.0021201,,0.0391392,0.01085376
0.0026716,1.9042,0.5,2.1678,-0.011013,0.0011086,1.0064,1.9042,0.5,2.1678,0.00178,0.00025322,0.00040612,0.0011841,-0.00095584,0.0023791,,0.0427456,0.00649792
0.002783,1.9159,0.5,2.1678,-0.0090416,0.0052294,1.0044,1.9159,0.5,2.1678,0.0018649,0.00036459,5.64E-05,0.001152,-0.0010579,0.002549,,0.044528,0.00090288
0.0026586,1.9282,0.5,2.1678,-0.0066007,0.0082847,1.0002,1.9282,0.5,2.1678,0.0018835,0.00049834,-0.0002824,0.0010712,-0.001025,0.0023624,,0.0425376,-0.0045184
0.0025603,1.941,0.5,2.1678,-0.0040782,0.010207,0.99482,1.941,0.5,2.1678,0.0018229,0.00064864,-0.00047365,0.0010755,-0.00096376,0.0022222,,0.0409648,-0.0075784
0.0025409,1.9545,0.5,2.1678,-0.0019073,0.011336,0.98881,1.9545,0.5,2.1678,0.0016863,0.0006537,-0.00053753,0.0010396,-0.00080377,0.0023557,,0.0406544,-0.00860048
0.0025369,1.9686,0.5,2.1678,-0.0002047,0.011684,0.9869,1.9686,0.5,2.1678,0.0014824,0.0004939,-0.0005745,0.00098544,-0.00060882,0.002606,,0.0405904,-0.009192
0.0024312,1.9833,0.5,2.1678,0.0015329,0.010966,0.98244,1.9833,0.5,2.1678,0.0013231,0.00032196,-0.00069816,0.0010389,-0.00059398,0.0025004,,0.0388992,-0.01117056
0.0023122,1.9988,0.5,2.1678,0.0042182,0.008264,0.97377,1.9988,0.5,2.1678,0.0013257,0.00024474,-0.00093463,0.00098796,-0.00051267,0.0023106,,0.0369952,-0.01495408
0.0025723,2.0149,0.5,2.1678,0.0076514,0.0041672,0.97428,2.0149,0.5,2.1678,0.0014272,0.00031858,-0.0012877,0.00079031,-0.00051582,0.0029272,,0.0411568,-0.0206032
0.0027133,2.0319,0.5,2.1678,0.010759,-0.00029985,0.97698,2.0319,0.5,2.1678,0.0015176,0.00047731,-0.0014131,0.00067388,-0.00066199,0.0032352,,0.0434128,-0.0226096
0.0028545,2.0496,0.5,2.1678,0.013006,-0.0061077,0.98257,2.0496,0.5,2.1678,0.0015507,0.00060082,-0.0014861,0.00074035,-0.00082359,0.0034179,,0.045672,-0.0237776
0.003057,2.0681,0.5,2.1678,0.014273,-0.0085574,0.98642,2.0681,0.5,2.1678,0.0015461,0.00065896,-0.0015707,0.00085999,-0.00096959,0.0037079,,0.048912,-0.0251312
0.002922,2.0875,0.5,2.1678,0.015087,-0.0046021,0.97956,2.0875,0.5,2.1678,0.0014722,0.00050108,-0.0013554,0.00080843,-0.00082697,0.0035634,,0.046752,-0.0216864
0.0026365,2.1078,0.5,2.1678,0.014923,-0.0010645,0.97695,2.1078,0.5,2.1678,0.0012797,0.00029353,-0.0010712,0.00069873,-0.00079227,0.0032945,,0.042184,-0.0171392
0.0018609,2.129,0.5,2.1678,0.011988,0.0022757,0.98141,2.129,0.5,2.1678,0.0011175,0.0001982,-0.00059918,0.00058924,-0.0006407,0.002015,,0.0297744,-0.00958688
0.0015294,2.1511,0.5,2.1678,0.0078107,0.0011729,0.99215,2.1511,0.5,2.1678,0.0010055,0.0001381,-0.0003717,0.00060257,-0.00036031,0.0014507,,0.0244704,-0.0059472
0.0016968,2.1743,0.5,2.1678,0.005665,-0.0081525,0.9941,2.1743,0.5,2.1678,0.00076421,0.00011079,-0.00019926,0.00059455,-0.00024707,0.0020349,,0.0271488,-0.00318816
0.0017472,2.1984,0.5,2.1678,0.0062236,-0.014515,0.98476,2.1984,0.5,2.1678,0.00049073,8.50E-05,0.00018685,0.00062928,-0.00018783,0.0023744,,0.0279552,0.0029896
0.0021632,2.2237,0.5,2.1678,0.0080957,-0.010606,0.98354,2.2237,0.5,2.1678,0.00039891,9.12E-05,0.00013107,0.00090648,-0.00052201,0.0030209,,0.0346112,0.00209712
0.0022478,2.2501,0.5,2.1678,0.01041,-0.009852,0.96861,2.2501,0.5,2.1678,0.00051882,2.00E-05,0.00015275,0.00099822,-0.00032769,0.0029785,,0.0359648,0.002444
0.0018946,2.2776,0.5,2.1678,0.013703,-0.011916,0.96931,2.2776,0.5,2.1678,0.00071305,6.75E-05,0.00013829,0.00083514,0.00015229,0.0022409,,0.0303136,0.00221264
0.0019837,2.3063,0.5,2.1678,0.016612,-0.018018,0.98619,2.3063,0.5,2.1678,0.00077698,0.0002025,0.00012461,0.0012322,0.00020053,0.0019583,,0.0317392,0.00199376
0.0030828,2.3362,0.5,2.1678,0.017239,-0.020713,0.96196,2.3362,0.5,2.1678,0.00087027,0.00044524,0.00059269,0.0016177,0.00014995,0.0036776,,0.0493248,0.00948304
0.0037311,2.3674,0.5,2.1678,0.014984,-0.017403,0.94498,2.3674,0.5,2.1678,0.0011122,0.00068471,0.0011126,0.0015958,8.73E-05,0.0047542,,0.0596976,0.0178016
0.004321,2.3999,0.5,2.1678,0.0096082,-0.01134,0.89503,2.3999,0.5,2.1678,0.0011122,0.00055434,0.0016771,0.0018343,0.00094356,0.0056957,,0.069136,0.0268336
0.0047121,2.4338,0.5,2.1678,0.0039612,0.0024291,0.81771,2.4338,0.5,2.1678,0.00072071,0.00046154,0.001267,0.002129,0.0011723,0.0065745,,0.0753936,0.020272
0.0034967,2.4691,0.5,2.1678,0.0010868,0.0073417,0.71422,2.4691,0.5,2.1678,0.00024264,0.00030568,0.00032052,0.0018784,0.00046578,0.0048724,,0.0559472,0.00512832
0.0016923,1.6711,0.5,2.204,0.0058921,0.013963,0.97412,1.6711,0.5,2.204,0.0010745,-0.00026284,7.47E-05,0.0010091,-0.0006741,0.001301,,0.0270768,0.001194752
0.0016405,1.6793,0.5,2.204,0.005221,0.0098725,0.9755,1.6793,0.5,2.204,0.00099751,-0.00025738,0.00011132,0.00091519,-0.00062409,0.0013683,,0.026248,0.00178112
0.001561,1.6876,0.5,2.204,0.0045962,0.0066478,0.97649,1.6876,0.5,2.204,0.0009226,-0.00024521,0.00012635,0.00086341,-0.0005664,0.001336,,0.024976,0.0020216
0.0014591,1.6958,0.5,2.204,0.0039852,0.0044664,0.97807,1.6958,0.5,2.204,0.00085511,-0.00022745,0.00011712,0.00086651,-0.00049568,0.0011966,,0.0233456,0.00187392
0.0013779,1.7041,0.5,2.204,0.003507,0.0029995,0.97948,1.7041,0.5,2.204,0.00079863,-0.00020049,9.78E-05,0.00087658,-0.00040317,0.0010806,,0.0220464,0.001564832
0.0013428,1.7123,0.5,2.204,0.0033044,0.0019289,0.98022,1.7123,0.5,2.204,0.0007528,-0.00016546,9.07E-05,0.00086352,-0.00031295,0.0010694,,0.0214848,0.001451344
0.0013613,1.7206,0.5,2.204,0.0032147,0.00098767,0.98,1.7206,0.5,2.204,0.00071118,-0.00013151,0.00010087,0.0008411,-0.00023348,0.0011704,,0.0217808,0.00161392
0.0013911,1.7289,0.5,2.204,0.0027983,2.63E-05,0.9789,1.7289,0.5,2.204,0.00066776,-0.00010764,0.00010247,0.00080782,-0.00014678,0.0013067,,0.0222576,0.00163952
0.0013598,1.7371,0.5,2.204,0.0017439,-0.00069171,0.97884,1.7371,0.5,2.204,0.00062666,-9.36E-05,8.13E-05,0.00074821,-6.73E-05,0.0013448,,0.0217568,0.0013012
0.0012888,1.7454,0.5,2.204,0.00015036,-0.00069491,0.98125,1.7454,0.5,2.204,0.00059968,-8.26E-05,5.04E-05,0.00068008,-3.22E-05,0.0012978,,0.0206208,0.000806896
0.0012612,1.7536,0.5,2.204,-0.0016067,0.00021037,0.98561,1.7536,0.5,2.204,0.00059158,-7.28E-05,1.91E-05,0.00063822,-4.37E-05,0.0012926,,0.0201792,0.00030536
0.0013113,1.7619,0.5,2.204,-0.0032003,0.0018132,0.99079,1.7619,0.5,2.204,0.00059222,-6.52E-05,-2.32E-05,0.00062106,-7.09E-05,0.0014093,,0.0209808,-0.000370704
0.0014164,1.7701,0.5,2.204,-0.0044978,0.003574,0.99523,1.7701,0.5,2.204,0.00058467,-5.71E-05,-8.86E-05,0.00060169,-0.00010594,0.0016464,,0.0226624,-0.001417632
0.0015351,1.7784,0.5,2.204,-0.0054864,0.0048576,0.9981,1.7784,0.5,2.204,0.00056382,-3.75E-05,-0.00016919,0.00058085,-0.0001837,0.0019255,,0.0245616,-0.00270704
0.0015978,1.7866,0.5,2.204,-0.0062773,0.0046751,1.0004,1.7866,0.5,2.204,0.00054532,2.26E-06,-0.00023462,0.00058088,-0.00029035,0.0020694,,0.0255648,-0.00375392
0.0015928,1.7949,0.5,2.204,-0.0070915,0.0026976,1.0024,1.7949,0.5,2.204,0.00054731,5.95E-05,-0.00025506,0.00060085,-0.00037206,0.0020375,,0.0254848,-0.00408096
0.001559,1.8032,0.5,2.204,-0.0079816,0.00021391,1.0025,1.8032,0.5,2.204,0.00057163,0.000111,-0.00022302,0.00060883,-0.00042805,0.0019376,,0.024944,-0.00356832
0.0014708,1.8114,0.5,2.204,-0.0087609,-0.0019039,1.0018,1.8114,0.5,2.204,0.00061103,0.00012056,-0.0001542,0.00060114,-0.00047274,0.0017294,,0.0235328,-0.0024672
0.0013564,1.8197,0.5,2.204,-0.0092659,-0.0039547,1.0027,1.8197,0.5,2.204,0.00066885,6.64E-05,-8.77E-05,0.00063451,-0.00047258,0.0014095,,0.0217024,-0.001402736
0.0013027,1.8279,0.5,2.204,-0.00951,-0.0058307,1.0055,1.8279,0.5,2.204,0.00076287,-4.44E-05,-5.47E-05,0.00071599,-0.00038734,0.0011265,,0.0208432,-0.000875744
0.0013119,1.8362,0.5,2.204,-0.0097326,-0.0070647,1.0089,1.8362,0.5,2.204,0.00090322,-0.00017041,-3.83E-05,0.00077326,-0.0002555,0.00094728,,0.0209904,-0.000612688
0.0013804,1.8446,0.5,2.204,-0.010231,-0.0073732,1.0127,1.8446,0.5,2.204,0.0010714,-0.00024861,3.18E-05,0.00074866,-0.00020344,0.00094061,,0.0220864,0.000508816
0.0014906,1.8534,0.5,2.204,-0.011034,-0.0070318,1.0146,1.8534,0.5,2.204,0.0012347,-0.00024318,0.00016963,0.00066756,-0.00029173,0.0010788,,0.0238496,0.00271408
0.0016364,1.8626,0.5,2.204,-0.011866,-0.0064748,1.0127,1.8626,0.5,2.204,0.0013752,-0.00017756,0.00037344,0.00063914,-0.00041601,0.0012584,,0.0261824,0.00597504
0.0019062,1.8723,0.5,2.204,-0.012479,-0.0056534,1.0099,1.8723,0.5,2.204,0.0014841,-0.00010152,0.00064264,0.00074026,-0.00050389,0.001588,,0.0304992,0.01028224
0.0022449,1.8824,0.5,2.204,-0.012797,-0.0042588,1.0082,1.8824,0.5,2.204,0.0015618,4.09E-06,0.00080352,0.00093176,-0.00062162,0.0019962,,0.0359184,0.01285632
0.0024884,1.8931,0.5,2.204,-0.012501,-0.0020062,1.0072,1.8931,0.5,2.204,0.0016432,0.0001459,0.00065839,0.0011099,-0.00082406,0.0022237,,0.0398144,0.01053424
0.0027182,1.9042,0.5,2.204,-0.011217,0.0014571,1.0065,1.9042,0.5,2.204,0.0017443,0.00026403,0.00035725,0.0011962,-0.001009,0.0024959,,0.0434912,0.005716
0.0028248,1.9159,0.5,2.204,-0.0091248,0.0054916,1.0042,1.9159,0.5,2.204,0.0018246,0.00035953,2.76E-05,0.0011597,-0.0010904,0.0026653,,0.0451968,0.0004408
0.0026866,1.9282,0.5,2.204,-0.0065973,0.0082992,0.99946,1.9282,0.5,2.204,0.0018467,0.00050063,-0.00028326,0.0010801,-0.0010433,0.0024465,,0.0429856,-0.00453216
0.0025718,1.941,0.5,2.204,-0.0040321,0.010181,0.99372,1.941,0.5,2.204,0.0017962,0.00066142,-0.00045216,0.0010735,-0.00097726,0.0022739,,0.0411488,-0.00723456
0.0025476,1.9545,0.5,2.204,-0.0018739,0.011564,0.98773,1.9545,0.5,2.204,0.0016662,0.00066775,-0.00052955,0.0010178,-0.00082298,0.0024111,,0.0407616,-0.0084728
0.0025517,1.9686,0.5,2.204,-0.00020311,0.012131,0.98593,1.9686,0.5,2.204,0.0014607,0.00050763,-0.00057983,0.00096513,-0.00064352,0.0026775,,0.0408272,-0.00927728
0.0024663,1.9833,0.5,2.204,0.0014148,0.011445,0.98193,1.9833,0.5,2.204,0.0013086,0.00034454,-0.00068588,0.0010375,-0.00064866,0.0025867,,0.0394608,-0.01097408
0.0023681,1.9988,0.5,2.204,0.0038369,0.0085448,0.9738,1.9988,0.5,2.204,0.0013358,0.00027079,-0.00093891,0.00099534,-0.000576,0.002405,,0.0378896,-0.01502256
0.0026252,2.0149,0.5,2.204,0.0071436,0.0040743,0.97432,2.0149,0.5,2.204,0.00144,0.00034111,-0.0013017,0.00079646,-0.00055245,0.0030139,,0.0420032,-0.0208272
0.0027459,2.0319,0.5,2.204,0.010432,-0.0005847,0.97673,2.0319,0.5,2.204,0.001507,0.0005003,-0.0013975,0.00067556,-0.00067497,0.0033093,,0.0439344,-0.02236
0.0028519,2.0496,0.5,2.204,0.012855,-0.0064245,0.98258,2.0496,0.5,2.204,0.0015384,0.00061398,-0.0014834,0.00070387,-0.00083184,0.0034616,,0.0456304,-0.0237344
0.0030281,2.0681,0.5,2.204,0.014084,-0.0087759,0.98669,2.0681,0.5,2.204,0.0015466,0.00065481,-0.0015831,0.00080403,-0.00096146,0.0037056,,0.0484496,-0.0253296
0.0028613,2.0875,0.5,2.204,0.014869,-0.0046384,0.97962,2.0875,0.5,2.204,0.0014724,0.00050108,-0.0013451,0.00078513,-0.00081624,0.003465,,0.0457808,-0.0215216
0.0026252,2.1078,0.5,2.204,0.014759,-0.0011497,0.97665,2.1078,0.5,2.204,0.00127,0.00029258,-0.0010945,0.00069784,-0.00078974,0.0032826,,0.0420032,-0.017512
0.0019061,2.129,0.5,2.204,0.011826,0.0021967,0.98096,2.129,0.5,2.204,0.0011167,0.00018591,-0.00065353,0.00058229,-0.00063464,0.0021131,,0.0304976,-0.01045648
0.001563,2.1511,0.5,2.204,0.007692,0.0012625,0.99165,2.1511,0.5,2.204,0.0010174,0.00013587,-0.00038757,0.00060056,-0.0003636,0.001508,,0.025008,-0.00620112
0.0016962,2.1743,0.5,2.204,0.0057434,-0.0079701,0.99362,2.1743,0.5,2.204,0.00076245,0.00011978,-0.00020206,0.00060695,-0.00024734,0.002023,,0.0271392,-0.00323296
0.0017342,2.1984,0.5,2.204,0.0064926,-0.014525,0.98515,2.1984,0.5,2.204,0.00048394,8.61E-05,0.00016814,0.00064388,-0.00018741,0.0023407,,0.0277472,0.00269024
0.0022063,2.2237,0.5,2.204,0.0083604,-0.010846,0.98482,2.2237,0.5,2.204,0.000406,7.27E-05,0.00012937,0.0009043,-0.00055477,0.0031022,,0.0353008,0.00206992
0.0022811,2.2501,0.5,2.204,0.010408,-0.01013,0.97027,2.2501,0.5,2.204,0.00053539,2.55E-07,0.00016147,0.00099859,-0.00036903,0.0030283,,0.0364976,0.00258352
0.0019047,2.2776,0.5,2.204,0.013616,-0.011893,0.9696,2.2776,0.5,2.204,0.0007201,6.24E-05,0.00012648,0.00084471,0.00014763,0.0022447,,0.0304752,0.00202368
0.0020259,2.3063,0.5,2.204,0.016647,-0.017804,0.98644,2.3063,0.5,2.204,0.00076805,0.00022228,0.00013163,0.0012558,0.00016647,0.0020279,,0.0324144,0.00210608
0.0030675,2.3362,0.5,2.204,0.01703,-0.020915,0.9634,2.3362,0.5,2.204,0.00086409,0.00047596,0.00060279,0.0016491,9.00E-05,0.0036218,,0.04908,0.00964464
0.0037175,2.3674,0.5,2.204,0.014729,-0.017741,0.94504,2.3674,0.5,2.204,0.0011192,0.00070103,0.0011339,0.0016607,0.00010699,0.0046551,,0.05948,0.0181424
0.0043673,2.3999,0.5,2.204,0.0095685,-0.011445,0.89591,2.3999,0.5,2.204,0.0011118,0.00055423,0.0017118,0.0019022,0.00097251,0.0057205,,0.0698768,0.0273888
0.0047117,2.4338,0.5,2.204,0.003844,0.0024241,0.81957,2.4338,0.5,2.204,0.00071189,0.0004539,0.0012639,0.0021326,0.0011641,0.0065789,,0.0753872,0.0202224
0.0034715,2.4691,0.5,2.204,0.00095498,0.0073416,0.71507,2.4691,0.5,2.204,0.00024014,0.00030214,0.00031223,0.0018697,0.00046652,0.0048331,,0.055544,0.00499568
0.0016956,1.6711,0.5,2.2401,0.0055787,0.014155,0.9737,1.6711,0.5,2.2401,0.0010819,-0.00028848,0.00010316,0.001025,-0.00066341,0.0012843,,0.0271296,0.00165056
0.0016546,1.6793,0.5,2.2401,0.0048967,0.010105,0.97517,1.6793,0.5,2.2401,0.0010059,-0.00028204,0.00013304,0.00093529,-0.00063148,0.0013679,,0.0264736,0.00212864
0.001579,1.6876,0.5,2.2401,0.0042784,0.0068472,0.97626,1.6876,0.5,2.2401,0.00093058,-0.00026205,0.00014178,0.00088347,-0.00058722,0.001344,,0.025264,0.00226848
0.0014733,1.6958,0.5,2.2401,0.0036952,0.0045949,0.97794,1.6958,0.5,2.2401,0.00086941,-0.00023309,0.00012475,0.00088158,-0.00051891,0.0011957,,0.0235728,0.001996
0.0013922,1.7041,0.5,2.2401,0.0032316,0.003074,0.97943,1.7041,0.5,2.2401,0.00082329,-0.0001981,9.80E-05,0.0008851,-0.00042129,0.001076,,0.0222752,0.001567952
0.001366,1.7123,0.5,2.2401,0.0030176,0.0019759,0.98013,1.7123,0.5,2.2401,0.00078591,-0.00016045,8.31E-05,0.00086584,-0.00032325,0.0010803,,0.021856,0.001329248
0.001392,1.7206,0.5,2.2401,0.0029172,0.0010381,0.97983,1.7206,0.5,2.2401,0.00075074,-0.00012828,9.06E-05,0.00083812,-0.00023729,0.0011952,,0.022272,0.00144952
0.0014181,1.7289,0.5,2.2401,0.0025052,0.00011943,0.97876,1.7289,0.5,2.2401,0.00071277,-0.00010972,9.81E-05,0.00080018,-0.00014535,0.0013233,,0.0226896,0.001569296
0.001372,1.7371,0.5,2.2401,0.0014664,-0.00056407,0.97878,1.7371,0.5,2.2401,0.00067112,-0.00010256,8.21E-05,0.00073656,-5.95E-05,0.0013362,,0.021952,0.00131304
0.0012824,1.7454,0.5,2.2401,-0.00011128,-0.00057875,0.98118,1.7454,0.5,2.2401,0.00063196,-9.60E-05,5.18E-05,0.00066897,-1.88E-05,0.0012639,,0.0205184,0.000829104
0.0012467,1.7536,0.5,2.2401,-0.0018485,0.00030868,0.98552,1.7536,0.5,2.2401,0.00060459,-8.68E-05,1.84E-05,0.00063793,-2.96E-05,0.0012508,,0.0199472,0.000295184
0.0013081,1.7619,0.5,2.2401,-0.0034098,0.0019224,0.99077,1.7619,0.5,2.2401,0.00058987,-7.81E-05,-2.85E-05,0.00063895,-5.93E-05,0.0013873,,0.0209296,-0.000456272
0.0014314,1.7701,0.5,2.2401,-0.0046629,0.0037015,0.99532,1.7701,0.5,2.2401,0.00057559,-6.86E-05,-9.66E-05,0.00063284,-9.94E-05,0.0016544,,0.0229024,-0.001546224
0.0015539,1.7784,0.5,2.2401,-0.005612,0.0049631,0.9982,1.7784,0.5,2.2401,0.00055238,-4.71E-05,-0.00017307,0.00061129,-0.00018661,0.0019441,,0.0248624,-0.00276912
0.0015995,1.7866,0.5,2.2401,-0.0063981,0.0047131,1.0005,1.7866,0.5,2.2401,0.00053009,-2.52E-06,-0.00023059,0.00059819,-0.00030202,0.0020708,,0.025592,-0.00368944
0.001571,1.7949,0.5,2.2401,-0.0072443,0.0026852,1.0023,1.7949,0.5,2.2401,0.00052859,6.32E-05,-0.00024773,0.00060427,-0.00038197,0.0020092,,0.025136,-0.00396368
0.0015278,1.8032,0.5,2.2401,-0.0081723,0.00022929,1.0023,1.8032,0.5,2.2401,0.00055765,0.00012354,-0.00021979,0.00060606,-0.0004278,0.0018918,,0.0244448,-0.00351664
0.001445,1.8114,0.5,2.2401,-0.0089744,-0.0017977,1.0017,1.8114,0.5,2.2401,0.00061368,0.00013486,-0.00016181,0.00060049,-0.00046144,0.0016759,,0.02312,-0.00258896
0.0013434,1.8197,0.5,2.2401,-0.0094969,-0.0038112,1.0029,1.8197,0.5,2.2401,0.00069506,7.35E-05,-0.0001083,0.00063528,-0.00044396,0.0013565,,0.0214944,-0.0017328
0.0013059,1.8279,0.5,2.2401,-0.0097639,-0.0057826,1.0056,1.8279,0.5,2.2401,0.00080914,-4.11E-05,-7.02E-05,0.0007128,-0.00034521,0.0010899,,0.0208944,-0.001122528
0.001333,1.8362,0.5,2.2401,-0.010012,-0.0071598,1.0088,1.8362,0.5,2.2401,0.00095588,-0.00016285,-3.36E-05,0.00077213,-0.00021857,0.00093796,,0.021328,-0.00053696
0.0014184,1.8446,0.5,2.2401,-0.010533,-0.0076012,1.0124,1.8446,0.5,2.2401,0.0011197,-0.00024042,4.01E-05,0.00075416,-0.00018331,0.00096284,,0.0226944,0.000642096
0.0015208,1.8534,0.5,2.2401,-0.011342,-0.0073142,1.0139,1.8534,0.5,2.2401,0.0012787,-0.00023976,0.00016487,0.00066955,-0.00028568,0.0010933,,0.0243328,0.00263792
0.0016414,1.8626,0.5,2.2401,-0.012153,-0.0066189,1.0116,1.8626,0.5,2.2401,0.0014045,-0.000175,0.00036735,0.00063161,-0.000409,0.0012466,,0.0262624,0.0058776
0.0019044,1.8723,0.5,2.2401,-0.012746,-0.0056194,1.0086,1.8723,0.5,2.2401,0.0014809,-8.52E-05,0.00065103,0.00073849,-0.00050326,0.0015894,,0.0304704,0.01041648
0.0022692,1.8824,0.5,2.2401,-0.013086,-0.0041646,1.0077,1.8824,0.5,2.2401,0.0015385,4.40E-05,0.0008013,0.00096104,-0.00065044,0.0020388,,0.0363072,0.0128208
0.0025447,1.8931,0.5,2.2401,-0.012798,-0.001779,1.0074,1.8931,0.5,2.2401,0.001622,0.00018945,0.00061223,0.0011649,-0.00086758,0.0023025,,0.0407152,0.00979568
0.0027789,1.9042,0.5,2.2401,-0.011431,0.0018175,1.0065,1.9042,0.5,2.2401,0.0017117,0.00028222,0.0003042,0.0012334,-0.0010466,0.0026127,,0.0444624,0.0048672
0.0028551,1.9159,0.5,2.2401,-0.0092296,0.0057072,1.0039,1.9159,0.5,2.2401,0.0017669,0.00035625,1.10E-05,0.001164,-0.001112,0.0027792,,0.0456816,0.000176544
0.0026843,1.9282,0.5,2.2401,-0.0066295,0.0082593,0.99861,1.9282,0.5,2.2401,0.0017882,0.00049267,-0.00026988,0.0010682,-0.0010505,0.0025122,,0.0429488,-0.00431808
0.0025599,1.941,0.5,2.2401,-0.0040189,0.010131,0.99262,1.941,0.5,2.2401,0.0017668,0.00065059,-0.00042308,0.0010474,-0.00097279,0.0023057,,0.0409584,-0.00676928
0.0025377,1.9545,0.5,2.2401,-0.0018462,0.011762,0.98678,1.9545,0.5,2.2401,0.0016611,0.000656,-0.0005118,0.00098036,-0.0008226,0.0024339,,0.0406032,-0.0081888
0.0025641,1.9686,0.5,2.2401,-0.0001977,0.012512,0.98501,1.9686,0.5,2.2401,0.0014606,0.00050244,-0.00057479,0.00094316,-0.00066745,0.0027244,,0.0410256,-0.00919664
0.0025187,1.9833,0.5,2.2401,0.0012656,0.011875,0.98152,1.9833,0.5,2.2401,0.0013199,0.00033768,-0.00069623,0.0010294,-0.00069165,0.0026882,,0.0402992,-0.01113968
0.0024282,1.9988,0.5,2.2401,0.003426,0.0088029,0.97399,1.9988,0.5,2.2401,0.0013577,0.00024784,-0.00097915,0.00098038,-0.00063265,0.0025184,,0.0388512,-0.0156664
0.0026601,2.0149,0.5,2.2401,0.0066704,0.0039436,0.97432,2.0149,0.5,2.2401,0.0014378,0.00031966,-0.0013188,0.00079124,-0.00059913,0.0030912,,0.0425616,-0.0211008
0.0027697,2.0319,0.5,2.2401,0.010144,-0.00085117,0.97644,2.0319,0.5,2.2401,0.0014749,0.00050725,-0.0013725,0.00069245,-0.00070722,0.003372,,0.0443152,-0.02196
0.0028581,2.0496,0.5,2.2401,0.012696,-0.0066623,0.98266,2.0496,0.5,2.2401,0.0015196,0.00062103,-0.0014706,0.00068927,-0.00085159,0.0035074,,0.0457296,-0.0235296
0.0030109,2.0681,0.5,2.2401,0.013903,-0.008953,0.98694,2.0681,0.5,2.2401,0.0015564,0.00063604,-0.0015901,0.0007566,-0.00093666,0.0037088,,0.0481744,-0.0254416
0.0028204,2.0875,0.5,2.2401,0.014689,-0.0046612,0.97959,2.0875,0.5,2.2401,0.001474,0.00049151,-0.0013455,0.000765,-0.00077793,0.0034017,,0.0451264,-0.021528
0.0026142,2.1078,0.5,2.2401,0.014601,-0.0012165,0.97639,2.1078,0.5,2.2401,0.0012547,0.00030057,-0.0011244,0.00068595,-0.00077421,0.0032878,,0.0418272,-0.0179904
0.0019269,2.129,0.5,2.2401,0.011651,0.0021066,0.98055,2.129,0.5,2.2401,0.0011202,0.00018655,-0.00071049,0.00055376,-0.00062806,0.0021798,,0.0308304,-0.01136784
0.0015826,2.1511,0.5,2.2401,0.0075976,0.0013217,0.9911,2.1511,0.5,2.2401,0.001028,0.00013479,-0.00040756,0.00060768,-0.00037911,0.0015297,,0.0253216,-0.00652096
0.0016996,2.1743,0.5,2.2401,0.0058759,-0.0077968,0.99318,2.1743,0.5,2.2401,0.00075279,0.00013334,-0.00021068,0.00064578,-0.00025196,0.0020006,,0.0271936,-0.00337088
0.0017451,2.1984,0.5,2.2401,0.0067774,-0.014526,0.98559,2.1984,0.5,2.2401,0.0004763,9.58E-05,0.0001362,0.00069006,-0.00017101,0.0023238,,0.0279216,0.0021792
0.0022563,2.2237,0.5,2.2401,0.0085701,-0.011091,0.98606,2.2237,0.5,2.2401,0.00041414,6.15E-05,0.00012128,0.00092148,-0.00055933,0.003177,,0.0361008,0.00194048
0.0022896,2.2501,0.5,2.2401,0.010357,-0.010417,0.97201,2.2501,0.5,2.2401,0.00054504,-1.42E-05,0.00017481,0.00097284,-0.00040623,0.0030613,,0.0366336,0.00279696
0.0019059,2.2776,0.5,2.2401,0.013509,-0.011885,0.96989,2.2776,0.5,2.2401,0.00070908,6.59E-05,0.00012074,0.00084892,0.00012672,0.0022538,,0.0304944,0.00193184
0.002039,2.3063,0.5,2.2401,0.016666,-0.01764,0.98661,2.3063,0.5,2.2401,0.00074154,0.00024627,0.0001442,0.0012577,0.00015438,0.0020787,,0.032624,0.0023072
0.0030277,2.3362,0.5,2.2401,0.016898,-0.021112,0.96482,2.3362,0.5,2.2401,0.00085223,0.00050093,0.00061613,0.0016348,6.41E-05,0.0035684,,0.0484432,0.00985808
0.0037354,2.3674,0.5,2.2401,0.014619,-0.018048,0.94503,2.3674,0.5,2.2401,0.0011219,0.00069971,0.0011474,0.0017367,0.00015587,0.0046123,,0.0597664,0.0183584
0.0044019,2.3999,0.5,2.2401,0.0096063,-0.011543,0.89694,2.3999,0.5,2.2401,0.0011182,0.00052955,0.0017284,0.0019868,0.00099027,0.0056987,,0.0704304,0.0276544
0.0046786,2.4338,0.5,2.2401,0.0037583,0.0024211,0.82163,2.4338,0.5,2.2401,0.00072877,0.00044265,0.0012752,0.0021343,0.0011276,0.0064942,,0.0748576,0.0204032
0.0034427,2.4691,0.5,2.2401,0.0008459,0.0073223,0.71603,2.4691,0.5,2.2401,0.00025343,0.00030578,0.00033082,0.0018594,0.00046876,0.0047725,,0.0550832,0.00529312
0.0017096,1.6711,0.5,2.2762,0.0052463,0.014368,0.97326,1.6711,0.5,2.2762,0.0010955,-0.00031408,0.00012566,0.001037,-0.00063802,0.0012867,,0.0273536,0.00201056
0.0016759,1.6793,0.5,2.2762,0.0045515,0.01037,0.9748,1.6793,0.5,2.2762,0.0010151,-0.00031535,0.00015914,0.00095249,-0.00061445,0.0013842,,0.0268144,0.00254624
0.0016051,1.6876,0.5,2.2762,0.0039467,0.0070617,0.97601,1.6876,0.5,2.2762,0.00093463,-0.00029991,0.00016408,0.00090198,-0.00057306,0.0013735,,0.0256816,0.00262528
0.0014953,1.6958,0.5,2.2762,0.0033726,0.0047264,0.9778,1.6958,0.5,2.2762,0.00087066,-0.00026952,0.00013066,0.00089386,-0.0005057,0.0012261,,0.0239248,0.00209056
0.0014104,1.7041,0.5,2.2762,0.0029082,0.0031436,0.97938,1.7041,0.5,2.2762,0.00082602,-0.00022848,8.42E-05,0.00089039,-0.00040998,0.0011044,,0.0225664,0.001347456
0.0013852,1.7123,0.5,2.2762,0.0026969,0.002017,0.98008,1.7123,0.5,2.2762,0.00079287,-0.00018206,5.63E-05,0.00086837,-0.00031493,0.0011091,,0.0221632,0.000900528
0.001407,1.7206,0.5,2.2762,0.0026137,0.001107,0.9797,1.7206,0.5,2.2762,0.00076249,-0.00014028,6.04E-05,0.00084135,-0.00023435,0.0012101,,0.022512,0.0009664
0.0014243,1.7289,0.5,2.2762,0.0022187,0.00026611,0.97866,1.7289,0.5,2.2762,0.00072899,-0.00011274,6.93E-05,0.00080569,-0.0001437,0.0013139,,0.0227888,0.001109136
0.0013775,1.7371,0.5,2.2762,0.0011794,-0.00036416,0.97873,1.7371,0.5,2.2762,0.00069184,-9.85E-05,5.77E-05,0.00074235,-5.30E-05,0.0013208,,0.02204,0.000923152
0.0012935,1.7454,0.5,2.2762,-0.00039072,-0.00039877,0.98111,1.7454,0.5,2.2762,0.00065659,-8.76E-05,3.45E-05,0.00067217,-9.38E-06,0.0012583,,0.020696,0.0005524
0.001263,1.7536,0.5,2.2762,-0.0020966,0.0004389,0.98543,1.7536,0.5,2.2762,0.00063065,-7.38E-05,6.27E-06,0.0006394,-2.15E-05,0.0012559,,0.020208,0.000100368
0.0013255,1.7619,0.5,2.2762,-0.0036153,0.0020295,0.99076,1.7619,0.5,2.2762,0.0006138,-5.60E-05,-3.89E-05,0.00064226,-5.45E-05,0.001395,,0.021208,-0.000622448
0.0014476,1.7701,0.5,2.2762,-0.0048289,0.0038089,0.99539,1.7701,0.5,2.2762,0.00059403,-3.58E-05,-0.0001006,0.00063921,-9.76E-05,0.0016619,,0.0231616,-0.0016096
0.0015661,1.7784,0.5,2.2762,-0.0057609,0.0050443,0.99826,1.7784,0.5,2.2762,0.00056275,-1.01E-05,-0.00016322,0.0006155,-0.00018528,0.0019539,,0.0250576,-0.00261152
0.0015989,1.7866,0.5,2.2762,-0.0065713,0.0047325,1.0005,1.7866,0.5,2.2762,0.00053013,2.53E-05,-0.00020869,0.00059296,-0.00029864,0.0020746,,0.0255824,-0.00333904
0.0015563,1.7949,0.5,2.2762,-0.007472,0.0026543,1.0022,1.7949,0.5,2.2762,0.00051786,6.95E-05,-0.00022222,0.00059035,-0.00037508,0.0020044,,0.0249008,-0.00355552
0.0015066,1.8032,0.5,2.2762,-0.0084445,0.00021765,1.0021,1.8032,0.5,2.2762,0.00054122,0.00010885,-0.00020179,0.00059009,-0.00041775,0.001882,,0.0241056,-0.00322864
0.0014187,1.8114,0.5,2.2762,-0.0092617,-0.0017208,1.0016,1.8114,0.5,2.2762,0.00060028,0.0001122,-0.00016188,0.00058557,-0.00044741,0.0016516,,0.0226992,-0.00259008
0.0013052,1.8197,0.5,2.2762,-0.0097896,-0.0036989,1.003,1.8197,0.5,2.2762,0.00068874,5.89E-05,-0.00012157,0.00061521,-0.00042184,0.0013064,,0.0208832,-0.00194512
0.0012605,1.8279,0.5,2.2762,-0.010074,-0.0057604,1.0057,1.8279,0.5,2.2762,0.000806,-3.62E-05,-7.61E-05,0.00068769,-0.00032066,0.0010274,,0.020168,-0.001217264
0.0013099,1.8362,0.5,2.2762,-0.010351,-0.0072604,1.0087,1.8362,0.5,2.2762,0.00095233,-0.00014116,-2.79E-05,0.00075689,-0.0001994,0.00091062,,0.0209584,-0.000446992
0.0014271,1.8446,0.5,2.2762,-0.010894,-0.0078326,1.012,1.8446,0.5,2.2762,0.0011206,-0.00021772,4.05E-05,0.00075619,-0.00017124,0.00097728,,0.0228336,0.00064728
0.0015317,1.8534,0.5,2.2762,-0.011684,-0.0076047,1.0132,1.8534,0.5,2.2762,0.0012857,-0.00022947,0.00016264,0.00068181,-0.00028284,0.0010958,,0.0245072,0.00260224
0.0016417,1.8626,0.5,2.2762,-0.01244,-0.0067638,1.0103,1.8626,0.5,2.2762,0.0014028,-0.00017722,0.00037793,0.00064904,-0.00041709,0.0012315,,0.0262672,0.00604688
0.0019109,1.8723,0.5,2.2762,-0.013021,-0.0055929,1.0074,1.8723,0.5,2.2762,0.0014668,-9.04E-05,0.00065877,0.00077103,-0.00053162,0.0015839,,0.0305744,0.01054032
0.0023074,1.8824,0.5,2.2762,-0.013417,-0.0040621,1.0075,1.8824,0.5,2.2762,0.0015388,3.91E-05,0.00077289,0.0010176,-0.00069222,0.0020584,,0.0369184,0.01236624
0.0026228,1.8931,0.5,2.2762,-0.013132,-0.0015176,1.0076,1.8931,0.5,2.2762,0.0016401,0.00018256,0.00055656,0.0012226,-0.00090559,0.0023828,,0.0419648,0.00890496
0.002858,1.9042,0.5,2.2762,-0.011657,0.0021909,1.0063,1.9042,0.5,2.2762,0.0017108,0.00027623,0.00026831,0.001258,-0.0010825,0.0027472,,0.045728,0.00429296
0.0028869,1.9159,0.5,2.2762,-0.0093494,0.0059097,1.0034,1.9159,0.5,2.2762,0.001729,0.00035169,8.97E-06,0.0011659,-0.0011351,0.0028789,,0.0461904,0.000143592
0.0026818,1.9282,0.5,2.2762,-0.0066964,0.0082169,0.99775,1.9282,0.5,2.2762,0.0017319,0.00048138,-0.00025007,0.0010731,-0.001053,0.0025585,,0.0429088,-0.00400112
0.0025487,1.941,0.5,2.2762,-0.0040368,0.010099,0.9916,1.941,0.5,2.2762,0.001718,0.00062247,-0.00039814,0.0010543,-0.00095794,0.0023252,,0.0407792,-0.00637024
0.0025211,1.9545,0.5,2.2762,-0.0018141,0.011964,0.98598,1.9545,0.5,2.2762,0.0016285,0.00061364,-0.00049997,0.00098866,-0.00081747,0.002425,,0.0403376,-0.00799952
0.0025879,1.9686,0.5,2.2762,-0.00017984,0.012867,0.98424,1.9686,0.5,2.2762,0.0014494,0.00047155,-0.00058071,0.00096484,-0.00069564,0.0027615,,0.0414064,-0.00929136
0.0025828,1.9833,0.5,2.2762,0.0011076,0.012285,0.98128,1.9833,0.5,2.2762,0.0013242,0.00031679,-0.00072167,0.0010434,-0.00070982,0.002798,,0.0413248,-0.01154672
0.0024733,1.9988,0.5,2.2762,0.0030305,0.0090461,0.97425,1.9988,0.5,2.2762,0.0013443,0.0002077,-0.0010037,0.0009684,-0.00064237,0.0026338,,0.0395728,-0.0160592
0.0026714,2.0149,0.5,2.2762,0.0062479,0.0037755,0.97427,2.0149,0.5,2.2762,0.0013986,0.0002699,-0.0013141,0.00077709,-0.00062362,0.0031671,,0.0427424,-0.0210256
0.002786,2.0319,0.5,2.2762,0.0098784,-0.0011324,0.97621,2.0319,0.5,2.2762,0.0014429,0.00049345,-0.0013619,0.00071015,-0.00074816,0.0034188,,0.044576,-0.0217904
0.0029023,2.0496,0.5,2.2762,0.012528,-0.0068262,0.98282,2.0496,0.5,2.2762,0.0015188,0.00063186,-0.0014777,0.00073042,-0.00087744,0.0035554,,0.0464368,-0.0236432
0.0030477,2.0681,0.5,2.2762,0.013755,-0.0090314,0.98713,2.0681,0.5,2.2762,0.0015736,0.00063121,-0.0016046,0.00078313,-0.00090533,0.0037386,,0.0487632,-0.0256736
0.0028162,2.0875,0.5,2.2762,0.01456,-0.0046581,0.97948,2.0875,0.5,2.2762,0.0014732,0.00048312,-0.00135,0.00078431,-0.000737,0.0033749,,0.0450592,-0.0216
0.0026161,2.1078,0.5,2.2762,0.014442,-0.0012866,0.97619,2.1078,0.5,2.2762,0.0012481,0.00030321,-0.0011558,0.00068851,-0.00074848,0.0032957,,0.0418576,-0.0184928
0.0019556,2.129,0.5,2.2762,0.011473,0.0020131,0.98012,2.129,0.5,2.2762,0.0011385,0.00019296,-0.00077571,0.00053883,-0.00061341,0.0022339,,0.0312896,-0.01241136
0.0016124,2.1511,0.5,2.2762,0.0075426,0.0013606,0.99042,2.1511,0.5,2.2762,0.0010416,0.000144,-0.00044294,0.00062299,-0.00039538,0.0015602,,0.0257984,-0.00708704
0.0017085,2.1743,0.5,2.2762,0.0060297,-0.0076361,0.99273,2.1743,0.5,2.2762,0.00074238,0.00014783,-0.00023166,0.00067614,-0.00025593,0.0019984,,0.027336,-0.00370656
0.0017489,2.1984,0.5,2.2762,0.0070386,-0.014521,0.98605,2.1984,0.5,2.2762,0.00047417,0.00010127,0.00010589,0.00071039,-0.00014853,0.0023132,,0.0279824,0.00169424
0.002294,2.2237,0.5,2.2762,0.008742,-0.011317,0.98724,2.2237,0.5,2.2762,0.00042648,5.50E-05,0.00012121,0.00093307,-0.00054169,0.0032285,,0.036704,0.00193936
0.0023151,2.2501,0.5,2.2762,0.010305,-0.010673,0.97375,2.2501,0.5,2.2762,0.00054652,-1.82E-05,0.00018835,0.00098864,-0.00043273,0.003095,,0.0370416,0.0030136
0.001933,2.2776,0.5,2.2762,0.013417,-0.011893,0.97017,2.2776,0.5,2.2762,0.00069113,7.38E-05,0.00011568,0.00089713,9.18E-05,0.0022778,,0.030928,0.00185088
0.0020682,2.3063,0.5,2.2762,0.016652,-0.017492,0.98671,2.3063,0.5,2.2762,0.00071944,0.00026547,0.0001556,0.0012895,0.00015964,0.0021274,,0.0330912,0.0024896
0.0030158,2.3362,0.5,2.2762,0.01679,-0.021259,0.96617,2.3362,0.5,2.2762,0.00084824,0.0005217,0.00062588,0.0016498,6.40E-05,0.0035336,,0.0482528,0.01001408
0.0037887,2.3674,0.5,2.2762,0.014614,-0.018353,0.94497,2.3674,0.5,2.2762,0.0011336,0.00069989,0.0011551,0.0018304,0.00022174,0.0046133,,0.0606192,0.0184816
0.0044273,2.3999,0.5,2.2762,0.0097108,-0.011633,0.89808,2.3999,0.5,2.2762,0.0011391,0.0004992,0.0017344,0.0020666,0.00099973,0.005649,,0.0708368,0.0277504
0.0046386,2.4338,0.5,2.2762,0.0037082,0.002482,0.82386,2.4338,0.5,2.2762,0.00076034,0.00042311,0.0012955,0.0021603,0.001065,0.0063565,,0.0742176,0.020728
0.0034398,2.4691,0.5,2.2762,0.00076203,0.0073522,0.71715,2.4691,0.5,2.2762,0.00027269,0.00030818,0.00036418,0.0018982,0.00046694,0.0047086,,0.0550368,0.00582688
0.0017264,1.6711,0.5,2.3122,0.0049525,0.014529,0.97275,1.6711,0.5,2.3122,0.0011181,-0.00029723,0.00014298,0.0010499,-0.00063781,0.0012848,,0.0276224,0.00228768
0.001692,1.6793,0.5,2.3122,0.0042372,0.010602,0.97438,1.6793,0.5,2.3122,0.0010449,-0.00030457,0.00019004,0.00096164,-0.00061545,0.0013774,,0.027072,0.00304064
0.0016252,1.6876,0.5,2.3122,0.0036203,0.0072762,0.97578,1.6876,0.5,2.3122,0.00096719,-0.00029845,0.00020258,0.00090947,-0.00057433,0.0013738,,0.0260032,0.00324128
0.0015191,1.6958,0.5,2.3122,0.0030472,0.0048721,0.97774,1.6958,0.5,2.3122,0.00089365,-0.00027407,0.00016236,0.00090249,-0.0005112,0.0012422,,0.0243056,0.00259776
0.0014264,1.7041,0.5,2.3122,0.0025721,0.0032318,0.97942,1.7041,0.5,2.3122,0.00083056,-0.00023315,9.87E-05,0.00090477,-0.00041616,0.0011175,,0.0228224,0.001579392
0.0013836,1.7123,0.5,2.3122,0.0023275,0.0020785,0.98011,1.7123,0.5,2.3122,0.00078291,-0.0001856,5.81E-05,0.0008887,-0.00031787,0.0010955,,0.0221376,0.000930384
0.0013875,1.7206,0.5,2.3122,0.0022073,0.0011886,0.97969,1.7206,0.5,2.3122,0.00074984,-0.00014346,5.99E-05,0.00086129,-0.0002356,0.0011638,,0.0222,0.000958864
0.0013995,1.7289,0.5,2.3122,0.0017998,0.00041858,0.97864,1.7289,0.5,2.3122,0.0007225,-0.0001132,6.84E-05,0.00082003,-0.00014605,0.0012564,,0.022392,0.001093872
0.0013644,1.7371,0.5,2.3122,0.00078875,-0.00015526,0.97871,1.7371,0.5,2.3122,0.00069414,-9.30E-05,5.24E-05,0.00074985,-5.54E-05,0.0012847,,0.0218304,0.0008376
0.0012948,1.7454,0.5,2.3122,-0.00072905,-0.00021492,0.98103,1.7454,0.5,2.3122,0.00066793,-7.59E-05,2.18E-05,0.00067359,-8.50E-06,0.001248,,0.0207168,0.000348816
0.0012699,1.7536,0.5,2.3122,-0.0023767,0.00054154,0.98534,1.7536,0.5,2.3122,0.0006485,-5.71E-05,-1.28E-05,0.00063423,-1.99E-05,0.0012571,,0.0203184,-0.000204528
0.0013284,1.7619,0.5,2.3122,-0.0038408,0.0020717,0.99074,1.7619,0.5,2.3122,0.00063126,-3.49E-05,-5.67E-05,0.00062876,-5.78E-05,0.0013969,,0.0212544,-0.000906528
0.0014415,1.7701,0.5,2.3122,-0.0050104,0.0038326,0.99543,1.7701,0.5,2.3122,0.00060546,-1.01E-05,-0.00011053,0.00061847,-0.00010165,0.0016591,,0.023064,-0.00176848
0.0015588,1.7784,0.5,2.3122,-0.0059262,0.0050472,0.9983,1.7784,0.5,2.3122,0.00056984,1.87E-05,-0.00016511,0.00059211,-0.00017751,0.0019556,,0.0249408,-0.00264176
0.0015966,1.7866,0.5,2.3122,-0.0067645,0.0047037,1.0005,1.7866,0.5,2.3122,0.00053918,5.02E-05,-0.00020304,0.00057385,-0.00027316,0.0020802,,0.0255456,-0.00324864
0.0015598,1.7949,0.5,2.3122,-0.0077203,0.0026059,1.0021,1.7949,0.5,2.3122,0.00053079,7.89E-05,-0.00020625,0.00057904,-0.00034302,0.0020098,,0.0249568,-0.0033
0.0015146,1.8032,0.5,2.3122,-0.0087426,0.00018015,1.002,1.8032,0.5,2.3122,0.00055302,9.68E-05,-0.00017635,0.0005824,-0.00039734,0.0018938,,0.0242336,-0.0028216
0.0014187,1.8114,0.5,2.3122,-0.0095892,-0.0017214,1.0016,1.8114,0.5,2.3122,0.0006045,8.67E-05,-0.00013621,0.0005728,-0.00044078,0.0016602,,0.0226992,-0.00217936
0.0012808,1.8197,0.5,2.3122,-0.010131,-0.0036985,1.003,1.8197,0.5,2.3122,0.00067911,3.57E-05,-9.86E-05,0.00059058,-0.00041517,0.001292,,0.0204928,-0.001577536
0.0012192,1.8279,0.5,2.3122,-0.010435,-0.0058195,1.0057,1.8279,0.5,2.3122,0.00077918,-5.04E-05,-5.56E-05,0.00065613,-0.00031088,0.0010032,,0.0195072,-0.000889264
0.0012753,1.8362,0.5,2.3122,-0.010749,-0.0073936,1.0086,1.8362,0.5,2.3122,0.0009157,-0.0001484,-2.03E-05,0.00073096,-0.0001975,0.0009039,,0.0204048,-0.000324032
0.001397,1.8446,0.5,2.3122,-0.011322,-0.0080633,1.0117,1.8446,0.5,2.3122,0.0010853,-0.00022116,3.71E-05,0.00074712,-0.00018386,0.00096157,,0.022352,0.000593088
0.0015015,1.8534,0.5,2.3122,-0.012084,-0.0078544,1.0124,1.8534,0.5,2.3122,0.0012497,-0.00023385,0.00017421,0.00069275,-0.00031013,0.0010605,,0.024024,0.00278736
0.0016248,1.8626,0.5,2.3122,-0.012785,-0.006841,1.0091,1.8626,0.5,2.3122,0.0013622,-0.00018878,0.0004019,0.00067329,-0.00045735,0.0012142,,0.0259968,0.0064304
0.0019079,1.8723,0.5,2.3122,-0.01338,-0.0054898,1.0064,1.8723,0.5,2.3122,0.0014375,-0.00012001,0.00064324,0.00080013,-0.00057766,0.0015783,,0.0305264,0.01029184
0.002328,1.8824,0.5,2.3122,-0.013826,-0.0038896,1.0073,1.8824,0.5,2.3122,0.0015346,-1.56E-05,0.00070869,0.0010352,-0.00073358,0.0020863,,0.037248,0.01133904
0.0026799,1.8931,0.5,2.3122,-0.013491,-0.0012232,1.0076,1.8931,0.5,2.3122,0.0016456,0.00012263,0.0005064,0.001212,-0.00095367,0.0025021,,0.0428784,0.0081024
0.0029268,1.9042,0.5,2.3122,-0.011868,0.0025762,1.0059,1.9042,0.5,2.3122,0.001713,0.00023561,0.00025365,0.0012365,-0.001141,0.0029041,,0.0468288,0.0040584
0.0029344,1.9159,0.5,2.3122,-0.0094519,0.0061214,1.003,1.9159,0.5,2.3122,0.0017351,0.00033424,1.16E-05,0.0011686,-0.0011706,0.002965,,0.0469504,0.000185456
0.0027207,1.9282,0.5,2.3122,-0.0067587,0.0081891,0.99692,1.9282,0.5,2.3122,0.0017373,0.00047751,-0.00023337,0.0011033,-0.0010596,0.0026008,,0.0435312,-0.00373392
0.0025717,1.941,0.5,2.3122,-0.0040528,0.010109,0.99065,1.941,0.5,2.3122,0.0017037,0.00061037,-0.00037898,0.0010931,-0.00094971,0.0023467,,0.0411472,-0.00606368
0.0025175,1.9545,0.5,2.3122,-0.0017727,0.012207,0.98533,1.9545,0.5,2.3122,0.0015958,0.00058702,-0.00049627,0.0010315,-0.00082816,0.0024078,,0.04028,-0.00794032
0.002617,1.9686,0.5,2.3122,-0.00015216,0.013207,0.98364,1.9686,0.5,2.3122,0.0014283,0.00045219,-0.00060294,0.0010012,-0.00074435,0.0028045,,0.041872,-0.00964704
0.0026256,1.9833,0.5,2.3122,0.00098252,0.012631,0.98116,1.9833,0.5,2.3122,0.0013129,0.00031642,-0.00073722,0.0010504,-0.00072518,0.0028877,,0.0420096,-0.01179552
0.0024933,1.9988,0.5,2.3122,0.0026861,0.0092752,0.97457,1.9988,0.5,2.3122,0.0013051,0.00021323,-0.00097256,0.00096514,-0.00063125,0.0027164,,0.0398928,-0.01556096
0.0026803,2.0149,0.5,2.3122,0.0058252,0.0036297,0.97429,2.0149,0.5,2.3122,0.0013438,0.00026295,-0.001274,0.00077548,-0.00063453,0.0032413,,0.0428848,-0.020384
0.0028061,2.0319,0.5,2.3122,0.0095713,-0.0014346,0.97605,2.0319,0.5,2.3122,0.0014136,0.00049244,-0.0013612,0.00072813,-0.0007797,0.0034706,,0.0448976,-0.0217792
0.0029609,2.0496,0.5,2.3122,0.012339,-0.0069753,0.98297,2.0496,0.5,2.3122,0.0015151,0.00064615,-0.0014951,0.0007887,-0.00089482,0.0036179,,0.0473744,-0.0239216
0.0030887,2.0681,0.5,2.3122,0.01361,-0.0090525,0.98724,2.0681,0.5,2.3122,0.0015723,0.00063983,-0.0016103,0.00083233,-0.00088932,0.0037728,,0.0494192,-0.0257648
0.0028083,2.0875,0.5,2.3122,0.014434,-0.0046539,0.97933,2.0875,0.5,2.3122,0.0014744,0.00048411,-0.0013365,0.00080966,-0.00072334,0.0033325,,0.0449328,-0.021384
0.0026308,2.1078,0.5,2.3122,0.014281,-0.0013562,0.97607,2.1078,0.5,2.3122,0.0012817,0.00029273,-0.0011777,0.00070643,-0.00072508,0.0032735,,0.0420928,-0.0188432
0.0020238,2.129,0.5,2.3122,0.011328,0.0019383,0.97965,2.129,0.5,2.3122,0.0011884,0.00018419,-0.00084383,0.00055912,-0.00059318,0.0023,,0.0323808,-0.01350128
0.0016709,2.1511,0.5,2.3122,0.007543,0.0013929,0.98959,2.1511,0.5,2.3122,0.0010632,0.00015321,-0.00047973,0.00062759,-0.00040211,0.001651,,0.0267344,-0.00767568
0.0017193,2.1743,0.5,2.3122,0.0061948,-0.0074866,0.99226,2.1743,0.5,2.3122,0.00074348,0.00015832,-0.00024533,0.00066139,-0.00026037,0.0020338,,0.0275088,-0.00392528
0.0017391,2.1984,0.5,2.3122,0.0072774,-0.014491,0.9865,2.1984,0.5,2.3122,0.00048726,9.91E-05,9.21E-05,0.00069926,-0.00014171,0.0022916,,0.0278256,0.001474208
0.0023217,2.2237,0.5,2.3122,0.0089218,-0.011483,0.98832,2.2237,0.5,2.3122,0.00044459,4.51E-05,0.00013472,0.00094026,-0.00053442,0.0032585,,0.0371472,0.00215552
0.0023572,2.2501,0.5,2.3122,0.010316,-0.010895,0.97549,2.2501,0.5,2.3122,0.00054779,-2.33E-05,0.00019976,0.0010237,-0.00046389,0.0031429,,0.0377152,0.00319616
0.0019672,2.2776,0.5,2.3122,0.01338,-0.011925,0.97047,2.2776,0.5,2.3122,0.00067529,6.82E-05,0.00010852,0.00094381,5.71E-05,0.0023153,,0.0314752,0.00173632
0.0021088,2.3063,0.5,2.3122,0.016618,-0.017337,0.9868,2.3063,0.5,2.3122,0.00070893,0.00026608,0.00015301,0.0013345,0.00014163,0.0021742,,0.0337408,0.00244816
0.0030212,2.3362,0.5,2.3122,0.016658,-0.021325,0.96749,2.3362,0.5,2.3122,0.00085704,0.00053749,0.00062062,0.0017098,3.86E-05,0.0034755,,0.0483392,0.00992992
0.0038209,2.3674,0.5,2.3122,0.014631,-0.018673,0.9449,2.3674,0.5,2.3122,0.0011513,0.0007045,0.0011594,0.0019267,0.0002732,0.0045638,,0.0611344,0.0185504
0.0044429,2.3999,0.5,2.3122,0.0098582,-0.011775,0.89928,2.3999,0.5,2.3122,0.0011592,0.00047652,0.0017351,0.0021379,0.00099576,0.0055886,,0.0710864,0.0277616
0.0046183,2.4338,0.5,2.3122,0.0037506,0.0025884,0.82614,2.4338,0.5,2.3122,0.00077402,0.00039946,0.0013102,0.0022191,0.0010109,0.0062434,,0.0738928,0.0209632
0.0034507,2.4691,0.5,2.3122,0.00075805,0.0074486,0.71836,2.4691,0.5,2.3122,0.00027719,0.00030165,0.00039208,0.0019695,0.00048064,0.0046546,,0.0552112,0.00627328
0.0017373,1.6711,0.5,2.3482,0.0046228,0.014747,0.97223,1.6711,0.5,2.3482,0.0011406,-0.00027254,0.00015665,0.001064,-0.00064881,0.00127,,0.0277968,0.0025064
0.0016943,1.6793,0.5,2.3482,0.0038637,0.010924,0.97395,1.6793,0.5,2.3482,0.0010705,-0.00027238,0.00020791,0.00096779,-0.00063372,0.0013503,,0.0271088,0.00332656
0.001619,1.6876,0.5,2.3482,0.0032492,0.0075722,0.97558,1.6876,0.5,2.3482,0.00098826,-0.00026512,0.00022296,0.000911,-0.00060282,0.0013387,,0.025904,0.00356736
0.0015149,1.6958,0.5,2.3482,0.002695,0.0050783,0.97774,1.6958,0.5,2.3482,0.00090767,-0.00024719,0.00018628,0.00090746,-0.00054945,0.0012146,,0.0242384,0.00298048
0.0014221,1.7041,0.5,2.3482,0.0022222,0.003355,0.97954,1.7041,0.5,2.3482,0.00083866,-0.00021671,0.0001292,0.00091492,-0.00045228,0.0010906,,0.0227536,0.0020672
0.0013657,1.7123,0.5,2.3482,0.0019557,0.0021595,0.9802,1.7123,0.5,2.3482,0.0007877,-0.00017952,9.35E-05,0.00090002,-0.00033742,0.0010437,,0.0218512,0.001496016
0.0013533,1.7206,0.5,2.3482,0.0018183,0.0012777,0.97969,1.7206,0.5,2.3482,0.00075526,-0.00014622,9.30E-05,0.00086654,-0.00023688,0.0010847,,0.0216528,0.001487344
0.0013644,1.7289,0.5,2.3482,0.0014085,0.00056142,0.97863,1.7289,0.5,2.3482,0.00073128,-0.00012268,9.68E-05,0.00081486,-0.00013921,0.0011826,,0.0218304,0.001548336
0.0013422,1.7371,0.5,2.3482,0.00040384,2.95E-05,0.97869,1.7371,0.5,2.3482,0.00070441,-0.00010745,7.81E-05,0.00073797,-5.03E-05,0.0012421,,0.0214752,0.001248832
0.0012814,1.7454,0.5,2.3482,-0.0010826,-6.22E-05,0.98097,1.7454,0.5,2.3482,0.00067269,-9.13E-05,4.24E-05,0.00066149,-6.74E-06,0.0012287,,0.0205024,0.000678784
0.001251,1.7536,0.5,2.3482,-0.0026761,0.00061835,0.98527,1.7536,0.5,2.3482,0.00063858,-6.89E-05,-2.44E-06,0.00062295,-2.11E-05,0.0012405,,0.020016,-3.90288E-05
0.0013005,1.7619,0.5,2.3482,-0.0040808,0.0020992,0.99071,1.7619,0.5,2.3482,0.00060281,-4.55E-05,-5.62E-05,0.00061665,-6.36E-05,0.0013814,,0.020808,-0.000899328
0.0014133,1.7701,0.5,2.3482,-0.0052011,0.0038369,0.99543,1.7701,0.5,2.3482,0.00056696,-2.63E-05,-0.00011472,0.00060508,-0.00010775,0.0016546,,0.0226128,-0.00183552
0.0015363,1.7784,0.5,2.3482,-0.0060975,0.0050125,0.99834,1.7784,0.5,2.3482,0.00053826,-3.44E-06,-0.00017085,0.00057838,-0.00017514,0.0019561,,0.0245808,-0.0027336
0.0015815,1.7866,0.5,2.3482,-0.0069588,0.0046318,1.0005,1.7866,0.5,2.3482,0.00052848,3.04E-05,-0.00020553,0.00056562,-0.00025952,0.002069,,0.025304,-0.00328848
0.0015554,1.7949,0.5,2.3482,-0.0079604,0.0025423,1.0021,1.7949,0.5,2.3482,0.00054414,6.98E-05,-0.00019931,0.00058027,-0.00032641,0.0019864,,0.0248864,-0.00318896
0.0015231,1.8032,0.5,2.3482,-0.0090206,0.00017276,1.002,1.8032,0.5,2.3482,0.00058224,9.61E-05,-0.00016145,0.000588,-0.00039018,0.001876,,0.0243696,-0.0025832
0.0014323,1.8114,0.5,2.3482,-0.0098895,-0.0016722,1.0017,1.8114,0.5,2.3482,0.0006349,8.20E-05,-0.00012026,0.00057434,-0.00043846,0.0016555,,0.0229168,-0.00192416
0.0012879,1.8197,0.5,2.3482,-0.010445,-0.0036476,1.0031,1.8197,0.5,2.3482,0.00069726,1.50E-05,-8.37E-05,0.00058201,-0.0004007,0.0012965,,0.0206064,-0.001339872
0.0012212,1.8279,0.5,2.3482,-0.010773,-0.0058396,1.0056,1.8279,0.5,2.3482,0.00078158,-8.90E-05,-4.46E-05,0.00063718,-0.0002884,0.0010237,,0.0195392,-0.000713184
0.0012691,1.8362,0.5,2.3482,-0.011133,-0.0075353,1.0085,1.8362,0.5,2.3482,0.00090904,-0.00019295,-1.93E-05,0.00070859,-0.00018974,0.00092047,,0.0203056,-0.0003092
0.0013705,1.8446,0.5,2.3482,-0.011732,-0.0083366,1.0114,1.8446,0.5,2.3482,0.0010726,-0.00025429,4.02E-05,0.00073202,-0.0001989,0.00093628,,0.021928,0.00064384
0.0014724,1.8534,0.5,2.3482,-0.012462,-0.0081283,1.0115,1.8534,0.5,2.3482,0.0012294,-0.00024732,0.00020112,0.00068665,-0.00034242,0.0010286,,0.0235584,0.00321792
0.0016137,1.8626,0.5,2.3482,-0.013132,-0.0069075,1.0079,1.8626,0.5,2.3482,0.0013465,-0.000191,0.00042457,0.0006666,-0.00049418,0.0012143,,0.0258192,0.00679312
0.0018993,1.8723,0.5,2.3482,-0.013763,-0.0053462,1.0056,1.8723,0.5,2.3482,0.0014377,-0.00013227,0.00060413,0.00077923,-0.00060044,0.0015816,,0.0303888,0.00966608
0.0023321,1.8824,0.5,2.3482,-0.014235,-0.0036801,1.0071,1.8824,0.5,2.3482,0.001528,-4.92E-05,0.00064048,0.0009928,-0.00076109,0.0021433,,0.0373136,0.01024768
0.0027166,1.8931,0.5,2.3482,-0.013821,-0.00091954,1.0073,1.8931,0.5,2.3482,0.00161,8.04E-05,0.00047726,0.0011642,-0.001014,0.002659,,0.0434656,0.00763616
0.002976,1.9042,0.5,2.3482,-0.01207,0.0029548,1.0055,1.9042,0.5,2.3482,0.0016749,0.0001972,0.0002369,0.0012187,-0.0012052,0.0030583,,0.047616,0.0037904
0.0029795,1.9159,0.5,2.3482,-0.0095611,0.0063195,1.0025,1.9159,0.5,2.3482,0.0017308,0.00031386,-2.59E-06,0.0011923,-0.0012003,0.003036,,0.047672,-0.000041488
0.0027712,1.9282,0.5,2.3482,-0.0068048,0.0081884,0.99603,1.9282,0.5,2.3482,0.0017562,0.00048043,-0.00022311,0.0011392,-0.0010685,0.002647,,0.0443392,-0.00356976
0.0025987,1.941,0.5,2.3482,-0.0040372,0.010192,0.98972,1.941,0.5,2.3482,0.0017072,0.00061756,-0.00036012,0.0011172,-0.00095003,0.002373,,0.0415792,-0.00576192
0.0025137,1.9545,0.5,2.3482,-0.0017313,0.012518,0.98482,1.9545,0.5,2.3482,0.001575,0.00059816,-0.00050059,0.0010514,-0.00083932,0.0024011,,0.0402192,-0.00800944
0.0026273,1.9686,0.5,2.3482,-0.00015952,0.013574,0.98319,1.9686,0.5,2.3482,0.0014068,0.00046248,-0.00063657,0.0010014,-0.00077884,0.0028464,,0.0420368,-0.01018512
0.0026297,1.9833,0.5,2.3482,0.00085811,0.012942,0.98105,1.9833,0.5,2.3482,0.0013001,0.00032204,-0.00073109,0.0010161,-0.00074064,0.0029433,,0.0420752,-0.01169744
0.0024992,1.9988,0.5,2.3482,0.002381,0.009517,0.97498,1.9988,0.5,2.3482,0.0012959,0.00023336,-0.00090968,0.0009419,-0.00064644,0.0027605,,0.0399872,-0.01455488
0.0027118,2.0149,0.5,2.3482,0.0054163,0.0035537,0.97448,2.0149,0.5,2.3482,0.0013406,0.00028962,-0.001229,0.00077551,-0.00066228,0.0033075,,0.0433888,-0.019664
0.0028523,2.0319,0.5,2.3482,0.0092583,-0.0017104,0.97593,2.0319,0.5,2.3482,0.001412,0.0005177,-0.0013567,0.00074559,-0.00080718,0.0035469,,0.0456368,-0.0217072
0.0030052,2.0496,0.5,2.3482,0.012134,-0.0071089,0.98306,2.0496,0.5,2.3482,0.0015095,0.00066447,-0.0015019,0.00080387,-0.00091406,0.0036971,,0.0480832,-0.0240304
0.0030871,2.0681,0.5,2.3482,0.013418,-0.0090852,0.98729,2.0681,0.5,2.3482,0.0015668,0.00064395,-0.0016085,0.00081339,-0.00089013,0.003794,,0.0493936,-0.025736
0.0027642,2.0875,0.5,2.3482,0.014253,-0.0046798,0.97916,2.0875,0.5,2.3482,0.0014872,0.00048587,-0.0013159,0.00078776,-0.00072023,0.0032535,,0.0442272,-0.0210544
0.0026298,2.1078,0.5,2.3482,0.014114,-0.0014138,0.97605,2.1078,0.5,2.3482,0.0013328,0.00027711,-0.001189,0.00070898,-0.00070719,0.0032178,,0.0420768,-0.019024
0.0021152,2.129,0.5,2.3482,0.01123,0.0018548,0.97915,2.129,0.5,2.3482,0.0012435,0.00016236,-0.00090399,0.0005906,-0.00058362,0.0023963,,0.0338432,-0.01446384
0.0017442,2.1511,0.5,2.3482,0.007581,0.0014092,0.98865,2.1511,0.5,2.3482,0.0010829,0.00015522,-0.00050071,0.00062284,-0.0004102,0.0017827,,0.0279072,-0.00801136
0.0017268,2.1743,0.5,2.3482,0.0063622,-0.0073421,0.9918,2.1743,0.5,2.3482,0.0007482,0.00017001,-0.00023336,0.00062689,-0.00026347,0.0020786,,0.0276288,-0.00373376
0.0017436,2.1984,0.5,2.3482,0.0075184,-0.014459,0.98692,2.1984,0.5,2.3482,0.00050181,0.00010545,8.86E-05,0.00070226,-0.0001354,0.002283,,0.0278976,0.00141728
0.0023574,2.2237,0.5,2.3482,0.0091205,-0.01161,0.98926,2.2237,0.5,2.3482,0.00046056,4.53E-05,0.00013737,0.00095429,-0.00053674,0.0032999,,0.0377184,0.00219792
0.0023791,2.2501,0.5,2.3482,0.010351,-0.01111,0.97721,2.2501,0.5,2.3482,0.00055147,-2.32E-05,0.00020675,0.0010129,-0.00051341,0.0031938,,0.0380656,0.003308
0.0019665,2.2776,0.5,2.3482,0.01335,-0.011982,0.97083,2.2776,0.5,2.3482,0.0006635,5.28E-05,0.00011555,0.00093206,2.83E-05,0.0023374,,0.031464,0.0018488
0.002107,2.3063,0.5,2.3482,0.016577,-0.017215,0.98684,2.3063,0.5,2.3482,0.00069994,0.00025033,0.00014647,0.0013172,0.00010106,0.0021969,,0.033712,0.00234352
0.0029759,2.3362,0.5,2.3482,0.016561,-0.021369,0.96872,2.3362,0.5,2.3482,0.00085876,0.00053784,0.00060272,0.0017281,-3.03E-06,0.0033649,,0.0476144,0.00964352
0.003785,2.3674,0.5,2.3482,0.014695,-0.018994,0.94484,2.3674,0.5,2.3482,0.0011567,0.00069058,0.0011559,0.0019999,0.00030863,0.0044134,,0.06056,0.0184944
0.004436,2.3999,0.5,2.3482,0.010059,-0.012004,0.90049,2.3999,0.5,2.3482,0.0011631,0.00045431,0.0017265,0.00221,0.00097088,0.0054988,,0.070976,0.027624
0.0045998,2.4338,0.5,2.3482,0.0039089,0.0026891,0.82839,2.4338,0.5,2.3482,0.00076062,0.00038017,0.0013069,0.0022793,0.00098878,0.0061597,,0.0735968,0.0209104
0.0034322,2.4691,0.5,2.3482,0.00084744,0.0076083,0.71967,2.4691,0.5,2.3482,0.00026419,0.00028877,0.00040106,0.0020042,0.00052584,0.004596,,0.0549152,0.00641696
0.0017279,1.6711,0.5,2.3841,0.0043589,0.014894,0.97173,1.6711,0.5,2.3841,0.0011395,-0.00028269,0.00016997,0.0010572,-0.00064755,0.001259,,0.0276464,0.00271952
0.0016853,1.6793,0.5,2.3841,0.0035686,0.011188,0.9735,1.6793,0.5,2.3841,0.001063,-0.00027337,0.00021783,0.00096338,-0.0006398,0.0013442,,0.0269648,0.00348528
0.0016049,1.6876,0.5,2.3841,0.0029354,0.0078296,0.97537,1.6876,0.5,2.3841,0.00097042,-0.00025886,0.00023158,0.00090578,-0.00061929,0.0013336,,0.0256784,0.00370528
0.0014931,1.6958,0.5,2.3841,0.0023835,0.0052561,0.97774,1.6958,0.5,2.3841,0.00088348,-0.00023646,0.0001903,0.00090422,-0.00057098,0.0011985,,0.0238896,0.0030448
0.0013975,1.7041,0.5,2.3841,0.0019099,0.0034641,0.97965,1.7041,0.5,2.3841,0.00082208,-0.00020933,0.00013488,0.00091336,-0.00046883,0.0010596,,0.02236,0.00215808
0.0013487,1.7123,0.5,2.3841,0.0016141,0.0022408,0.98028,1.7123,0.5,2.3841,0.00079024,-0.00018276,0.00010791,0.00089859,-0.00034176,0.0010085,,0.0215792,0.00172656
0.0013459,1.7206,0.5,2.3841,0.0014292,0.0013659,0.97969,1.7206,0.5,2.3841,0.0007738,-0.00015864,0.00011091,0.00086274,-0.00023005,0.0010552,,0.0215344,0.00177456
0.0013596,1.7289,0.5,2.3841,0.0010033,0.00069699,0.9786,1.7289,0.5,2.3841,0.00075105,-0.00013909,0.00011099,0.00080603,-0.00012584,0.001162,,0.0217536,0.00177584
0.0013329,1.7371,0.5,2.3841,3.99E-05,0.00020478,0.97866,1.7371,0.5,2.3841,0.00071101,-0.00012567,8.88E-05,0.00072717,-3.57E-05,0.0012276,,0.0213264,0.001421232
0.0012632,1.7454,0.5,2.3841,-0.0013749,8.66E-05,0.98092,1.7454,0.5,2.3841,0.00066062,-0.00011095,5.47E-05,0.0006553,-3.99E-08,0.0012104,,0.0202112,0.000875568
0.0012269,1.7536,0.5,2.3841,-0.0028982,0.00071074,0.98523,1.7536,0.5,2.3841,0.00061144,-8.89E-05,1.57E-05,0.00062401,-2.63E-05,0.0012184,,0.0196304,0.000251872
0.0012792,1.7619,0.5,2.3841,-0.0042592,0.0021595,0.99071,1.7619,0.5,2.3841,0.00056967,-6.52E-05,-3.59E-05,0.00062391,-7.27E-05,0.0013647,,0.0204672,-0.000574208
0.0014005,1.7701,0.5,2.3841,-0.005364,0.0038666,0.99546,1.7701,0.5,2.3841,0.00053884,-4.63E-05,-9.77E-05,0.00061516,-0.00011244,0.001647,,0.022408,-0.00156344
0.0015241,1.7784,0.5,2.3841,-0.0062643,0.0049735,0.99841,1.7784,0.5,2.3841,0.00052135,-2.40E-05,-0.00015752,0.00058447,-0.00017553,0.0019423,,0.0243856,-0.00252032
0.0015575,1.7866,0.5,2.3841,-0.0071517,0.0045324,1.0006,1.7866,0.5,2.3841,0.00052118,1.43E-05,-0.00019769,0.00056463,-0.00026205,0.0020292,,0.02492,-0.00316304
0.0015258,1.7949,0.5,2.3841,-0.0081959,0.0024653,1.0022,1.7949,0.5,2.3841,0.0005445,6.54E-05,-0.00019888,0.00057654,-0.00033468,0.0019306,,0.0244128,-0.00318208
0.0015033,1.8032,0.5,2.3841,-0.0092912,0.00019765,1.002,1.8032,0.5,2.3841,0.00059298,0.00010228,-0.0001692,0.00058519,-0.00039957,0.0018285,,0.0240528,-0.0027072
0.0014274,1.8114,0.5,2.3841,-0.01017,-0.0015469,1.0018,1.8114,0.5,2.3841,0.00065839,8.57E-05,-0.0001331,0.00057175,-0.00043291,0.0016247,,0.0228384,-0.0021296
0.0012941,1.8197,0.5,2.3841,-0.010724,-0.0035131,1.0032,1.8197,0.5,2.3841,0.00073103,4.53E-06,-9.15E-05,0.00057511,-0.0003737,0.001282,,0.0207056,-0.001463776
0.0012379,1.8279,0.5,2.3841,-0.011078,-0.0058188,1.0056,1.8279,0.5,2.3841,0.00082027,-0.00010784,-4.13E-05,0.00062748,-0.00025928,0.0010281,,0.0198064,-0.00066144
0.0012904,1.8362,0.5,2.3841,-0.0115,-0.0077002,1.0085,1.8362,0.5,2.3841,0.00094627,-0.00020558,-8.73E-06,0.00070413,-0.00017579,0.00093038,,0.0206464,-0.000139606
0.0013856,1.8446,0.5,2.3841,-0.012133,-0.008661,1.011,1.8446,0.5,2.3841,0.0011029,-0.00025511,5.99E-05,0.00073049,-0.00019994,0.00093777,,0.0221696,0.000958192
0.0014878,1.8534,0.5,2.3841,-0.012842,-0.0084345,1.0106,1.8534,0.5,2.3841,0.0012578,-0.00024287,0.00022961,0.00067906,-0.0003546,0.0010388,,0.0238048,0.00367376
0.0016329,1.8626,0.5,2.3841,-0.013503,-0.0069814,1.0069,1.8626,0.5,2.3841,0.0013874,-0.00019115,0.00042762,0.00064716,-0.00050259,0.0012313,,0.0261264,0.00684192
0.0019129,1.8723,0.5,2.3841,-0.01416,-0.0052038,1.005,1.8723,0.5,2.3841,0.0014853,-0.00013413,0.00055869,0.00074793,-0.00059574,0.0015926,,0.0306064,0.00893904
0.0023679,1.8824,0.5,2.3841,-0.014612,-0.0034582,1.0067,1.8824,0.5,2.3841,0.0015492,-4.27E-05,0.00059906,0.00096843,-0.00078389,0.0022181,,0.0378864,0.00958496
0.0027899,1.8931,0.5,2.3841,-0.014117,-0.0005757,1.0069,1.8931,0.5,2.3841,0.0015901,8.79E-05,0.00046261,0.0011698,-0.0010677,0.0028199,,0.0446384,0.00740176
0.0030366,1.9042,0.5,2.3841,-0.012287,0.0033487,1.005,1.9042,0.5,2.3841,0.0016316,0.00019313,0.00020955,0.0012497,-0.0012356,0.0031919,,0.0485856,0.0033528
0.0030031,1.9159,0.5,2.3841,-0.0097125,0.0065047,1.0019,1.9159,0.5,2.3841,0.0016827,0.00030599,-1.55E-05,0.0012322,-0.0011994,0.0030914,,0.0480496,-0.000247904
0.0027812,1.9282,0.5,2.3841,-0.0068753,0.008237,0.995,1.9282,0.5,2.3841,0.0017117,0.00047228,-0.00019212,0.0011669,-0.0010664,0.0026838,,0.0444992,-0.00307392
0.0025996,1.941,0.5,2.3841,-0.0040325,0.010357,0.98879,1.941,0.5,2.3841,0.0016701,0.00060726,-0.00031984,0.0011272,-0.00094767,0.0024019,,0.0415936,-0.00511744
0.002515,1.9545,0.5,2.3841,-0.0017169,0.012884,0.98445,1.9545,0.5,2.3841,0.0015508,0.00060789,-0.00049553,0.0010648,-0.00083625,0.0024144,,0.04024,-0.00792848
0.0026324,1.9686,0.5,2.3841,-0.00020557,0.013984,0.98284,1.9686,0.5,2.3841,0.001395,0.00048205,-0.00066414,0.0010089,-0.00077864,0.002861,,0.0421184,-0.01062624
0.0026296,1.9833,0.5,2.3841,0.00072123,0.013276,0.9809,1.9833,0.5,2.3841,0.0012994,0.00032442,-0.000728,0.00099797,-0.00074733,0.0029618,,0.0420736,-0.011648
0.0025181,1.9988,0.5,2.3841,0.002106,0.0097843,0.97546,1.9988,0.5,2.3841,0.0013201,0.00022439,-0.00088606,0.00091721,-0.00068383,0.0027989,,0.0402896,-0.01417696
0.0027623,2.0149,0.5,2.3841,0.0050706,0.0035033,0.97477,2.0149,0.5,2.3841,0.0013792,0.00028356,-0.0012206,0.00077184,-0.0007054,0.0033736,,0.0441968,-0.0195296
0.0029136,2.0319,0.5,2.3841,0.0089947,-0.0019465,0.97578,2.0319,0.5,2.3841,0.0014268,0.00052412,-0.0013463,0.0007651,-0.00083933,0.0036353,,0.0466176,-0.0215408
0.0030337,2.0496,0.5,2.3841,0.011933,-0.0071866,0.98313,2.0496,0.5,2.3841,0.0015039,0.00066405,-0.0014983,0.00078229,-0.00093402,0.0037811,,0.0485392,-0.0239728
0.003071,2.0681,0.5,2.3841,0.013226,-0.009133,0.98729,2.0681,0.5,2.3841,0.0015714,0.00062585,-0.0016165,0.00074322,-0.00087283,0.0038273,,0.049136,-0.025864
0.0027119,2.0875,0.5,2.3841,0.014082,-0.0047365,0.97895,2.0875,0.5,2.3841,0.0015063,0.0004789,-0.0013123,0.0007395,-0.00069027,0.003178,,0.0433904,-0.0209968
0.0026059,2.1078,0.5,2.3841,0.01397,-0.0014785,0.97607,2.1078,0.5,2.3841,0.0013618,0.00027437,-0.0012033,0.00069383,-0.00068719,0.0031561,,0.0416944,-0.0192528
0.0021905,2.129,0.5,2.3841,0.011155,0.0017278,0.97862,2.129,0.5,2.3841,0.0012666,0.00014719,-0.00095588,0.00060697,-0.00058404,0.0025075,,0.035048,-0.01529408
0.0018058,2.1511,0.5,2.3841,0.0076071,0.0014106,0.98766,2.1511,0.5,2.3841,0.0010862,0.00015207,-0.00050907,0.00062859,-0.0004316,0.0018968,,0.0288928,-0.00814512
0.0017328,2.1743,0.5,2.3841,0.0065165,-0.0071708,0.99137,2.1743,0.5,2.3841,0.00074591,0.00018808,-0.00021686,0.00062333,-0.00026832,0.0020964,,0.0277248,-0.00346976
0.0017652,2.1984,0.5,2.3841,0.0077668,-0.014419,0.98732,2.1984,0.5,2.3841,0.00050171,0.00012834,7.22E-05,0.00072911,-0.00010664,0.0022996,,0.0282432,0.001154544
0.0023936,2.2237,0.5,2.3841,0.0093047,-0.011758,0.9901,2.2237,0.5,2.3841,0.00046548,5.88E-05,0.00012686,0.0009595,-0.00052514,0.0033623,,0.0382976,0.00202976
0.0023839,2.2501,0.5,2.3841,0.010354,-0.011348,0.97887,2.2501,0.5,2.3841,0.00055051,-1.51E-05,0.00022077,0.00098695,-0.00055715,0.0032303,,0.0381424,0.00353232
0.0019463,2.2776,0.5,2.3841,0.013292,-0.012027,0.97121,2.2776,0.5,2.3841,0.00064926,5.08E-05,0.00013908,0.00091905,9.57E-06,0.0023244,,0.0311408,0.00222528
0.0020709,2.3063,0.5,2.3841,0.016545,-0.017099,0.98684,2.3063,0.5,2.3841,0.00068562,0.00024625,0.00014909,0.0012617,7.44E-05,0.0021945,,0.0331344,0.00238544
0.0028881,2.3362,0.5,2.3841,0.01655,-0.021431,0.96978,2.3362,0.5,2.3841,0.00084668,0.00053217,0.0005853,0.0016914,4.99E-06,0.0032382,,0.0462096,0.0093648
0.0037131,2.3674,0.5,2.3841,0.014851,-0.01932,0.94472,2.3674,0.5,2.3841,0.0011563,0.00065556,0.0011352,0.0020457,0.00036619,0.0042242,,0.0594096,0.0181632
0.0044091,2.3999,0.5,2.3841,0.01031,-0.012307,0.90167,2.3999,0.5,2.3841,0.0011632,0.00042092,0.0016991,0.0022826,0.00093366,0.0053724,,0.0705456,0.0271856
0.0045556,2.4338,0.5,2.3841,0.0040873,0.0027228,0.83062,2.4338,0.5,2.3841,0.00074353,0.00036256,0.0012955,0.002314,0.00098347,0.0060536,,0.0728896,0.020728
0.0033801,2.4691,0.5,2.3841,0.00093718,0.0077631,0.72106,2.4691,0.5,2.3841,0.00025155,0.00027534,0.00040659,0.0019868,0.00059265,0.0045219,,0.0540816,0.00650544
0.0017172,1.6711,0.5,2.4199,0.0041229,0.015047,0.97123,1.6711,0.5,2.4199,0.0011438,-0.000296,0.00018778,0.0010371,-0.00064429,0.0012534,,0.0274752,0.00300448
0.0016841,1.6793,0.5,2.4199,0.0033068,0.011469,0.97304,1.6793,0.5,2.4199,0.0010627,-0.00029085,0.00022774,0.00095404,-0.00063467,0.0013515,,0.0269456,0.00364384
0.0016106,1.6876,0.5,2.4199,0.0026698,0.0080827,0.97515,1.6876,0.5,2.4199,0.00096916,-0.00027985,0.0002402,0.00089909,-0.00061031,0.001353,,0.0257696,0.0038432
0.0015006,1.6958,0.5,2.4199,0.0021092,0.0054103,0.97776,1.6958,0.5,2.4199,0.00088223,-0.00025634,0.00019534,0.00089523,-0.00056388,0.0012236,,0.0240096,0.00312544
0.0013996,1.7041,0.5,2.4199,0.0016116,0.0035497,0.97976,1.7041,0.5,2.4199,0.0008157,-0.00022479,0.00012851,0.0009056,-0.00046195,0.0010779,,0.0223936,0.00205616
0.0013483,1.7123,0.5,2.4199,0.0012948,0.0023051,0.98032,1.7123,0.5,2.4199,0.00077364,-0.00019444,8.84E-05,0.00089702,-0.00033087,0.001026,,0.0215728,0.001414912
0.0013494,1.7206,0.5,2.4199,0.0011205,0.0014446,0.97964,1.7206,0.5,2.4199,0.0007467,-0.00016832,8.67E-05,0.00086799,-0.00022087,0.001084,,0.0215904,0.001387424
0.0013606,1.7289,0.5,2.4199,0.00072073,0.00082881,0.97854,1.7289,0.5,2.4199,0.00071629,-0.0001465,9.14E-05,0.00081319,-0.00012059,0.0011917,,0.0217696,0.001462064
0.0013235,1.7371,0.5,2.4199,-0.00022317,0.00037881,0.97863,1.7371,0.5,2.4199,0.00067227,-0.0001289,7.54E-05,0.00073186,-3.24E-05,0.001243,,0.021176,0.001206432
0.0012438,1.7454,0.5,2.4199,-0.0016107,0.00024369,0.98089,1.7454,0.5,2.4199,0.00062493,-0.00011089,4.52E-05,0.00065925,-6.15E-07,0.0012035,,0.0199008,0.000722576
0.00121,1.7536,0.5,2.4199,-0.0030986,0.00081943,0.98523,1.7536,0.5,2.4199,0.00059203,-8.95E-05,1.10E-05,0.00063068,-3.14E-05,0.0011973,,0.01936,0.000176176
0.0012806,1.7619,0.5,2.4199,-0.0044359,0.0022204,0.99077,1.7619,0.5,2.4199,0.00057995,-6.55E-05,-3.13E-05,0.00063264,-7.73E-05,0.0013486,,0.0204896,-0.000501408
0.0014167,1.7701,0.5,2.4199,-0.005539,0.0038749,0.99556,1.7701,0.5,2.4199,0.00058049,-3.82E-05,-8.15E-05,0.0006214,-0.00011029,0.0016314,,0.0226672,-0.00130456
0.0015407,1.7784,0.5,2.4199,-0.0064513,0.0049181,0.99852,1.7784,0.5,2.4199,0.0005792,-2.65E-06,-0.00013117,0.00058325,-0.00016856,0.001919,,0.0246512,-0.00209872
0.0015642,1.7866,0.5,2.4199,-0.007362,0.0044345,1.0007,1.7866,0.5,2.4199,0.00057095,4.29E-05,-0.00017003,0.0005546,-0.00025877,0.0020029,,0.0250272,-0.00272048
0.001516,1.7949,0.5,2.4199,-0.0084369,0.0023906,1.0022,1.7949,0.5,2.4199,0.00056838,9.08E-05,-0.00018274,0.00055924,-0.00033749,0.0019043,,0.024256,-0.00292384
0.0014769,1.8032,0.5,2.4199,-0.0095513,0.00021222,1.0021,1.8032,0.5,2.4199,0.00058915,0.00011772,-0.00017159,0.00056175,-0.00040013,0.0018028,,0.0236304,-0.00274544
0.0013894,1.8114,0.5,2.4199,-0.010428,-0.0014435,1.002,1.8114,0.5,2.4199,0.00063861,9.16E-05,-0.00014705,0.00054575,-0.00042051,0.0015945,,0.0222304,-0.0023528
0.0012542,1.8197,0.5,2.4199,-0.010984,-0.0034151,1.0032,1.8197,0.5,2.4199,0.00071295,1.16E-05,-9.75E-05,0.00055281,-0.00035584,0.0012426,,0.0200672,-0.001560704
0.0012151,1.8279,0.5,2.4199,-0.01139,-0.0058486,1.0056,1.8279,0.5,2.4199,0.00081878,-8.57E-05,-3.02E-05,0.00061883,-0.00025201,0.00099267,,0.0194416,-0.000482896
0.0012997,1.8362,0.5,2.4199,-0.011887,-0.0079015,1.0084,1.8362,0.5,2.4199,0.0009678,-0.0001695,1.09E-05,0.00071002,-0.00017559,0.00092163,,0.0207952,0.000174464
0.001422,1.8446,0.5,2.4199,-0.012543,-0.0089602,1.0106,1.8446,0.5,2.4199,0.0011477,-0.00022334,7.72E-05,0.00073781,-0.00019992,0.00095839,,0.022752,0.001235152
0.0015371,1.8534,0.5,2.4199,-0.013218,-0.0086451,1.0098,1.8534,0.5,2.4199,0.0013229,-0.00023531,0.00023759,0.0006861,-0.00035632,0.0010652,,0.0245936,0.00380144
0.0016818,1.8626,0.5,2.4199,-0.013856,-0.0069613,1.0062,1.8626,0.5,2.4199,0.001458,-0.00020854,0.00041101,0.00065923,-0.0004977,0.0012462,,0.0269088,0.00657616
0.001963,1.8723,0.5,2.4199,-0.014506,-0.0050282,1.0044,1.8723,0.5,2.4199,0.0015376,-0.00014558,0.00052196,0.00077138,-0.00059851,0.0016171,,0.031408,0.00835136
0.0024508,1.8824,0.5,2.4199,-0.01492,-0.0032157,1.0062,1.8824,0.5,2.4199,0.0015769,-2.33E-05,0.0005706,0.0010151,-0.00082434,0.0023097,,0.0392128,0.0091296
0.0028994,1.8931,0.5,2.4199,-0.014354,-0.00019484,1.0065,1.8931,0.5,2.4199,0.0016011,0.00012112,0.00043868,0.0012326,-0.0011076,0.0029651,,0.0463904,0.00701888
0.0031035,1.9042,0.5,2.4199,-0.012461,0.0037491,1.0046,1.9042,0.5,2.4199,0.001608,0.00021816,0.00019151,0.0013003,-0.0012395,0.0032987,,0.049656,0.00306416
0.0030026,1.9159,0.5,2.4199,-0.009836,0.0066959,1.0011,1.9159,0.5,2.4199,0.0016037,0.00031528,6.12E-06,0.001268,-0.0011898,0.0031335,,0.0480416,9.78672E-05
0.0027494,1.9282,0.5,2.4199,-0.0069562,0.008341,0.9939,1.9282,0.5,2.4199,0.0016033,0.00045329,-0.00013686,0.0011924,-0.0010576,0.0027031,,0.0439904,-0.00218976
0.0025756,1.941,0.5,2.4199,-0.0040843,0.010568,0.98794,1.941,0.5,2.4199,0.0015826,0.00056256,-0.00028025,0.0011415,-0.00093662,0.0024272,,0.0412096,-0.004484
0.0025144,1.9545,0.5,2.4199,-0.0017709,0.013247,0.9842,1.9545,0.5,2.4199,0.0015125,0.00056844,-0.00049021,0.0010861,-0.00082557,0.0024302,,0.0402304,-0.00784336
0.0026409,1.9686,0.5,2.4199,-0.00029618,0.014371,0.98256,1.9686,0.5,2.4199,0.0013996,0.00046759,-0.00067129,0.0010392,-0.00076986,0.002843,,0.0422544,-0.01074064
0.002656,1.9833,0.5,2.4199,0.00056864,0.013616,0.98075,1.9833,0.5,2.4199,0.0013226,0.00032674,-0.00073521,0.001014,-0.00074455,0.0029754,,0.042496,-0.01176336
0.0025623,1.9988,0.5,2.4199,0.0018514,0.010067,0.97595,1.9988,0.5,2.4199,0.0013462,0.00021832,-0.00090874,0.000912,-0.0006987,0.0028664,,0.0409968,-0.01453984
0.0028063,2.0149,0.5,2.4199,0.0047759,0.0034461,0.97501,2.0149,0.5,2.4199,0.0013941,0.00026496,-0.001235,0.00078497,-0.00073962,0.0034336,,0.0449008,-0.01976
0.0029537,2.0319,0.5,2.4199,0.0087685,-0.0021318,0.97562,2.0319,0.5,2.4199,0.0014179,0.00051122,-0.0013373,0.00080587,-0.00087873,0.0036837,,0.0472592,-0.0213968
0.0030581,2.0496,0.5,2.4199,0.011758,-0.0071538,0.98321,2.0496,0.5,2.4199,0.0014873,0.00064374,-0.0015021,0.00078067,-0.00094651,0.0038482,,0.0489296,-0.0240336
0.0030731,2.0681,0.5,2.4199,0.013076,-0.0091362,0.98724,2.0681,0.5,2.4199,0.0015626,0.00058974,-0.0016319,0.00069779,-0.00083348,0.0038858,,0.0491696,-0.0261104
0.0026732,2.0875,0.5,2.4199,0.013952,-0.0048176,0.9787,2.0875,0.5,2.4199,0.0015049,0.00046161,-0.0013142,0.00070904,-0.0006427,0.0031324,,0.0427712,-0.0210272
0.0025763,2.1078,0.5,2.4199,0.013845,-0.001576,0.97613,2.1078,0.5,2.4199,0.0013722,0.00027645,-0.001223,0.00068377,-0.00065626,0.0030965,,0.0412208,-0.019568
0.0022357,2.129,0.5,2.4199,0.011077,0.0015765,0.97809,2.129,0.5,2.4199,0.0012816,0.00013666,-0.0010102,0.00060817,-0.00056878,0.0025816,,0.0357712,-0.0161632
0.0018592,2.1511,0.5,2.4199,0.0076269,0.0013951,0.98663,2.1511,0.5,2.4199,0.0010949,0.00015057,-0.00053273,0.00064489,-0.00045207,0.0019785,,0.0297472,-0.00852368
0.0017469,2.1743,0.5,2.4199,0.0066754,-0.0070073,0.99091,2.1743,0.5,2.4199,0.00074548,0.00021009,-0.00022687,0.00065686,-0.00027531,0.0020914,,0.0279504,-0.00362992
0.0017688,2.1984,0.5,2.4199,0.0080043,-0.014369,0.98766,2.1984,0.5,2.4199,0.00049463,0.00014712,3.95E-05,0.0007469,-6.75E-05,0.0022962,,0.0283008,0.000632112
0.002406,2.2237,0.5,2.4199,0.0094523,-0.011926,0.99082,2.2237,0.5,2.4199,0.00046888,6.03E-05,0.00011735,0.00094258,-0.00050302,0.0034006,,0.038496,0.0018776
0.0024087,2.2501,0.5,2.4199,0.010324,-0.011616,0.98041,2.2501,0.5,2.4199,0.00054852,-1.91E-05,0.00024067,0.0010125,-0.00057429,0.0032564,,0.0385392,0.00385072
0.001964,2.2776,0.5,2.4199,0.013199,-0.012078,0.97156,2.2776,0.5,2.4199,0.00063289,5.75E-05,0.00015175,0.00096599,-1.84E-06,0.0023291,,0.031424,0.002428
0.0020785,2.3063,0.5,2.4199,0.016503,-0.016995,0.98678,2.3063,0.5,2.4199,0.00067167,0.00026163,0.00015035,0.0012723,6.64E-05,0.002213,,0.033256,0.0024056
0.0028378,2.3362,0.5,2.4199,0.016569,-0.021516,0.97072,2.3362,0.5,2.4199,0.00083649,0.00053576,0.00056583,0.0016968,7.47E-05,0.0031423,,0.0454048,0.00905328
0.003654,2.3674,0.5,2.4199,0.015057,-0.019655,0.94451,2.3674,0.5,2.4199,0.0011651,0.00062159,0.0010882,0.0020761,0.00046499,0.0040667,,0.058464,0.0174112
0.0043736,2.3999,0.5,2.4199,0.010589,-0.012672,0.90274,2.3999,0.5,2.4199,0.0011771,0.00037457,0.0016556,0.0023297,0.00089625,0.0052403,,0.0699776,0.0264896
0.0045036,2.4338,0.5,2.4199,0.0042073,0.0026506,0.83279,2.4338,0.5,2.4199,0.00074593,0.00032977,0.0012972,0.002321,0.00096782,0.0059403,,0.0720576,0.0207552
0.0033452,2.4691,0.5,2.4199,0.00095756,0.007848,0.72251,2.4691,0.5,2.4199,0.00025207,0.0002571,0.00042963,0.0019686,0.00066358,0.0044697,,0.0535232,0.00687408
0.0017309,1.6711,0.5,2.4556,0.0039635,0.015161,0.97079,1.6711,0.5,2.4556,0.0011758,-0.00027309,0.00019882,0.001056,-0.00064984,0.0012299,,0.0276944,0.00318112
0.0017101,1.6793,0.5,2.4556,0.0031159,0.011693,0.97263,1.6793,0.5,2.4556,0.0011151,-0.00028048,0.00023892,0.00097087,-0.00063941,0.0013343,,0.0273616,0.00382272
0.0016401,1.6876,0.5,2.4556,0.0024556,0.0082711,0.97499,1.6876,0.5,2.4556,0.0010306,-0.00027667,0.0002467,0.00090588,-0.00060382,0.0013438,,0.0262416,0.0039472
0.0015311,1.6958,0.5,2.4556,0.0018955,0.0055024,0.97783,1.6958,0.5,2.4556,0.00093794,-0.00025234,0.00019707,0.00088859,-0.00055505,0.0012357,,0.0244976,0.00315312
0.0014272,1.7041,0.5,2.4556,0.0014072,0.0035902,0.97988,1.7041,0.5,2.4556,0.00084956,-0.00022014,0.00012836,0.00089287,-0.00046077,0.0011121,,0.0228352,0.00205376
0.0013602,1.7123,0.5,2.4556,0.0010708,0.0023392,0.98037,1.7123,0.5,2.4556,0.00077056,-0.0001907,8.31E-05,0.0008897,-0.0003315,0.0010601,,0.0217632,0.001330192
0.0013366,1.7206,0.5,2.4556,0.00084303,0.0014949,0.97958,1.7206,0.5,2.4556,0.00070569,-0.00016584,7.28E-05,0.0008695,-0.00021912,0.001098,,0.0213856,0.001164976
0.0013293,1.7289,0.5,2.4556,0.00041027,0.00092855,0.97846,1.7289,0.5,2.4556,0.00065775,-0.00014564,7.45E-05,0.00081636,-0.00011865,0.0011845,,0.0212688,0.001191424
0.001289,1.7371,0.5,2.4556,-0.00051853,0.00052978,0.9786,1.7371,0.5,2.4556,0.0006252,-0.00012766,6.07E-05,0.00072996,-3.34E-05,0.0012229,,0.020624,0.000970928
0.0012216,1.7454,0.5,2.4556,-0.0018693,0.00039426,0.98091,1.7454,0.5,2.4556,0.00060729,-0.00010841,2.91E-05,0.00065583,-6.34E-06,0.00118,,0.0195456,0.000466032
0.0012063,1.7536,0.5,2.4556,-0.0033243,0.00091824,0.9853,1.7536,0.5,2.4556,0.00060488,-8.59E-05,-1.51E-05,0.00063028,-3.75E-05,0.0011775,,0.0193008,-0.000241184
0.0012919,1.7619,0.5,2.4556,-0.004641,0.002244,0.99086,1.7619,0.5,2.4556,0.00061567,-5.69E-05,-6.47E-05,0.00063273,-8.08E-05,0.0013355,,0.0206704,-0.001034912
0.0014325,1.7701,0.5,2.4556,-0.0057261,0.0038173,0.99563,1.7701,0.5,2.4556,0.00062897,-1.82E-05,-0.00010607,0.00061871,-0.00011002,0.0016174,,0.02292,-0.00169712
0.0015541,1.7784,0.5,2.4556,-0.0066257,0.0047991,0.99857,1.7784,0.5,2.4556,0.00062922,3.12E-05,-0.00013688,0.00057939,-0.00016023,0.0018997,,0.0248656,-0.00219008
0.0015806,1.7866,0.5,2.4556,-0.0075452,0.0043038,1.0008,1.7866,0.5,2.4556,0.0006113,8.20E-05,-0.00015522,0.00055249,-0.00024131,0.0019975,,0.0252896,-0.00248352
0.0015321,1.7949,0.5,2.4556,-0.008645,0.0022985,1.0023,1.7949,0.5,2.4556,0.0005886,0.00011868,-0.00015278,0.00055571,-0.00031389,0.0019198,,0.0245136,-0.00244448
0.001476,1.8032,0.5,2.4556,-0.0097733,0.00019505,1.0022,1.8032,0.5,2.4556,0.00058259,0.00012458,-0.00014112,0.00054871,-0.00037226,0.0018207,,0.023616,-0.00225792
0.0013644,1.8114,0.5,2.4556,-0.010648,-0.0013986,1.0021,1.8114,0.5,2.4556,0.00060748,8.58E-05,-0.0001241,0.00052486,-0.00039161,0.0015964,,0.0218304,-0.0019856
0.0012158,1.8197,0.5,2.4556,-0.011227,-0.003394,1.0032,1.8197,0.5,2.4556,0.00067008,1.33E-05,-7.61E-05,0.00053827,-0.00033846,0.0012232,,0.0194528,-0.001218224
0.0011832,1.8279,0.5,2.4556,-0.011708,-0.0059373,1.0055,1.8279,0.5,2.4556,0.00078242,-6.73E-05,-1.02E-05,0.00061634,-0.00025169,0.00096767,,0.0189312,-0.000163504
0.0012855,1.8362,0.5,2.4556,-0.012284,-0.0080971,1.0084,1.8362,0.5,2.4556,0.00095114,-0.00014559,2.46E-05,0.00070782,-0.00018209,0.00091214,,0.020568,0.00039432
0.0014238,1.8446,0.5,2.4556,-0.012947,-0.009175,1.0103,1.8446,0.5,2.4556,0.0011518,-0.00021292,8.29E-05,0.00073274,-0.00020787,0.00096307,,0.0227808,0.00132664
0.0015522,1.8534,0.5,2.4556,-0.013563,-0.0087479,1.0091,1.8534,0.5,2.4556,0.0013374,-0.0002489,0.00023557,0.00069569,-0.00036507,0.0010713,,0.0248352,0.00376912
0.0017106,1.8626,0.5,2.4556,-0.014151,-0.0069066,1.0055,1.8626,0.5,2.4556,0.0014641,-0.00023467,0.0003983,0.00069191,-0.00050506,0.0012652,,0.0273696,0.0063728
0.0020121,1.8723,0.5,2.4556,-0.014799,-0.0048998,1.0038,1.8723,0.5,2.4556,0.0015262,-0.00015779,0.00049066,0.00081951,-0.00062778,0.0016785,,0.0321936,0.00785056
0.0025288,1.8824,0.5,2.4556,-0.015207,-0.0030152,1.0057,1.8824,0.5,2.4556,0.0015672,-1.76E-05,0.00052364,0.0010614,-0.00087954,0.0024292,,0.0404608,0.00837824
0.0029839,1.8931,0.5,2.4556,-0.01457,0.00017651,1.0061,1.8931,0.5,2.4556,0.0016043,0.00012786,0.00040574,0.0012608,-0.0011473,0.0031027,,0.0477424,0.00649184
0.003152,1.9042,0.5,2.4556,-0.012578,0.00415,1.004,1.9042,0.5,2.4556,0.0015982,0.00022485,0.0002068,0.0013145,-0.0012633,0.0033914,,0.050432,0.0033088
0.0030073,1.9159,0.5,2.4556,-0.009909,0.0069201,1.0003,1.9159,0.5,2.4556,0.0015617,0.00032427,6.40E-05,0.0012881,-0.0012098,0.0031648,,0.0481168,0.001023376
0.0027386,1.9282,0.5,2.4556,-0.007053,0.0085134,0.99292,1.9282,0.5,2.4556,0.0015436,0.00044816,-7.75E-05,0.0012202,-0.0010594,0.0027133,,0.0438176,-0.001240416
0.0025657,1.941,0.5,2.4556,-0.0042101,0.010841,0.98725,1.941,0.5,2.4556,0.0015247,0.00053264,-0.00025899,0.0011617,-0.00093196,0.002445,,0.0410512,-0.00414384
0.0024916,1.9545,0.5,2.4556,-0.0019066,0.013637,0.98402,1.9545,0.5,2.4556,0.0014686,0.00052676,-0.00049005,0.0010991,-0.00083338,0.0024156,,0.0398656,-0.0078408
0.002612,1.9686,0.5,2.4556,-0.00045013,0.014738,0.98234,1.9686,0.5,2.4556,0.0013804,0.00043836,-0.00066609,0.0010378,-0.00079447,0.0028059,,0.041792,-0.01065744
0.0026582,1.9833,0.5,2.4556,0.00037803,0.013924,0.98069,1.9833,0.5,2.4556,0.0013191,0.00032552,-0.00073907,0.00099059,-0.00075746,0.0030067,,0.0425312,-0.01182512
0.0025852,1.9988,0.5,2.4556,0.0016028,0.010327,0.97644,1.9988,0.5,2.4556,0.0013277,0.00023434,-0.00090961,0.00089622,-0.00069384,0.0029464,,0.0413632,-0.01455376
0.0028169,2.0149,0.5,2.4556,0.0044962,0.0033857,0.97518,2.0149,0.5,2.4556,0.0013524,0.00027664,-0.0012092,0.00081548,-0.00076308,0.0034659,,0.0450704,-0.0193472
0.0029571,2.0319,0.5,2.4556,0.0085096,-0.0022625,0.97549,2.0319,0.5,2.4556,0.0013785,0.0005132,-0.0013172,0.00086253,-0.00091946,0.0036732,,0.0473136,-0.0210752
0.0030857,2.0496,0.5,2.4556,0.011528,-0.0070133,0.98329,2.0496,0.5,2.4556,0.0014681,0.00063456,-0.0015125,0.00081162,-0.0009607,0.0038916,,0.0493712,-0.0242
0.0030873,2.0681,0.5,2.4556,0.012877,-0.0090795,0.98713,2.0681,0.5,2.4556,0.0015475,0.0005725,-0.0016295,0.00069709,-0.00081462,0.00393,,0.0493968,-0.026072
0.0026371,2.0875,0.5,2.4556,0.013764,-0.0049223,0.97842,2.0875,0.5,2.4556,0.0014967,0.00045376,-0.0012879,0.0007004,-0.00062236,0.0030771,,0.0421936,-0.0206064
0.0025447,2.1078,0.5,2.4556,0.01365,-0.00167,0.97625,2.1078,0.5,2.4556,0.0013972,0.0002675,-0.0012216,0.00068064,-0.00062989,0.0030116,,0.0407152,-0.0195456
0.0022622,2.129,0.5,2.4556,0.010948,0.0014385,0.97764,2.129,0.5,2.4556,0.001324,0.00011588,-0.0010568,0.0005936,-0.00053805,0.0026068,,0.0361952,-0.0169088
0.0019218,2.1511,0.5,2.4556,0.0076307,0.0013627,0.98558,2.1511,0.5,2.4556,0.0011265,0.00015128,-0.0005817,0.00064726,-0.00046025,0.0020698,,0.0307488,-0.0093072
0.0017676,2.1743,0.5,2.4556,0.0068103,-0.0068544,0.9904,2.1743,0.5,2.4556,0.00075784,0.00022671,-0.00025598,0.000688,-0.00028424,0.0020894,,0.0282816,-0.00409568
0.0017498,2.1984,0.5,2.4556,0.0081903,-0.014317,0.98793,2.1984,0.5,2.4556,0.00050275,0.00014449,1.44E-05,0.00074479,-4.01E-05,0.002252,,0.0279968,0.000230736
0.0024065,2.2237,0.5,2.4556,0.0095794,-0.012094,0.99143,2.2237,0.5,2.4556,0.00048803,3.97E-05,0.00011693,0.00093073,-0.00049004,0.0033942,,0.038504,0.00187088
0.0024504,2.2501,0.5,2.4556,0.010309,-0.011895,0.98183,2.2501,0.5,2.4556,0.00055954,-3.68E-05,0.0002495,0.0010549,-0.00058625,0.0032864,,0.0392064,0.003992
0.0020308,2.2776,0.5,2.4556,0.013099,-0.012187,0.97187,2.2776,0.5,2.4556,0.00062841,5.51E-05,0.00013405,0.0010156,-1.76E-05,0.0024176,,0.0324928,0.0021448
0.0021519,2.3063,0.5,2.4556,0.016449,-0.016969,0.98667,2.3063,0.5,2.4556,0.00066531,0.00026956,0.00013353,0.0013465,5.33E-05,0.0022919,,0.0344304,0.00213648
0.0028388,2.3362,0.5,2.4556,0.016572,-0.021604,0.97167,2.3362,0.5,2.4556,0.00083535,0.00053393,0.00053746,0.0017755,0.00012723,0.0030667,,0.0454208,0.00859936
0.0036127,2.3674,0.5,2.4556,0.015229,-0.019972,0.94426,2.3674,0.5,2.4556,0.0011788,0.00059139,0.0010333,0.0021199,0.00055556,0.0039268,,0.0578032,0.0165328
0.0043383,2.3999,0.5,2.4556,0.010835,-0.013051,0.90358,2.3999,0.5,2.4556,0.0011982,0.00032748,0.001618,0.0023421,0.00084799,0.0051364,,0.0694128,0.025888
0.0044846,2.4338,0.5,2.4556,0.0042762,0.0025594,0.83479,2.4338,0.5,2.4556,0.00076452,0.00028629,0.0013181,0.0023141,0.00092913,0.0058907,,0.0717536,0.0210896
0.0033612,2.4691,0.5,2.4556,0.00093579,0.0079166,0.72396,2.4691,0.5,2.4556,0.00026226,0.00023405,0.00046772,0.0019822,0.0007385,0.004478,,0.0537792,0.00748352
0.0017422,1.6711,0.5,2.4913,0.0037914,0.015333,0.97039,1.6711,0.5,2.4913,0.0011868,-0.0002423,0.00018684,0.0010953,-0.00065116,0.0012023,,0.0278752,0.00298944
0.0017146,1.6793,0.5,2.4913,0.0029117,0.011992,0.97226,1.6793,0.5,2.4913,0.001137,-0.00024742,0.00022476,0.0009998,-0.00064865,0.0012925,,0.0274336,0.00359616
0.0016446,1.6876,0.5,2.4913,0.0022606,0.0085081,0.97485,1.6876,0.5,2.4913,0.0010621,-0.00024355,0.00023588,0.00092562,-0.00061725,0.0013014,,0.0263136,0.00377408
0.0015429,1.6958,0.5,2.4913,0.0017261,0.0056289,0.97789,1.6958,0.5,2.4913,0.00096789,-0.00021967,0.00019501,0.00090221,-0.00057273,0.0012157,,0.0246864,0.00312016
0.0014375,1.7041,0.5,2.4913,0.0012545,0.0036791,0.97999,1.7041,0.5,2.4913,0.00086853,-0.00019244,0.00013804,0.00089964,-0.00048051,0.0011069,,0.023,0.00220864
0.001355,1.7123,0.5,2.4913,0.00090756,0.0024361,0.98042,1.7123,0.5,2.4913,0.0007813,-0.00017475,0.00010588,0.00088919,-0.00034723,0.0010396,,0.02168,0.00169408
0.0013122,1.7206,0.5,2.4913,0.00064096,0.0016103,0.97959,1.7206,0.5,2.4913,0.00071824,-0.00016389,0.0001007,0.00086368,-0.00022605,0.0010425,,0.0209952,0.0016112
0.0012968,1.7289,0.5,2.4913,0.00014618,0.0010804,0.97846,1.7289,0.5,2.4913,0.00068185,-0.00015437,9.57E-05,0.00080722,-0.00012002,0.0011046,,0.0207488,0.001531888
0.0012648,1.7371,0.5,2.4913,-0.00082516,0.00071426,0.97864,1.7371,0.5,2.4913,0.00066467,-0.00014054,7.16E-05,0.00071925,-3.47E-05,0.0011457,,0.0202368,0.001145104
0.0012136,1.7454,0.5,2.4913,-0.0021619,0.00057054,0.981,1.7454,0.5,2.4913,0.00065476,-0.00011995,2.72E-05,0.00064752,-1.03E-05,0.0011249,,0.0194176,0.00043592
0.0012115,1.7536,0.5,2.4913,-0.0035663,0.0010341,0.98544,1.7536,0.5,2.4913,0.00064401,-9.36E-05,-3.40E-05,0.00062798,-4.60E-05,0.001151,,0.019384,-0.000543264
0.0012952,1.7619,0.5,2.4913,-0.0048259,0.0022684,0.99094,1.7619,0.5,2.4913,0.00063166,-5.95E-05,-9.75E-05,0.00063642,-9.37E-05,0.0013224,,0.0207232,-0.001559312
0.0014255,1.7701,0.5,2.4913,-0.005861,0.0037443,0.99558,1.7701,0.5,2.4913,0.00061858,-1.71E-05,-0.00013805,0.00062741,-0.00012559,0.001605,,0.022808,-0.0022088
0.0015403,1.7784,0.5,2.4913,-0.0067325,0.0046423,0.99847,1.7784,0.5,2.4913,0.00060104,3.22E-05,-0.00015523,0.0005939,-0.00016776,0.0018857,,0.0246448,-0.00248368
0.0015689,1.7866,0.5,2.4913,-0.0076648,0.0041215,1.0007,1.7866,0.5,2.4913,0.0005788,8.21E-05,-0.00015896,0.00057307,-0.00022689,0.001986,,0.0251024,-0.00254336
0.0015314,1.7949,0.5,2.4913,-0.0088025,0.002177,1.0023,1.7949,0.5,2.4913,0.00056317,0.00011736,-0.00014437,0.00058054,-0.00028003,0.0019191,,0.0245024,-0.00230992
0.0014814,1.8032,0.5,2.4913,-0.0099623,0.00017789,1.0024,1.8032,0.5,2.4913,0.00056771,0.00011671,-0.00012637,0.00057182,-0.0003308,0.0018232,,0.0237024,-0.00202192
0.0013698,1.8114,0.5,2.4913,-0.010862,-0.0013647,1.0023,1.8114,0.5,2.4913,0.00060019,7.00E-05,-0.00010949,0.00054324,-0.00035106,0.0015961,,0.0219168,-0.00175184
0.0012247,1.8197,0.5,2.4913,-0.011488,-0.0034233,1.0033,1.8197,0.5,2.4913,0.00066912,-5.44E-06,-6.19E-05,0.00055256,-0.00030856,0.0012277,,0.0195952,-0.000990784
0.0011905,1.8279,0.5,2.4913,-0.012048,-0.0060889,1.0056,1.8279,0.5,2.4913,0.00078799,-8.62E-05,-2.80E-07,0.00061707,-0.00023579,0.00097584,,0.019048,-0.000004484
0.0012785,1.8362,0.5,2.4913,-0.01268,-0.008311,1.0085,1.8362,0.5,2.4913,0.00095518,-0.00016259,3.46E-05,0.00069119,-0.00017893,0.00091056,,0.020456,0.000554
0.001401,1.8446,0.5,2.4913,-0.013323,-0.0093466,1.01,1.8446,0.5,2.4913,0.0011358,-0.00022381,0.00010315,0.00071719,-0.00021718,0.0009491,,0.022416,0.0016504
0.0015286,1.8534,0.5,2.4913,-0.013874,-0.0087992,1.0084,1.8534,0.5,2.4913,0.0012864,-0.00025385,0.00025823,0.00070117,-0.0003832,0.0010697,,0.0244576,0.00413168
0.0017063,1.8626,0.5,2.4913,-0.014433,-0.0068546,1.0048,1.8626,0.5,2.4913,0.0013854,-0.0002357,0.00040226,0.00071712,-0.00053287,0.0013101,,0.0273008,0.00643616
0.0020363,1.8723,0.5,2.4913,-0.015117,-0.0048042,1.0033,1.8723,0.5,2.4913,0.0014479,-0.00015985,0.00044773,0.00084354,-0.00067176,0.0017812,,0.0325808,0.00716368
0.0025634,1.8824,0.5,2.4913,-0.015525,-0.0028037,1.0051,1.8824,0.5,2.4913,0.0015049,-3.95E-05,0.00044921,0.0010618,-0.00093173,0.00256,,0.0410144,0.00718736
0.0030046,1.8931,0.5,2.4913,-0.014777,0.00057689,1.0055,1.8931,0.5,2.4913,0.001544,8.08E-05,0.00037067,0.0012409,-0.0012005,0.0032243,,0.0480736,0.00593072
0.0031564,1.9042,0.5,2.4913,-0.012668,0.0045519,1.0033,1.9042,0.5,2.4913,0.0015417,0.00018012,0.00023153,0.001302,-0.001323,0.0034692,,0.0505024,0.00370448
0.0030061,1.9159,0.5,2.4913,-0.0099771,0.0071471,0.99944,1.9159,0.5,2.4913,0.0015373,0.00030218,0.00011759,0.0012933,-0.0012503,0.0031816,,0.0480976,0.00188144
0.0027531,1.9282,0.5,2.4913,-0.0071563,0.0087053,0.99208,1.9282,0.5,2.4913,0.0015485,0.00044142,-2.82E-05,0.0012302,-0.0010611,0.0027275,,0.0440496,-0.000450576
0.0025796,1.941,0.5,2.4913,-0.0043344,0.01113,0.98667,1.941,0.5,2.4913,0.0015258,0.00053316,-0.00023827,0.0011715,-0.00092876,0.0024618,,0.0412736,-0.00381232
0.0024701,1.9545,0.5,2.4913,-0.0020503,0.014033,0.98387,1.9545,0.5,2.4913,0.0014483,0.00053709,-0.0004837,0.0011122,-0.00084542,0.0023797,,0.0395216,-0.0077392
0.0025746,1.9686,0.5,2.4913,-0.00064805,0.015103,0.98221,1.9686,0.5,2.4913,0.0013467,0.00044521,-0.00066755,0.0010242,-0.00082489,0.0027784,,0.0411936,-0.0106808
0.0026272,1.9833,0.5,2.4913,0.0001308,0.014178,0.98073,1.9833,0.5,2.4913,0.00128,0.00031889,-0.00073858,0.00093963,-0.00077727,0.0030347,,0.0420352,-0.01181728
0.0025659,1.9988,0.5,2.4913,0.0013203,0.010506,0.97693,1.9988,0.5,2.4913,0.0012758,0.00023552,-0.00086665,0.00086648,-0.00070041,0.0029895,,0.0410544,-0.0138664
0.002798,2.0149,0.5,2.4913,0.0041619,0.0032984,0.97539,2.0149,0.5,2.4913,0.0012956,0.00028684,-0.0011439,0.0008322,-0.00079427,0.0034682,,0.044768,-0.0183024
0.0029384,2.0319,0.5,2.4913,0.0081311,-0.0024001,0.97545,2.0319,0.5,2.4913,0.0013345,0.00051021,-0.0012911,0.00088214,-0.00095487,0.0036602,,0.0470144,-0.0206576
0.0031018,2.0496,0.5,2.4913,0.011154,-0.0068831,0.98334,2.0496,0.5,2.4913,0.0014332,0.00062304,-0.0015095,0.00082075,-0.00097329,0.0039497,,0.0496288,-0.024152
0.0030805,2.0681,0.5,2.4913,0.01255,-0.0090453,0.98696,2.0681,0.5,2.4913,0.0015211,0.0005711,-0.0015921,0.00070082,-0.00081201,0.0039391,,0.049288,-0.0254736
0.0025934,2.0875,0.5,2.4913,0.013461,-0.0050432,0.97813,2.0875,0.5,2.4913,0.0015045,0.0004627,-0.0012359,0.00069528,-0.00062001,0.002987,,0.0414944,-0.0197744
0.0025118,2.1078,0.5,2.4913,0.013367,-0.0016933,0.97646,2.1078,0.5,2.4913,0.0014559,0.00026353,-0.0011987,0.00066919,-0.00061739,0.0028986,,0.0401888,-0.0191792
0.0022881,2.129,0.5,2.4913,0.010787,0.0013413,0.97728,2.129,0.5,2.4913,0.00139,0.00010378,-0.0010876,0.00056657,-0.00052017,0.0026196,,0.0366096,-0.0174016
0.0019863,2.1511,0.5,2.4913,0.0076388,0.0013227,0.98449,2.1511,0.5,2.4913,0.0011581,0.00015393,-0.00062479,0.00062436,-0.00046227,0.0021901,,0.0317808,-0.00999664
0.0017812,2.1743,0.5,2.4913,0.0069276,-0.0066727,0.98983,2.1743,0.5,2.4913,0.00077481,0.00023398,-0.00027316,0.00068272,-0.00029045,0.0021048,,0.0284992,-0.00437056
0.0017449,2.1984,0.5,2.4913,0.0083437,-0.014235,0.98817,2.1984,0.5,2.4913,0.00053267,0.000142,-1.00E-06,0.0007426,-2.21E-05,0.0022144,,0.0279184,-0.000016032
0.0024253,2.2237,0.5,2.4913,0.0096913,-0.012232,0.99195,2.2237,0.5,2.4913,0.00052069,2.86E-05,0.00012634,0.00094301,-0.00047919,0.0033869,,0.0388048,0.00202144
0.0024702,2.2501,0.5,2.4913,0.010306,-0.012147,0.98317,2.2501,0.5,2.4913,0.00058185,-3.88E-05,0.0002527,0.0010429,-0.00060589,0.0033156,,0.0395232,0.0040432
0.0020912,2.2776,0.5,2.4913,0.013021,-0.01233,0.97215,2.2776,0.5,2.4913,0.0006387,4.92E-05,0.00010624,0.0010048,-3.89E-05,0.0025389,,0.0334592,0.00169984
0.0022194,2.3063,0.5,2.4913,0.016392,-0.017003,0.98647,2.3063,0.5,2.4913,0.00066442,0.00025909,0.00010598,0.0013808,2.03E-05,0.0023935,,0.0355104,0.00169568
0.002824,2.3362,0.5,2.4913,0.016559,-0.021667,0.97273,2.3362,0.5,2.4913,0.00084175,0.00052,0.00050139,0.0018382,0.00010389,0.002968,,0.045184,0.00802224
0.0035685,2.3674,0.5,2.4913,0.015358,-0.020248,0.9441,2.3674,0.5,2.4913,0.0011906,0.00055327,0.00098519,0.0021907,0.00059579,0.0037557,,0.057096,0.01576304
0.0043143,2.3999,0.5,2.4913,0.011017,-0.013382,0.90411,2.3999,0.5,2.4913,0.001208,0.00028108,0.0015852,0.0023612,0.00078263,0.0050595,,0.0690288,0.0253632
0.0045078,2.4338,0.5,2.4913,0.0043182,0.0025316,0.83656,2.4338,0.5,2.4913,0.00078257,0.00024591,0.0013447,0.0023252,0.0008765,0.005908,,0.0721248,0.0215152
0.003406,2.4691,0.5,2.4913,0.00091367,0.0080201,0.72538,2.4691,0.5,2.4913,0.00027518,0.00021219,0.00050888,0.0020142,0.00082188,0.0045226,,0.054496,0.00814208
0.0017358,1.6711,0.5,2.5269,0.0036789,0.015375,0.96999,1.6711,0.5,2.5269,0.0011846,-0.0002539,0.00019795,0.0010858,-0.00064154,0.0012011,,0.0277728,0.0031672
0.0016916,1.6793,0.5,2.5269,0.002749,0.01218,0.97188,1.6793,0.5,2.5269,0.0011113,-0.00024801,0.00022341,0.00099184,-0.00065009,0.0012799,,0.0270656,0.00357456
0.0016117,1.6876,0.5,2.5269,0.0020722,0.008682,0.97466,1.6876,0.5,2.5269,0.0010214,-0.00023635,0.00022646,0.00092452,-0.00063017,0.0012774,,0.0257872,0.00362336
0.0015186,1.6958,0.5,2.5269,0.0015561,0.0057385,0.97789,1.6958,0.5,2.5269,0.00092819,-0.00021275,0.00019735,0.00090918,-0.00059296,0.0011998,,0.0242976,0.0031576
0.0014191,1.7041,0.5,2.5269,0.0011025,0.0037846,0.98005,1.7041,0.5,2.5269,0.00084456,-0.00019098,0.00015544,0.00090521,-0.00049927,0.0010883,,0.0227056,0.00248704
0.0013317,1.7123,0.5,2.5269,0.00071409,0.0025716,0.98049,1.7123,0.5,2.5269,0.00078493,-0.00017996,0.00012821,0.00088484,-0.00035736,0.00099371,,0.0213072,0.00205136
0.0012897,1.7206,0.5,2.5269,0.00035425,0.0017613,0.97965,1.7206,0.5,2.5269,0.00075602,-0.00017589,0.00012063,0.00085011,-0.00023002,0.00097333,,0.0206352,0.00193008
0.001283,1.7289,0.5,2.5269,-0.00020214,0.0012538,0.97854,1.7289,0.5,2.5269,0.00074737,-0.00017069,0.00010899,0.00079293,-0.00012343,0.0010258,,0.020528,0.00174384
0.0012615,1.7371,0.5,2.5269,-0.0011583,0.00091582,0.97872,1.7371,0.5,2.5269,0.00073621,-0.00015709,8.06E-05,0.00071108,-4.05E-05,0.0010758,,0.020184,0.001288992
0.0012176,1.7454,0.5,2.5269,-0.0024252,0.00076259,0.98111,1.7454,0.5,2.5269,0.00070438,-0.00013288,3.74E-05,0.00064525,-1.89E-05,0.0010856,,0.0194816,0.000597728
0.0012128,1.7536,0.5,2.5269,-0.0037492,0.0011637,0.98557,1.7536,0.5,2.5269,0.0006531,-0.00010143,-2.07E-05,0.00063064,-5.90E-05,0.0011418,,0.0194048,-0.00033184
0.0012797,1.7619,0.5,2.5269,-0.0049504,0.0023064,0.99098,1.7619,0.5,2.5269,0.00059948,-6.56E-05,-8.24E-05,0.00064357,-0.00011101,0.0013164,,0.0204752,-0.001318224
0.0013886,1.7701,0.5,2.5269,-0.0059535,0.0036871,0.99546,1.7701,0.5,2.5269,0.00055892,-2.90E-05,-0.00012571,0.00063423,-0.00014187,0.001584,,0.0222176,-0.00201136
0.0014937,1.7784,0.5,2.5269,-0.006825,0.004497,0.99831,1.7784,0.5,2.5269,0.00053469,7.25E-06,-0.0001484,0.00059504,-0.00017618,0.0018578,,0.0238992,-0.0023744
0.0015272,1.7866,0.5,2.5269,-0.0077974,0.0039366,1.0006,1.7866,0.5,2.5269,0.00052497,4.72E-05,-0.00016192,0.00056939,-0.00022299,0.0019601,,0.0244352,-0.00259072
0.0015028,1.7949,0.5,2.5269,-0.0089885,0.0020577,1.0024,1.7949,0.5,2.5269,0.00053458,8.41E-05,-0.00015866,0.00057825,-0.0002666,0.0018928,,0.0240448,-0.00253856
0.0014663,1.8032,0.5,2.5269,-0.010172,0.00018592,1.0027,1.8032,0.5,2.5269,0.00056793,9.10E-05,-0.00014569,0.00057545,-0.00030902,0.0017893,,0.0234608,-0.00233104
0.0013664,1.8114,0.5,2.5269,-0.011073,-0.0013067,1.0026,1.8114,0.5,2.5269,0.00062157,4.79E-05,-0.00012913,0.00055159,-0.00032106,0.0015596,,0.0218624,-0.00206608
0.0012317,1.8197,0.5,2.5269,-0.011727,-0.0034555,1.0034,1.8197,0.5,2.5269,0.0007,-2.99E-05,-8.05E-05,0.0005539,-0.00028046,0.0012094,,0.0197072,-0.001288272
0.0011958,1.8279,0.5,2.5269,-0.012349,-0.006257,1.0057,1.8279,0.5,2.5269,0.00081828,-0.00011288,-1.54E-05,0.00059964,-0.00021682,0.00097369,,0.0191328,-0.000246336
0.0012722,1.8362,0.5,2.5269,-0.01302,-0.0085417,1.0086,1.8362,0.5,2.5269,0.00097224,-0.00018238,3.50E-05,0.00066562,-0.00017262,0.00090654,,0.0203552,0.000559824
0.0013887,1.8446,0.5,2.5269,-0.013636,-0.0095323,1.0096,1.8446,0.5,2.5269,0.0011268,-0.00022648,0.00012579,0.00070368,-0.00022529,0.00094687,,0.0222192,0.00201264
0.001523,1.8534,0.5,2.5269,-0.014134,-0.0088524,1.0077,1.8534,0.5,2.5269,0.0012485,-0.00024479,0.00028222,0.00070552,-0.00040495,0.0010919,,0.024368,0.00451552
0.0017242,1.8626,0.5,2.5269,-0.014701,-0.0068068,1.0043,1.8626,0.5,2.5269,0.0013369,-0.00023096,0.00039542,0.00072597,-0.00056586,0.0013855,,0.0275872,0.00632672
0.0020766,1.8723,0.5,2.5269,-0.015443,-0.0047042,1.0029,1.8723,0.5,2.5269,0.0014144,-0.0001711,0.00038926,0.0008371,-0.00070603,0.0019018,,0.0332256,0.00622816
0.0025958,1.8824,0.5,2.5269,-0.015811,-0.0025392,1.0044,1.8824,0.5,2.5269,0.0014732,-7.57E-05,0.00037595,0.0010404,-0.00097104,0.0026781,,0.0415328,0.0060152
0.0030092,1.8931,0.5,2.5269,-0.014932,0.0010059,1.0046,1.8931,0.5,2.5269,0.0014773,2.60E-05,0.00034139,0.0012215,-0.0012539,0.0033195,,0.0481472,0.00546224
0.0031309,1.9042,0.5,2.5269,-0.012773,0.0049067,1.0025,1.9042,0.5,2.5269,0.0014527,0.00012875,0.00023005,0.0012967,-0.0013723,0.0035123,,0.0500944,0.0036808
0.0029706,1.9159,0.5,2.5269,-0.01011,0.0073299,0.99864,1.9159,0.5,2.5269,0.0014689,0.00025874,0.00013174,0.0012967,-0.0012643,0.0031756,,0.0475296,0.00210784
0.0027431,1.9282,0.5,2.5269,-0.0072914,0.0088894,0.99125,1.9282,0.5,2.5269,0.0015079,0.00040325,1.33E-05,0.0012314,-0.0010509,0.002747,,0.0438896,0.000212512
0.0025875,1.941,0.5,2.5269,-0.0044589,0.011394,0.98613,1.941,0.5,2.5269,0.0015017,0.00051239,-0.00019739,0.0011835,-0.00093024,0.0024898,,0.0414,-0.00315824
0.0024779,1.9545,0.5,2.5269,-0.0022189,0.014369,0.98378,1.9545,0.5,2.5269,0.0014355,0.00054782,-0.00047029,0.0011485,-0.00084599,0.0023719,,0.0396464,-0.00752464
0.0025845,1.9686,0.5,2.5269,-0.00091081,0.015454,0.98217,1.9686,0.5,2.5269,0.0013331,0.00046149,-0.00068006,0.0010589,-0.00081229,0.002777,,0.041352,-0.01088096
0.0026231,1.9833,0.5,2.5269,-0.00018653,0.014432,0.98074,1.9833,0.5,2.5269,0.0012568,0.00030627,-0.00073548,0.00094922,-0.00076421,0.0030402,,0.0419696,-0.01176768
0.0025688,1.9988,0.5,2.5269,0.0009849,0.010647,0.97736,1.9988,0.5,2.5269,0.0012588,0.00021697,-0.00082214,0.00086933,-0.00071141,0.0030094,,0.0411008,-0.01315424
0.0028079,2.0149,0.5,2.5269,0.0037851,0.0032003,0.97574,2.0149,0.5,2.5269,0.0013035,0.0002762,-0.0011048,0.00083513,-0.00083276,0.0034771,,0.0449264,-0.0176768
0.0029492,2.0319,0.5,2.5269,0.0077276,-0.0025532,0.97552,2.0319,0.5,2.5269,0.0013381,0.00048883,-0.0012905,0.00087512,-0.00097904,0.0036851,,0.0471872,-0.020648
0.0031159,2.0496,0.5,2.5269,0.010764,-0.0068116,0.98331,2.0496,0.5,2.5269,0.0013899,0.00059816,-0.0014954,0.00081573,-0.00096632,0.0040262,,0.0498544,-0.0239264
0.0030464,2.0681,0.5,2.5269,0.012174,-0.0090834,0.98671,2.0681,0.5,2.5269,0.0014619,0.00055623,-0.0015377,0.00069671,-0.00079104,0.0039342,,0.0487424,-0.0246032
0.0025399,2.0875,0.5,2.5269,0.013081,-0.0052009,0.97781,2.0875,0.5,2.5269,0.0014879,0.0004619,-0.0011888,0.00068781,-0.00060097,0.002904,,0.0406384,-0.0190208
0.0024739,2.1078,0.5,2.5269,0.013047,-0.001685,0.9767,2.1078,0.5,2.5269,0.0014917,0.00027626,-0.0011823,0.00065957,-0.00060025,0.0027966,,0.0395824,-0.0189168
0.002315,2.129,0.5,2.5269,0.010654,0.0012625,0.97695,2.129,0.5,2.5269,0.0014257,0.0001228,-0.001115,0.00056873,-0.00051251,0.0026355,,0.03704,-0.01784
0.0020325,2.1511,0.5,2.5269,0.0076824,0.0012539,0.98335,2.1511,0.5,2.5269,0.0011582,0.00016899,-0.00064991,0.00061272,-0.00046402,0.002294,,0.03252,-0.01039856
0.0017896,2.1743,0.5,2.5269,0.0070532,-0.0065361,0.98922,2.1743,0.5,2.5269,0.00077824,0.0002489,-0.0002789,0.00066665,-0.00028622,0.0021343,,0.0286336,-0.0044624
0.0017707,2.1984,0.5,2.5269,0.0084743,-0.014178,0.9884,2.1984,0.5,2.5269,0.00056069,0.00016281,-2.46E-05,0.00076474,5.36E-06,0.002216,,0.0283312,-0.000393888
0.0024552,2.2237,0.5,2.5269,0.0097376,-0.012349,0.99239,2.2237,0.5,2.5269,0.00054966,4.56E-05,0.00013173,0.00095776,-0.00045099,0.003403,,0.0392832,0.00210768
0.0024634,2.2501,0.5,2.5269,0.01025,-0.012363,0.9844,2.2501,0.5,2.5269,0.00059803,-1.63E-05,0.00026349,0.0010045,-0.00061194,0.0033243,,0.0394144,0.00421584
0.0021018,2.2776,0.5,2.5269,0.012922,-0.012446,0.97246,2.2776,0.5,2.5269,0.0006438,5.46E-05,0.00010295,0.00098538,-4.92E-05,0.0025744,,0.0336288,0.0016472
0.0022326,2.3063,0.5,2.5269,0.016282,-0.017009,0.98626,2.3063,0.5,2.5269,0.00066121,0.00024802,1.00E-04,0.0013629,-2.58E-05,0.0024412,,0.0357216,0.001599392
0.0027654,2.3362,0.5,2.5269,0.016515,-0.021715,0.97385,2.3362,0.5,2.5269,0.00084833,0.00050745,0.00046756,0.0018411,4.48E-05,0.0028414,,0.0442464,0.00748096
0.003489,2.3674,0.5,2.5269,0.015485,-0.020487,0.94407,2.3674,0.5,2.5269,0.0011993,0.0005101,0.00092924,0.002237,0.00061667,0.0035418,,0.055824,0.01486784
0.004284,2.3999,0.5,2.5269,0.011185,-0.013653,0.90442,2.3999,0.5,2.5269,0.0012109,0.00023207,0.0015375,0.0023907,0.00072986,0.0049665,,0.068544,0.0246
0.0045404,2.4338,0.5,2.5269,0.0043795,0.0025291,0.83811,2.4338,0.5,2.5269,0.00079913,0.00021367,0.0013524,0.0023641,0.00083801,0.0059176,,0.0726464,0.0216384
0.003444,2.4691,0.5,2.5269,0.00092187,0.0081302,0.72675,2.4691,0.5,2.5269,0.00028887,0.00019472,0.00053608,0.0020446,0.00089975,0.0045545,,0.055104,0.00857728
0.0017044,1.6711,0.5,2.5625,0.0036067,0.015407,0.96962,1.6711,0.5,2.5625,0.0011734,-0.00025948,0.0002136,0.001037,-0.00063107,0.0011983,,0.0272704,0.0034176
0.0016729,1.6793,0.5,2.5625,0.0026185,0.012382,0.97157,1.6793,0.5,2.5625,0.001104,-0.00025325,0.00023911,0.00095706,-0.00064204,0.0012848,,0.0267664,0.00382576
0.0016053,1.6876,0.5,2.5625,0.0018995,0.0088653,0.97449,1.6876,0.5,2.5625,0.0010147,-0.00024948,0.00024174,0.00090338,-0.0006244,0.0012925,,0.0256848,0.00386784
0.0015203,1.6958,0.5,2.5625,0.0013491,0.0058343,0.97786,1.6958,0.5,2.5625,0.00091987,-0.0002344,0.00021399,0.00090103,-0.00058569,0.0012198,,0.0243248,0.00342384
0.0014247,1.7041,0.5,2.5625,0.00085899,0.003848,0.98012,1.7041,0.5,2.5625,0.00084238,-0.00021639,0.00016999,0.00090476,-0.0004902,0.0011022,,0.0227952,0.00271984
0.0013399,1.7123,0.5,2.5625,0.00043685,0.0026491,0.98055,1.7123,0.5,2.5625,0.00079392,-0.00020244,0.0001343,0.00088481,-0.00034529,0.0010012,,0.0214384,0.0021488
0.0012989,1.7206,0.5,2.5625,5.96E-05,0.0018577,0.97968,1.7206,0.5,2.5625,0.00076755,-0.00019006,0.00011242,0.00084591,-0.00021659,0.00098434,,0.0207824,0.00179872
0.0012846,1.7289,0.5,2.5625,-0.00049482,0.0013793,0.97855,1.7289,0.5,2.5625,0.0007484,-0.00017426,8.93E-05,0.00078816,-0.00011329,0.0010326,,0.0205536,0.00142904
0.0012512,1.7371,0.5,2.5625,-0.0014141,0.0010769,0.97872,1.7371,0.5,2.5625,0.0007208,-0.00015123,5.93E-05,0.00071171,-3.49E-05,0.00107,,0.0200192,0.000949232
0.0012055,1.7454,0.5,2.5625,-0.0026167,0.00092949,0.98114,1.7454,0.5,2.5625,0.00067745,-0.00012228,2.75E-05,0.00064946,-1.84E-05,0.001084,,0.019288,0.000440416
0.0012064,1.7536,0.5,2.5625,-0.0038822,0.0012827,0.98563,1.7536,0.5,2.5625,0.00062666,-9.12E-05,-8.26E-06,0.00063325,-6.16E-05,0.0011529,,0.0193024,-0.000132208
0.0012741,1.7619,0.5,2.5625,-0.0050512,0.002337,0.991,1.7619,0.5,2.5625,0.00058526,-5.79E-05,-4.87E-05,0.00063973,-0.00011117,0.0013232,,0.0203856,-0.000779856
0.0013754,1.7701,0.5,2.5625,-0.0060519,0.0036281,0.99536,1.7701,0.5,2.5625,0.00056223,-2.29E-05,-8.73E-05,0.00061753,-0.00013344,0.001571,,0.0220064,-0.001396048
0.0014756,1.7784,0.5,2.5625,-0.0069506,0.0043721,0.99819,1.7784,0.5,2.5625,0.00055485,1.39E-05,-0.00012659,0.00056679,-0.00016322,0.0018296,,0.0236096,-0.00202544
0.0015142,1.7866,0.5,2.5625,-0.0079745,0.0037943,1.0006,1.7866,0.5,2.5625,0.00055857,5.41E-05,-0.00016617,0.00053952,-0.00021932,0.0019303,,0.0242272,-0.00265872
0.0014914,1.7949,0.5,2.5625,-0.0092093,0.001979,1.0025,1.7949,0.5,2.5625,0.00057336,8.80E-05,-0.00018342,0.00054952,-0.00027466,0.00186,,0.0238624,-0.00293472
0.0014486,1.8032,0.5,2.5625,-0.010392,0.00020895,1.0029,1.8032,0.5,2.5625,0.00060184,8.99E-05,-0.00017737,0.0005476,-0.00031358,0.0017478,,0.0231776,-0.00283792
0.0013427,1.8114,0.5,2.5625,-0.01127,-0.0012662,1.0028,1.8114,0.5,2.5625,0.00064443,4.38E-05,-0.00015477,0.0005267,-0.00031324,0.0015144,,0.0214832,-0.00247632
0.0012048,1.8197,0.5,2.5625,-0.011943,-0.0035154,1.0035,1.8197,0.5,2.5625,0.00070949,-3.17E-05,-0.00010002,0.00052829,-0.00026998,0.0011719,,0.0192768,-0.00160032
0.0011719,1.8279,0.5,2.5625,-0.012628,-0.0064373,1.0058,1.8279,0.5,2.5625,0.00081612,-0.00010767,-3.27E-05,0.00057423,-0.00021022,0.00095342,,0.0187504,-0.000523584
0.0012615,1.8362,0.5,2.5625,-0.013342,-0.0087888,1.0085,1.8362,0.5,2.5625,0.00096496,-0.00016959,2.16E-05,0.00064811,-0.00017136,0.00090989,,0.020184,0.000345504
0.0013959,1.8446,0.5,2.5625,-0.013943,-0.0097345,1.0092,1.8446,0.5,2.5625,0.0011239,-0.00021192,0.00010923,0.000699,-0.00023123,0.00096889,,0.0223344,0.00174768
0.0015483,1.8534,0.5,2.5625,-0.014416,-0.0089005,1.007,1.8534,0.5,2.5625,0.0012562,-0.00024244,0.00024748,0.00071191,-0.00041714,0.0011285,,0.0247728,0.00395968
0.0017778,1.8626,0.5,2.5625,-0.015011,-0.0067689,1.0039,1.8626,0.5,2.5625,0.0013586,-0.00024783,0.00033876,0.00072658,-0.00057951,0.0014704,,0.0284448,0.00542016
0.0021437,1.8723,0.5,2.5625,-0.015779,-0.0046207,1.0025,1.8723,0.5,2.5625,0.001447,-0.00019476,0.00032574,0.0008186,-0.00072462,0.0020218,,0.0342992,0.00521184
0.0026445,1.8824,0.5,2.5625,-0.016053,-0.0022623,1.0036,1.8824,0.5,2.5625,0.0014954,-9.63E-05,0.00033655,0.0010161,-0.0010081,0.0027774,,0.042312,0.0053848
0.0030319,1.8931,0.5,2.5625,-0.015057,0.0014165,1.0038,1.8931,0.5,2.5625,0.0014711,6.42E-06,0.00034187,0.0012081,-0.0012922,0.0033846,,0.0485104,0.00546992
0.0031179,1.9042,0.5,2.5625,-0.012908,0.0051924,1.0019,1.9042,0.5,2.5625,0.001418,0.00010569,0.00024392,0.0012941,-0.0013777,0.0035238,,0.0498864,0.00390272
0.0029368,1.9159,0.5,2.5625,-0.010303,0.0074651,0.99784,1.9159,0.5,2.5625,0.0014075,0.00022597,0.00015555,0.0013048,-0.0012358,0.0031612,,0.0469888,0.0024888
0.002722,1.9282,0.5,2.5625,-0.0075014,0.0090714,0.9904,1.9282,0.5,2.5625,0.0014359,0.00035886,6.32E-05,0.0012502,-0.0010325,0.0027579,,0.043552,0.001010592
0.0025941,1.941,0.5,2.5625,-0.0046911,0.011639,0.9857,1.941,0.5,2.5625,0.0014547,0.00046421,-0.00015752,0.0012142,-0.00094711,0.0025193,,0.0415056,-0.00252032
0.0025128,1.9545,0.5,2.5625,-0.002507,0.014628,0.98379,1.9545,0.5,2.5625,0.0014355,0.0005129,-0.00046584,0.001187,-0.00085595,0.0024031,,0.0402048,-0.00745344
0.0026206,1.9686,0.5,2.5625,-0.0012466,0.015748,0.98214,1.9686,0.5,2.5625,0.0013554,0.00044386,-0.00068231,0.0010993,-0.00078414,0.0027864,,0.0419296,-0.01091696
0.0026488,1.9833,0.5,2.5625,-0.00053813,0.014667,0.98065,1.9833,0.5,2.5625,0.0012697,0.00030145,-0.00072107,0.00099368,-0.00073768,0.0030343,,0.0423808,-0.01153712
0.0026206,1.9988,0.5,2.5625,0.00061191,0.010758,0.97771,1.9988,0.5,2.5625,0.0012783,0.00023042,-0.00079944,0.00090918,-0.00071547,0.0030537,,0.0419296,-0.01279104
0.0028668,2.0149,0.5,2.5625,0.0033984,0.0031257,0.97614,2.0149,0.5,2.5625,0.0013407,0.00028676,-0.0010869,0.00087072,-0.00085764,0.0035222,,0.0458688,-0.0173904
0.0029941,2.0319,0.5,2.5625,0.0073778,-0.0026522,0.97563,2.0319,0.5,2.5625,0.0013479,0.00047626,-0.0012734,0.00092378,-0.00098966,0.0037166,,0.0479056,-0.0203744
0.0031333,2.0496,0.5,2.5625,0.010439,-0.0067307,0.98325,2.0496,0.5,2.5625,0.0013462,0.00058005,-0.0014579,0.00085706,-0.0009466,0.0040634,,0.0501328,-0.0233264
0.0030226,2.0681,0.5,2.5625,0.011822,-0.0091307,0.98644,2.0681,0.5,2.5625,0.0014067,0.00053271,-0.0014951,0.00070242,-0.00076068,0.003936,,0.0483616,-0.0239216
0.0025025,2.0875,0.5,2.5625,0.012702,-0.0053601,0.97748,2.0875,0.5,2.5625,0.0014602,0.00044262,-0.0011673,0.00068035,-0.00058217,0.0028645,,0.04004,-0.0186768
0.0024395,2.1078,0.5,2.5625,0.012741,-0.0016791,0.97694,2.1078,0.5,2.5625,0.0014877,0.00028576,-0.0011819,0.00067481,-0.00057793,0.0027166,,0.039032,-0.0189104
0.0023331,2.129,0.5,2.5625,0.010538,0.0011899,0.97668,2.129,0.5,2.5625,0.0014113,0.00013983,-0.0011502,0.00062485,-0.00048746,0.00263,,0.0373296,-0.0184032
0.00206,2.1511,0.5,2.5625,0.0077169,0.0011631,0.98219,2.1511,0.5,2.5625,0.0011285,0.00018391,-0.00068274,0.00064073,-0.0004611,0.0023507,,0.03296,-0.01092384
0.0018078,2.1743,0.5,2.5625,0.0071485,-0.0064876,0.98859,2.1743,0.5,2.5625,0.00076828,0.00027566,-0.00030061,0.0006808,-0.0002802,0.0021665,,0.0289248,-0.00480976
0.0018026,2.1984,0.5,2.5625,0.008538,-0.014206,0.98863,2.1984,0.5,2.5625,0.0005738,0.00018596,-5.88E-05,0.00080783,3.64E-05,0.0022235,,0.0288416,-0.000940704
0.0024711,2.2237,0.5,2.5625,0.0096848,-0.012492,0.99273,2.2237,0.5,2.5625,0.00056705,5.72E-05,0.00013271,0.00095747,-0.00041867,0.0034176,,0.0395376,0.00212336
0.0024617,2.2501,0.5,2.5625,0.010117,-0.012561,0.9855,2.2501,0.5,2.5625,0.00059686,7.06E-07,0.00028219,0.0010088,-0.0006073,0.0033177,,0.0393872,0.00451504
0.0020811,2.2776,0.5,2.5625,0.012766,-0.012524,0.97284,2.2776,0.5,2.5625,0.00062713,6.85E-05,0.00011657,0.0010202,-5.10E-05,0.0025149,,0.0332976,0.00186512
0.0022244,2.3063,0.5,2.5625,0.01613,-0.016947,0.9861,2.3063,0.5,2.5625,0.00065257,0.00024552,0.00011053,0.00137,-6.93E-05,0.0024263,,0.0355904,0.00176848
0.0027195,2.3362,0.5,2.5625,0.016465,-0.021779,0.97495,2.3362,0.5,2.5625,0.00084551,0.00050013,0.00043356,0.0018583,2.19E-05,0.0027352,,0.043512,0.00693696
0.0033801,2.3674,0.5,2.5625,0.015611,-0.020714,0.94404,2.3674,0.5,2.5625,0.0012038,0.00047309,0.00086099,0.0022344,0.00066063,0.0033221,,0.0540816,0.01377584
0.0042145,2.3999,0.5,2.5625,0.011349,-0.013852,0.90457,2.3999,0.5,2.5625,0.0012264,0.00018712,0.0014785,0.0023819,0.00071974,0.0048206,,0.067432,0.023656
0.0045383,2.4338,0.5,2.5625,0.0044571,0.0025144,0.83948,2.4338,0.5,2.5625,0.00081933,0.00019391,0.0013308,0.0023835,0.00084646,0.0058738,,0.0726128,0.0212928
0.0034566,2.4691,0.5,2.5625,0.00094592,0.0082234,0.72805,2.4691,0.5,2.5625,0.00030013,0.00018419,0.00053832,0.0020498,0.00096536,0.0045633,,0.0553056,0.00861312
0.0017044,1.6711,0.5,2.598,0.0035684,0.015391,0.96929,1.6711,0.5,2.598,0.0011905,-0.00024027,0.00021979,0.0010391,-0.00064211,0.0011791,,0.0272704,0.00351664
0.00169,1.6793,0.5,2.598,0.0025398,0.012543,0.97132,1.6793,0.5,2.598,0.0011492,-0.00023209,0.00023783,0.00096455,-0.00064556,0.0012663,,0.02704,0.00380528
0.0016401,1.6876,0.5,2.598,0.0017971,0.0090327,0.97436,1.6876,0.5,2.598,0.0010833,-0.00023453,0.00024441,0.00090884,-0.00061247,0.0012881,,0.0262416,0.00391056
0.0015651,1.6958,0.5,2.598,0.0012305,0.0059221,0.97788,1.6958,0.5,2.598,0.00099314,-0.00022745,0.00022684,0.00090219,-0.00056499,0.0012348,,0.0250416,0.00362944
0.0014664,1.7041,0.5,2.598,0.00071883,0.003901,0.9802,1.7041,0.5,2.598,0.00089744,-0.00021383,0.00018042,0.00090681,-0.00047223,0.0011286,,0.0234624,0.00288672
0.0013726,1.7123,0.5,2.598,0.00025451,0.0027157,0.98061,1.7123,0.5,2.598,0.00081794,-0.00020301,0.00013485,0.00089234,-0.00032949,0.0010349,,0.0219616,0.0021576
0.0013186,1.7206,0.5,2.598,-0.00018325,0.0019399,0.97969,1.7206,0.5,2.598,0.00075727,-0.00019427,0.00010535,0.00085679,-0.00019966,0.0010232,,0.0210976,0.0016856
0.0012842,1.7289,0.5,2.598,-0.0007715,0.0014778,0.97853,1.7289,0.5,2.598,0.00070674,-0.00017884,7.82E-05,0.000798,-9.95E-05,0.0010638,,0.0205472,0.001251936
0.0012343,1.7371,0.5,2.598,-0.0016773,0.0011985,0.97869,1.7371,0.5,2.598,0.00066184,-0.0001513,4.57E-05,0.00072045,-2.80E-05,0.0010864,,0.0197488,0.000731136
0.0011867,1.7454,0.5,2.598,-0.0028378,0.0010557,0.98114,1.7454,0.5,2.598,0.00062717,-0.00011827,7.44E-06,0.00065879,-1.51E-05,0.0010875,,0.0189872,0.00011909
0.0011984,1.7536,0.5,2.598,-0.0040644,0.0013664,0.98568,1.7536,0.5,2.598,0.00061017,-8.77E-05,-3.17E-05,0.0006417,-5.85E-05,0.001145,,0.0191744,-0.000507904
0.0012809,1.7619,0.5,2.598,-0.0052097,0.0023322,0.99099,1.7619,0.5,2.598,0.00061244,-5.56E-05,-6.51E-05,0.00064282,-0.00010669,0.0013065,,0.0204944,-0.001041328
0.0013956,1.7701,0.5,2.598,-0.0061984,0.0035305,0.99527,1.7701,0.5,2.598,0.00062715,-1.28E-05,-9.00E-05,0.00061337,-0.00012888,0.0015507,,0.0223296,-0.001440112
0.0015086,1.7784,0.5,2.598,-0.0071053,0.0042285,0.99812,1.7784,0.5,2.598,0.00064218,4.46E-05,-0.00011943,0.00056532,-0.00016558,0.0018098,,0.0241376,-0.00191088
0.0015534,1.7866,0.5,2.598,-0.0081581,0.0036742,1.0006,1.7866,0.5,2.598,0.00064762,0.0001031,-0.0001568,0.00055126,-0.00023185,0.001908,,0.0248544,-0.0025088
0.0015185,1.7949,0.5,2.598,-0.0094128,0.0019407,1.0026,1.7949,0.5,2.598,0.00064154,0.00013499,-0.00017651,0.00056537,-0.00028979,0.0018301,,0.024296,-0.00282416
0.0014541,1.8032,0.5,2.598,-0.010585,0.00025017,1.0031,1.8032,0.5,2.598,0.00063338,0.00011932,-0.00017259,0.00055718,-0.00032034,0.0017176,,0.0232656,-0.00276144
0.0013308,1.8114,0.5,2.598,-0.011461,-0.0012435,1.0029,1.8114,0.5,2.598,0.00063997,6.01E-05,-0.00014626,0.00053037,-0.00031261,0.0014912,,0.0212928,-0.00234016
0.0011849,1.8197,0.5,2.598,-0.012187,-0.0035976,1.0035,1.8197,0.5,2.598,0.00068302,-1.38E-05,-8.98E-05,0.00052813,-0.00027077,0.0011586,,0.0189584,-0.001436048
0.0011578,1.8279,0.5,2.598,-0.012958,-0.0066148,1.0058,1.8279,0.5,2.598,0.00078587,-8.23E-05,-2.87E-05,0.00057183,-0.00021157,0.00095784,,0.0185248,-0.000458528
0.0012651,1.8362,0.5,2.598,-0.013714,-0.0090069,1.0085,1.8362,0.5,2.598,0.00095032,-0.00014524,1.39E-05,0.00064259,-0.00017196,0.00093734,,0.0202416,0.000222736
0.0014158,1.8446,0.5,2.598,-0.014287,-0.0098718,1.0088,1.8446,0.5,2.598,0.0011401,-0.00020185,7.59E-05,0.00069572,-0.0002308,0.00099581,,0.0226528,0.001214864
0.0015876,1.8534,0.5,2.598,-0.014726,-0.0088752,1.0065,1.8534,0.5,2.598,0.0013019,-0.00024966,0.00018199,0.0007178,-0.00040986,0.0011555,,0.0254016,0.00291184
0.0018473,1.8626,0.5,2.598,-0.015344,-0.0067001,1.0034,1.8626,0.5,2.598,0.0014139,-0.00025668,0.00026585,0.00073426,-0.00057478,0.0015464,,0.0295568,0.0042536
0.0022205,1.8723,0.5,2.598,-0.016114,-0.0045228,1.0019,1.8723,0.5,2.598,0.0014896,-0.00018592,0.00027927,0.00082246,-0.00074794,0.0021289,,0.035528,0.00446832
0.0026986,1.8824,0.5,2.598,-0.016281,-0.0019543,1.0026,1.8824,0.5,2.598,0.0015241,-7.32E-05,0.00032392,0.0010205,-0.001056,0.0028527,,0.0431776,0.00518272
0.0030675,1.8931,0.5,2.598,-0.01517,0.0018454,1.0029,1.8931,0.5,2.598,0.0015012,2.54E-05,0.00036287,0.0012224,-0.0013236,0.0034114,,0.04908,0.00580592
0.0031435,1.9042,0.5,2.598,-0.013007,0.0054555,1.0013,1.9042,0.5,2.598,0.0014418,0.00011328,0.00029627,0.0013242,-0.0013761,0.003521,,0.050296,0.00474032
0.0029524,1.9159,0.5,2.598,-0.010449,0.0075668,0.99701,1.9159,0.5,2.598,0.0014035,0.00023338,0.00022647,0.0013494,-0.0012209,0.0031519,,0.0472384,0.00362352
0.0027277,1.9282,0.5,2.598,-0.0077287,0.0092506,0.98966,1.9282,0.5,2.598,0.0014105,0.00036165,0.00012688,0.0013002,-0.0010349,0.0027447,,0.0436432,0.00203008
0.0026051,1.941,0.5,2.598,-0.0050305,0.011876,0.9855,1.941,0.5,2.598,0.0014312,0.00044484,-0.00014159,0.0012541,-0.0009741,0.002525,,0.0416816,-0.00226544
0.0025257,1.9545,0.5,2.598,-0.0029115,0.014824,0.98389,1.9545,0.5,2.598,0.0014274,0.00047363,-0.00047541,0.0011989,-0.00087841,0.0024251,,0.0404112,-0.00760656
0.0026133,1.9686,0.5,2.598,-0.001628,0.015937,0.98203,1.9686,0.5,2.598,0.0013587,0.00040588,-0.00067071,0.001077,-0.00078697,0.002791,,0.0418128,-0.01073136
0.0026514,1.9833,0.5,2.598,-0.0008862,0.014769,0.98048,1.9833,0.5,2.598,0.0012823,0.00029932,-0.00071172,0.000975,-0.00075029,0.0030455,,0.0424224,-0.01138752
0.0026683,1.9988,0.5,2.598,0.00025262,0.010781,0.97801,1.9988,0.5,2.598,0.0012969,0.00026933,-0.00080061,0.00092822,-0.00072734,0.0031116,,0.0426928,-0.01280976
0.0029204,2.0149,0.5,2.598,0.0030442,0.003105,0.97647,2.0149,0.5,2.598,0.0013359,0.00032044,-0.0010585,0.00093658,-0.0008577,0.0035683,,0.0467264,-0.016936
0.0030051,2.0319,0.5,2.598,0.0070551,-0.0026259,0.97572,2.0319,0.5,2.598,0.0013072,0.00047383,-0.0012156,0.0010055,-0.00099462,0.0036975,,0.0480816,-0.0194496
0.0031289,2.0496,0.5,2.598,0.010108,-0.0065494,0.98325,2.0496,0.5,2.598,0.0013131,0.00056246,-0.0014099,0.0009007,-0.000944,0.0040441,,0.0500624,-0.0225584
0.0030355,2.0681,0.5,2.598,0.011463,-0.0091111,0.98622,2.0681,0.5,2.598,0.001408,0.00050926,-0.0014811,0.00070393,-0.00074362,0.003959,,0.048568,-0.0236976
0.0025003,2.0875,0.5,2.598,0.012342,-0.0054859,0.97716,2.0875,0.5,2.598,0.00148,0.00042896,-0.0011669,0.00067287,-0.00058244,0.0028477,,0.0400048,-0.0186704
0.0024214,2.1078,0.5,2.598,0.012467,-0.001649,0.97721,2.1078,0.5,2.598,0.0015066,0.00028734,-0.0011872,0.00070888,-0.00057259,0.0026273,,0.0387424,-0.0189952
0.0023432,2.129,0.5,2.598,0.010454,0.0011416,0.9765,2.129,0.5,2.598,0.0014093,0.00012578,-0.0011922,0.00069092,-0.00045636,0.0025862,,0.0374912,-0.0190752
0.0020894,2.1511,0.5,2.598,0.0077594,0.0010684,0.98107,2.1511,0.5,2.598,0.0011109,0.00017405,-0.00073976,0.00067787,-0.00045879,0.00239,,0.0334304,-0.01183616
0.0018284,2.1743,0.5,2.598,0.0072106,-0.0064668,0.98794,2.1743,0.5,2.598,0.00076046,0.00028305,-0.00033997,0.00070659,-0.00028723,0.0021898,,0.0292544,-0.00543952
0.0018042,2.1984,0.5,2.598,0.0085455,-0.014248,0.98887,2.1984,0.5,2.598,0.00058405,0.00017916,-8.92E-05,0.00082517,5.14E-05,0.0021993,,0.0288672,-0.001426464
0.0024714,2.2237,0.5,2.598,0.0095958,-0.012631,0.99297,2.2237,0.5,2.598,0.00058064,4.14E-05,0.00013147,0.00094174,-0.0004105,0.0034204,,0.0395424,0.00210352
0.0024716,2.2501,0.5,2.598,0.0099646,-0.012767,0.98649,2.2501,0.5,2.598,0.00058622,-4.25E-06,0.00029739,0.001022,-0.00062119,0.003335,,0.0395456,0.00475824
0.0020595,2.2776,0.5,2.598,0.012594,-0.012644,0.97324,2.2776,0.5,2.598,0.00060398,7.74E-05,0.00011568,0.001049,-6.76E-05,0.002466,,0.032952,0.00185088
0.0022264,2.3063,0.5,2.598,0.01602,-0.016893,0.98591,2.3063,0.5,2.598,0.00064924,0.00024604,0.000104,0.0013988,-9.71E-05,0.0024047,,0.0356224,0.001664
0.0027225,2.3362,0.5,2.598,0.016453,-0.021893,0.97596,2.3362,0.5,2.598,0.00083979,0.00049675,0.00039434,0.0019167,5.71E-05,0.0026885,,0.04356,0.00630944
0.0032947,2.3674,0.5,2.598,0.015693,-0.020918,0.94398,2.3674,0.5,2.598,0.0012131,0.00045531,0.00079643,0.0022378,0.00072212,0.0031385,,0.0527152,0.01274288
0.0041191,2.3999,0.5,2.598,0.01145,-0.013961,0.90459,2.3999,0.5,2.598,0.0012647,0.00015349,0.0014341,0.0023376,0.00073491,0.004636,,0.0659056,0.0229456
0.0044974,2.4338,0.5,2.598,0.0044788,0.0025008,0.8407,2.4338,0.5,2.598,0.00084257,0.00017865,0.0013123,0.0023482,0.00088914,0.005804,,0.0719584,0.0209968
0.0034465,2.4691,0.5,2.598,0.00093136,0.0083252,0.72925,2.4691,0.5,2.598,0.00030491,0.00017935,0.00053412,0.0020178,0.0010193,0.0045704,,0.055144,0.00854592
0.0017178,1.6711,0.5,2.6334,0.0035352,0.015404,0.96901,1.6711,0.5,2.6334,0.0012064,-0.00021463,0.00021152,0.0010735,-0.00065174,0.0011556,,0.0274848,0.00338432
0.0017033,1.6793,0.5,2.6334,0.0024483,0.012774,0.97106,1.6793,0.5,2.6334,0.0011685,-0.00020509,0.00022487,0.00099989,-0.00066083,0.0012381,,0.0272528,0.00359792
0.0016479,1.6876,0.5,2.6334,0.001682,0.0092896,0.97416,1.6876,0.5,2.6334,0.0011049,-0.0002041,0.00023294,0.00093532,-0.00062196,0.0012556,,0.0263664,0.00372704
0.0015692,1.6958,0.5,2.6334,0.0011182,0.0060934,0.97785,1.6958,0.5,2.6334,0.0010205,-0.00019592,0.00023128,0.00091113,-0.00056761,0.0012068,,0.0251072,0.00370048
0.0014736,1.7041,0.5,2.6334,0.00060308,0.0040225,0.9803,1.7041,0.5,2.6334,0.00092539,-0.00018687,0.00020137,0.00090288,-0.00047904,0.001119,,0.0235776,0.00322192
0.0013752,1.7123,0.5,2.6334,0.00012133,0.0028445,0.9807,1.7123,0.5,2.6334,0.00083577,-0.00018638,0.00015767,0.00088904,-0.00033747,0.0010255,,0.0220032,0.00252272
0.001307,1.7206,0.5,2.6334,-0.00033971,0.0020843,0.97979,1.7206,0.5,2.6334,0.00076505,-0.0001929,0.00012333,0.00086042,-0.00020281,0.00098851,,0.020912,0.00197328
0.0012625,1.7289,0.5,2.6334,-0.00095692,0.0016258,0.97864,1.7289,0.5,2.6334,0.00071247,-0.00019257,9.31E-05,0.00080397,-0.00010309,0.0010085,,0.0202,0.001490144
0.0012203,1.7371,0.5,2.6334,-0.0018817,0.0013498,0.97881,1.7371,0.5,2.6334,0.00067356,-0.0001736,5.73E-05,0.00072639,-3.61E-05,0.0010406,,0.0195248,0.000916576
0.0011907,1.7454,0.5,2.6334,-0.0030462,0.0012036,0.98129,1.7454,0.5,2.6334,0.00064996,-0.00014221,6.18E-06,0.00066887,-2.41E-05,0.0010627,,0.0190512,9.89536E-05
0.0012079,1.7536,0.5,2.6334,-0.0042647,0.0014686,0.98582,1.7536,0.5,2.6334,0.00064096,-0.00010813,-5.59E-05,0.00065778,-6.56E-05,0.001117,,0.0193264,-0.000894192
0.0012822,1.7619,0.5,2.6334,-0.0053953,0.0023294,0.99101,1.7619,0.5,2.6334,0.00063967,-6.80E-05,-0.00010523,0.00066369,-0.00011659,0.0012611,,0.0205152,-0.00168368
0.0013925,1.7701,0.5,2.6334,-0.0063691,0.0033969,0.99512,1.7701,0.5,2.6334,0.00064059,-1.37E-05,-0.00012764,0.00064027,-0.00014893,0.0015041,,0.02228,-0.00204224
0.0015078,1.7784,0.5,2.6334,-0.0072673,0.0040184,0.99795,1.7784,0.5,2.6334,0.0006404,5.52E-05,-0.00013801,0.00060093,-0.00019397,0.0017742,,0.0241248,-0.00220816
0.0015494,1.7866,0.5,2.6334,-0.0083221,0.0035044,1.0006,1.7866,0.5,2.6334,0.0006326,0.00011802,-0.00015177,0.00059315,-0.00025076,0.001873,,0.0247904,-0.00242832
0.0015055,1.7949,0.5,2.6334,-0.0095784,0.0018941,1.0027,1.7949,0.5,2.6334,0.00061463,0.00014201,-0.00015667,0.00060707,-0.00028623,0.0017893,,0.024088,-0.00250672
0.0014393,1.8032,0.5,2.6334,-0.010748,0.00029035,1.0032,1.8032,0.5,2.6334,0.00059911,0.00011358,-0.00014716,0.00059595,-0.00029923,0.0016835,,0.0230288,-0.00235456
0.0013222,1.8114,0.5,2.6334,-0.011651,-0.0012395,1.003,1.8114,0.5,2.6334,0.00060681,5.13E-05,-0.00011854,0.000562,-0.00029068,0.0014756,,0.0211552,-0.00189664
0.0011849,1.8197,0.5,2.6334,-0.012459,-0.003689,1.0035,1.8197,0.5,2.6334,0.00066011,-1.41E-05,-6.46E-05,0.00054518,-0.00026057,0.0011645,,0.0189584,-0.001032864
0.0011621,1.8279,0.5,2.6334,-0.013324,-0.0067565,1.0059,1.8279,0.5,2.6334,0.00077852,-7.60E-05,-7.22E-06,0.00057031,-0.00020994,0.00097537,,0.0185936,-0.000115549
0.0012691,1.8362,0.5,2.6334,-0.014109,-0.0091238,1.0085,1.8362,0.5,2.6334,0.0009569,-0.00014263,3.85E-05,0.00062882,-0.00017457,0.00095252,,0.0203056,0.000616752
0.00142,1.8446,0.5,2.6334,-0.014643,-0.0098718,1.0085,1.8446,0.5,2.6334,0.0011558,-0.00020897,9.43E-05,0.00068531,-0.00023087,0.00099877,,0.02272,0.00150856
0.0016153,1.8534,0.5,2.6334,-0.015053,-0.0087666,1.0059,1.8534,0.5,2.6334,0.0013233,-0.00026013,0.00017766,0.00072411,-0.00040089,0.0011832,,0.0258448,0.00284256
0.0019135,1.8626,0.5,2.6334,-0.015695,-0.0066194,1.0028,1.8626,0.5,2.6334,0.0014354,-0.00025342,0.00025718,0.00076143,-0.00058099,0.0016301,,0.030616,0.00411488
0.0022996,1.8723,0.5,2.6334,-0.016464,-0.004407,1.0012,1.8723,0.5,2.6334,0.0015032,-0.00016788,0.00028012,0.00086628,-0.00078542,0.0022298,,0.0367936,0.00448192
0.0027576,1.8824,0.5,2.6334,-0.016537,-0.0016052,1.0016,1.8824,0.5,2.6334,0.0015321,-6.20E-05,0.00031998,0.0010691,-0.0010973,0.0029139,,0.0441216,0.00511968
0.0031059,1.8931,0.5,2.6334,-0.015307,0.0022891,1.002,1.8931,0.5,2.6334,0.0015103,2.48E-05,0.00037196,0.0012753,-0.0013481,0.0034262,,0.0496944,0.00595136
0.003183,1.9042,0.5,2.6334,-0.013089,0.0056842,1.0005,1.9042,0.5,2.6334,0.001448,0.00012195,0.00034512,0.0013915,-0.0013965,0.0035265,,0.050928,0.00552192
0.0029841,1.9159,0.5,2.6334,-0.010553,0.0076214,0.99615,1.9159,0.5,2.6334,0.0014085,0.00026208,0.00029951,0.0014179,-0.0012473,0.0031418,,0.0477456,0.00479216
0.0027417,1.9282,0.5,2.6334,-0.0079307,0.0094157,0.98913,1.9282,0.5,2.6334,0.0014168,0.00039397,0.00017767,0.0013493,-0.0010614,0.0027173,,0.0438672,0.00284272
0.0026142,1.941,0.5,2.6334,-0.0053631,0.012113,0.98554,1.941,0.5,2.6334,0.0014252,0.00046555,-0.00013648,0.0012888,-0.00099327,0.0025144,,0.0418272,-0.00218368
0.0025133,1.9545,0.5,2.6334,-0.003316,0.015012,0.98401,1.9545,0.5,2.6334,0.0013917,0.00047625,-0.00047502,0.0012191,-0.00089388,0.0024159,,0.0402128,-0.00760032
0.0025782,1.9686,0.5,2.6334,-0.0020181,0.016111,0.98189,1.9686,0.5,2.6334,0.0013076,0.000388,-0.00066302,0.00105,-0.00082174,0.0027989,,0.0412512,-0.01060832
0.0026228,1.9833,0.5,2.6334,-0.0012345,0.014815,0.98035,1.9833,0.5,2.6334,0.0012561,0.00027785,-0.00072661,0.00091995,-0.00080594,0.0030695,,0.0419648,-0.01162576
0.0026576,1.9988,0.5,2.6334,-5.63E-05,0.010776,0.97828,1.9988,0.5,2.6334,0.0012838,0.00025948,-0.00080651,0.0009063,-0.00076163,0.0031251,,0.0425216,-0.01290416
0.0029066,2.0149,0.5,2.6334,0.0027556,0.0031567,0.97671,2.0149,0.5,2.6334,0.00129,0.00031442,-0.0010141,0.0009667,-0.00086724,0.0035566,,0.0465056,-0.0162256
0.0029451,2.0319,0.5,2.6334,0.0067267,-0.0025,0.97585,2.0319,0.5,2.6334,0.0012544,0.00045067,-0.0011565,0.0010201,-0.0010164,0.0036156,,0.0471216,-0.018504
0.003103,2.0496,0.5,2.6334,0.0097293,-0.006273,0.98336,2.0496,0.5,2.6334,0.0013134,0.00053077,-0.0013829,0.00087935,-0.00096288,0.0040134,,0.049648,-0.0221264
0.0030612,2.0681,0.5,2.6334,0.011073,-0.0090591,0.98603,2.0681,0.5,2.6334,0.0014419,0.00048751,-0.0014687,0.00068957,-0.00073363,0.0039909,,0.0489792,-0.0234992
0.0024975,2.0875,0.5,2.6334,0.011952,-0.0056528,0.97684,2.0875,0.5,2.6334,0.0015118,0.00043276,-0.0011523,0.00066933,-0.00057883,0.002814,,0.03996,-0.0184368
0.002401,2.1078,0.5,2.6334,0.01217,-0.0016007,0.9775,2.1078,0.5,2.6334,0.0015438,0.00029181,-0.0011771,0.00073242,-0.00057508,0.0025258,,0.038416,-0.0188336
0.0023461,2.129,0.5,2.6334,0.010379,0.0011281,0.97639,2.129,0.5,2.6334,0.0014445,0.00010021,-0.0012095,0.00070868,-0.00044101,0.002539,,0.0375376,-0.019352
0.0021277,2.1511,0.5,2.6334,0.0078233,0.00097651,0.97999,2.1511,0.5,2.6334,0.0011288,0.00014533,-0.00079024,0.00067494,-0.00046353,0.0024515,,0.0340432,-0.01264384
0.001831,2.1743,0.5,2.6334,0.0072656,-0.0064188,0.98726,2.1743,0.5,2.6334,0.00076734,0.00026049,-0.00037222,0.00069627,-0.00030565,0.0021983,,0.029296,-0.00595552
0.001775,2.1984,0.5,2.6334,0.0085464,-0.014252,0.98906,2.1984,0.5,2.6334,0.00060004,0.00016293,-0.0001071,0.00079034,4.56E-05,0.0021596,,0.0284,-0.0017136
0.0024692,2.2237,0.5,2.6334,0.0095366,-0.012738,0.99315,2.2237,0.5,2.6334,0.00059554,3.13E-05,0.00012689,0.00091117,-0.00042615,0.0034316,,0.0395072,0.00203024
0.0024749,2.2501,0.5,2.6334,0.0098375,-0.012986,0.9874,2.2501,0.5,2.6334,0.00057773,-1.02E-05,0.00030749,0.0009875,-0.00064694,0.0033846,,0.0395984,0.00491984
0.0020415,2.2776,0.5,2.6334,0.012424,-0.01282,0.97361,2.2776,0.5,2.6334,0.00058877,8.41E-05,0.00010202,0.0010195,-0.00010532,0.0024746,,0.032664,0.00163232
0.002215,2.3063,0.5,2.6334,0.015946,-0.016911,0.98559,2.3063,0.5,2.6334,0.00064707,0.00024844,8.46E-05,0.0013825,-0.0001109,0.0024004,,0.03544,0.001353456
0.0027243,2.3362,0.5,2.6334,0.016455,-0.022049,0.97694,2.3362,0.5,2.6334,0.0008309,0.00049151,0.00036054,0.0019358,0.00011175,0.002682,,0.0435888,0.00576864
0.0032328,2.3674,0.5,2.6334,0.015699,-0.021065,0.94399,2.3674,0.5,2.6334,0.0012191,0.00045162,0.00073849,0.0022511,0.00076431,0.0029953,,0.0517248,0.01181584
0.0040222,2.3999,0.5,2.6334,0.011484,-0.014013,0.90445,2.3999,0.5,2.6334,0.0012979,0.00013064,0.0013961,0.002293,0.00073205,0.0044535,,0.0643552,0.0223376
0.004455,2.4338,0.5,2.6334,0.004464,0.0024811,0.84173,2.4338,0.5,2.6334,0.00085302,0.00015962,0.0013065,0.0023129,0.00090708,0.0057441,,0.07128,0.020904
0.0034398,2.4691,0.5,2.6334,0.0008877,0.0084176,0.7303,2.4691,0.5,2.6334,0.00029957,0.00017971,0.00053736,0.0019989,0.001054,0.0045812,,0.0550368,0.00859776
0.0017174,1.6711,0.5,2.6688,0.0035237,0.015388,0.96873,1.6711,0.5,2.6688,0.0011944,-0.00021739,0.0002103,0.0010842,-0.0006459,0.0011562,,0.0274784,0.0033648
0.0016823,1.6793,0.5,2.6688,0.0023754,0.012932,0.97079,1.6793,0.5,2.6688,0.0011231,-0.00020086,0.00021848,0.0010162,-0.00066217,0.0012253,,0.0269168,0.00349568
0.0016084,1.6876,0.5,2.6688,0.0015481,0.0095109,0.97391,1.6876,0.5,2.6688,0.0010359,-0.0001917,0.00022721,0.00095029,-0.00063374,0.0012306,,0.0257344,0.00363536
0.0015185,1.6958,0.5,2.6688,0.00095681,0.0062973,0.97772,1.6958,0.5,2.6688,0.00094628,-0.00018276,0.00023186,0.00091705,-0.00058257,0.0011737,,0.024296,0.00370976
0.0014293,1.7041,0.5,2.6688,0.00044645,0.0042125,0.98035,1.7041,0.5,2.6688,0.00086817,-0.00017984,0.0002081,0.00090302,-0.00049445,0.0010874,,0.0228688,0.0033296
0.0013429,1.7123,0.5,2.6688,-5.82E-05,0.0030543,0.98084,1.7123,0.5,2.6688,0.00081174,-0.00018811,0.00016508,0.00088889,-0.00035398,0.0009852,,0.0214864,0.00264128
0.0012809,1.7206,0.5,2.6688,-0.00058394,0.00232,0.97996,1.7206,0.5,2.6688,0.0007777,-0.00020212,0.00012797,0.00086192,-0.00021772,0.00092215,,0.0204944,0.00204752
0.0012405,1.7289,0.5,2.6688,-0.0012442,0.0018671,0.97883,1.7289,0.5,2.6688,0.00075333,-0.00020613,9.66E-05,0.00080597,-0.00011704,0.00092179,,0.019848,0.001545168
0.0012091,1.7371,0.5,2.6688,-0.0021564,0.0015813,0.97901,1.7371,0.5,2.6688,0.0007254,-0.00018758,6.08E-05,0.00072924,-4.84E-05,0.0009635,,0.0193456,0.00097224
0.0011937,1.7454,0.5,2.6688,-0.0032679,0.0014113,0.98153,1.7454,0.5,2.6688,0.00069336,-0.00015387,1.17E-05,0.00067571,-3.65E-05,0.0010183,,0.0190992,0.000187264
0.001209,1.7536,0.5,2.6688,-0.004428,0.0016058,0.98603,1.7536,0.5,2.6688,0.00066046,-0.00011533,-5.05E-05,0.00066923,-8.25E-05,0.0010884,,0.019344,-0.000807728
0.0012633,1.7619,0.5,2.6688,-0.0055185,0.0023351,0.99102,1.7619,0.5,2.6688,0.00062661,-6.76E-05,-0.0001052,0.00067813,-0.00013942,0.0012219,,0.0202128,-0.0016832
0.0013575,1.7701,0.5,2.6688,-0.0064786,0.0032516,0.99491,1.7701,0.5,2.6688,0.00059414,-9.19E-06,-0.00013142,0.00065721,-0.00017619,0.0014636,,0.02172,-0.00210272
0.0014633,1.7784,0.5,2.6688,-0.0073823,0.0037781,0.99768,1.7784,0.5,2.6688,0.00056863,4.78E-05,-0.00013929,0.00061529,-0.00021452,0.0017427,,0.0234128,-0.00222864
0.0014931,1.7866,0.5,2.6688,-0.0084505,0.0032937,1.0005,1.7866,0.5,2.6688,0.00055352,8.67E-05,-0.00014783,0.00059762,-0.00024911,0.001835,,0.0238896,-0.00236528
0.0014499,1.7949,0.5,2.6688,-0.0097224,0.0018116,1.0028,1.7949,0.5,2.6688,0.00055094,9.38E-05,-0.00015279,0.00060585,-0.00026298,0.001743,,0.0231984,-0.00244464
0.0014003,1.8032,0.5,2.6688,-0.010913,0.00028391,1.0034,1.8032,0.5,2.6688,0.00056685,6.66E-05,-0.00014958,0.00059644,-0.00026887,0.0016373,,0.0224048,-0.00239328
0.0013031,1.8114,0.5,2.6688,-0.011864,-0.0013064,1.0031,1.8114,0.5,2.6688,0.00060769,2.11E-05,-0.00012723,0.00055727,-0.00026959,0.0014413,,0.0208496,-0.00203568
0.001179,1.8197,0.5,2.6688,-0.012757,-0.0038397,1.0036,1.8197,0.5,2.6688,0.00068551,-2.65E-05,-7.45E-05,0.00052352,-0.00025578,0.0011489,,0.018864,-0.001191328
0.0011553,1.8279,0.5,2.6688,-0.013698,-0.0069025,1.006,1.8279,0.5,2.6688,0.00081445,-8.25E-05,-8.37E-06,0.00053761,-0.00021428,0.00095845,,0.0184848,-0.000133958
0.0012551,1.8362,0.5,2.6688,-0.014495,-0.0091894,1.0085,1.8362,0.5,2.6688,0.00098365,-0.0001501,6.03E-05,0.00060422,-0.00018139,0.00092233,,0.0200816,0.000964416
0.0014095,1.8446,0.5,2.6688,-0.014992,-0.0098095,1.0082,1.8446,0.5,2.6688,0.0011555,-0.00021379,0.0001349,0.00067684,-0.00023518,0.00098661,,0.022552,0.0021584
0.0016352,1.8534,0.5,2.6688,-0.0154,-0.0086352,1.0053,1.8534,0.5,2.6688,0.0012947,-0.00025921,0.00021442,0.00073027,-0.00040391,0.0012455,,0.0261632,0.00343072
0.0019648,1.8626,0.5,2.6688,-0.016081,-0.0065363,1.0021,1.8626,0.5,2.6688,0.0013954,-0.00025013,0.0002815,0.00078296,-0.00060094,0.0017512,,0.0314368,0.004504
0.0023562,1.8723,0.5,2.6688,-0.016834,-0.0042364,1.0005,1.8723,0.5,2.6688,0.0014663,-0.00017722,0.0002816,0.00090013,-0.00082101,0.002346,,0.0376992,0.0045056
0.0027889,1.8824,0.5,2.6688,-0.016784,-0.001179,1.0006,1.8824,0.5,2.6688,0.0014901,-9.48E-05,0.00028879,0.0011051,-0.001126,0.0029826,,0.0446224,0.00462064
0.0031062,1.8931,0.5,2.6688,-0.015424,0.0027477,1.0009,1.8931,0.5,2.6688,0.0014425,-1.03E-05,0.00033782,0.0013109,-0.0013789,0.003459,,0.0496992,0.00540512
0.0031654,1.9042,0.5,2.6688,-0.01317,0.0058918,0.99966,1.9042,0.5,2.6688,0.0013617,0.00010966,0.00034127,0.0014343,-0.0014384,0.0035349,,0.0506464,0.00546032
0.0029518,1.9159,0.5,2.6688,-0.010679,0.007673,0.99536,1.9159,0.5,2.6688,0.0013325,0.00025004,0.00032276,0.0014497,-0.0012791,0.0031214,,0.0472288,0.00516416
0.0027116,1.9282,0.5,2.6688,-0.0081362,0.0095747,0.98877,1.9282,0.5,2.6688,0.0013592,0.00036281,0.0002035,0.0013569,-0.0010719,0.002707,,0.0433856,0.003256
0.0026009,1.941,0.5,2.6688,-0.0056608,0.012318,0.98563,1.941,0.5,2.6688,0.0013754,0.00044066,-0.00011335,0.0013026,-0.00099234,0.0025238,,0.0416144,-0.0018136
0.002508,1.9545,0.5,2.6688,-0.0036946,0.015181,0.98412,1.9545,0.5,2.6688,0.0013405,0.00047642,-0.00045162,0.0012528,-0.00090001,0.0024228,,0.040128,-0.00722592
0.0025831,1.9686,0.5,2.6688,-0.0024361,0.016342,0.98178,1.9686,0.5,2.6688,0.0012685,0.00039889,-0.00067322,0.0010667,-0.00085733,0.0028309,,0.0413296,-0.01077152
0.0026031,1.9833,0.5,2.6688,-0.0016281,0.014958,0.98027,1.9833,0.5,2.6688,0.0012397,0.00026468,-0.00075596,0.0009,-0.00084791,0.0030664,,0.0416496,-0.01209536
0.0026016,1.9988,0.5,2.6688,-0.00037688,0.010846,0.97853,1.9988,0.5,2.6688,0.0012638,0.00021635,-0.00079404,0.00087327,-0.00079412,0.003066,,0.0416256,-0.01270464
0.0028339,2.0149,0.5,2.6688,0.0024453,0.0032498,0.97702,2.0149,0.5,2.6688,0.0012539,0.00027093,-0.00096379,0.00093875,-0.00091092,0.0034752,,0.0453424,-0.01542064
0.0028605,2.0319,0.5,2.6688,0.0063354,-0.0023712,0.97614,2.0319,0.5,2.6688,0.0012282,0.00040957,-0.0011192,0.0009812,-0.0010489,0.0035115,,0.045768,-0.0179072
0.0030818,2.0496,0.5,2.6688,0.009303,-0.0060203,0.9835,2.0496,0.5,2.6688,0.0013031,0.0004933,-0.001357,0.00084702,-0.00095797,0.0040134,,0.0493088,-0.021712
0.0030491,2.0681,0.5,2.6688,0.010654,-0.0090717,0.98585,2.0681,0.5,2.6688,0.0014237,0.00047133,-0.0014117,0.00067661,-0.00071055,0.0039978,,0.0487856,-0.0225872
0.0024553,2.0875,0.5,2.6688,0.011511,-0.0058749,0.97655,2.0875,0.5,2.6688,0.0014942,0.0004379,-0.0011054,0.00066656,-0.00055962,0.0027499,,0.0392848,-0.0176864
0.0023603,2.1078,0.5,2.6688,0.011821,-0.0015202,0.97778,2.1078,0.5,2.6688,0.0015542,0.00029466,-0.0011479,0.00073274,-0.00055849,0.0024337,,0.0377648,-0.0183664
0.0023378,2.129,0.5,2.6688,0.010275,0.0011688,0.97629,2.129,0.5,2.6688,0.0014778,8.86E-05,-0.0011908,0.00067897,-0.00042904,0.0025188,,0.0374048,-0.0190528
0.0021647,2.1511,0.5,2.6688,0.0078891,0.00089556,0.97896,2.1511,0.5,2.6688,0.0011594,0.00012552,-0.00080245,0.00063161,-0.00046343,0.0025383,,0.0346352,-0.0128392
0.0018257,2.1743,0.5,2.6688,0.0073432,-0.006381,0.98657,2.1743,0.5,2.6688,0.00078409,0.00024856,-0.00038339,0.00066246,-0.00032395,0.0022048,,0.0292112,-0.00613424
0.001756,2.1984,0.5,2.6688,0.008562,-0.014263,0.98926,2.1984,0.5,2.6688,0.00061504,0.00018345,-0.00011977,0.00076229,2.78E-05,0.0021346,,0.028096,-0.00191632
0.002466,2.2237,0.5,2.6688,0.0094865,-0.012849,0.99331,2.2237,0.5,2.6688,0.00060509,4.62E-05,0.00013579,0.00088565,-0.00043503,0.0034413,,0.039456,0.00217264
0.0024622,2.2501,0.5,2.6688,0.0097107,-0.0132,0.9883,2.2501,0.5,2.6688,0.00056979,-6.14E-06,0.00032933,0.00094679,-0.0006509,0.0034079,,0.0393952,0.00526928
0.0020226,2.2776,0.5,2.6688,0.012211,-0.012981,0.97398,2.2776,0.5,2.6688,0.00056831,9.44E-05,0.00010299,0.00098853,-0.00013984,0.0024883,,0.0323616,0.00164784
0.0021777,2.3063,0.5,2.6688,0.015825,-0.01695,0.98518,2.3063,0.5,2.6688,0.00062261,0.00025044,8.65E-05,0.0013329,-0.00012026,0.0023998,,0.0348432,0.00138336
0.0026972,2.3362,0.5,2.6688,0.016416,-0.022209,0.97801,2.3362,0.5,2.6688,0.00080705,0.00047937,0.00033519,0.0019144,0.00013805,0.0026728,,0.0431552,0.00536304
0.0031661,2.3674,0.5,2.6688,0.015633,-0.021175,0.94411,2.3674,0.5,2.6688,0.0012113,0.00043484,0.00067169,0.002235,0.00077113,0.002886,,0.0506576,0.01074704
0.003943,2.3999,0.5,2.6688,0.011518,-0.014091,0.90407,2.3999,0.5,2.6688,0.0013077,0.00010932,0.0013385,0.0022587,0.00070432,0.0043195,,0.063088,0.021416
0.0044545,2.4338,0.5,2.6688,0.0045196,0.0023891,0.84248,2.4338,0.5,2.6688,0.00084776,0.00014844,0.0012913,0.0023617,0.00087706,0.0056995,,0.071272,0.0206608
0.0034649,2.4691,0.5,2.6688,0.00088286,0.0084501,0.73118,2.4691,0.5,2.6688,0.00028806,0.00018731,0.00054236,0.0020677,0.0010626,0.0045742,,0.0554384,0.00867776
0.001714,1.6711,0.5,2.7041,0.003527,0.015341,0.96845,1.6711,0.5,2.7041,0.0012016,-0.00022752,0.0002314,0.001053,-0.00062091,0.0011734,,0.027424,0.0037024
0.0016805,1.6793,0.5,2.7041,0.0023022,0.013052,0.97052,1.6793,0.5,2.7041,0.0011213,-0.00021347,0.0002372,0.0010007,-0.0006412,0.0012389,,0.026888,0.0037952
0.0016028,1.6876,0.5,2.7041,0.0014252,0.0097116,0.97364,1.6876,0.5,2.7041,0.0010296,-0.00020687,0.0002365,0.00094452,-0.00061783,0.0012314,,0.0256448,0.003784
0.0015125,1.6958,0.5,2.7041,0.00080133,0.0065058,0.97757,1.6958,0.5,2.7041,0.00093849,-0.00020448,0.00023417,0.00091604,-0.00056751,0.0011705,,0.0242,0.00374672
0.0014252,1.7041,0.5,2.7041,0.00024927,0.0044129,0.98039,1.7041,0.5,2.7041,0.00085591,-0.00020556,0.00019933,0.00090806,-0.00047979,0.0010865,,0.0228032,0.00318928
0.0013358,1.7123,0.5,2.7041,-0.00029277,0.0032586,0.98096,1.7123,0.5,2.7041,0.00079403,-0.00021128,0.00013868,0.00089871,-0.00034394,0.00097887,,0.0213728,0.00221888
0.0012707,1.7206,0.5,2.7041,-0.00083486,0.0025434,0.98005,1.7206,0.5,2.7041,0.00075789,-0.00021874,9.29E-05,0.00087241,-0.00021353,0.00091113,,0.0203312,0.001487072
0.0012277,1.7289,0.5,2.7041,-0.0014911,0.0021134,0.97889,1.7289,0.5,2.7041,0.00073522,-0.00021484,6.65E-05,0.00081428,-0.00011613,0.00090588,,0.0196432,0.001063824
0.0011901,1.7371,0.5,2.7041,-0.0023762,0.0018421,0.97908,1.7371,0.5,2.7041,0.00070774,-0.00018815,4.32E-05,0.00073368,-4.82E-05,0.00093872,,0.0190416,0.00069184
0.0011681,1.7454,0.5,2.7041,-0.0034445,0.0016608,0.98165,1.7454,0.5,2.7041,0.00066798,-0.00014599,1.04E-05,0.00067483,-3.84E-05,0.00099348,,0.0186896,0.000165712
0.0011774,1.7536,0.5,2.7041,-0.0045565,0.0017678,0.98615,1.7536,0.5,2.7041,0.00062274,-9.99E-05,-3.69E-05,0.00066081,-9.05E-05,0.0010713,,0.0188384,-0.000590768
0.0012241,1.7619,0.5,2.7041,-0.005615,0.0023318,0.991,1.7619,0.5,2.7041,0.0005824,-4.67E-05,-8.79E-05,0.00065934,-0.00014831,0.0012064,,0.0195856,-0.001405984
0.0013161,1.7701,0.5,2.7041,-0.0065716,0.0031079,0.99469,1.7701,0.5,2.7041,0.0005534,1.02E-05,-0.00012026,0.00063028,-0.0001759,0.0014486,,0.0210576,-0.00192416
0.0014282,1.7784,0.5,2.7041,-0.0074961,0.0035994,0.99742,1.7784,0.5,2.7041,0.00054057,5.20E-05,-0.00013614,0.00058621,-0.00020002,0.0017296,,0.0228512,-0.00217824
0.0014677,1.7866,0.5,2.7041,-0.0086018,0.0031768,1.0004,1.7866,0.5,2.7041,0.0005488,6.98E-05,-0.00015426,0.00056785,-0.0002233,0.0018188,,0.0234832,-0.00246816
0.0014386,1.7949,0.5,2.7041,-0.0099112,0.0017843,1.0029,1.7949,0.5,2.7041,0.00057844,6.67E-05,-0.00017036,0.00057349,-0.00023861,0.0017253,,0.0230176,-0.00272576
0.0013984,1.8032,0.5,2.7041,-0.01113,0.00024805,1.0036,1.8032,0.5,2.7041,0.00062229,4.70E-05,-0.00017713,0.00055855,-0.0002576,0.0016159,,0.0223744,-0.00283408
0.0012997,1.8114,0.5,2.7041,-0.01212,-0.0014692,1.0033,1.8114,0.5,2.7041,0.00067301,2.00E-05,-0.00016206,0.00051038,-0.00027341,0.0014159,,0.0207952,-0.00259296
0.0011714,1.8197,0.5,2.7041,-0.013071,-0.0040767,1.0037,1.8197,0.5,2.7041,0.0007413,-1.32E-05,-0.00011079,0.00047269,-0.0002651,0.0011288,,0.0187424,-0.00177264
0.0011447,1.8279,0.5,2.7041,-0.014044,-0.0070811,1.0061,1.8279,0.5,2.7041,0.00084683,-6.71E-05,-3.88E-05,0.00049898,-0.000216,0.00094358,,0.0183152,-0.000620848
0.0012429,1.8362,0.5,2.7041,-0.014822,-0.0092632,1.0084,1.8362,0.5,2.7041,0.0009849,-0.00013607,3.84E-05,0.00058556,-0.00017474,0.00091535,,0.0198864,0.000613648
0.0014103,1.8446,0.5,2.7041,-0.015285,-0.0097567,1.0077,1.8446,0.5,2.7041,0.0011272,-0.00019883,0.00011763,0.00067022,-0.00023034,0.0010231,,0.0225648,0.00188208
0.0016628,1.8534,0.5,2.7041,-0.015697,-0.0085131,1.0046,1.8534,0.5,2.7041,0.0012491,-0.00024532,0.00019916,0.00072151,-0.00040732,0.001355,,0.0266048,0.00318656
0.0020042,1.8626,0.5,2.7041,-0.016412,-0.0064347,1.0015,1.8626,0.5,2.7041,0.001344,-0.00024437,0.00025923,0.0007633,-0.00061395,0.0019011,,0.0320672,0.00414768
0.0023818,1.8723,0.5,2.7041,-0.017129,-0.0039921,0.9998,1.8723,0.5,2.7041,0.0014089,-0.00018795,0.00024322,0.0008738,-0.00084773,0.0024808,,0.0381088,0.00389152
0.0027777,1.8824,0.5,2.7041,-0.016936,-0.00069041,0.9996,1.8824,0.5,2.7041,0.0014147,-0.00011924,0.000242,0.0010773,-0.0011638,0.0030635,,0.0444432,0.003872
0.003061,1.8931,0.5,2.7041,-0.01546,0.0032032,0.99987,1.8931,0.5,2.7041,0.0013455,-3.20E-05,0.00029607,0.0012879,-0.0014296,0.0034887,,0.048976,0.00473712
0.0030969,1.9042,0.5,2.7041,-0.013225,0.0061001,0.99883,1.9042,0.5,2.7041,0.0012627,9.13E-05,0.00031694,0.0014239,-0.0014798,0.0035074,,0.0495504,0.00507104
0.0028859,1.9159,0.5,2.7041,-0.010819,0.0077628,0.99469,1.9159,0.5,2.7041,0.0012404,0.0002053,0.00032418,0.0014465,-0.0012769,0.0030849,,0.0461744,0.00518688
0.0026727,1.9282,0.5,2.7041,-0.0083669,0.0097382,0.98846,1.9282,0.5,2.7041,0.0012709,0.00028966,0.00022586,0.0013608,-0.001053,0.0027136,,0.0427632,0.00361376
0.0025843,1.941,0.5,2.7041,-0.0060204,0.012464,0.98574,1.941,0.5,2.7041,0.001303,0.00037192,-7.70E-05,0.0013146,-0.00099616,0.0025511,,0.0413488,-0.0012312
0.0025172,1.9545,0.5,2.7041,-0.0041936,0.015274,0.98429,1.9545,0.5,2.7041,0.0013011,0.00043848,-0.0004211,0.0012573,-0.00092318,0.0024759,,0.0402752,-0.0067376
0.0026092,1.9686,0.5,2.7041,-0.0029969,0.016542,0.98172,1.9686,0.5,2.7041,0.0012691,0.00040195,-0.00067255,0.0010643,-0.00088106,0.0028849,,0.0417472,-0.0107608
0.0025921,1.9833,0.5,2.7041,-0.0021322,0.015142,0.98015,1.9833,0.5,2.7041,0.0012513,0.00028355,-0.00074489,0.00089149,-0.00084688,0.0030414,,0.0414736,-0.01191824
0.0025661,1.9988,0.5,2.7041,-0.00076861,0.010963,0.97872,1.9988,0.5,2.7041,0.0012685,0.00023072,-0.00074673,0.00086339,-0.0008056,0.0030004,,0.0410576,-0.01194768
0.0027973,2.0149,0.5,2.7041,0.0020955,0.0033782,0.97748,2.0149,0.5,2.7041,0.0012746,0.00027896,-0.00092246,0.00093936,-0.00097123,0.0033806,,0.0447568,-0.01475936
0.002836,2.0319,0.5,2.7041,0.0059567,-0.0022049,0.97656,2.0319,0.5,2.7041,0.0012453,0.00039832,-0.0011065,0.0010055,-0.0010727,0.0034213,,0.045376,-0.017704
0.0030831,2.0496,0.5,2.7041,0.0089,-0.0057879,0.9836,2.0496,0.5,2.7041,0.0012649,0.00046981,-0.0013195,0.0008793,-0.00092513,0.0040221,,0.0493296,-0.021112
0.0029947,2.0681,0.5,2.7041,0.010211,-0.0091226,0.98571,2.0681,0.5,2.7041,0.001355,0.00045555,-0.0013288,0.0006734,-0.00068743,0.003961,,0.0479152,-0.0212608
0.002383,2.0875,0.5,2.7041,0.011028,-0.0060927,0.97634,2.0875,0.5,2.7041,0.0014478,0.00041761,-0.0010566,0.00064569,-0.00054041,0.0026725,,0.038128,-0.0169056
0.0022934,2.1078,0.5,2.7041,0.011446,-0.0014254,0.978,2.1078,0.5,2.7041,0.0015251,0.00028467,-0.0011148,0.00071564,-0.00052666,0.002346,,0.0366944,-0.0178368
0.0023065,2.129,0.5,2.7041,0.010159,0.0012435,0.97621,2.129,0.5,2.7041,0.0014676,9.68E-05,-0.0011662,0.00065414,-0.00041157,0.0024913,,0.036904,-0.0186592
0.0022022,2.1511,0.5,2.7041,0.0079696,0.00079023,0.97799,2.1511,0.5,2.7041,0.0011732,0.00013466,-0.00080768,0.0006119,-0.00045516,0.0026194,,0.0352352,-0.01292288
0.0018527,2.1743,0.5,2.7041,0.007457,-0.0064357,0.98593,2.1743,0.5,2.7041,0.00080131,0.00027456,-0.00039323,0.00067484,-0.00033412,0.0022292,,0.0296432,-0.00629168
0.0017751,2.1984,0.5,2.7041,0.0085638,-0.014286,0.98951,2.1984,0.5,2.7041,0.00062532,0.00022284,-0.00013169,0.00080887,2.36E-05,0.0021161,,0.0284016,-0.00210704
0.0024651,2.2237,0.5,2.7041,0.0093843,-0.012939,0.99347,2.2237,0.5,2.7041,0.00061135,5.74E-05,0.00015771,0.00090106,-0.00041802,0.0034177,,0.0394416,0.00252336
0.0024456,2.2501,0.5,2.7041,0.0095553,-0.013386,0.98917,2.2501,0.5,2.7041,0.00056919,-9.55E-07,0.00035488,0.00094917,-0.00064101,0.0033728,,0.0391296,0.00567808
0.0020092,2.2776,0.5,2.7041,0.011965,-0.013105,0.97436,2.2776,0.5,2.7041,0.00054778,9.61E-05,0.00011023,0.00098882,-0.00014483,0.0024818,,0.0321472,0.00176368
0.0021588,2.3063,0.5,2.7041,0.015667,-0.016973,0.98473,2.3063,0.5,2.7041,0.00058963,0.00023318,0.00010213,0.001313,-0.00012014,0.0024149,,0.0345408,0.00163408
0.0026993,2.3362,0.5,2.7041,0.016323,-0.022367,0.9792,2.3362,0.5,2.7041,0.00078655,0.00045474,0.0003107,0.0019566,0.00013506,0.0026554,,0.0431888,0.0049712
0.0031308,2.3674,0.5,2.7041,0.01549,-0.021267,0.94427,2.3674,0.5,2.7041,0.0012071,0.00040043,0.00060447,0.002226,0.00077347,0.0028284,,0.0500928,0.00967152
0.003916,2.3999,0.5,2.7041,0.011555,-0.014211,0.90338,2.3999,0.5,2.7041,0.0013201,8.60E-05,0.0012821,0.0022374,0.0006926,0.0042744,,0.062656,0.0205136
0.0045022,2.4338,0.5,2.7041,0.0046485,0.0022041,0.84296,2.4338,0.5,2.7041,0.00085856,0.00014754,0.0012728,0.0024774,0.00083589,0.0056685,,0.0720352,0.0203648
0.0035118,2.4691,0.5,2.7041,0.0009244,0.0084408,0.73191,2.4691,0.5,2.7041,0.0002866,0.00019639,0.00054783,0.0022018,0.0010418,0.0045352,,0.0561888,0.00876528
0.0017012,1.6711,0.5,2.7394,0.0035475,0.015221,0.96819,1.6711,0.5,2.7394,0.001218,-0.00019898,0.00022886,0.0010185,-0.00060356,0.0011659,,0.0272192,0.00366176
0.0016876,1.6793,0.5,2.7394,0.0022829,0.013098,0.97032,1.6793,0.5,2.7394,0.0011685,-0.00018464,0.00023497,0.00097362,-0.00062641,0.0012332,,0.0270016,0.00375952
0.0016264,1.6876,0.5,2.7394,0.0013536,0.0098814,0.97342,1.6876,0.5,2.7394,0.0010958,-0.00018985,0.00022375,0.00092655,-0.00060174,0.0012304,,0.0260224,0.00358
0.001542,1.6958,0.5,2.7394,0.00071464,0.0067114,0.97742,1.6958,0.5,2.7394,0.0010118,-0.00020359,0.00021537,0.00090727,-0.00053955,0.0011651,,0.024672,0.00344592
0.0014591,1.7041,0.5,2.7394,0.00017787,0.0046156,0.98042,1.7041,0.5,2.7394,0.00091736,-0.00021584,0.00019344,0.0009107,-0.00045139,0.0010902,,0.0233456,0.00309504
0.0013631,1.7123,0.5,2.7394,-0.00039138,0.0034681,0.98108,1.7123,0.5,2.7394,0.00081914,-0.00022479,0.00014015,0.00091012,-0.00032525,0.00099693,,0.0218096,0.0022424
0.0012776,1.7206,0.5,2.7394,-0.0010124,0.0027615,0.9801,1.7206,0.5,2.7394,0.000736,-0.00023042,8.76E-05,0.00088601,-0.00019801,0.00093316,,0.0204416,0.001402224
0.0012148,1.7289,0.5,2.7394,-0.0017315,0.0023363,0.97886,1.7289,0.5,2.7394,0.00067872,-0.00022351,5.28E-05,0.0008269,-0.00010084,0.00092388,,0.0194368,0.000845248
0.0011644,1.7371,0.5,2.7394,-0.002621,0.002074,0.97904,1.7371,0.5,2.7394,0.00064217,-0.00019539,2.77E-05,0.00074466,-3.77E-05,0.00094205,,0.0186304,0.000443632
0.0011408,1.7454,0.5,2.7394,-0.0036536,0.0018852,0.98168,1.7454,0.5,2.7394,0.0006164,-0.00015276,4.32E-07,0.000681,-3.63E-05,0.00098427,,0.0182528,6.91104E-06
0.00116,1.7536,0.5,2.7394,-0.0047349,0.0019121,0.98622,1.7536,0.5,2.7394,0.00059844,-0.00010557,-4.10E-05,0.00065796,-9.10E-05,0.0010636,,0.01856,-0.000656672
0.00122,1.7619,0.5,2.7394,-0.0057855,0.0023283,0.99101,1.7619,0.5,2.7394,0.00059043,-5.13E-05,-9.04E-05,0.00064601,-0.00014127,0.0012036,,0.01952,-0.001446976
0.0013235,1.7701,0.5,2.7394,-0.0067525,0.0030018,0.99455,1.7701,0.5,2.7394,0.00059119,7.84E-06,-0.00012386,0.00061425,-0.00015547,0.0014415,,0.021176,-0.00198176
0.0014493,1.7784,0.5,2.7394,-0.007705,0.0034973,0.99729,1.7784,0.5,2.7394,0.00060153,5.63E-05,-0.00014232,0.00058473,-0.00017004,0.0017124,,0.0231888,-0.00227712
0.001509,1.7866,0.5,2.7394,-0.0088524,0.0031349,1.0005,1.7866,0.5,2.7394,0.0006257,8.63E-05,-0.00016813,0.00058548,-0.00019332,0.0018069,,0.024144,-0.00269008
0.0014901,1.7949,0.5,2.7394,-0.010182,0.0017857,1.0031,1.7949,0.5,2.7394,0.00066026,9.57E-05,-0.00019099,0.00059097,-0.0002175,0.0017289,,0.0238416,-0.00305584
0.0014357,1.8032,0.5,2.7394,-0.011382,0.00017099,1.0039,1.8032,0.5,2.7394,0.00069375,8.09E-05,-0.00019232,0.0005548,-0.0002484,0.0016229,,0.0229712,-0.00307712
0.0013148,1.8114,0.5,2.7394,-0.01236,-0.0017246,1.0034,1.8114,0.5,2.7394,0.00072268,5.33E-05,-0.00016573,0.00048692,-0.00027094,0.00142,,0.0210368,-0.00265168
0.0011783,1.8197,0.5,2.7394,-0.013326,-0.0043969,1.0038,1.8197,0.5,2.7394,0.00076429,1.69E-05,-0.00011131,0.00045049,-0.00025487,0.0011418,,0.0188528,-0.00178096
0.0011571,1.8279,0.5,2.7394,-0.014302,-0.0073093,1.0061,1.8279,0.5,2.7394,0.00084278,-4.31E-05,-4.51E-05,0.00048869,-0.00019115,0.00098269,,0.0185136,-0.00072096
0.001261,1.8362,0.5,2.7394,-0.015057,-0.0093625,1.0082,1.8362,0.5,2.7394,0.00096164,-0.00011856,1.92E-05,0.00057856,-0.00014842,0.00098182,,0.020176,0.000307136
0.0014403,1.8446,0.5,2.7394,-0.015513,-0.0097164,1.0072,1.8446,0.5,2.7394,0.0010998,-0.00018843,7.81E-05,0.0006621,-0.0002195,0.0011188,,0.0230448,0.00124896
0.001706,1.8534,0.5,2.7394,-0.015964,-0.0084159,1.0039,1.8534,0.5,2.7394,0.0012289,-0.00023908,0.00014562,0.00071172,-0.00040862,0.0014714,,0.027296,0.00232992
0.0020517,1.8626,0.5,2.7394,-0.016721,-0.0063412,1.0008,1.8626,0.5,2.7394,0.0013237,-0.00023662,0.00020482,0.0007519,-0.00062529,0.0020277,,0.0328272,0.00327712
0.0024203,1.8723,0.5,2.7394,-0.017391,-0.003716,0.99905,1.8723,0.5,2.7394,0.0013662,-0.00017727,0.00020606,0.00086557,-0.00088501,0.0026089,,0.0387248,0.00329696
0.0027823,1.8824,0.5,2.7394,-0.017072,-0.00018721,0.99852,1.8824,0.5,2.7394,0.0013434,-0.00011294,0.00023201,0.0010711,-0.0012209,0.0031502,,0.0445168,0.00371216
0.0030241,1.8931,0.5,2.7394,-0.015529,0.0036275,0.99886,1.8931,0.5,2.7394,0.0012762,-4.25E-05,0.00030397,0.0012866,-0.001481,0.0034854,,0.0483856,0.00486352
0.0030382,1.9042,0.5,2.7394,-0.013346,0.0062654,0.99811,1.9042,0.5,2.7394,0.0012213,5.63E-05,0.00034573,0.0014294,-0.0014899,0.0034257,,0.0486112,0.00553168
0.0028522,1.9159,0.5,2.7394,-0.01103,0.0078224,0.99405,1.9159,0.5,2.7394,0.001209,0.00015648,0.00038337,0.0014586,-0.0012432,0.0030367,,0.0456352,0.00613392
0.0026719,1.9282,0.5,2.7394,-0.0086952,0.0098747,0.98819,1.9282,0.5,2.7394,0.0012336,0.00025121,0.00028848,0.0013885,-0.0010373,0.0027217,,0.0427504,0.00461568
0.0025894,1.941,0.5,2.7394,-0.0065257,0.012585,0.98599,1.941,0.5,2.7394,0.0012706,0.00034313,-3.69E-05,0.0013352,-0.0010198,0.0025729,,0.0414304,-0.000591024
0.0025321,1.9545,0.5,2.7394,-0.0048391,0.015333,0.98462,1.9545,0.5,2.7394,0.0012881,0.00040679,-0.00040036,0.0012413,-0.00094996,0.0025347,,0.0405136,-0.00640576
0.0026164,1.9686,0.5,2.7394,-0.0036492,0.016665,0.98167,1.9686,0.5,2.7394,0.0012711,0.00038253,-0.00064935,0.0010362,-0.00088715,0.0029256,,0.0418624,-0.0103896
0.0025838,1.9833,0.5,2.7394,-0.002673,0.015245,0.97991,1.9833,0.5,2.7394,0.0012497,0.00029953,-0.00069534,0.0008762,-0.00083147,0.0030418,,0.0413408,-0.01112544
0.0025809,1.9988,0.5,2.7394,-0.0011683,0.011018,0.97886,1.9988,0.5,2.7394,0.0012788,0.00028474,-0.00069647,0.00088374,-0.0008081,0.0029992,,0.0412944,-0.01114352
0.0028272,2.0149,0.5,2.7394,0.0017749,0.0035148,0.978,2.0149,0.5,2.7394,0.0013143,0.00033329,-0.00089366,0.0010094,-0.0010024,0.0033307,,0.0452352,-0.01429856
0.0028538,2.0319,0.5,2.7394,0.0056385,-0.0019832,0.97698,2.0319,0.5,2.7394,0.0012674,0.0004053,-0.0010843,0.0010859,-0.0010634,0.0033541,,0.0456608,-0.0173488
0.0030693,2.0496,0.5,2.7394,0.0085107,-0.0055365,0.9837,2.0496,0.5,2.7394,0.0012365,0.00044985,-0.0012686,0.00092134,-0.00089524,0.0039807,,0.0491088,-0.0202976
0.0029499,2.0681,0.5,2.7394,0.0097255,-0.0091095,0.98565,2.0681,0.5,2.7394,0.0013348,0.0004348,-0.0012738,0.00067056,-0.00067897,0.0038945,,0.0471984,-0.0203808
0.0023434,2.0875,0.5,2.7394,0.010523,-0.0062596,0.97618,2.0875,0.5,2.7394,0.0014536,0.0003812,-0.0010392,0.00061473,-0.00052627,0.0026183,,0.0374944,-0.0166272
0.0022273,2.1078,0.5,2.7394,0.011066,-0.0013388,0.97819,2.1078,0.5,2.7394,0.0014967,0.00027054,-0.001083,0.00070155,-0.00050215,0.0022564,,0.0356368,-0.017328
0.0022555,2.129,0.5,2.7394,0.010014,0.0013439,0.97617,2.129,0.5,2.7394,0.0014226,0.00010631,-0.0011496,0.00067637,-0.00039214,0.0024122,,0.036088,-0.0183936
0.0022354,2.1511,0.5,2.7394,0.0080304,0.00068071,0.97711,2.1511,0.5,2.7394,0.0011587,0.0001468,-0.00084204,0.00065318,-0.00044362,0.0026589,,0.0357664,-0.01347264
0.0019082,2.1743,0.5,2.7394,0.0075713,-0.0065558,0.98531,2.1743,0.5,2.7394,0.000815,0.00029264,-0.00043024,0.00073532,-0.00032448,0.0022661,,0.0305312,-0.00688384
0.0018056,2.1984,0.5,2.7394,0.0085331,-0.014305,0.98974,2.1984,0.5,2.7394,0.00064763,0.00021909,-0.00015204,0.00087606,5.17E-05,0.0020874,,0.0288896,-0.00243264
0.002471,2.2237,0.5,2.7394,0.0092237,-0.012977,0.99354,2.2237,0.5,2.7394,0.00063314,4.67E-05,0.00016477,0.00092641,-0.00039342,0.0033824,,0.039536,0.00263632
0.0024376,2.2501,0.5,2.7394,0.0093834,-0.013518,0.98992,2.2501,0.5,2.7394,0.00059218,6.90E-06,0.00036469,0.00094599,-0.00064182,0.0033371,,0.0390016,0.00583504
0.0020127,2.2776,0.5,2.7394,0.011742,-0.013188,0.97469,2.2776,0.5,2.7394,0.00055494,8.21E-05,0.00010307,0.00097659,-0.00012002,0.0024939,,0.0322032,0.00164912
0.0021823,2.3063,0.5,2.7394,0.01554,-0.016983,0.98423,2.3063,0.5,2.7394,0.00058218,0.00019185,9.71E-05,0.0013176,-0.00010211,0.0024648,,0.0349168,0.001553536
0.0027497,2.3362,0.5,2.7394,0.016235,-0.022538,0.98043,2.3362,0.5,2.7394,0.00078656,0.00041958,0.00027452,0.0020652,0.00014372,0.0026476,,0.0439952,0.00439232
0.0031689,2.3674,0.5,2.7394,0.015308,-0.021346,0.94441,2.3674,0.5,2.7394,0.0012115,0.00036907,0.00054454,0.0022869,0.00080329,0.0028393,,0.0507024,0.00871264
0.0039459,2.3999,0.5,2.7394,0.011555,-0.014281,0.90241,2.3999,0.5,2.7394,0.0013424,6.33E-05,0.0012451,0.0022335,0.00072127,0.0043159,,0.0631344,0.0199216
0.0045395,2.4338,0.5,2.7394,0.0047737,0.0020214,0.84321,2.4338,0.5,2.7394,0.00089239,0.000142,0.0012671,0.0025493,0.00082768,0.0056373,,0.072632,0.0202736
0.003523,2.4691,0.5,2.7394,0.00097272,0.0084224,0.73246,2.4691,0.5,2.7394,0.00029928,0.0001994,0.00055775,0.0022826,0.0010055,0.004464,,0.056368,0.008924
0.0016916,1.6711,0.5,2.7746,0.0035551,0.015122,0.96798,1.6711,0.5,2.7746,0.0012078,-0.00019322,0.00020749,0.0010344,-0.00061335,0.001141,,0.0270656,0.00331984
0.0016761,1.6793,0.5,2.7746,0.0022584,0.013193,0.97017,1.6793,0.5,2.7746,0.0011727,-0.00016822,0.00021049,0.0009844,-0.00064635,0.001195,,0.0268176,0.00336784
0.0016211,1.6876,0.5,2.7746,0.0013107,0.010123,0.97326,1.6876,0.5,2.7746,0.0011087,-0.00016771,0.00019751,0.0009348,-0.00062275,0.0011986,,0.0259376,0.00316016
0.001532,1.6958,0.5,2.7746,0.00066192,0.0069902,0.9772,1.6958,0.5,2.7746,0.0010249,-0.00018233,0.00019392,0.00090881,-0.00054789,0.0011302,,0.024512,0.00310272
0.0014399,1.7041,0.5,2.7746,0.00012709,0.0048886,0.98031,1.7041,0.5,2.7746,0.00092741,-0.00019936,0.00019684,0.00090314,-0.0004543,0.0010493,,0.0230384,0.00314944
0.0013442,1.7123,0.5,2.7746,-0.00044698,0.0037488,0.98113,1.7123,0.5,2.7746,0.00082811,-0.00021843,0.0001731,0.00089669,-0.00033507,0.00096367,,0.0215072,0.0027696
0.0012612,1.7206,0.5,2.7746,-0.0011069,0.0030483,0.98019,1.7206,0.5,2.7746,0.00074624,-0.00023824,0.00012889,0.00087533,-0.00020628,0.00090092,,0.0201792,0.00206224
0.0012044,1.7289,0.5,2.7746,-0.0018855,0.0026156,0.97893,1.7289,0.5,2.7746,0.00069007,-0.00024383,8.14E-05,0.00082791,-0.00010209,0.00089079,,0.0192704,0.001302512
0.0011651,1.7371,0.5,2.7746,-0.002819,0.0023444,0.9791,1.7371,0.5,2.7746,0.00065383,-0.00022261,3.47E-05,0.00075873,-3.70E-05,0.00091769,,0.0186416,0.000555616
0.001153,1.7454,0.5,2.7746,-0.0038678,0.0021327,0.98176,1.7454,0.5,2.7746,0.00063207,-0.00018201,-1.16E-05,0.00070349,-3.78E-05,0.00097053,,0.018448,-0.000186
0.001181,1.7536,0.5,2.7746,-0.00495,0.0020727,0.98635,1.7536,0.5,2.7746,0.00062405,-0.00013533,-6.58E-05,0.00068661,-9.27E-05,0.0010514,,0.018896,-0.001053152
0.0012455,1.7619,0.5,2.7746,-0.0059964,0.0023418,0.99108,1.7619,0.5,2.7746,0.00062829,-8.33E-05,-0.00012,0.00068181,-0.00013906,0.0011808,,0.019928,-0.00192
0.0013509,1.7701,0.5,2.7746,-0.0069535,0.0028982,0.99448,1.7701,0.5,2.7746,0.00063875,-2.47E-05,-0.00014876,0.00065837,-0.00015279,0.0014046,,0.0216144,-0.00238016
0.001477,1.7784,0.5,2.7746,-0.0079128,0.0033475,0.99723,1.7784,0.5,2.7746,0.0006488,3.50E-05,-0.00015999,0.00063842,-0.00016937,0.0016668,,0.023632,-0.00255984
0.0015344,1.7866,0.5,2.7746,-0.0090872,0.0029932,1.0006,1.7866,0.5,2.7746,0.00065639,8.90E-05,-0.00017985,0.00064348,-0.00019333,0.0017689,,0.0245504,-0.0028776
0.0015049,1.7949,0.5,2.7746,-0.010418,0.0016834,1.0033,1.7949,0.5,2.7746,0.00066118,0.00011799,-0.00019002,0.00063881,-0.00021443,0.0017097,,0.0240784,-0.00304032
0.0014304,1.8032,0.5,2.7746,-0.011588,1.70E-05,1.004,1.8032,0.5,2.7746,0.00066529,0.00010695,-0.00017001,0.00058154,-0.00023761,0.001614,,0.0228864,-0.00272016
0.0013012,1.8114,0.5,2.7746,-0.012563,-0.0020138,1.0035,1.8114,0.5,2.7746,0.00068129,7.53E-05,-0.00012822,0.00049964,-0.00025452,0.0014215,,0.0208192,-0.00205152
0.0011781,1.8197,0.5,2.7746,-0.013556,-0.0046965,1.0039,1.8197,0.5,2.7746,0.00072939,3.19E-05,-7.60E-05,0.00046344,-0.00023244,0.0011633,,0.0188496,-0.001215648
0.0011724,1.8279,0.5,2.7746,-0.014543,-0.0074811,1.0061,1.8279,0.5,2.7746,0.00082532,-3.75E-05,-1.85E-05,0.00049989,-0.00016575,0.0010195,,0.0187584,-0.000295904
0.0012894,1.8362,0.5,2.7746,-0.015293,-0.0093793,1.008,1.8362,0.5,2.7746,0.00096726,-0.00012487,4.12E-05,0.00058139,-0.0001338,0.0010301,,0.0206304,0.0006592
0.0014911,1.8446,0.5,2.7746,-0.015771,-0.0096168,1.0068,1.8446,0.5,2.7746,0.0011293,-0.00020564,9.02E-05,0.00066665,-0.00022037,0.0011862,,0.0238576,0.001443328
0.0017794,1.8534,0.5,2.7746,-0.016275,-0.0083299,1.0033,1.8534,0.5,2.7746,0.0012702,-0.00025553,0.00013888,0.00073511,-0.00041697,0.0015534,,0.0284704,0.00222208
0.0021373,1.8626,0.5,2.7746,-0.017049,-0.0062733,1.0002,1.8626,0.5,2.7746,0.001354,-0.00023998,0.00019308,0.00080226,-0.00065311,0.0021184,,0.0341968,0.00308928
0.0025024,1.8723,0.5,2.7746,-0.017644,-0.0034408,0.99825,1.8723,0.5,2.7746,0.0013673,-0.00016866,0.00021332,0.00093259,-0.00093726,0.0027048,,0.0400384,0.00341312
0.0028352,1.8824,0.5,2.7746,-0.017211,0.00032975,0.99747,1.8824,0.5,2.7746,0.0013207,-0.00011,0.00026046,0.0011437,-0.0012701,0.0032059,,0.0453632,0.00416736
0.0030299,1.8931,0.5,2.7746,-0.015628,0.00406,0.99797,1.8931,0.5,2.7746,0.0012525,-5.80E-05,0.00034915,0.0013664,-0.001503,0.0034409,,0.0484784,0.0055864
0.0030168,1.9042,0.5,2.7746,-0.013498,0.0064052,0.99741,1.9042,0.5,2.7746,0.0012023,3.03E-05,0.00041412,0.0015052,-0.0014735,0.0033261,,0.0482688,0.00662592
0.0028449,1.9159,0.5,2.7746,-0.011277,0.0078225,0.99341,1.9159,0.5,2.7746,0.0011872,0.0001404,0.00046759,0.0015102,-0.001221,0.0029924,,0.0455184,0.00748144
0.0026791,1.9282,0.5,2.7746,-0.0090909,0.0099504,0.98805,1.9282,0.5,2.7746,0.0012136,0.00025066,0.00035233,0.0014221,-0.0010537,0.0027226,,0.0428656,0.00563728
0.0026015,1.941,0.5,2.7746,-0.0071099,0.012681,0.98642,1.941,0.5,2.7746,0.0012565,0.0003359,-1.84E-06,0.0013602,-0.0010385,0.0025863,,0.041624,-2.93728E-05
0.0025544,1.9545,0.5,2.7746,-0.0055293,0.015392,0.985,1.9545,0.5,2.7746,0.00127,0.00037685,-0.00037702,0.0012651,-0.00093478,0.0025738,,0.0408704,-0.00603232
0.0026269,1.9686,0.5,2.7746,-0.0043078,0.016766,0.98157,1.9686,0.5,2.7746,0.0012347,0.00034276,-0.00061986,0.0010642,-0.0008706,0.0029549,,0.0420304,-0.00991776
0.0026028,1.9833,0.5,2.7746,-0.0032173,0.015295,0.97963,1.9833,0.5,2.7746,0.001214,0.00027857,-0.00067577,0.00090277,-0.00083945,0.0030889,,0.0416448,-0.01081232
0.0026121,1.9988,0.5,2.7746,-0.0015724,0.010999,0.97901,1.9988,0.5,2.7746,0.0012768,0.00029554,-0.00070737,0.00091694,-0.00082951,0.0030306,,0.0417936,-0.01131792
0.002835,2.0149,0.5,2.7746,0.0014561,0.0036044,0.97848,2.0149,0.5,2.7746,0.0013175,0.00034552,-0.00088202,0.001062,-0.00099846,0.0032906,,0.04536,-0.01411232
0.0028081,2.0319,0.5,2.7746,0.0052857,-0.0018246,0.97734,2.0319,0.5,2.7746,0.0012375,0.0003774,-0.0010228,0.0011038,-0.0010196,0.0032749,,0.0449296,-0.0163648
0.0029938,2.0496,0.5,2.7746,0.0080486,-0.0053544,0.98385,2.0496,0.5,2.7746,0.00121,0.00041348,-0.0011938,0.00089687,-0.0008708,0.0038807,,0.0479008,-0.0191008
0.0029312,2.0681,0.5,2.7746,0.0091867,-0.009059,0.98566,2.0681,0.5,2.7746,0.0013601,0.00041311,-0.0012425,0.00066763,-0.00066496,0.0038347,,0.0468992,-0.01988
0.0023532,2.0875,0.5,2.7746,0.010015,-0.0063876,0.976,2.0875,0.5,2.7746,0.0014889,0.0003711,-0.0010281,0.00061624,-0.00051054,0.0026012,,0.0376512,-0.0164496
0.0022011,2.1078,0.5,2.7746,0.010697,-0.0012507,0.97832,2.1078,0.5,2.7746,0.0014898,0.00027827,-0.0010406,0.00072963,-0.00049342,0.0021828,,0.0352176,-0.0166496
0.0022252,2.129,0.5,2.7746,0.0098735,0.0014775,0.97619,2.129,0.5,2.7746,0.0014016,9.71E-05,-0.0011315,0.00074766,-0.00036963,0.0023011,,0.0356032,-0.018104
0.0022571,2.1511,0.5,2.7746,0.0081018,0.00060301,0.97633,2.1511,0.5,2.7746,0.0011495,0.00012297,-0.00089579,0.00071547,-0.0004311,0.0026493,,0.0361136,-0.01433264
0.0019437,2.1743,0.5,2.7746,0.0076722,-0.0066971,0.98466,2.1743,0.5,2.7746,0.00083093,0.00026446,-0.00049331,0.00077215,-0.00030136,0.0022844,,0.0310992,-0.00789296
0.0018056,2.1984,0.5,2.7746,0.0084652,-0.014344,0.98989,2.1984,0.5,2.7746,0.00069026,0.00018631,-0.00019139,0.00086595,7.55E-05,0.002055,,0.0288896,-0.00306224
0.0024736,2.2237,0.5,2.7746,0.0090299,-0.012988,0.99347,2.2237,0.5,2.7746,0.0006696,4.45E-05,0.00013923,0.000895,-0.00039942,0.0033827,,0.0395776,0.00222768
0.0024388,2.2501,0.5,2.7746,0.0091951,-0.013616,0.99048,2.2501,0.5,2.7746,0.00061916,2.27E-05,0.00035964,0.00089952,-0.00064691,0.0033588,,0.0390208,0.00575424
0.0020323,2.2776,0.5,2.7746,0.011521,-0.013259,0.97497,2.2776,0.5,2.7746,0.00058374,6.82E-05,9.41E-05,0.00094884,-0.00010385,0.0025319,,0.0325168,0.001505968
0.0022196,2.3063,0.5,2.7746,0.015427,-0.016952,0.98365,2.3063,0.5,2.7746,0.0006043,0.00016128,8.27E-05,0.0013105,-8.01E-05,0.0025245,,0.0355136,0.00132344
0.0027905,2.3362,0.5,2.7746,0.016188,-0.0227,0.98161,2.3362,0.5,2.7746,0.00079053,0.0004013,0.00023422,0.0021275,0.00019824,0.0026629,,0.044648,0.00374752
0.0032428,2.3674,0.5,2.7746,0.015161,-0.021419,0.94451,2.3674,0.5,2.7746,0.001206,0.00036065,0.00048059,0.00237,0.00085465,0.0029096,,0.0518848,0.00768944
0.0039946,2.3999,0.5,2.7746,0.011561,-0.014238,0.90128,2.3999,0.5,2.7746,0.0013644,4.75E-05,0.0012116,0.0022242,0.00076654,0.0044004,,0.0639136,0.0193856
0.0045176,2.4338,0.5,2.7746,0.0049059,0.0018968,0.84329,2.4338,0.5,2.7746,0.00093125,0.00012585,0.0012852,0.0025246,0.00084083,0.0055794,,0.0722816,0.0205632
0.0034722,2.4691,0.5,2.7746,0.0010284,0.0083767,0.73281,2.4691,0.5,2.7746,0.00031576,0.00019525,0.00058485,0.0022637,0.00096308,0.0043649,,0.0555552,0.0093576
0.0016907,1.6711,0.5,2.8098,0.0036376,0.014985,0.96782,1.6711,0.5,2.8098,0.0011969,-0.00020508,0.00020687,0.0010553,-0.00061358,0.0011293,,0.0270512,0.00330992
0.0016513,1.6793,0.5,2.8098,0.0023232,0.013192,0.97001,1.6793,0.5,2.8098,0.001128,-0.00017564,0.00019846,0.0010041,-0.00065685,0.0011706,,0.0264208,0.00317536
0.0015805,1.6876,0.5,2.8098,0.0013444,0.010259,0.97304,1.6876,0.5,2.8098,0.0010414,-0.00016186,0.00018443,0.00095005,-0.00063908,0.0011696,,0.025288,0.00295088
0.0014825,1.6958,0.5,2.8098,0.00068418,0.0071885,0.97687,1.6958,0.5,2.8098,0.00095327,-0.00016655,0.00019328,0.00090793,-0.00056439,0.0011038,,0.02372,0.00309248
0.0013838,1.7041,0.5,2.8098,0.00014932,0.0051124,0.98006,1.7041,0.5,2.8098,0.00086968,-0.00018185,0.00020917,0.00088256,-0.00047262,0.0010154,,0.0221408,0.00334672
0.0012896,1.7123,0.5,2.8098,-0.00046605,0.0040162,0.98108,1.7123,0.5,2.8098,0.0008029,-0.00020461,0.00018822,0.00086724,-0.00035757,0.00090898,,0.0206336,0.00301152
0.0012212,1.7206,0.5,2.8098,-0.0012123,0.0033502,0.9803,1.7206,0.5,2.8098,0.00076538,-0.00023148,0.00014465,0.00085158,-0.00022817,0.00082535,,0.0195392,0.0023144
0.0011902,1.7289,0.5,2.8098,-0.0020647,0.0029133,0.97909,1.7289,0.5,2.8098,0.00074708,-0.00024583,9.83E-05,0.00081698,-0.00012008,0.00081632,,0.0190432,0.001572608
0.0011822,1.7371,0.5,2.8098,-0.0030182,0.0026139,0.97924,1.7371,0.5,2.8098,0.00072662,-0.00023173,5.09E-05,0.00075971,-5.22E-05,0.00087803,,0.0189152,0.000814352
0.0011889,1.7454,0.5,2.8098,-0.0040479,0.0023596,0.98191,1.7454,0.5,2.8098,0.00069882,-0.00019359,1.09E-06,0.00071335,-4.84E-05,0.00096571,,0.0190224,0.000017512
0.001212,1.7536,0.5,2.8098,-0.0051066,0.0022192,0.98653,1.7536,0.5,2.8098,0.00067229,-0.00014471,-5.67E-05,0.00070567,-0.00010002,0.001046,,0.019392,-0.000906624
0.0012579,1.7619,0.5,2.8098,-0.0061339,0.0023681,0.99118,1.7619,0.5,2.8098,0.00065235,-8.98E-05,-0.00011392,0.00071227,-0.00014766,0.0011512,,0.0201264,-0.00182272
0.0013453,1.7701,0.5,2.8098,-0.0070785,0.0028059,0.99441,1.7701,0.5,2.8098,0.00063936,-3.15E-05,-0.00014845,0.00069554,-0.00016824,0.0013556,,0.0215248,-0.0023752
0.0014536,1.7784,0.5,2.8098,-0.0080451,0.0031577,0.99717,1.7784,0.5,2.8098,0.00062828,2.66E-05,-0.00016555,0.00066563,-0.00019325,0.0016134,,0.0232576,-0.0026488
0.0014855,1.7866,0.5,2.8098,-0.0092385,0.0027775,1.0007,1.7866,0.5,2.8098,0.00061231,8.05E-05,-0.00018104,0.00064534,-0.00021909,0.0017134,,0.023768,-0.00289664
0.0014344,1.7949,0.5,2.8098,-0.010572,0.0015337,1.0035,1.7949,0.5,2.8098,0.00059345,0.00010911,-0.00017525,0.00062069,-0.00022996,0.0016546,,0.0229504,-0.002804
0.00136,1.8032,0.5,2.8098,-0.011752,-0.00013042,1.0041,1.8032,0.5,2.8098,0.00058623,9.96E-05,-0.00014182,0.00056468,-0.00023658,0.0015691,,0.02176,-0.00226912
0.0012519,1.8114,0.5,2.8098,-0.012777,-0.0022257,1.0037,1.8114,0.5,2.8098,0.00061245,7.29E-05,-0.00010325,0.00049789,-0.00024658,0.0013935,,0.0200304,-0.001652
0.0011541,1.8197,0.5,2.8098,-0.013825,-0.0048605,1.0041,1.8197,0.5,2.8098,0.00069149,3.04E-05,-6.44E-05,0.0004737,-0.00022972,0.0011429,,0.0184656,-0.00103104
0.0011617,1.8279,0.5,2.8098,-0.014823,-0.0075037,1.0063,1.8279,0.5,2.8098,0.00082874,-4.53E-05,-1.04E-05,0.00051325,-0.00017254,0.00098134,,0.0185872,-0.00016648
0.0012943,1.8362,0.5,2.8098,-0.015553,-0.0092797,1.008,1.8362,0.5,2.8098,0.0010038,-0.00014145,6.11E-05,0.00059603,-0.00014776,0.00098863,,0.0207088,0.00097728
0.0015318,1.8446,0.5,2.8098,-0.016031,-0.0094905,1.0065,1.8446,0.5,2.8098,0.001176,-0.00022314,0.00012161,0.00069001,-0.00023424,0.0011976,,0.0245088,0.00194576
0.0018539,1.8534,0.5,2.8098,-0.016557,-0.008294,1.0026,1.8534,0.5,2.8098,0.0013045,-0.00026439,0.00016968,0.0007761,-0.00043324,0.0016271,,0.0296624,0.00271488
0.0022174,1.8626,0.5,2.8098,-0.017307,-0.0062544,0.99942,1.8626,0.5,2.8098,0.0013671,-0.00024366,0.00022811,0.00085751,-0.0006923,0.0022103,,0.0354784,0.00364976
0.0025597,1.8723,0.5,2.8098,-0.017801,-0.0031776,0.99742,1.8723,0.5,2.8098,0.0013608,-0.00018129,0.00025353,0.00098649,-0.00098885,0.0027722,,0.0409552,0.00405648
0.0028498,1.8824,0.5,2.8098,-0.017269,0.00084564,0.9965,1.8824,0.5,2.8098,0.0012973,-0.00013548,0.00029133,0.0011989,-0.001301,0.0032034,,0.0455968,0.00466128
0.0030061,1.8931,0.5,2.8098,-0.015672,0.0044529,0.9971,1.8931,0.5,2.8098,0.0012096,-7.59E-05,0.00037901,0.0014314,-0.00151,0.0033713,,0.0480976,0.00606416
0.0029837,1.9042,0.5,2.8098,-0.013607,0.0064724,0.99663,1.9042,0.5,2.8098,0.001142,3.61E-05,0.00045983,0.0015653,-0.0014684,0.00326,,0.0477392,0.00735728
0.0028272,1.9159,0.5,2.8098,-0.011485,0.00776,0.9928,1.9159,0.5,2.8098,0.0011322,0.00015301,0.00051197,0.0015463,-0.0012291,0.0029758,,0.0452352,0.00819152
0.0026805,1.9282,0.5,2.8098,-0.009431,0.0099881,0.98807,1.9282,0.5,2.8098,0.0011825,0.00023989,0.00036826,0.0014441,-0.0010762,0.0027346,,0.042888,0.00589216
0.0026269,1.941,0.5,2.8098,-0.0076115,0.012757,0.98692,1.941,0.5,2.8098,0.0012459,0.00029256,4.71E-06,0.0013931,-0.0010247,0.0026147,,0.0420304,7.53648E-05
0.0025978,1.9545,0.5,2.8098,-0.0061403,0.015431,0.98529,1.9545,0.5,2.8098,0.0012566,0.00032558,-0.00036113,0.00132,-0.0008891,0.0026191,,0.0415648,-0.00577808
0.0026599,1.9686,0.5,2.8098,-0.0049359,0.016861,0.9814,1.9686,0.5,2.8098,0.0011942,0.00030285,-0.00060559,0.0011213,-0.00085473,0.0030044,,0.0425584,-0.00968944
0.0026297,1.9833,0.5,2.8098,-0.0037894,0.015341,0.97939,1.9833,0.5,2.8098,0.0011674,0.00024406,-0.00070551,0.00093918,-0.0008706,0.0031528,,0.0420752,-0.01128816
0.0026014,1.9988,0.5,2.8098,-0.0020034,0.010961,0.97914,1.9988,0.5,2.8098,0.0012475,0.00026368,-0.0007559,0.00091937,-0.00087608,0.003036,,0.0416224,-0.0120944
0.0027544,2.0149,0.5,2.8098,0.0011338,0.0036663,0.97888,2.0149,0.5,2.8098,0.0012706,0.00030815,-0.00086156,0.0010372,-0.0010026,0.003201,,0.0440704,-0.01378496
0.0026816,2.0319,0.5,2.8098,0.0049097,-0.0017403,0.97774,2.0319,0.5,2.8098,0.0011712,0.0003332,-0.0009415,0.0010547,-0.00098612,0.0031373,,0.0429056,-0.015064
0.0028998,2.0496,0.5,2.8098,0.0075543,-0.0052534,0.98409,2.0496,0.5,2.8098,0.0011778,0.00038482,-0.0011186,0.00085674,-0.00085473,0.0037651,,0.0463968,-0.0178976
0.0029121,2.0681,0.5,2.8098,0.0086358,-0.0090404,0.98571,2.0681,0.5,2.8098,0.0013514,0.00039805,-0.0011982,0.00067609,-0.00064415,0.0037968,,0.0465936,-0.0191712
0.0023475,2.0875,0.5,2.8098,0.0094959,-0.0065312,0.97579,2.0875,0.5,2.8098,0.0014562,0.00038389,-0.00098526,0.00065646,-0.00050396,0.0025823,,0.03756,-0.01576416
0.0021961,2.1078,0.5,2.8098,0.010307,-0.0011508,0.97839,2.1078,0.5,2.8098,0.001467,0.0002931,-0.00099432,0.00079354,-0.00048908,0.0021316,,0.0351376,-0.01590912
0.0022257,2.129,0.5,2.8098,0.0097209,0.0016547,0.97624,2.129,0.5,2.8098,0.0014207,6.95E-05,-0.0011091,0.00080732,-0.00034371,0.0022234,,0.0356112,-0.0177456
0.0022634,2.1511,0.5,2.8098,0.0081642,0.0005341,0.97565,2.1511,0.5,2.8098,0.0011706,8.14E-05,-0.00093648,0.00072967,-0.00042486,0.0026266,,0.0362144,-0.01498368
0.0019334,2.1743,0.5,2.8098,0.0077026,-0.0068362,0.98404,2.1743,0.5,2.8098,0.00084673,0.00023952,-0.00054912,0.00075521,-0.00030505,0.0022649,,0.0309344,-0.00878592
0.0017776,2.1984,0.5,2.8098,0.0083117,-0.014359,0.99002,2.1984,0.5,2.8098,0.00072139,0.00020057,-0.00022422,0.00080427,4.50E-05,0.0020296,,0.0284416,-0.00358752
0.0024736,2.2237,0.5,2.8098,0.0088156,-0.012991,0.99328,2.2237,0.5,2.8098,0.00068866,7.23E-05,0.00011465,0.00083391,-0.00043514,0.0034245,,0.0395776,0.0018344
0.0024493,2.2501,0.5,2.8098,0.0089883,-0.013744,0.99088,2.2501,0.5,2.8098,0.00061664,3.81E-05,0.00035545,0.00087037,-0.00064886,0.0034117,,0.0391888,0.0056872
0.0020494,2.2776,0.5,2.8098,0.01125,-0.013374,0.97533,2.2776,0.5,2.8098,0.00059581,7.33E-05,0.00010426,0.00096049,-0.00013249,0.0025425,,0.0327904,0.00166816
0.0022532,2.3063,0.5,2.8098,0.015289,-0.016906,0.98304,2.3063,0.5,2.8098,0.0006236,0.0001661,8.98E-05,0.001326,-7.14E-05,0.0025568,,0.0360512,0.001436688
0.0028065,2.3362,0.5,2.8098,0.016153,-0.022849,0.98269,2.3362,0.5,2.8098,0.00076771,0.00040549,0.00020658,0.0021252,0.00028299,0.0027202,,0.044904,0.00330528
0.0032883,2.3674,0.5,2.8098,0.015031,-0.021489,0.94458,2.3674,0.5,2.8098,0.0011661,0.00036575,0.00042361,0.0023837,0.00091464,0.0030267,,0.0526128,0.00677776
0.004018,2.3999,0.5,2.8098,0.011627,-0.01414,0.90008,2.3999,0.5,2.8098,0.0013716,4.31E-05,0.0011681,0.0021771,0.00080664,0.0044873,,0.064288,0.0186896
0.0044622,2.4338,0.5,2.8098,0.005115,0.0017873,0.84329,2.4338,0.5,2.8098,0.00096038,0.00011093,0.001306,0.0024666,0.00082741,0.0054975,,0.0713952,0.020896
0.003416,2.4691,0.5,2.8098,0.0011167,0.0082936,0.73298,2.4691,0.5,2.8098,0.00032711,0.00019158,0.00062411,0.0022439,0.00090588,0.004261,,0.054656,0.00998576
0.0017058,1.6711,0.5,2.8449,0.0038005,0.014864,0.96767,1.6711,0.5,2.8449,0.001236,-0.00019039,0.00022957,0.0010332,-0.00059414,0.0011423,,0.0272928,0.00367312
0.0016635,1.6793,0.5,2.8449,0.0024599,0.013183,0.96986,1.6793,0.5,2.8449,0.0011472,-0.00016825,0.00021716,0.001001,-0.00063934,0.0011788,,0.026616,0.00347456
0.0015823,1.6876,0.5,2.8449,0.001429,0.01038,0.97279,1.6876,0.5,2.8449,0.0010327,-0.00015447,0.00019565,0.00095753,-0.00062584,0.0011744,,0.0253168,0.0031304
0.0014719,1.6958,0.5,2.8449,0.00070127,0.0073886,0.97646,1.6958,0.5,2.8449,0.00092547,-0.00015851,0.00019703,0.00091082,-0.00055473,0.0011076,,0.0235504,0.00315248
0.0013706,1.7041,0.5,2.8449,0.00010134,0.0053306,0.97975,1.7041,0.5,2.8449,0.00084275,-0.0001769,0.00020466,0.00087631,-0.0004688,0.0010222,,0.0219296,0.00327456
0.0012758,1.7123,0.5,2.8449,-0.0005626,0.0042434,0.98101,1.7123,0.5,2.8449,0.00078863,-0.00020065,0.00016616,0.00085737,-0.00036067,0.00090566,,0.0204128,0.00265856
0.001204,1.7206,0.5,2.8449,-0.0013311,0.0036063,0.98033,1.7206,0.5,2.8449,0.00076181,-0.00022236,0.00011088,0.00084813,-0.00023371,0.00079805,,0.019264,0.00177408
0.0011727,1.7289,0.5,2.8449,-0.0021822,0.0031981,0.97915,1.7289,0.5,2.8449,0.000746,-0.00022921,7.05E-05,0.00082277,-0.00012749,0.00077664,,0.0187632,0.00112848
0.0011706,1.7371,0.5,2.8449,-0.0031268,0.0029015,0.97933,1.7371,0.5,2.8449,0.00072073,-0.00020902,3.78E-05,0.00076728,-6.30E-05,0.00085324,,0.0187296,0.000604832
0.0011819,1.7454,0.5,2.8449,-0.0041537,0.0026085,0.98206,1.7454,0.5,2.8449,0.00068755,-0.00016704,1.87E-06,0.00071533,-5.94E-05,0.00096095,,0.0189104,2.98688E-05
0.0011986,1.7536,0.5,2.8449,-0.0052119,0.0023718,0.98673,1.7536,0.5,2.8449,0.00065996,-0.00011538,-4.51E-05,0.00069849,-0.00010595,0.0010387,,0.0191776,-0.000721696
0.0012367,1.7619,0.5,2.8449,-0.0062343,0.0023906,0.99128,1.7619,0.5,2.8449,0.00064132,-5.62E-05,-9.61E-05,0.000696,-0.00014988,0.0011361,,0.0197872,-0.001537584
0.001322,1.7701,0.5,2.8449,-0.0071804,0.0027236,0.99435,1.7701,0.5,2.8449,0.00062938,6.72E-06,-0.00013512,0.00067447,-0.00017237,0.0013401,,0.021152,-0.00216192
0.001426,1.7784,0.5,2.8449,-0.0081694,0.0030077,0.99713,1.7784,0.5,2.8449,0.00062142,5.98E-05,-0.0001593,0.00063856,-0.00020332,0.0015919,,0.022816,-0.0025488
0.0014453,1.7866,0.5,2.8449,-0.0093907,0.0026255,1.0008,1.7866,0.5,2.8449,0.00061216,9.24E-05,-0.000171,0.00060139,-0.00023192,0.0016771,,0.0231248,-0.002736
0.001385,1.7949,0.5,2.8449,-0.010742,0.0014432,1.0036,1.7949,0.5,2.8449,0.00060163,9.78E-05,-0.00016248,0.00056222,-0.00023619,0.0016062,,0.02216,-0.00259968
0.0013202,1.8032,0.5,2.8449,-0.01195,-0.00023318,1.0043,1.8032,0.5,2.8449,0.00060251,8.27E-05,-0.00014077,0.00051621,-0.0002352,0.0015217,,0.0211232,-0.00225232
0.0012299,1.8114,0.5,2.8449,-0.013027,-0.0023903,1.004,1.8114,0.5,2.8449,0.00063365,6.41E-05,-0.0001228,0.00047325,-0.00024362,0.0013529,,0.0196784,-0.0019648
0.0011372,1.8197,0.5,2.8449,-0.014111,-0.004981,1.0045,1.8197,0.5,2.8449,0.00071301,2.84E-05,-9.95E-05,0.00046547,-0.00023026,0.0010959,,0.0181952,-0.001592624
0.0011395,1.8279,0.5,2.8449,-0.015095,-0.007515,1.0065,1.8279,0.5,2.8449,0.00084571,-4.63E-05,-4.86E-05,0.00051306,-0.00017647,0.00092025,,0.018232,-0.000776992
0.0012776,1.8362,0.5,2.8449,-0.015791,-0.009241,1.0079,1.8362,0.5,2.8449,0.0010055,-0.00014002,2.52E-05,0.00060035,-0.00015062,0.0009494,,0.0204416,0.000403472
0.0015441,1.8446,0.5,2.8449,-0.016252,-0.0094872,1.0059,1.8446,0.5,2.8449,0.0011487,-0.00021094,9.12E-05,0.00069634,-0.00023936,0.0012432,,0.0247056,0.001459056
0.0018833,1.8534,0.5,2.8449,-0.016772,-0.0083574,1.0017,1.8534,0.5,2.8449,0.0012488,-0.00024263,0.00015613,0.00077484,-0.00044681,0.0017429,,0.0301328,0.00249808
0.0022283,1.8626,0.5,2.8449,-0.017476,-0.006252,0.99854,1.8626,0.5,2.8449,0.0013004,-0.00023012,0.0002346,0.0008402,-0.0007178,0.0023159,,0.0356528,0.0037536
0.0025391,1.8723,0.5,2.8449,-0.017859,-0.002882,0.99658,1.8723,0.5,2.8449,0.0012949,-0.00019348,0.00026894,0.00096013,-0.0010207,0.0028231,,0.0406256,0.00430304
0.0027929,1.8824,0.5,2.8449,-0.017224,0.001327,0.99555,1.8824,0.5,2.8449,0.001223,-0.00015875,0.0002983,0.0011791,-0.0013275,0.0031838,,0.0446864,0.0047728
0.0029334,1.8931,0.5,2.8449,-0.015632,0.0047174,0.99617,1.8931,0.5,2.8449,0.001118,-7.79E-05,0.00036782,0.0014198,-0.0015384,0.003329,,0.0469344,0.00588512
0.00292,1.9042,0.5,2.8449,-0.013673,0.0064229,0.99581,1.9042,0.5,2.8449,0.0010536,4.99E-05,0.00044339,0.0015517,-0.0014963,0.0032347,,0.04672,0.00709424
0.0027925,1.9159,0.5,2.8449,-0.011677,0.0076621,0.99232,1.9159,0.5,2.8449,0.0010763,0.00014106,0.00049785,0.0015342,-0.0012468,0.0029745,,0.04468,0.0079656
0.0026909,1.9282,0.5,2.8449,-0.0097479,0.010033,0.98822,1.9282,0.5,2.8449,0.0011616,0.00018344,0.000352,0.0014447,-0.0010726,0.0027755,,0.0430544,0.005632
0.0026642,1.941,0.5,2.8449,-0.008075,0.012822,0.98736,1.941,0.5,2.8449,0.0012501,0.00021791,1.14E-06,0.0013979,-0.0009984,0.0026805,,0.0426272,1.82464E-05
0.0026389,1.9545,0.5,2.8449,-0.0067068,0.015444,0.98544,1.9545,0.5,2.8449,0.0012709,0.00028177,-0.00034377,0.0013137,-0.00088137,0.0026932,,0.0422224,-0.00550032
0.0026865,1.9686,0.5,2.8449,-0.0055298,0.016973,0.98123,1.9686,0.5,2.8449,0.0012049,0.00030032,-0.0006017,0.001099,-0.00087748,0.0030692,,0.042984,-0.0096272
0.002627,1.9833,0.5,2.8449,-0.0043429,0.015436,0.97924,1.9833,0.5,2.8449,0.0011691,0.00024499,-0.00075004,0.00090406,-0.00090477,0.0031808,,0.042032,-0.01200064
0.0025512,1.9988,0.5,2.8449,-0.0024188,0.010969,0.97922,1.9988,0.5,2.8449,0.0012263,0.00024886,-0.00077939,0.00087619,-0.00092744,0.0029999,,0.0408192,-0.01247024
0.0026447,2.0149,0.5,2.8449,0.00081787,0.0037657,0.97928,2.0149,0.5,2.8449,0.0012207,0.00028009,-0.00081154,0.00099513,-0.0010292,0.0030736,,0.0423152,-0.01298464
0.0025621,2.0319,0.5,2.8449,0.0045233,-0.0016382,0.97826,2.0319,0.5,2.8449,0.0011223,0.00031539,-0.00087602,0.0010299,-0.00097932,0.0029719,,0.0409936,-0.01401632
0.0028443,2.0496,0.5,2.8449,0.0070576,-0.0051541,0.98437,2.0496,0.5,2.8449,0.0011483,0.00037759,-0.0010647,0.00085972,-0.00084566,0.0036805,,0.0455088,-0.0170352
0.0028799,2.0681,0.5,2.8449,0.0081178,-0.0090427,0.98576,2.0681,0.5,2.8449,0.0013003,0.00038617,-0.0011247,0.00069291,-0.00063184,0.0037665,,0.0460784,-0.0179952
0.0022993,2.0875,0.5,2.8449,0.0090001,-0.0066643,0.97565,2.0875,0.5,2.8449,0.0013801,0.00037944,-0.00092216,0.00068833,-0.00051132,0.0025302,,0.0367888,-0.01475456
0.0021673,2.1078,0.5,2.8449,0.0098769,-0.00097027,0.97846,2.1078,0.5,2.8449,0.0014416,0.00028259,-0.00097517,0.00081126,-0.00047478,0.0020819,,0.0346768,-0.01560272
0.0022083,2.129,0.5,2.8449,0.0094937,0.0019043,0.97627,2.129,0.5,2.8449,0.0014495,5.18E-05,-0.0010968,0.00077095,-0.00032171,0.002196,,0.0353328,-0.0175488
0.0022441,2.1511,0.5,2.8449,0.0081492,0.00046058,0.97505,2.1511,0.5,2.8449,0.0011866,7.53E-05,-0.00094391,0.00067229,-0.00042658,0.0026293,,0.0359056,-0.01510256
0.0019019,2.1743,0.5,2.8449,0.0076469,-0.006933,0.98351,2.1743,0.5,2.8449,0.00083607,0.00026226,-0.00056768,0.0007271,-0.00033943,0.0022406,,0.0304304,-0.00908288
0.0017625,2.1984,0.5,2.8449,0.0080914,-0.01432,0.99015,2.1984,0.5,2.8449,0.00070982,0.00024779,-0.00023025,0.00079658,2.73E-06,0.0020187,,0.0282,-0.003684
0.0024886,2.2237,0.5,2.8449,0.0085982,-0.012989,0.99296,2.2237,0.5,2.8449,0.00068062,8.65E-05,0.00011727,0.00082453,-0.00044104,0.003472,,0.0398176,0.00187632
0.0024636,2.2501,0.5,2.8449,0.0088031,-0.013883,0.9912,2.2501,0.5,2.8449,0.00060338,3.93E-05,0.00035876,0.00088894,-0.00064655,0.0034348,,0.0394176,0.00574016
0.0020451,2.2776,0.5,2.8449,0.011005,-0.013533,0.97579,2.2776,0.5,2.8449,0.00058383,9.46E-05,0.00012956,0.0010051,-0.00017536,0.0025013,,0.0327216,0.00207296
0.0022792,2.3063,0.5,2.8449,0.015204,-0.016904,0.98245,2.3063,0.5,2.8449,0.00061215,0.00018668,0.00010715,0.0013908,-6.46E-05,0.0025555,,0.0364672,0.0017144
0.0028475,2.3362,0.5,2.8449,0.016115,-0.023022,0.98369,2.3362,0.5,2.8449,0.00071946,0.00039339,0.00018178,0.0021572,0.00036561,0.0028184,,0.04556,0.00290848
0.0033278,2.3674,0.5,2.8449,0.014832,-0.02161,0.94461,2.3674,0.5,2.8449,0.0011136,0.00034334,0.00039979,0.0023683,0.0009785,0.0031738,,0.0532448,0.00639664
0.0040229,2.3999,0.5,2.8449,0.011728,-0.014094,0.89891,2.3999,0.5,2.8449,0.0013754,3.51E-05,0.0011297,0.0021131,0.0008301,0.0045574,,0.0643664,0.0180752
0.0044289,2.4338,0.5,2.8449,0.0054674,0.0016462,0.84331,2.4338,0.5,2.8449,0.00098008,0.00010898,0.0012957,0.0024455,0.00076404,0.0054322,,0.0708624,0.0207312
0.0034089,2.4691,0.5,2.8449,0.0012985,0.0081599,0.73309,2.4691,0.5,2.8449,0.00033156,0.00019964,0.00064663,0.0023029,0.00081792,0.0041835,,0.0545424,0.01034608
0.001705,1.6711,0.5,2.8799,0.0039539,0.014699,0.9675,1.6711,0.5,2.8799,0.0012604,-0.00017013,0.00021475,0.0010056,-0.00056414,0.001144,,0.02728,0.003436
0.0016817,1.6793,0.5,2.8799,0.0026346,0.013119,0.9697,1.6793,0.5,2.8799,0.0011952,-0.00015595,0.0002151,0.00099106,-0.00061451,0.0011772,,0.0269072,0.0034416
0.001619,1.6876,0.5,2.8799,0.0015749,0.010453,0.97257,1.6876,0.5,2.8799,0.0010992,-0.0001535,0.00020328,0.00096419,-0.00060864,0.0011745,,0.025904,0.00325248
0.0015093,1.6958,0.5,2.8799,0.00078123,0.0075634,0.97611,1.6958,0.5,2.8799,0.00099444,-0.00017014,0.00020018,0.00092373,-0.0005403,0.0011004,,0.0241488,0.00320288
0.0014002,1.7041,0.5,2.8799,0.0001161,0.0055349,0.9795,1.7041,0.5,2.8799,0.00089545,-0.00019643,0.00019851,0.00089008,-0.00045446,0.0010148,,0.0224032,0.00317616
0.0012976,1.7123,0.5,2.8799,-0.00060298,0.0044531,0.98095,1.7123,0.5,2.8799,0.00080765,-0.00021938,0.00015354,0.00087305,-0.00035221,0.00091442,,0.0207616,0.00245664
0.0012112,1.7206,0.5,2.8799,-0.0014249,0.0038358,0.98028,1.7206,0.5,2.8799,0.00073858,-0.00023475,9.17E-05,0.0008699,-0.00023065,0.000814,,0.0193792,0.001467872
0.0011606,1.7289,0.5,2.8799,-0.0023137,0.0034446,0.97909,1.7289,0.5,2.8799,0.00068998,-0.00023574,4.90E-05,0.00085011,-0.00012898,0.00078117,,0.0185696,0.00078392
0.0011429,1.7371,0.5,2.8799,-0.0032726,0.0031385,0.97935,1.7371,0.5,2.8799,0.00065342,-0.00021218,1.60E-05,0.00079177,-7.23E-05,0.00084071,,0.0182864,0.00025592
0.0011474,1.7454,0.5,2.8799,-0.0043095,0.0028018,0.98222,1.7454,0.5,2.8799,0.00062832,-0.00016693,-2.32E-05,0.00072805,-7.27E-05,0.00093851,,0.0183584,-0.000370816
0.0011627,1.7536,0.5,2.8799,-0.005381,0.002468,0.98695,1.7536,0.5,2.8799,0.00061827,-0.00011097,-7.42E-05,0.00069352,-0.00011265,0.0010136,,0.0186032,-0.001187888
0.0012063,1.7619,0.5,2.8799,-0.0064071,0.002353,0.99141,1.7619,0.5,2.8799,0.0006186,-4.58E-05,-0.00012609,0.00067326,-0.00014604,0.0011207,,0.0193008,-0.00201744
0.0013068,1.7701,0.5,2.8799,-0.00735,0.0025992,0.99432,1.7701,0.5,2.8799,0.00062495,2.48E-05,-0.00016051,0.00064721,-0.00016844,0.0013414,,0.0209088,-0.00256816
0.0014258,1.7784,0.5,2.8799,-0.0083467,0.0028825,0.99707,1.7784,0.5,2.8799,0.00063606,7.94E-05,-0.00017393,0.0006247,-0.00020258,0.0015909,,0.0228128,-0.00278288
0.0014548,1.7866,0.5,2.8799,-0.0095847,0.0025604,1.0008,1.7866,0.5,2.8799,0.00064726,9.70E-05,-0.00017276,0.00059973,-0.000225,0.0016626,,0.0232768,-0.00276416
0.0014016,1.7949,0.5,2.8799,-0.010947,0.0014187,1.0038,1.7949,0.5,2.8799,0.00065586,8.15E-05,-0.0001612,0.00055826,-0.0002211,0.0015891,,0.0224256,-0.0025792
0.0013401,1.8032,0.5,2.8799,-0.012165,-0.00033505,1.0045,1.8032,0.5,2.8799,0.00066846,5.86E-05,-0.00014843,0.0005064,-0.00021991,0.0015054,,0.0214416,-0.00237488
0.0012472,1.8114,0.5,2.8799,-0.013259,-0.0025953,1.0043,1.8114,0.5,2.8799,0.00069679,4.56E-05,-0.00014012,0.00046111,-0.00022726,0.0013365,,0.0199552,-0.00224192
0.0011473,1.8197,0.5,2.8799,-0.014347,-0.0051607,1.0048,1.8197,0.5,2.8799,0.0007543,2.04E-05,-0.00011964,0.00045201,-0.00020354,0.0010884,,0.0183568,-0.00191424
0.0011417,1.8279,0.5,2.8799,-0.015314,-0.0076062,1.0066,1.8279,0.5,2.8799,0.00084697,-4.20E-05,-6.97E-05,0.00049657,-0.0001387,0.00093991,,0.0182672,-0.001115984
0.0012796,1.8362,0.5,2.8799,-0.016,-0.0092976,1.0076,1.8362,0.5,2.8799,0.00095981,-0.00012123,-7.11E-06,0.00057904,-0.00011597,0.0010203,,0.0204736,-0.000113802
0.0015555,1.8446,0.5,2.8799,-0.016475,-0.0095397,1.0052,1.8446,0.5,2.8799,0.0010698,-0.00018265,4.57E-05,0.00066852,-0.00022763,0.0013727,,0.024888,0.000730944
0.0018895,1.8534,0.5,2.8799,-0.017006,-0.0083853,1.0008,1.8534,0.5,2.8799,0.0011607,-0.00021725,0.00011855,0.00073419,-0.00045683,0.001884,,0.030232,0.0018968
0.0022158,1.8626,0.5,2.8799,-0.017659,-0.0061339,0.99763,1.8626,0.5,2.8799,0.0012158,-0.0002168,0.00021032,0.00079617,-0.00073783,0.0024196,,0.0354528,0.00336512
0.0025113,1.8723,0.5,2.8799,-0.017904,-0.0024893,0.9957,1.8723,0.5,2.8799,0.0012129,-0.00019039,0.00025624,0.00093343,-0.0010469,0.0028764,,0.0401808,0.00409984
0.0027503,1.8824,0.5,2.8799,-0.01715,0.0017844,0.99459,1.8824,0.5,2.8799,0.0011428,-0.00015349,0.00029431,0.001169,-0.0013567,0.0031888,,0.0440048,0.00470896
0.00289,1.8931,0.5,2.8799,-0.01558,0.0048947,0.9953,1.8931,0.5,2.8799,0.0010523,-7.20E-05,0.00035511,0.0014104,-0.0015744,0.0033173,,0.04624,0.00568176
0.0028802,1.9042,0.5,2.8799,-0.013762,0.0063359,0.99513,1.9042,0.5,2.8799,0.0010223,3.53E-05,0.00042628,0.0015334,-0.0015178,0.0032046,,0.0460832,0.00682048
0.0027792,1.9159,0.5,2.8799,-0.011914,0.0075886,0.99199,1.9159,0.5,2.8799,0.0010746,9.63E-05,0.00048838,0.0015225,-0.0012443,0.0029613,,0.0444672,0.00781408
0.002718,1.9282,0.5,2.8799,-0.010132,0.01009,0.98843,1.9282,0.5,2.8799,0.0011669,0.00013079,0.00034986,0.0014469,-0.0010625,0.0028221,,0.043488,0.00559776
0.002694,1.941,0.5,2.8799,-0.0086241,0.01285,0.98771,1.941,0.5,2.8799,0.0012584,0.00018701,1.61E-05,0.0013829,-0.0010067,0.0027468,,0.043104,0.000256816
0.0026604,1.9545,0.5,2.8799,-0.0073487,0.015423,0.9855,1.9545,0.5,2.8799,0.0012882,0.00027966,-0.00030771,0.0012643,-0.00092788,0.0027683,,0.0425664,-0.00492336
0.0027004,1.9686,0.5,2.8799,-0.0061784,0.017099,0.98113,1.9686,0.5,2.8799,0.0012415,0.0003128,-0.00058029,0.0010384,-0.00091819,0.0031209,,0.0432064,-0.00928464
0.002621,1.9833,0.5,2.8799,-0.0049347,0.015582,0.97919,1.9833,0.5,2.8799,0.0012174,0.00025786,-0.00075754,0.00085369,-0.00092593,0.0031708,,0.041936,-0.01212064
0.0025305,1.9988,0.5,2.8799,-0.0028606,0.011034,0.97931,1.9988,0.5,2.8799,0.0012557,0.00026001,-0.00076212,0.00086019,-0.00096942,0.002945,,0.040488,-0.01219392
0.0026009,2.0149,0.5,2.8799,0.00048871,0.0038987,0.97978,2.0149,0.5,2.8799,0.0012333,0.00028594,-0.00076244,0.0010192,-0.0010519,0.0029493,,0.0416144,-0.01219904
0.0025153,2.0319,0.5,2.8799,0.0041386,-0.0015101,0.97883,2.0319,0.5,2.8799,0.0011253,0.00031534,-0.00084618,0.001058,-0.00096764,0.0028472,,0.0402448,-0.01353888
0.0028154,2.0496,0.5,2.8799,0.0065833,-0.0050409,0.98455,2.0496,0.5,2.8799,0.0011226,0.00036862,-0.0010275,0.00087941,-0.00082936,0.0036288,,0.0450464,-0.01644
0.0028366,2.0681,0.5,2.8799,0.0076495,-0.0090679,0.98576,2.0681,0.5,2.8799,0.0012454,0.00037724,-0.0010383,0.00071024,-0.00061885,0.0037177,,0.0453856,-0.0166128
0.0022445,2.0875,0.5,2.8799,0.0085236,-0.0067918,0.97561,2.0875,0.5,2.8799,0.0013392,0.00035913,-0.00087426,0.0006852,-0.00050165,0.0024645,,0.035912,-0.01398816
0.0021046,2.1078,0.5,2.8799,0.0094137,-0.00074996,0.9786,2.1078,0.5,2.8799,0.0014339,0.00026108,-0.00098469,0.00075771,-0.00044188,0.0020176,,0.0336736,-0.01575504
0.0021469,2.129,0.5,2.8799,0.0092407,0.0021443,0.97632,2.129,0.5,2.8799,0.0014445,6.69E-05,-0.0010896,0.00068654,-0.00030827,0.0021628,,0.0343504,-0.0174336
0.002219,2.1511,0.5,2.8799,0.0081359,0.0003386,0.97451,2.1511,0.5,2.8799,0.0011686,0.00010396,-0.00093071,0.00061389,-0.00042787,0.0026556,,0.035504,-0.01489136
0.0019086,2.1743,0.5,2.8799,0.0076363,-0.0070428,0.98302,2.1743,0.5,2.8799,0.00081807,0.00028254,-0.00057365,0.00072161,-0.0003534,0.0022775,,0.0305376,-0.0091784
0.0017796,2.1984,0.5,2.8799,0.007925,-0.014292,0.99023,2.1984,0.5,2.8799,0.0006975,0.0002398,-0.00024115,0.00083773,1.42E-05,0.002024,,0.0284736,-0.0038584
0.0025006,2.2237,0.5,2.8799,0.0084123,-0.012985,0.99253,2.2237,0.5,2.8799,0.00067841,4.89E-05,0.00011784,0.00084864,-0.00039333,0.0034741,,0.0400096,0.00188544
0.0024621,2.2501,0.5,2.8799,0.0086789,-0.013979,0.99142,2.2501,0.5,2.8799,0.0006124,2.11E-05,0.00035801,0.00089021,-0.00061765,0.0034215,,0.0393936,0.00572816
0.0020267,2.2776,0.5,2.8799,0.010884,-0.013698,0.97615,2.2776,0.5,2.8799,0.00057948,0.00010758,0.00014023,0.00101,-0.00017429,0.0024639,,0.0324272,0.00224368
0.0022812,2.3063,0.5,2.8799,0.015265,-0.016947,0.98185,2.3063,0.5,2.8799,0.00059793,0.00019455,0.00010251,0.0014211,-4.48E-05,0.0025433,,0.0364992,0.00164016
0.0029135,2.3362,0.5,2.8799,0.016134,-0.023254,0.98464,2.3362,0.5,2.8799,0.00069672,0.00034847,0.00015021,0.0022191,0.0004293,0.0029112,,0.046616,0.00240336
0.0033978,2.3674,0.5,2.8799,0.014571,-0.021782,0.94459,2.3674,0.5,2.8799,0.0010922,0.00029007,0.00039816,0.0023917,0.0010149,0.0033117,,0.0543648,0.00637056
0.0040474,2.3999,0.5,2.8799,0.0118,-0.014031,0.89779,2.3999,0.5,2.8799,0.0013946,1.31E-05,0.001112,0.0020848,0.00081084,0.0046153,,0.0647584,0.017792
0.0044581,2.4338,0.5,2.8799,0.0059427,0.0014812,0.84339,2.4338,0.5,2.8799,0.0010092,0.0001157,0.0012669,0.0024916,0.00066041,0.0054154,,0.0713296,0.0202704
0.0034483,2.4691,0.5,2.8799,0.001605,0.0079275,0.73324,2.4691,0.5,2.8799,0.00033852,0.00022146,0.00064716,0.0024144,0.00069038,0.0041437,,0.0551728,0.01035456
0.0016939,1.6711,0.5,2.9149,0.0040643,0.014574,0.96736,1.6711,0.5,2.9149,0.0012397,-0.00016956,0.00017688,0.0010158,-0.00054435,0.0011323,,0.0271024,0.00283008
0.0016681,1.6793,0.5,2.9149,0.002748,0.013113,0.96951,1.6793,0.5,2.9149,0.0011828,-0.00015234,0.00018001,0.001003,-0.00060625,0.0011505,,0.0266896,0.00288016
0.0016129,1.6876,0.5,2.9149,0.0016731,0.010604,0.97232,1.6876,0.5,2.9149,0.0011062,-0.0001512,0.00017661,0.00097604,-0.00061451,0.0011435,,0.0258064,0.00282576
0.0015072,1.6958,0.5,2.9149,0.00084742,0.007807,0.97576,1.6958,0.5,2.9149,0.0010267,-0.00017461,0.00018281,0.00093129,-0.00054692,0.0010565,,0.0241152,0.00292496
0.0014006,1.7041,0.5,2.9149,0.00014739,0.0057671,0.97925,1.7041,0.5,2.9149,0.00093999,-0.00020846,0.00020107,0.00089687,-0.0004559,0.00096441,,0.0224096,0.00321712
0.0013036,1.7123,0.5,2.9149,-0.00059878,0.004652,0.9809,1.7123,0.5,2.9149,0.00083827,-0.00023476,0.00018219,0.00088326,-0.00036025,0.00088563,,0.0208576,0.00291504
0.0012156,1.7206,0.5,2.9149,-0.0014549,0.0040498,0.98026,1.7206,0.5,2.9149,0.00073979,-0.00024877,0.00012747,0.00088065,-0.00024665,0.00081081,,0.0194496,0.00203952
0.0011568,1.7289,0.5,2.9149,-0.0023992,0.0036933,0.97905,1.7289,0.5,2.9149,0.00066932,-0.00024837,6.93E-05,0.00086023,-0.00014282,0.00078402,,0.0185088,0.001108896
0.0011325,1.7371,0.5,2.9149,-0.0034203,0.0033795,0.9794,1.7371,0.5,2.9149,0.00063231,-0.00022861,1.43E-05,0.00080459,-8.22E-05,0.0008282,,0.01812,0.000229344
0.0011387,1.7454,0.5,2.9149,-0.0045043,0.0029783,0.98241,1.7454,0.5,2.9149,0.00062248,-0.00019134,-4.42E-05,0.00074576,-8.02E-05,0.00090919,,0.0182192,-0.000707472
0.0011625,1.7536,0.5,2.9149,-0.0055991,0.0025302,0.98722,1.7536,0.5,2.9149,0.00062717,-0.00014342,-0.00010868,0.00071486,-0.0001167,0.00098288,,0.0186,-0.00173888
0.001213,1.7619,0.5,2.9149,-0.006626,0.0022786,0.99156,1.7619,0.5,2.9149,0.00063201,-8.39E-05,-0.00016533,0.00069608,-0.00014846,0.0010979,,0.019408,-0.00264528
0.0013163,1.7701,0.5,2.9149,-0.0075627,0.002446,0.99427,1.7701,0.5,2.9149,0.00063317,-1.46E-05,-0.00019234,0.00067049,-0.00017506,0.0013289,,0.0210608,-0.00307744
0.0014315,1.7784,0.5,2.9149,-0.0085698,0.0027501,0.997,1.7784,0.5,2.9149,0.00063337,4.23E-05,-0.00018854,0.00064965,-0.00020686,0.00158,,0.022904,-0.00301664
0.0014549,1.7866,0.5,2.9149,-0.0098314,0.0025052,1.0009,1.7866,0.5,2.9149,0.0006331,6.32E-05,-0.00017351,0.00062929,-0.00021164,0.0016474,,0.0232784,-0.00277616
0.0014023,1.7949,0.5,2.9149,-0.011205,0.0013955,1.0039,1.7949,0.5,2.9149,0.00063599,5.06E-05,-0.00015542,0.00058899,-0.00019258,0.0015796,,0.0224368,-0.00248672
0.0013412,1.8032,0.5,2.9149,-0.012422,-0.00044712,1.0048,1.8032,0.5,2.9149,0.00065078,2.96E-05,-0.00013563,0.00052736,-0.00018837,0.0015043,,0.0214592,-0.00217008
0.0012473,1.8114,0.5,2.9149,-0.013508,-0.0028105,1.0047,1.8114,0.5,2.9149,0.0006856,1.86E-05,-0.00011919,0.00046713,-0.00019346,0.0013418,,0.0199568,-0.00190704
0.0011525,1.8197,0.5,2.9149,-0.014574,-0.0053565,1.0052,1.8197,0.5,2.9149,0.00074677,-1.57E-06,-9.25E-05,0.00044569,-0.00016227,0.0011124,,0.01844,-0.001480336
0.0011586,1.8279,0.5,2.9149,-0.015514,-0.0077159,1.0067,1.8279,0.5,2.9149,0.00083514,-5.33E-05,-3.61E-05,0.00048166,-9.64E-05,0.0010005,,0.0185376,-0.000577424
0.0013163,1.8362,0.5,2.9149,-0.016196,-0.0093371,1.0073,1.8362,0.5,2.9149,0.00094307,-0.00012309,3.01E-05,0.0005595,-9.05E-05,0.00113,,0.0210608,0.000481456
0.0016087,1.8446,0.5,2.9149,-0.016695,-0.009529,1.0045,1.8446,0.5,2.9149,0.0010596,-0.00018657,7.61E-05,0.00064777,-0.00022795,0.0015101,,0.0257392,0.001218352
0.0019428,1.8534,0.5,2.9149,-0.017239,-0.0083391,0.99983,1.8534,0.5,2.9149,0.0011609,-0.00022781,0.00013172,0.00072212,-0.00047599,0.0020025,,0.0310848,0.00210752
0.0022673,1.8626,0.5,2.9149,-0.017826,-0.0059615,0.9967,1.8626,0.5,2.9149,0.0012094,-0.00022571,0.00020825,0.00081501,-0.00077714,0.0025102,,0.0362768,0.003332
0.0025536,1.8723,0.5,2.9149,-0.017933,-0.0020963,0.99475,1.8723,0.5,2.9149,0.0011852,-0.00018452,0.0002592,0.00098855,-0.0010979,0.0029334,,0.0408576,0.0041472
0.0027707,1.8824,0.5,2.9149,-0.017097,0.0022145,0.99367,1.8824,0.5,2.9149,0.0011077,-0.00013494,0.0003039,0.0012404,-0.0013975,0.0031932,,0.0443312,0.0048624
0.0028881,1.8931,0.5,2.9149,-0.015586,0.0050647,0.9946,1.8931,0.5,2.9149,0.0010342,-6.79E-05,0.00036378,0.0014732,-0.0015902,0.0032688,,0.0462096,0.00582048
0.0028538,1.9042,0.5,2.9149,-0.01391,0.0062345,0.99459,1.9042,0.5,2.9149,0.0010238,6.99E-06,0.00044524,0.0015634,-0.0014943,0.0031203,,0.0456608,0.00712384
0.0027625,1.9159,0.5,2.9149,-0.012196,0.0074708,0.99168,1.9159,0.5,2.9149,0.0010753,5.30E-05,0.00051898,0.0015289,-0.0012215,0.0029209,,0.0442,0.00830368
0.0027266,1.9282,0.5,2.9149,-0.010561,0.010067,0.98856,1.9282,0.5,2.9149,0.0011516,0.00010512,0.00039091,0.00146,-0.0010835,0.0028416,,0.0436256,0.00625456
0.0027124,1.941,0.5,2.9149,-0.0092201,0.012792,0.98796,1.941,0.5,2.9149,0.0012311,0.00018867,7.62E-05,0.0014098,-0.0010563,0.002784,,0.0433984,0.001218672
0.002697,1.9545,0.5,2.9149,-0.0080421,0.015368,0.98554,1.9545,0.5,2.9149,0.0012663,0.00027512,-0.00024638,0.0012921,-0.00096613,0.0028356,,0.043152,-0.00394208
0.0027383,1.9686,0.5,2.9149,-0.0068806,0.017197,0.98114,1.9686,0.5,2.9149,0.0012423,0.00028881,-0.00054247,0.0010716,-0.00092273,0.0031627,,0.0438128,-0.00867952
0.0026474,1.9833,0.5,2.9149,-0.0055619,0.015708,0.97921,1.9833,0.5,2.9149,0.0012356,0.00024862,-0.00073063,0.00089297,-0.00094142,0.0031663,,0.0423584,-0.01169008
0.0025451,1.9988,0.5,2.9149,-0.0032913,0.011082,0.97944,1.9988,0.5,2.9149,0.0012774,0.00027623,-0.00073854,0.0009145,-0.0010062,0.0028983,,0.0407216,-0.01181664
0.0025911,2.0149,0.5,2.9149,0.00023144,0.0039859,0.98031,2.0149,0.5,2.9149,0.0012587,0.00030288,-0.00074073,0.0010821,-0.0010463,0.0028413,,0.0414576,-0.01185168
0.0024924,2.0319,0.5,2.9149,0.0038501,-0.0014147,0.97932,2.0319,0.5,2.9149,0.0011337,0.00030194,-0.0008238,0.0010838,-0.00092733,0.0027673,,0.0398784,-0.0131808
0.0027626,2.0496,0.5,2.9149,0.0061682,-0.0049297,0.98462,2.0496,0.5,2.9149,0.0010892,0.00034576,-0.00097257,0.00088077,-0.00080078,0.0035553,,0.0442016,-0.01556112
0.0027792,2.0681,0.5,2.9149,0.007168,-0.0090728,0.98577,2.0681,0.5,2.9149,0.0012112,0.00037388,-0.0009528,0.00072093,-0.00059464,0.0036262,,0.0444672,-0.0152448
0.002213,2.0875,0.5,2.9149,0.0079882,-0.0068989,0.97572,2.0875,0.5,2.9149,0.0013459,0.00034461,-0.00084807,0.00066715,-0.00046388,0.0024129,,0.035408,-0.01356912
0.0020496,2.1078,0.5,2.9149,0.0089201,-0.00058616,0.9788,2.1078,0.5,2.9149,0.0014258,0.00024478,-0.00098414,0.00072756,-0.00039361,0.0019458,,0.0327936,-0.01574624
0.0020932,2.129,0.5,2.9149,0.0089997,0.0023105,0.97639,2.129,0.5,2.9149,0.0013999,8.12E-05,-0.0010627,0.00070222,-0.00029239,0.0020842,,0.0334912,-0.0170032
0.0022355,2.1511,0.5,2.9149,0.0081349,0.00020469,0.97405,2.1511,0.5,2.9149,0.0011516,0.00011196,-0.00092844,0.0006312,-0.00042749,0.0026881,,0.035768,-0.01485504
0.0019821,2.1743,0.5,2.9149,0.0076662,-0.007205,0.98253,2.1743,0.5,2.9149,0.00085748,0.00025608,-0.00062438,0.00071786,-0.00034087,0.0023889,,0.0317136,-0.00999008
0.0018025,2.1984,0.5,2.9149,0.0078286,-0.014323,0.99023,2.1984,0.5,2.9149,0.00074982,0.00019606,-0.00028513,0.00083127,3.03E-05,0.002024,,0.02884,-0.00456208
0.0024691,2.2237,0.5,2.9149,0.0082662,-0.013,0.99205,2.2237,0.5,2.9149,0.00069865,1.81E-05,0.00011181,0.00083279,-0.00036044,0.0034069,,0.0395056,0.00178896
0.0024364,2.2501,0.5,2.9149,0.0085861,-0.014076,0.99151,2.2501,0.5,2.9149,0.0006202,3.26E-06,0.0003554,0.00084801,-0.00056079,0.0034046,,0.0389824,0.0056864
0.0020239,2.2776,0.5,2.9149,0.010826,-0.013881,0.97631,2.2776,0.5,2.9149,0.00058412,9.86E-05,0.00013232,0.000973,-0.00013553,0.0024907,,0.0323824,0.00211712
0.0022755,2.3063,0.5,2.9149,0.015393,-0.017008,0.98123,2.3063,0.5,2.9149,0.00060858,0.00019112,8.73E-05,0.00138,-3.62E-05,0.0025625,,0.036408,0.001397392
0.0029649,2.3362,0.5,2.9149,0.016205,-0.023474,0.98557,2.3362,0.5,2.9149,0.00072194,0.00030836,0.00011901,0.0022406,0.00045191,0.0029672,,0.0474384,0.00190416
0.0034742,2.3674,0.5,2.9149,0.014317,-0.021879,0.94459,2.3674,0.5,2.9149,0.0010892,0.00025619,0.000373,0.0024321,0.0010101,0.0034271,,0.0555872,0.005968
0.0041053,2.3999,0.5,2.9149,0.011822,-0.013845,0.89669,2.3999,0.5,2.9149,0.0013988,6.21E-06,0.0010851,0.0021242,0.00078462,0.0046876,,0.0656848,0.0173616
0.004546,2.4338,0.5,2.9149,0.0064165,0.001303,0.8435,2.4338,0.5,2.9149,0.0010427,0.00013297,0.0012414,0.0026221,0.00056667,0.0054271,,0.072736,0.0198624
0.0035069,2.4691,0.5,2.9149,0.0019496,0.0075891,0.73351,2.4691,0.5,2.9149,0.00035292,0.00025162,0.00064766,0.0025365,0.00054394,0.0041243,,0.0561104,0.01036256
0.0016919,1.6711,0.5,2.9498,0.0041472,0.0144,0.96726,1.6711,0.5,2.9498,0.0012112,-0.00016268,0.00016851,0.0010503,-0.0005341,0.0011223,,0.0270704,0.00269616
0.001657,1.6793,0.5,2.9498,0.0028371,0.013009,0.96933,1.6793,0.5,2.9498,0.0011471,-0.00014291,0.0001737,0.001032,-0.00060706,0.0011348,,0.026512,0.0027792
0.0015914,1.6876,0.5,2.9498,0.0017159,0.010672,0.97205,1.6876,0.5,2.9498,0.0010593,-0.00013745,0.00017077,0.00099641,-0.00063018,0.0011271,,0.0254624,0.00273232
0.0014727,1.6958,0.5,2.9498,0.00083569,0.0080237,0.97531,1.6958,0.5,2.9498,0.00097408,-0.00015931,0.00016956,0.00093867,-0.00056682,0.0010326,,0.0235632,0.00271296
0.0013561,1.7041,0.5,2.9498,0.00012915,0.0060229,0.97881,1.7041,0.5,2.9498,0.00089811,-0.00019262,0.00019498,0.0008905,-0.00046922,0.00092354,,0.0216976,0.00311968
0.0012667,1.7123,0.5,2.9498,-0.00061039,0.0048971,0.98072,1.7123,0.5,2.9498,0.00082281,-0.00022051,0.00020237,0.00086824,-0.00037653,0.00084237,,0.0202672,0.00323792
0.0012003,1.7206,0.5,2.9498,-0.0015085,0.004294,0.98026,1.7206,0.5,2.9498,0.00075518,-0.00023951,0.00016292,0.00086124,-0.00027028,0.00078411,,0.0192048,0.00260672
0.0011649,1.7289,0.5,2.9498,-0.0025284,0.0039484,0.97911,1.7289,0.5,2.9498,0.00070771,-0.00024493,9.71E-05,0.00084215,-0.00016354,0.00077988,,0.0186384,0.001554192
0.0011549,1.7371,0.5,2.9498,-0.0036105,0.0036244,0.97952,1.7371,0.5,2.9498,0.00068092,-0.00022912,2.46E-05,0.00079605,-9.39E-05,0.00083286,,0.0184784,0.000394128
0.0011638,1.7454,0.5,2.9498,-0.0047223,0.0031706,0.98263,1.7454,0.5,2.9498,0.00067118,-0.00019384,-4.79E-05,0.00075207,-8.38E-05,0.00090436,,0.0186208,-0.000765776
0.0011864,1.7536,0.5,2.9498,-0.0058187,0.0026296,0.98748,1.7536,0.5,2.9498,0.0006695,-0.00014841,-0.00012124,0.00073838,-0.00011818,0.00096488,,0.0189824,-0.00193984
0.001237,1.7619,0.5,2.9498,-0.0068328,0.002257,0.9917,1.7619,0.5,2.9498,0.00066333,-9.53E-05,-0.00018221,0.00073684,-0.0001578,0.0010738,,0.019792,-0.00291536
0.0013345,1.7701,0.5,2.9498,-0.0077614,0.0023271,0.9942,1.7701,0.5,2.9498,0.00064774,-3.39E-05,-0.00020849,0.0007148,-0.0001924,0.0013065,,0.021352,-0.00333584
0.0014259,1.7784,0.5,2.9498,-0.0087811,0.002599,0.99692,1.7784,0.5,2.9498,0.00062456,2.05E-05,-0.00020006,0.00067199,-0.00021761,0.0015553,,0.0228144,-0.00320096
0.0014219,1.7866,0.5,2.9498,-0.010063,0.0023764,1.001,1.7866,0.5,2.9498,0.00059986,4.80E-05,-0.00017924,0.00062736,-0.00020655,0.0016165,,0.0227504,-0.00286784
0.0013606,1.7949,0.5,2.9498,-0.011446,0.0012812,1.0041,1.7949,0.5,2.9498,0.00058567,4.74E-05,-0.00015423,0.00058388,-0.00017611,0.0015517,,0.0217696,-0.00246768
0.0013054,1.8032,0.5,2.9498,-0.012665,-0.00061989,1.005,1.8032,0.5,2.9498,0.00059579,3.53E-05,-0.00012582,0.00052816,-0.00016718,0.0014867,,0.0208864,-0.00201312
0.0012198,1.8114,0.5,2.9498,-0.013745,-0.0030398,1.0051,1.8114,0.5,2.9498,0.0006399,2.44E-05,-0.00010415,0.00046924,-0.00017197,0.0013304,,0.0195168,-0.0016664
0.0011341,1.8197,0.5,2.9498,-0.014784,-0.0055427,1.0054,1.8197,0.5,2.9498,0.00071994,-2.26E-06,-7.63E-05,0.00044693,-0.00015015,0.0011014,,0.0181456,-0.001221328
0.0011565,1.8279,0.5,2.9498,-0.015685,-0.0077889,1.0067,1.8279,0.5,2.9498,0.00083027,-6.04E-05,-1.62E-05,0.00048591,-0.0001028,0.00099674,,0.018504,-0.000259424
0.0013459,1.8362,0.5,2.9498,-0.016349,-0.0092868,1.0069,1.8362,0.5,2.9498,0.0009609,-0.00013845,6.09E-05,0.00056851,-0.00011231,0.0011623,,0.0215344,0.000974896
0.0016726,1.8446,0.5,2.9498,-0.016855,-0.0094261,1.0038,1.8446,0.5,2.9498,0.0010947,-0.00020967,0.00011768,0.00066089,-0.00025598,0.0015897,,0.0267616,0.00188288
0.0020225,1.8534,0.5,2.9498,-0.017384,-0.0082573,0.99889,1.8534,0.5,2.9498,0.0011963,-0.00024698,0.00016304,0.00074712,-0.0005082,0.0021015,,0.03236,0.00260864
0.0023409,1.8626,0.5,2.9498,-0.017874,-0.0058012,0.99574,1.8626,0.5,2.9498,0.0012276,-0.0002339,0.00022255,0.00086143,-0.00082406,0.0025928,,0.0374544,0.0035608
0.0026016,1.8723,0.5,2.9498,-0.017847,-0.0017325,0.99383,1.8723,0.5,2.9498,0.0011847,-0.00018774,0.0002726,0.0010516,-0.0011499,0.0029669,,0.0416256,0.0043616
0.0027884,1.8824,0.5,2.9498,-0.01696,0.0026309,0.99292,1.8824,0.5,2.9498,0.0011034,-0.00014118,0.00031246,0.0013135,-0.0014297,0.0031598,,0.0446144,0.00499936
0.0028761,1.8931,0.5,2.9498,-0.015515,0.0052332,0.99406,1.8931,0.5,2.9498,0.001034,-7.65E-05,0.00036728,0.00154,-0.0015811,0.0031782,,0.0460176,0.00587648
0.0028102,1.9042,0.5,2.9498,-0.013953,0.0061256,0.99407,1.9042,0.5,2.9498,0.0010152,-1.60E-06,0.00045942,0.00159,-0.0014508,0.0030152,,0.0449632,0.00735072
0.0027138,1.9159,0.5,2.9498,-0.012356,0.0073271,0.99131,1.9159,0.5,2.9498,0.0010454,4.38E-05,0.00053802,0.0015139,-0.001213,0.0028684,,0.0434208,0.00860832
0.0026932,1.9282,0.5,2.9498,-0.010876,0.0099763,0.98858,1.9282,0.5,2.9498,0.0011028,8.89E-05,0.00042003,0.0014515,-0.0011352,0.0028321,,0.0430912,0.00672048
0.0027192,1.941,0.5,2.9498,-0.0097402,0.012667,0.98814,1.941,0.5,2.9498,0.0011722,0.0001494,0.00013188,0.0014438,-0.0010979,0.0028225,,0.0435072,0.00211008
0.0027555,1.9545,0.5,2.9498,-0.0087044,0.015274,0.98559,1.9545,0.5,2.9498,0.0012159,0.00020726,-0.00019405,0.0013549,-0.00094922,0.0029401,,0.044088,-0.0031048
0.0027958,1.9686,0.5,2.9498,-0.0075511,0.01724,0.98116,1.9686,0.5,2.9498,0.0012002,0.00023643,-0.00051398,0.0011494,-0.00090342,0.0032419,,0.0447328,-0.00822368
0.0026814,1.9833,0.5,2.9498,-0.0061114,0.015801,0.97923,1.9833,0.5,2.9498,0.0011866,0.00025262,-0.00071905,0.00096598,-0.0009829,0.0032103,,0.0429024,-0.0115048
0.0025332,1.9988,0.5,2.9498,-0.0036108,0.011138,0.97957,1.9988,0.5,2.9498,0.001237,0.00030539,-0.00075024,0.00096539,-0.0010465,0.0028639,,0.0405312,-0.01200384
0.0025331,2.0149,0.5,2.9498,7.38E-05,0.0040671,0.98077,2.0149,0.5,2.9498,0.0012348,0.0003098,-0.00074275,0.0010987,-0.0010258,0.0027328,,0.0405296,-0.011884
0.0024294,2.0319,0.5,2.9498,0.0036256,-0.0013451,0.97975,2.0319,0.5,2.9498,0.001107,0.00027225,-0.00078022,0.0010694,-0.00088749,0.0026825,,0.0388704,-0.01248352
0.0026717,2.0496,0.5,2.9498,0.0057636,-0.0048342,0.98472,2.0496,0.5,2.9498,0.001048,0.00031585,-0.00088755,0.00086709,-0.00078067,0.0034284,,0.0427472,-0.0142008
0.0027066,2.0681,0.5,2.9498,0.0066416,-0.0090017,0.98586,2.0681,0.5,2.9498,0.0011838,0.00035901,-0.00087512,0.00071466,-0.00057573,0.0035147,,0.0433056,-0.01400192
0.0021986,2.0875,0.5,2.9498,0.0074339,-0.0069155,0.97591,2.0875,0.5,2.9498,0.0013469,0.00033193,-0.00082182,0.00066406,-0.00043873,0.0023862,,0.0351776,-0.01314912
0.0020396,2.1078,0.5,2.9498,0.0084649,-0.00045328,0.97895,2.1078,0.5,2.9498,0.0014123,0.00023536,-0.00095262,0.00078305,-0.00036441,0.0018839,,0.0326336,-0.01524192
0.0020972,2.129,0.5,2.9498,0.0087718,0.0024485,0.97647,2.129,0.5,2.9498,0.0013873,7.92E-05,-0.0010253,0.00081351,-0.00028398,0.0019937,,0.0335552,-0.0164048
0.0022974,2.1511,0.5,2.9498,0.0080913,0.00010421,0.97374,2.1511,0.5,2.9498,0.001192,0.00010079,-0.00096219,0.0006891,-0.00043426,0.0027137,,0.0367584,-0.01539504
0.0020748,2.1743,0.5,2.9498,0.0076447,-0.0074019,0.98213,2.1743,0.5,2.9498,0.00093968,0.00023873,-0.00072596,0.0007151,-0.00035029,0.0024949,,0.0331968,-0.01161536
0.0018107,2.1984,0.5,2.9498,0.00773,-0.014395,0.9902,2.1984,0.5,2.9498,0.00081543,0.00021624,-0.00033031,0.00079884,-1.55E-05,0.0020072,,0.0289712,-0.00528496
0.0024127,2.2237,0.5,2.9498,0.0081263,-0.013049,0.99156,2.2237,0.5,2.9498,0.00070339,5.79E-05,0.0001315,0.00080648,-0.00037979,0.0033155,,0.0386032,0.002104
0.0023997,2.2501,0.5,2.9498,0.0084588,-0.014232,0.99154,2.2501,0.5,2.9498,0.00060055,1.50E-05,0.00036072,0.00081669,-0.00052502,0.0033821,,0.0383952,0.00577152
0.0020476,2.2776,0.5,2.9498,0.010701,-0.014104,0.97637,2.2776,0.5,2.9498,0.00057811,8.91E-05,0.00013646,0.00095797,-0.00012511,0.0025591,,0.0327616,0.00218336
0.0023068,2.3063,0.5,2.9498,0.015416,-0.017056,0.98056,2.3063,0.5,2.9498,0.00061187,0.00019019,9.85E-05,0.0013672,-6.08E-05,0.0026345,,0.0369088,0.00157608
0.0030148,2.3362,0.5,2.9498,0.016189,-0.02363,0.9865,2.3362,0.5,2.9498,0.00073076,0.00030257,0.00010321,0.002274,0.00044721,0.0030248,,0.0482368,0.00165136
0.0035514,2.3674,0.5,2.9498,0.01404,-0.021918,0.94471,2.3674,0.5,2.9498,0.0010613,0.00026835,0.00032937,0.0024852,0.0010158,0.0035562,,0.0568224,0.00526992
0.0041617,2.3999,0.5,2.9498,0.011833,-0.013646,0.89564,2.3999,0.5,2.9498,0.0013645,3.79E-05,0.0010295,0.0021995,0.00083342,0.0047594,,0.0665872,0.016472
0.0046104,2.4338,0.5,2.9498,0.0068322,0.0011646,0.84357,2.4338,0.5,2.9498,0.0010546,0.00016495,0.0012172,0.0027695,0.00054942,0.0053966,,0.0737664,0.0194752
0.0035476,2.4691,0.5,2.9498,0.0022391,0.0073418,0.73381,2.4691,0.5,2.9498,0.00036708,0.00027777,0.00066275,0.0026377,0.00043199,0.0040905,,0.0567616,0.010604
0.0017028,1.6711,0.5,2.9847,0.0041907,0.014178,0.96716,1.6711,0.5,2.9847,0.0012302,-0.00012755,0.00019885,0.0010576,-0.00052331,0.0011178,,0.0272448,0.0031816
0.0016559,1.6793,0.5,2.9847,0.002871,0.012828,0.96912,1.6793,0.5,2.9847,0.001152,-0.00010917,0.00020107,0.00103,-0.00060185,0.0011299,,0.0264944,0.00321712
0.0015844,1.6876,0.5,2.9847,0.0017334,0.010659,0.97175,1.6876,0.5,2.9847,0.0010439,-0.00010282,0.00019772,0.00098972,-0.00062844,0.0011352,,0.0253504,0.00316352
0.0014606,1.6958,0.5,2.9847,0.00080562,0.008168,0.97482,1.6958,0.5,2.9847,0.0009341,-0.00012514,0.00018516,0.00092918,-0.00056949,0.001058,,0.0233696,0.00296256
0.0013263,1.7041,0.5,2.9847,3.39E-05,0.0062158,0.97824,1.7041,0.5,2.9847,0.00084008,-0.00016195,0.00019111,0.00087788,-0.0004741,0.00093473,,0.0212208,0.00305776
0.001222,1.7123,0.5,2.9847,-0.00074809,0.0050818,0.98037,1.7123,0.5,2.9847,0.0007692,-0.00019674,0.00018415,0.00085632,-0.00038176,0.00081841,,0.019552,0.0029464
0.001165,1.7206,0.5,2.9847,-0.0016601,0.0044825,0.98017,1.7206,0.5,2.9847,0.00072542,-0.00022626,0.00013824,0.00085522,-0.00027391,0.00074941,,0.01864,0.00221184
0.0011567,1.7289,0.5,2.9847,-0.0026875,0.0041535,0.97916,1.7289,0.5,2.9847,0.00070334,-0.00024163,7.58E-05,0.00084317,-0.00016368,0.00076689,,0.0185072,0.001212896
0.0011669,1.7371,0.5,2.9847,-0.0037818,0.0038174,0.97964,1.7371,0.5,2.9847,0.00069167,-0.00023019,1.24E-05,0.00079952,-9.41E-05,0.00084268,,0.0186704,0.000197888
0.0011779,1.7454,0.5,2.9847,-0.0049048,0.0033077,0.98284,1.7454,0.5,2.9847,0.00068631,-0.00019184,-4.89E-05,0.00075396,-8.64E-05,0.00091553,,0.0188464,-0.000783088
0.0011946,1.7536,0.5,2.9847,-0.0059985,0.0026942,0.98771,1.7536,0.5,2.9847,0.00068408,-0.00013681,-0.00011441,0.00074144,-0.00012178,0.00096362,,0.0191136,-0.00183056
0.0012451,1.7619,0.5,2.9847,-0.0069977,0.0022447,0.99179,1.7619,0.5,2.9847,0.00067702,-7.17E-05,-0.0001774,0.00074886,-0.00016536,0.0010642,,0.0199216,-0.0028384
0.0013464,1.7701,0.5,2.9847,-0.0079219,0.0022403,0.9941,1.7701,0.5,2.9847,0.00066165,-7.05E-07,-0.00021214,0.00073403,-0.00020669,0.0012972,,0.0215424,-0.00339424
0.0014285,1.7784,0.5,2.9847,-0.008958,0.0024642,0.99683,1.7784,0.5,2.9847,0.000641,5.91E-05,-0.00021165,0.00067939,-0.00022892,0.0015365,,0.022856,-0.0033864
0.0014083,1.7866,0.5,2.9847,-0.010254,0.0022364,1.001,1.7866,0.5,2.9847,0.00062072,8.89E-05,-0.00019365,0.00061443,-0.00021024,0.0015814,,0.0225328,-0.0030984
0.0013434,1.7949,0.5,2.9847,-0.011632,0.0011377,1.0042,1.7949,0.5,2.9847,0.00060832,9.18E-05,-0.00016469,0.00056496,-0.00017777,0.0015135,,0.0214944,-0.00263504
0.0012934,1.8032,0.5,2.9847,-0.012842,-0.00080996,1.0053,1.8032,0.5,2.9847,0.0006148,8.66E-05,-0.0001324,0.00051631,-0.00016837,0.0014557,,0.0206944,-0.0021184
0.0012084,1.8114,0.5,2.9847,-0.013906,-0.0032497,1.0054,1.8114,0.5,2.9847,0.00065264,7.73E-05,-0.00011185,0.00046474,-0.00017413,0.0012994,,0.0193344,-0.0017896
0.0011216,1.8197,0.5,2.9847,-0.014909,-0.0056802,1.0057,1.8197,0.5,2.9847,0.00072683,4.19E-05,-8.67E-05,0.00045067,-0.00016249,0.0010657,,0.0179456,-0.001387456
0.0011514,1.8279,0.5,2.9847,-0.015781,-0.0077934,1.0066,1.8279,0.5,2.9847,0.00083199,-3.11E-05,-3.52E-05,0.00050223,-0.00012598,0.00096866,,0.0184224,-0.000562784
0.0013612,1.8362,0.5,2.9847,-0.016445,-0.0091759,1.0065,1.8362,0.5,2.9847,0.00095377,-0.00012297,3.18E-05,0.00059352,-0.00013844,0.0011751,,0.0217792,0.000508064
0.0017103,1.8446,0.5,2.9847,-0.016955,-0.0093136,1.0029,1.8446,0.5,2.9847,0.0010697,-0.00019633,9.54E-05,0.00068471,-0.00028727,0.0016662,,0.0273648,0.0015268
0.0020584,1.8534,0.5,2.9847,-0.017437,-0.008185,0.99787,1.8534,0.5,2.9847,0.0011528,-0.00022694,0.00016032,0.00076243,-0.00054608,0.0022016,,0.0329344,0.00256512
0.0023517,1.8626,0.5,2.9847,-0.0178,-0.0055968,0.99481,1.8626,0.5,2.9847,0.001178,-0.00021982,0.00023186,0.00087145,-0.00086112,0.0026539,,0.0376272,0.00370976
0.0025886,1.8723,0.5,2.9847,-0.017634,-0.0012889,0.99304,1.8723,0.5,2.9847,0.0011406,-0.00020236,0.00028117,0.0010649,-0.001177,0.0029717,,0.0414176,0.00449872
0.0027654,1.8824,0.5,2.9847,-0.016706,0.0030572,0.99232,1.8824,0.5,2.9847,0.0010653,-0.00018033,0.00030279,0.001332,-0.0014395,0.0031334,,0.0442464,0.00484464
0.0028404,1.8931,0.5,2.9847,-0.015331,0.005336,0.99353,1.8931,0.5,2.9847,0.00099803,-0.00011036,0.00033814,0.001547,-0.0015655,0.0031358,,0.0454464,0.00541024
0.0027544,1.9042,0.5,2.9847,-0.013883,0.0059846,0.9935,1.9042,0.5,2.9847,0.00098073,-2.07E-05,0.00043891,0.0015652,-0.0014284,0.0029629,,0.0440704,0.00702256
0.0026679,1.9159,0.5,2.9847,-0.012395,0.0071964,0.99092,1.9159,0.5,2.9847,0.0010181,2.47E-05,0.00053249,0.0014703,-0.0012298,0.0028474,,0.0426864,0.00851984
0.0026803,1.9282,0.5,2.9847,-0.01107,0.0098943,0.9886,1.9282,0.5,2.9847,0.0010862,5.28E-05,0.00042232,0.00142,-0.0011684,0.0028544,,0.0428848,0.00675712
0.0027477,1.941,0.5,2.9847,-0.010143,0.01255,0.98831,1.941,0.5,2.9847,0.0011614,7.98E-05,0.00014199,0.0014162,-0.0010786,0.0029178,,0.0439632,0.00227184
0.0028064,1.9545,0.5,2.9847,-0.0092311,0.015166,0.98559,1.9545,0.5,2.9847,0.0012083,0.00013427,-0.00018468,0.0013253,-0.00090202,0.0030791,,0.0449024,-0.00295488
0.0028254,1.9686,0.5,2.9847,-0.0080539,0.017248,0.98113,1.9686,0.5,2.9847,0.0011773,0.00022163,-0.0005126,0.0011366,-0.00091403,0.0033369,,0.0452064,-0.0082016
0.0026929,1.9833,0.5,2.9847,-0.0065005,0.015906,0.97923,1.9833,0.5,2.9847,0.0011371,0.00028574,-0.00074405,0.00096553,-0.0010444,0.0032832,,0.0430864,-0.0119048
0.0024888,1.9988,0.5,2.9847,-0.0038392,0.011281,0.9797,1.9988,0.5,2.9847,0.0011924,0.0003241,-0.00078392,0.00095553,-0.001073,0.0028298,,0.0398208,-0.01254272
0.0024412,2.0149,0.5,2.9847,-7.54E-05,0.0042451,0.98123,2.0149,0.5,2.9847,0.0012086,0.00029294,-0.00074077,0.0010678,-0.0010071,0.0026061,,0.0390592,-0.01185232
0.0023541,2.0319,0.5,2.9847,0.0033779,-0.0012518,0.98022,2.0319,0.5,2.9847,0.0010939,0.00024374,-0.00072872,0.0010415,-0.00087041,0.0025726,,0.0376656,-0.01165952
0.0025975,2.0496,0.5,2.9847,0.0053538,-0.0047692,0.98487,2.0496,0.5,2.9847,0.0010427,0.00028768,-0.00081921,0.0008513,-0.00077301,0.0033009,,0.04156,-0.01310736
0.0026531,2.0681,0.5,2.9847,0.0061379,-0.0089176,0.98595,2.0681,0.5,2.9847,0.0011712,0.00033052,-0.00083278,0.00069295,-0.00056895,0.0034421,,0.0424496,-0.01332448
0.0021868,2.0875,0.5,2.9847,0.006934,-0.0069271,0.97608,2.0875,0.5,2.9847,0.0013201,0.00031786,-0.00079284,0.0006742,-0.00044088,0.0023793,,0.0349888,-0.01268544
0.0020426,2.1078,0.5,2.9847,0.0080491,-0.00036808,0.97908,2.1078,0.5,2.9847,0.0013974,0.00023485,-0.0009118,0.0008462,-0.00036762,0.0018417,,0.0326816,-0.0145888
0.0021123,2.129,0.5,2.9847,0.0085229,0.0025717,0.97658,2.129,0.5,2.9847,0.0014208,9.27E-05,-0.00099459,0.00086225,-0.00029868,0.0019415,,0.0337968,-0.01591344
0.0023295,2.1511,0.5,2.9847,0.0080084,-2.25E-05,0.97357,2.1511,0.5,2.9847,0.0012495,0.00011649,-0.0010055,0.0007,-0.00044795,0.0027096,,0.037272,-0.016088
0.0020997,2.1743,0.5,2.9847,0.0075806,-0.0076215,0.98181,2.1743,0.5,2.9847,0.0009635,0.00026467,-0.00081443,0.00072662,-0.00038292,0.0025092,,0.0335952,-0.01303088
0.0018074,2.1984,0.5,2.9847,0.007587,-0.014453,0.99009,2.1984,0.5,2.9847,0.00079208,0.00027209,-0.00034183,0.00081277,-7.11E-05,0.0020099,,0.0289184,-0.00546928
0.0023871,2.2237,0.5,2.9847,0.0079443,-0.013084,0.99106,2.2237,0.5,2.9847,0.00067413,0.00010957,0.00015785,0.00081338,-0.00039444,0.0032866,,0.0381936,0.0025256
0.0023741,2.2501,0.5,2.9847,0.0083107,-0.014403,0.99157,2.2501,0.5,2.9847,0.00059143,4.09E-05,0.00035135,0.00081205,-0.00051676,0.0033447,,0.0379856,0.0056216
0.00208,2.2776,0.5,2.9847,0.010545,-0.014334,0.97643,2.2776,0.5,2.9847,0.00057431,0.00010023,0.00014707,0.00097297,-0.00014341,0.0026127,,0.03328,0.00235312
0.002362,2.3063,0.5,2.9847,0.015359,-0.017129,0.97986,2.3063,0.5,2.9847,0.00058144,0.0001943,0.00012581,0.0014126,-8.10E-05,0.00273,,0.037792,0.00201296
0.0030847,2.3362,0.5,2.9847,0.016065,-0.023827,0.98737,2.3362,0.5,2.9847,0.00067361,0.0003054,0.00011265,0.0023683,0.0004812,0.0031275,,0.0493552,0.0018024
0.0036447,2.3674,0.5,2.9847,0.013672,-0.02196,0.94495,2.3674,0.5,2.9847,0.0010029,0.00029246,0.00032426,0.0025775,0.0010587,0.0037091,,0.0583152,0.00518816
0.0041512,2.3999,0.5,2.9847,0.011816,-0.01351,0.89467,2.3999,0.5,2.9847,0.0013175,8.46E-05,0.00098433,0.0022136,0.00091687,0.0047713,,0.0664192,0.01574928
0.0045598,2.4338,0.5,2.9847,0.0071691,0.001123,0.8436,2.4338,0.5,2.9847,0.0010449,0.000203,0.0011988,0.0027864,0.00060079,0.0052884,,0.0729568,0.0191808
0.003541,2.4691,0.5,2.9847,0.0024302,0.0073836,0.73404,2.4691,0.5,2.9847,0.00037639,0.00029259,0.00068789,0.0026764,0.00039612,0.0040292,,0.056656,0.01100624
0.0016999,1.6711,0.5,3.0195,0.0042831,0.013916,0.96699,1.6711,0.5,3.0195,0.0012627,-0.00011208,0.00020302,0.0010179,-0.00051421,0.0011192,,0.0271984,0.00324832
0.0016524,1.6793,0.5,3.0195,0.0029944,0.012617,0.96888,1.6793,0.5,3.0195,0.0011902,-9.15E-05,0.00021175,0.00099428,-0.00060168,0.0011204,,0.0264384,0.003388
0.0015836,1.6876,0.5,3.0195,0.0018319,0.010622,0.97145,1.6876,0.5,3.0195,0.0010754,-8.48E-05,0.00020958,0.00096521,-0.00063376,0.0011266,,0.0253376,0.00335328
0.00147,1.6958,0.5,3.0195,0.00086254,0.0083136,0.97436,1.6958,0.5,3.0195,0.00095757,-0.0001065,0.00019664,0.00091718,-0.00057743,0.0010652,,0.02352,0.00314624
0.0013385,1.7041,0.5,3.0195,6.03E-05,0.0064577,0.97773,1.7041,0.5,3.0195,0.00086086,-0.00014953,0.00019679,0.00087414,-0.00048242,0.00094191,,0.021416,0.00314864
0.0012251,1.7123,0.5,3.0195,-0.00076976,0.0053559,0.98008,1.7123,0.5,3.0195,0.00078832,-0.00020007,0.00017096,0.00085798,-0.00038964,0.00080399,,0.0196016,0.00273536
0.0011596,1.7206,0.5,3.0195,-0.0017606,0.0047454,0.9801,1.7206,0.5,3.0195,0.00073474,-0.00024629,0.00010265,0.00086646,-0.00027869,0.00071795,,0.0185536,0.0016424
0.001148,1.7289,0.5,3.0195,-0.0028595,0.0043694,0.97916,1.7289,0.5,3.0195,0.00069486,-0.00026958,3.33E-05,0.00086594,-0.00016447,0.00073529,,0.018368,0.000532624
0.001153,1.7371,0.5,3.0195,-0.0039826,0.0039657,0.97972,1.7371,0.5,3.0195,0.00066717,-0.00025425,-2.27E-05,0.00082226,-9.61E-05,0.00081655,,0.018448,-0.000362784
0.0011522,1.7454,0.5,3.0195,-0.0050968,0.00338,0.983,1.7454,0.5,3.0195,0.00065422,-0.00020377,-7.32E-05,0.00076222,-9.43E-05,0.00088791,,0.0184352,-0.001170656
0.0011636,1.7536,0.5,3.0195,-0.0061636,0.0026919,0.98789,1.7536,0.5,3.0195,0.00065326,-0.00013289,-0.00012864,0.00073342,-0.0001326,0.00094046,,0.0186176,-0.00205824
0.0012208,1.7619,0.5,3.0195,-0.0071336,0.0021715,0.99184,1.7619,0.5,3.0195,0.00065276,-4.98E-05,-0.00018644,0.0007344,-0.00017457,0.0010544,,0.0195328,-0.00298304
0.0013326,1.7701,0.5,3.0195,-0.0080524,0.0021194,0.99399,1.7701,0.5,3.0195,0.00064595,3.50E-05,-0.00022135,0.00072547,-0.0002143,0.0012937,,0.0213216,-0.0035416
0.001424,1.7784,0.5,3.0195,-0.0091156,0.0023416,0.99675,1.7784,0.5,3.0195,0.00063784,9.47E-05,-0.00022049,0.00068362,-0.00022939,0.0015266,,0.022784,-0.00352784
0.0014121,1.7866,0.5,3.0195,-0.01044,0.0021411,1.0011,1.7866,0.5,3.0195,0.00063383,0.00011396,-0.00019853,0.00062757,-0.00019941,0.0015629,,0.0225936,-0.00317648
0.0013519,1.7949,0.5,3.0195,-0.01182,0.0010298,1.0043,1.7949,0.5,3.0195,0.00063419,0.00010973,-0.00016374,0.00057578,-0.00016518,0.0014939,,0.0216304,-0.00261984
0.0012994,1.8032,0.5,3.0195,-0.013007,-0.00098663,1.0055,1.8032,0.5,3.0195,0.00064473,0.00010798,-0.00012752,0.00051737,-0.00016123,0.0014366,,0.0207904,-0.00204032
0.0012103,1.8114,0.5,3.0195,-0.014031,-0.003452,1.0058,1.8114,0.5,3.0195,0.00067845,0.00010593,-0.00010516,0.00045824,-0.00016887,0.0012839,,0.0193648,-0.00168256
0.0011313,1.8197,0.5,3.0195,-0.014989,-0.0058176,1.0059,1.8197,0.5,3.0195,0.00074281,7.48E-05,-8.42E-05,0.00044715,-0.00015271,0.0010726,,0.0181008,-0.001347264
0.0011769,1.8279,0.5,3.0195,-0.015843,-0.0078278,1.0065,1.8279,0.5,3.0195,0.00083423,3.53E-06,-5.03E-05,0.00050863,-0.00010661,0.001011,,0.0188304,-0.000804384
0.0013998,1.8362,0.5,3.0195,-0.016527,-0.0091478,1.0059,1.8362,0.5,3.0195,0.00093613,-8.71E-05,-2.32E-06,0.0006052,-0.00012137,0.0012583,,0.0223968,-3.71264E-05
0.0017502,1.8446,0.5,3.0195,-0.017051,-0.0092946,1.0019,1.8446,0.5,3.0195,0.0010271,-0.00016124,6.40E-05,0.00069075,-0.00029604,0.0017826,,0.0280032,0.00102376
0.0020744,1.8534,0.5,3.0195,-0.017468,-0.0081189,0.99678,1.8534,0.5,3.0195,0.0010935,-0.00020285,0.0001502,0.0007591,-0.00057564,0.0022961,,0.0331904,0.0024032
0.0023428,1.8626,0.5,3.0195,-0.017677,-0.0053018,0.99391,1.8626,0.5,3.0195,0.0011184,-0.0002196,0.00023204,0.00087724,-0.00088465,0.0026899,,0.0374848,0.00371264
0.0025799,1.8723,0.5,3.0195,-0.017376,-0.00079732,0.99232,1.8723,0.5,3.0195,0.0010847,-0.00022375,0.00027306,0.0010913,-0.001188,0.0029837,,0.0412784,0.00436896
0.0027668,1.8824,0.5,3.0195,-0.016443,0.0033819,0.99175,1.8824,0.5,3.0195,0.0010063,-0.00020409,0.00027517,0.0013584,-0.0014455,0.003169,,0.0442688,0.00440272
0.0028295,1.8931,0.5,3.0195,-0.015185,0.0052842,0.99297,1.8931,0.5,3.0195,0.00093695,-0.00012925,0.00029533,0.0015503,-0.0015661,0.0031719,,0.045272,0.00472528
0.0027241,1.9042,0.5,3.0195,-0.013876,0.0057584,0.9929,1.9042,0.5,3.0195,0.00092977,-4.78E-05,0.00040319,0.0015489,-0.0014291,0.0029694,,0.0435856,0.00645104
0.0026692,1.9159,0.5,3.0195,-0.012495,0.0070196,0.99053,1.9159,0.5,3.0195,0.00099357,-2.17E-05,0.00050756,0.0014729,-0.001238,0.0028718,,0.0427072,0.00812096
0.0027433,1.9282,0.5,3.0195,-0.011296,0.0097756,0.98862,1.9282,0.5,3.0195,0.0011024,-8.34E-06,0.00040382,0.0014454,-0.0011498,0.0029388,,0.0438928,0.00646112
0.0028399,1.941,0.5,3.0195,-0.010498,0.012443,0.98841,1.941,0.5,3.0195,0.0012176,1.75E-05,0.00013452,0.0014076,-0.0010226,0.0030546,,0.0454384,0.00215232
0.0028682,1.9545,0.5,3.0195,-0.0096111,0.015085,0.98547,1.9545,0.5,3.0195,0.0012768,0.00010796,-0.00017109,0.001279,-0.0008849,0.0031806,,0.0458912,-0.00273744
0.0028445,1.9686,0.5,3.0195,-0.0083818,0.01729,0.98108,1.9686,0.5,3.0195,0.0012306,0.00024474,-0.00050579,0.0010902,-0.00095936,0.0033683,,0.045512,-0.00809264
0.0027092,1.9833,0.5,3.0195,-0.0067724,0.016062,0.97928,1.9833,0.5,3.0195,0.0011743,0.0003033,-0.00077535,0.00093988,-0.0010839,0.0033042,,0.0433472,-0.0124056
0.0024599,1.9988,0.5,3.0195,-0.0040329,0.011492,0.97984,1.9988,0.5,3.0195,0.0012128,0.00030383,-0.00079944,0.00095022,-0.0010727,0.0027568,,0.0393584,-0.01279104
0.0023655,2.0149,0.5,3.0195,-0.00024582,0.0044653,0.98172,2.0149,0.5,3.0195,0.0012092,0.00026408,-0.00070896,0.0010722,-0.00098932,0.0024495,,0.037848,-0.01134336
0.0023051,2.0319,0.5,3.0195,0.0030792,-0.0011499,0.98074,2.0319,0.5,3.0195,0.0010958,0.00023382,-0.00067763,0.0010494,-0.00085291,0.0024649,,0.0368816,-0.01084208
0.002582,2.0496,0.5,3.0195,0.0049046,-0.0046973,0.98503,2.0496,0.5,3.0195,0.0010651,0.00027925,-0.00078653,0.00085825,-0.00075695,0.0032407,,0.041312,-0.01258448
0.0026482,2.0681,0.5,3.0195,0.0056497,-0.0088388,0.986,2.0681,0.5,3.0195,0.0011932,0.00032637,-0.00081634,0.00069225,-0.00056681,0.0034109,,0.0423712,-0.01306144
0.0021782,2.0875,0.5,3.0195,0.0064619,-0.0069765,0.97626,2.0875,0.5,3.0195,0.0013151,0.00031787,-0.00076249,0.00068399,-0.0004441,0.0023573,,0.0348512,-0.01219984
0.0020236,2.1078,0.5,3.0195,0.0076203,-0.00032304,0.97922,2.1078,0.5,3.0195,0.0013934,0.00023394,-0.00088485,0.00084118,-0.00036971,0.0018126,,0.0323776,-0.0141576
0.0020885,2.129,0.5,3.0195,0.0082427,0.0026845,0.97667,2.129,0.5,3.0195,0.0014367,0.00011373,-0.00096305,0.00081684,-0.00031435,0.0019234,,0.033416,-0.0154088
0.0022944,2.1511,0.5,3.0195,0.0079119,-0.00016326,0.97346,2.1511,0.5,3.0195,0.0012523,0.00013897,-0.0010099,0.0006692,-0.00045227,0.0026672,,0.0367104,-0.0161584
0.0020566,2.1743,0.5,3.0195,0.0075246,-0.0078291,0.98149,2.1743,0.5,3.0195,0.00092411,0.0002678,-0.00084883,0.00072823,-0.00038372,0.0024609,,0.0329056,-0.01358128
0.0018077,2.1984,0.5,3.0195,0.0074223,-0.014507,0.98988,2.1984,0.5,3.0195,0.00073539,0.00025045,-0.00036136,0.00082391,-7.25E-05,0.0020562,,0.0289232,-0.00578176
0.002403,2.2237,0.5,3.0195,0.0077228,-0.013113,0.99051,2.2237,0.5,3.0195,0.00067265,8.94E-05,0.00012273,0.00080391,-0.00038296,0.0033294,,0.038448,0.00196368
0.0023969,2.2501,0.5,3.0195,0.0082017,-0.01455,0.99154,2.2501,0.5,3.0195,0.0006346,3.89E-05,0.00030105,0.00082531,-0.00047624,0.0033339,,0.0383504,0.0048168
0.0021311,2.2776,0.5,3.0195,0.01048,-0.014536,0.97651,2.2776,0.5,3.0195,0.00059675,0.00011638,0.00012018,0.0010047,-0.00011687,0.0026607,,0.0340976,0.00192288
0.0023923,2.3063,0.5,3.0195,0.015395,-0.017218,0.97907,2.3063,0.5,3.0195,0.00055439,0.00019953,0.0001244,0.0014288,-6.15E-05,0.0028013,,0.0382768,0.0019904
0.0031424,2.3362,0.5,3.0195,0.015967,-0.024049,0.98806,2.3362,0.5,3.0195,0.00061043,0.00027631,0.00013115,0.0024449,0.00057228,0.0032294,,0.0502784,0.0020984
0.0037249,2.3674,0.5,3.0195,0.013213,-0.021908,0.94513,2.3674,0.5,3.0195,0.00095536,0.00028217,0.00036556,0.0026685,0.0010879,0.0038259,,0.0595984,0.00584896
0.0040892,2.3999,0.5,3.0195,0.011699,-0.013345,0.89372,2.3999,0.5,3.0195,0.0012932,0.00010786,0.00097612,0.0021337,0.00091499,0.0047516,,0.0654272,0.01561792
0.0044658,2.4338,0.5,3.0195,0.0074308,0.0010557,0.84371,2.4338,0.5,3.0195,0.0010459,0.00022862,0.0011843,0.0026952,0.00064346,0.0051905,,0.0714528,0.0189488
0.0035272,2.4691,0.5,3.0195,0.0025672,0.0074617,0.73431,2.4691,0.5,3.0195,0.00038948,0.00030354,0.00070464,0.0027004,0.00041472,0.0039646,,0.0564352,0.01127424
0.0016663,1.6711,0.5,3.0543,0.0042985,0.013702,0.9667,1.6711,0.5,3.0543,0.0012413,-0.00013649,0.00015981,0.00098101,-0.00051955,0.0011103,,0.0266608,0.00255696
0.0016329,1.6793,0.5,3.0543,0.0030791,0.012478,0.96851,1.6793,0.5,3.0543,0.0011906,-0.00011307,0.00018278,0.00096966,-0.00061222,0.0011055,,0.0261264,0.00292448
0.0015753,1.6876,0.5,3.0543,0.0019466,0.01067,0.97106,1.6876,0.5,3.0543,0.0010994,-0.0001018,0.00019546,0.00095085,-0.00065342,0.0011005,,0.0252048,0.00312736
0.001468,1.6958,0.5,3.0543,0.00094565,0.0085505,0.97388,1.6958,0.5,3.0543,0.00099961,-0.00011998,0.00019161,0.00090793,-0.00060383,0.0010284,,0.023488,0.00306576
0.001343,1.7041,0.5,3.0543,8.40E-05,0.0067973,0.97722,1.7041,0.5,3.0543,0.00091905,-0.00016417,0.0001994,0.00086657,-0.00050322,0.00090031,,0.021488,0.0031904
0.0012431,1.7123,0.5,3.0543,-0.00078058,0.0057212,0.97979,1.7123,0.5,3.0543,0.00085592,-0.00022047,0.00018148,0.00085418,-0.00040638,0.00077608,,0.0198896,0.00290368
0.0011838,1.7206,0.5,3.0543,-0.0017825,0.0050831,0.97999,1.7206,0.5,3.0543,0.00079409,-0.00027211,0.00011387,0.00087018,-0.00030112,0.00070342,,0.0189408,0.00182192
0.00116,1.7289,0.5,3.0543,-0.0029003,0.0046335,0.97912,1.7289,0.5,3.0543,0.00073253,-0.00029678,3.91E-05,0.0008767,-0.00019073,0.00071076,,0.01856,0.000626384
0.0011452,1.7371,0.5,3.0543,-0.004056,0.0041235,0.97978,1.7371,0.5,3.0543,0.00068302,-0.00027662,-2.25E-05,0.00083217,-0.0001231,0.00077527,,0.0183232,-0.00036072
0.001128,1.7454,0.5,3.0543,-0.0052039,0.0034301,0.98317,1.7454,0.5,3.0543,0.00065392,-0.00021474,-8.08E-05,0.00076193,-0.00012131,0.00084017,,0.018048,-0.001292032
0.001133,1.7536,0.5,3.0543,-0.0062934,0.0026475,0.98806,1.7536,0.5,3.0543,0.00064189,-0.0001309,-0.00014508,0.00072206,-0.00015839,0.00090209,,0.018128,-0.00232128
0.0011925,1.7619,0.5,3.0543,-0.0072665,0.0020491,0.99186,1.7619,0.5,3.0543,0.00063458,-3.97E-05,-0.00020448,0.0007166,-0.00019815,0.0010339,,0.01908,-0.00327168
0.0013038,1.7701,0.5,3.0543,-0.0081833,0.0019692,0.99387,1.7701,0.5,3.0543,0.00062216,4.20E-05,-0.00023363,0.0007061,-0.00022933,0.0012794,,0.0208608,-0.00373808
0.0013944,1.7784,0.5,3.0543,-0.0092658,0.0022168,0.99666,1.7784,0.5,3.0543,0.00060523,8.43E-05,-0.00022386,0.0006741,-0.00022605,0.0015095,,0.0223104,-0.00358176
0.0013889,1.7866,0.5,3.0543,-0.010619,0.0020368,1.0011,1.7866,0.5,3.0543,0.00059087,8.31E-05,-0.00018861,0.00063553,-0.00017801,0.0015513,,0.0222224,-0.00301776
0.0013335,1.7949,0.5,3.0543,-0.012007,0.00087918,1.0044,1.7949,0.5,3.0543,0.00058621,6.91E-05,-0.00014132,0.00059117,-0.00013909,0.0014896,,0.021336,-0.00226112
0.0012769,1.8032,0.5,3.0543,-0.013175,-0.0012274,1.0057,1.8032,0.5,3.0543,0.00060242,6.81E-05,-0.00010004,0.00052468,-0.00014026,0.0014266,,0.0204304,-0.00160064
0.001194,1.8114,0.5,3.0543,-0.014162,-0.0037123,1.0061,1.8114,0.5,3.0543,0.00065289,7.23E-05,-7.75E-05,0.00045541,-0.00014976,0.0012798,,0.019104,-0.001239312
0.0011425,1.8197,0.5,3.0543,-0.015082,-0.006002,1.0061,1.8197,0.5,3.0543,0.00073995,5.23E-05,-6.36E-05,0.00044232,-0.00012408,0.0011026,,0.01828,-0.001018048
0.001217,1.8279,0.5,3.0543,-0.015924,-0.0079087,1.0064,1.8279,0.5,3.0543,0.00085056,-2.43E-06,-4.11E-05,0.00050359,-6.66E-05,0.0010799,,0.019472,-0.000658368
0.0014561,1.8362,0.5,3.0543,-0.016614,-0.0091385,1.0053,1.8362,0.5,3.0543,0.00096014,-7.82E-05,7.24E-06,0.00059506,-9.12E-05,0.0013569,,0.0232976,0.000115824
0.0018028,1.8446,0.5,3.0543,-0.017124,-0.0092073,1.0008,1.8446,0.5,3.0543,0.0010465,-0.00015206,8.43E-05,0.00067593,-0.00029192,0.0018832,,0.0288448,0.001348032
0.0021133,1.8534,0.5,3.0543,-0.017463,-0.0078965,0.99567,1.8534,0.5,3.0543,0.0010988,-0.0002097,0.00016945,0.00075944,-0.00058837,0.0023684,,0.0338128,0.0027112
0.0023814,1.8626,0.5,3.0543,-0.017532,-0.0048894,0.993,1.8626,0.5,3.0543,0.0011033,-0.00024029,0.0002358,0.0009168,-0.00090236,0.0027428,,0.0381024,0.0037728
0.0026276,1.8723,0.5,3.0543,-0.017127,-0.00036216,0.99158,1.8723,0.5,3.0543,0.0010521,-0.00023195,0.00026225,0.0011545,-0.0012089,0.0030486,,0.0420416,0.004196
0.0028101,1.8824,0.5,3.0543,-0.016212,0.0035517,0.99119,1.8824,0.5,3.0543,0.00096899,-0.00018487,0.00025437,0.0014083,-0.00147,0.0032428,,0.0449616,0.00406992
0.0028431,1.8931,0.5,3.0543,-0.015071,0.005136,0.99243,1.8931,0.5,3.0543,0.0009054,-0.00010768,0.00027874,0.0015741,-0.0015789,0.0032067,,0.0454896,0.00445984
0.0027284,1.9042,0.5,3.0543,-0.013906,0.005513,0.9923,1.9042,0.5,3.0543,0.0009061,-5.16E-05,0.00039071,0.0015695,-0.001418,0.0029813,,0.0436544,0.00625136
0.0027158,1.9159,0.5,3.0543,-0.012666,0.0068406,0.9901,1.9159,0.5,3.0543,0.00097599,-5.44E-05,0.00048076,0.0015372,-0.0012114,0.0029183,,0.0434528,0.00769216
0.0028404,1.9282,0.5,3.0543,-0.011618,0.0096361,0.98857,1.9282,0.5,3.0543,0.0010992,-5.46E-05,0.000377,0.0015485,-0.0011133,0.0030331,,0.0454464,0.006032
0.0029446,1.941,0.5,3.0543,-0.010928,0.012313,0.98837,1.941,0.5,3.0543,0.0012464,-1.52E-05,0.0001392,0.0015029,-0.0010053,0.0031397,,0.0471136,0.0022272
0.0029352,1.9545,0.5,3.0543,-0.010037,0.014985,0.98528,1.9545,0.5,3.0543,0.0013258,0.00010319,-0.00012464,0.001339,-0.00091799,0.0032055,,0.0469632,-0.00199424
0.0028745,1.9686,0.5,3.0543,-0.0087605,0.017331,0.98115,1.9686,0.5,3.0543,0.0012837,0.00024782,-0.0004656,0.0011181,-0.00099523,0.0033472,,0.045992,-0.0074496
0.0027207,1.9833,0.5,3.0543,-0.0070924,0.016257,0.97947,1.9833,0.5,3.0543,0.0012247,0.00028873,-0.00076298,0.00096123,-0.001087,0.0032555,,0.0435312,-0.01220768
0.0024226,1.9988,0.5,3.0543,-0.0042577,0.01172,0.98003,1.9988,0.5,3.0543,0.0012244,0.00028219,-0.00077121,0.00099061,-0.0010602,0.0026302,,0.0387616,-0.01233936
0.0022827,2.0149,0.5,3.0543,-0.00045801,0.0046472,0.98223,2.0149,0.5,3.0543,0.0011777,0.00025565,-0.0006514,0.0011232,-0.00096974,0.0022646,,0.0365232,-0.0104224
0.0022623,2.0319,0.5,3.0543,0.0027017,-0.0010526,0.98128,2.0319,0.5,3.0543,0.0010641,0.00023541,-0.00063012,0.0010829,-0.00082284,0.0023777,,0.0361968,-0.01008192
0.0025943,2.0496,0.5,3.0543,0.0043728,-0.0045666,0.98517,2.0496,0.5,3.0543,0.0010638,0.00028844,-0.00077173,0.00090309,-0.00073074,0.0032217,,0.0415088,-0.01234768
0.0026526,2.0681,0.5,3.0543,0.0051354,-0.00871,0.98605,2.0681,0.5,3.0543,0.0012169,0.00035067,-0.00078822,0.00074909,-0.00056615,0.0033391,,0.0424416,-0.01261152
0.0021609,2.0875,0.5,3.0543,0.005986,-0.0069778,0.9765,2.0875,0.5,3.0543,0.0013288,0.00032785,-0.00072287,0.00070871,-0.00044038,0.0022843,,0.0345744,-0.01156592
0.0019957,2.1078,0.5,3.0543,0.0071717,-0.00025335,0.97933,2.1078,0.5,3.0543,0.0013807,0.00023046,-0.00087023,0.00082078,-0.00035861,0.0017901,,0.0319312,-0.01392368
0.0020553,2.129,0.5,3.0543,0.0079431,0.0027727,0.97663,2.129,0.5,3.0543,0.0014029,0.00011653,-0.00092487,0.0008004,-0.00031291,0.0019073,,0.0328848,-0.01479792
0.0022514,2.1511,0.5,3.0543,0.0077878,-0.00030859,0.97333,2.1511,0.5,3.0543,0.0012243,0.00013106,-0.00097503,0.00066365,-0.00044754,0.0026149,,0.0360224,-0.01560048
0.0020401,2.1743,0.5,3.0543,0.0074528,-0.0080396,0.98115,2.1743,0.5,3.0543,0.00093261,0.00023434,-0.00085188,0.00070436,-0.00035172,0.0024433,,0.0326416,-0.01363008
0.0018261,2.1984,0.5,3.0543,0.0072502,-0.014614,0.98967,2.1984,0.5,3.0543,0.00078282,0.0001927,-0.00041041,0.00077709,-6.11E-05,0.0020924,,0.0292176,-0.00656656
0.0024197,2.2237,0.5,3.0543,0.0075055,-0.013203,0.98999,2.2237,0.5,3.0543,0.00073179,4.68E-05,4.84E-05,0.00076528,-0.00038803,0.0033423,,0.0387152,0.000774032
0.0024561,2.2501,0.5,3.0543,0.0081182,-0.014696,0.99144,2.2501,0.5,3.0543,0.00068454,2.22E-05,0.00024789,0.00086409,-0.00039243,0.0033635,,0.0392976,0.00396624
0.0022039,2.2776,0.5,3.0543,0.010479,-0.014706,0.97655,2.2776,0.5,3.0543,0.00063251,0.00010832,7.35E-05,0.0010492,-3.71E-05,0.0027261,,0.0352624,0.001175696
0.0024033,2.3063,0.5,3.0543,0.015548,-0.01723,0.97817,2.3063,0.5,3.0543,0.00056694,0.00017797,0.00010438,0.0014159,-1.72E-05,0.0028238,,0.0384528,0.00167008
0.0031476,2.3362,0.5,3.0543,0.015952,-0.024145,0.98859,2.3362,0.5,3.0543,0.00060128,0.00022303,0.00014905,0.0024467,0.00065282,0.0032472,,0.0503616,0.0023848
0.0037163,2.3674,0.5,3.0543,0.012718,-0.021779,0.94516,2.3674,0.5,3.0543,0.000927,0.0002527,0.0004052,0.0026496,0.0010629,0.003856,,0.0594608,0.0064832
0.0040582,2.3999,0.5,3.0543,0.011527,-0.013069,0.89263,2.3999,0.5,3.0543,0.0012772,0.00010584,0.00097039,0.0020237,0.0008327,0.0048156,,0.0649312,0.01552624
0.0044845,2.4338,0.5,3.0543,0.0077684,0.00092411,0.84394,2.4338,0.5,3.0543,0.0010673,0.00023399,0.0011547,0.0026743,0.00063895,0.0052273,,0.071752,0.0184752
0.0035597,2.4691,0.5,3.0543,0.0028039,0.0072639,0.7348,2.4691,0.5,3.0543,0.00040938,0.00031772,0.00070164,0.002789,0.00043108,0.0039209,,0.0569552,0.01122624
0.0016491,1.6711,0.5,3.09,0.0043889,0.01351,0.96632,1.6711,0.5,3.09,0.0012281,-0.00012464,0.00013399,0.00096301,-0.00053069,0.001107,,0.0263856,0.00214384
0.0016152,1.6793,0.5,3.09,0.0031985,0.012303,0.96803,1.6793,0.5,3.09,0.0011678,-0.00011461,0.00014768,0.00095987,-0.00062007,0.0011026,,0.0258432,0.00236288
0.0015614,1.6876,0.5,3.09,0.0020616,0.010644,0.97055,1.6876,0.5,3.09,0.0010857,-0.0001069,0.000165,0.00094299,-0.00066118,0.0010941,,0.0249824,0.00264
0.0014545,1.6958,0.5,3.09,0.0010309,0.0087268,0.97331,1.6958,0.5,3.09,0.0010066,-0.00012686,0.00017074,0.00089682,-0.00061583,0.0010055,,0.023272,0.00273184
0.0013308,1.7041,0.5,3.09,0.00014225,0.0071068,0.97663,1.7041,0.5,3.09,0.00094056,-0.00017449,0.00018852,0.00085633,-0.0005177,0.00086473,,0.0212928,0.00301632
0.0012438,1.7123,0.5,3.09,-0.00073483,0.0060597,0.9794,1.7123,0.5,3.09,0.00087688,-0.00022692,0.00019614,0.00085037,-0.00042536,0.00076037,,0.0199008,0.00313824
0.0011929,1.7206,0.5,3.09,-0.0017573,0.0053691,0.97983,1.7206,0.5,3.09,0.00080378,-0.00026548,0.00015281,0.00086768,-0.00033003,0.00071443,,0.0190864,0.00244496
0.0011618,1.7289,0.5,3.09,-0.0029208,0.0048283,0.97908,1.7289,0.5,3.09,0.00073163,-0.00027758,8.07E-05,0.00087152,-0.00021979,0.00072046,,0.0185888,0.001290768
0.0011383,1.7371,0.5,3.09,-0.0041296,0.0042248,0.97986,1.7371,0.5,3.09,0.00067855,-0.00025087,7.37E-06,0.00082826,-0.00014587,0.00076982,,0.0182128,0.00011796
0.0011236,1.7454,0.5,3.09,-0.0053216,0.0034527,0.98336,1.7454,0.5,3.09,0.00065103,-0.00018697,-6.57E-05,0.00076175,-0.00014102,0.00083438,,0.0179776,-0.001051648
0.0011368,1.7536,0.5,3.09,-0.0064371,0.0026075,0.98822,1.7536,0.5,3.09,0.00064216,-0.0001056,-0.00014093,0.0007255,-0.00017557,0.00090591,,0.0181888,-0.00225488
0.0011977,1.7619,0.5,3.09,-0.0074064,0.0019606,0.99183,1.7619,0.5,3.09,0.00063854,-2.51E-05,-0.00020319,0.00071787,-0.0002121,0.0010391,,0.0191632,-0.00325104
0.0013005,1.7701,0.5,3.09,-0.0083003,0.0018708,0.99371,1.7701,0.5,3.09,0.00062983,3.89E-05,-0.00023062,0.00069278,-0.00023502,0.0012784,,0.020808,-0.00368992
0.0013761,1.7784,0.5,3.09,-0.0093671,0.0021325,0.99653,1.7784,0.5,3.09,0.00061096,6.49E-05,-0.00021585,0.00064464,-0.00021675,0.0014966,,0.0220176,-0.0034536
0.0013635,1.7866,0.5,3.09,-0.010721,0.0019313,1.001,1.7866,0.5,3.09,0.00058619,5.73E-05,-0.00016873,0.00060617,-0.00015991,0.0015346,,0.021816,-0.00269968
0.0013132,1.7949,0.5,3.09,-0.012121,0.00069957,1.0044,1.7949,0.5,3.09,0.00057244,4.62E-05,-0.00011025,0.00057793,-0.00012212,0.0014761,,0.0210112,-0.001764
0.0012642,1.8032,0.5,3.09,-0.013302,-0.0014866,1.0059,1.8032,0.5,3.09,0.00059148,4.62E-05,-7.01E-05,0.00052899,-0.00012355,0.001408,,0.0202272,-0.001121248
0.0011959,1.8114,0.5,3.09,-0.014285,-0.0039663,1.0064,1.8114,0.5,3.09,0.00065684,4.55E-05,-5.81E-05,0.00047209,-0.00013048,0.0012629,,0.0191344,-0.000928848
0.0011621,1.8197,0.5,3.09,-0.015179,-0.0061645,1.0063,1.8197,0.5,3.09,0.00076339,2.22E-05,-5.58E-05,0.0004642,-0.00010465,0.0010967,,0.0185936,-0.000893424
0.0012491,1.8279,0.5,3.09,-0.015988,-0.0079485,1.0063,1.8279,0.5,3.09,0.00088714,-2.72E-05,-3.71E-05,0.0005175,-5.42E-05,0.0010935,,0.0199856,-0.000592816
0.001498,1.8362,0.5,3.09,-0.016643,-0.0090341,1.0046,1.8362,0.5,3.09,0.00099612,-9.30E-05,2.09E-05,0.00059417,-9.55E-05,0.0014057,,0.023968,0.000334112
0.0018453,1.8446,0.5,3.09,-0.017099,-0.0089731,0.99967,1.8446,0.5,3.09,0.001069,-0.00016042,0.0001061,0.00067577,-0.00030491,0.001946,,0.0295248,0.0016976
0.0021604,1.8534,0.5,3.09,-0.01735,-0.0075485,0.99458,1.8534,0.5,3.09,0.0010977,-0.00021437,0.00017839,0.00079248,-0.00060011,0.0024307,,0.0345664,0.00285424
0.0024401,1.8626,0.5,3.09,-0.017319,-0.0044679,0.99208,1.8626,0.5,3.09,0.0010759,-0.00023853,0.00022496,0.00098702,-0.00092483,0.0028173,,0.0390416,0.00359936
0.002685,1.8723,0.5,3.09,-0.016868,-3.21E-05,0.99084,1.8723,0.5,3.09,0.001014,-0.00021758,0.00024488,0.0012221,-0.0012428,0.0031341,,0.04296,0.00391808
0.0028477,1.8824,0.5,3.09,-0.015989,0.003646,0.99066,1.8824,0.5,3.09,0.00094708,-0.00016186,0.00023803,0.0014488,-0.0014963,0.0032995,,0.0455632,0.00380848
0.0028538,1.8931,0.5,3.09,-0.014933,0.0050184,0.9919,1.8931,0.5,3.09,0.00091024,-9.30E-05,0.00026878,0.0015881,-0.0015705,0.0032092,,0.0456608,0.00430048
0.0027421,1.9042,0.5,3.09,-0.013879,0.005352,0.99168,1.9042,0.5,3.09,0.00092468,-5.66E-05,0.00038059,0.0015753,-0.0013785,0.0029842,,0.0438736,0.00608944
0.0027518,1.9159,0.5,3.09,-0.012783,0.0067342,0.98962,1.9159,0.5,3.09,0.00098473,-7.59E-05,0.00046421,0.0015634,-0.0011827,0.0029555,,0.0440288,0.00742736
0.0028841,1.9282,0.5,3.09,-0.011924,0.0095044,0.98842,1.9282,0.5,3.09,0.0010843,-7.95E-05,0.00037548,0.0015997,-0.0011178,0.0030842,,0.0461456,0.00600768
0.0029734,1.941,0.5,3.09,-0.011387,0.012118,0.9882,1.941,0.5,3.09,0.0012182,-2.75E-05,0.00017412,0.0015735,-0.0010477,0.0031551,,0.0475744,0.00278592
0.0029625,1.9545,0.5,3.09,-0.010523,0.014778,0.98506,1.9545,0.5,3.09,0.0012955,9.84E-05,-6.17E-05,0.0014008,-0.00096894,0.0032286,,0.0474,-0.000987776
0.0028891,1.9686,0.5,3.09,-0.0091977,0.017293,0.98135,1.9686,0.5,3.09,0.0012543,0.00024181,-0.00040895,0.0011631,-0.0010099,0.0033608,,0.0462256,-0.0065432
0.0026886,1.9833,0.5,3.09,-0.0074377,0.016458,0.97978,1.9833,0.5,3.09,0.0011805,0.00029516,-0.00071333,0.00099761,-0.0010894,0.0031991,,0.0430176,-0.01141328
0.0023454,1.9988,0.5,3.09,-0.0044997,0.011966,0.98023,1.9988,0.5,3.09,0.0011516,0.00030039,-0.00072218,0.0010339,-0.0010548,0.0025053,,0.0375264,-0.01155488
0.002187,2.0149,0.5,3.09,-0.00071541,0.0048249,0.98273,2.0149,0.5,3.09,0.001115,0.00025888,-0.00059846,0.0011613,-0.00094342,0.0020977,,0.034992,-0.00957536
0.0022293,2.0319,0.5,3.09,0.0022991,-0.00093579,0.98184,2.0319,0.5,3.09,0.001042,0.00021314,-0.00059513,0.001099,-0.00078809,0.0023177,,0.0356688,-0.00952208
0.0025937,2.0496,0.5,3.09,0.0038566,-0.0043911,0.98532,2.0496,0.5,3.09,0.0010614,0.00027094,-0.00075568,0.0009512,-0.00070059,0.0031747,,0.0414992,-0.01209088
0.0026209,2.0681,0.5,3.09,0.0046364,-0.0085113,0.98607,2.0681,0.5,3.09,0.0012144,0.00034193,-0.00074101,0.00082534,-0.00055361,0.0032021,,0.0419344,-0.01185616
0.0021308,2.0875,0.5,3.09,0.0055062,-0.0069012,0.9768,2.0875,0.5,3.09,0.0013124,0.00031498,-0.00068088,0.00074939,-0.00043181,0.0021997,,0.0340928,-0.01089408
0.0019845,2.1078,0.5,3.09,0.0067027,-0.00015461,0.97937,2.1078,0.5,3.09,0.0013475,0.00023006,-0.00085816,0.00084084,-0.00034781,0.0017807,,0.031752,-0.01373056
0.0020516,2.129,0.5,3.09,0.0075985,0.0028419,0.97649,2.129,0.5,3.09,0.00137,0.00011394,-0.00089007,0.00084349,-0.00030034,0.0018896,,0.0328256,-0.01424112
0.0022524,2.1511,0.5,3.09,0.0075795,-0.00048492,0.97321,2.1511,0.5,3.09,0.001227,0.00011567,-0.00093711,0.0006883,-0.00044132,0.0025895,,0.0360384,-0.01499376
0.0020843,2.1743,0.5,3.09,0.0072571,-0.0082667,0.98084,2.1743,0.5,3.09,0.001007,0.00023583,-0.00085544,0.0006855,-0.00034284,0.0024761,,0.0333488,-0.01368704
0.0018486,2.1984,0.5,3.09,0.0069898,-0.014705,0.98952,2.1984,0.5,3.09,0.00090252,0.00022257,-0.00043077,0.00073231,-9.23E-05,0.0020624,,0.0295776,-0.00689232
0.0024119,2.2237,0.5,3.09,0.0072789,-0.013321,0.98949,2.2237,0.5,3.09,0.00078835,7.49E-05,4.04E-05,0.00077016,-0.00041375,0.0032653,,0.0385904,0.000646368
0.0024794,2.2501,0.5,3.09,0.0080146,-0.014854,0.9913,2.2501,0.5,3.09,0.00068549,4.50E-05,0.00025414,0.00090922,-0.00033793,0.0033641,,0.0396704,0.00406624
0.0022564,2.2776,0.5,3.09,0.010457,-0.014866,0.97651,2.2776,0.5,3.09,0.00065218,8.03E-05,7.07E-05,0.0010876,2.50E-05,0.002773,,0.0361024,0.001131488
0.0024535,2.3063,0.5,3.09,0.0157,-0.017187,0.97718,2.3063,0.5,3.09,0.00059127,0.00010713,0.00010531,0.0014946,3.64E-05,0.002821,,0.039256,0.00168496
0.0031426,2.3362,0.5,3.09,0.015954,-0.024119,0.9891,2.3362,0.5,3.09,0.00060783,0.00018084,0.00017778,0.0024821,0.00068673,0.0031953,,0.0502816,0.00284448
0.0036436,2.3674,0.5,3.09,0.012255,-0.021706,0.94518,2.3674,0.5,3.09,0.00087976,0.00024943,0.00042311,0.0025613,0.0010415,0.0038461,,0.0582976,0.00676976
0.0040928,2.3999,0.5,3.09,0.01139,-0.012747,0.89145,2.3999,0.5,3.09,0.0012326,0.00010894,0.0009313,0.0019735,0.00080634,0.0049795,,0.0654848,0.0149008
0.0046019,2.4338,0.5,3.09,0.008236,0.00088619,0.84424,2.4338,0.5,3.09,0.0010753,0.00023074,0.0011114,0.0027553,0.00062888,0.0053731,,0.0736304,0.0177824
0.0036003,2.4691,0.5,3.09,0.0031699,0.0069571,0.7355,2.4691,0.5,3.09,0.00041992,0.00032419,0.00069367,0.0028856,0.00041743,0.0038951,,0.0576048,0.01109872
0.0016754,1.6711,0.5,3.1266,0.004489,0.013404,0.96597,1.6711,0.5,3.1266,0.0012659,-7.26E-05,0.00015677,0.00096851,-0.00053165,0.0011165,,0.0268064,0.00250832
0.0016377,1.6793,0.5,3.1266,0.0033394,0.012201,0.96759,1.6793,0.5,3.1266,0.0011933,-7.91E-05,0.00016012,0.0009652,-0.00061953,0.001117,,0.0262032,0.00256192
0.0015716,1.6876,0.5,3.1266,0.0021892,0.01065,0.97004,1.6876,0.5,3.1266,0.0010874,-8.57E-05,0.00016344,0.0009492,-0.000655,0.0011067,,0.0251456,0.00261504
0.0014506,1.6958,0.5,3.1266,0.0011124,0.008931,0.97272,1.6958,0.5,3.1266,0.00098895,-0.0001146,0.00015614,0.00090073,-0.00060777,0.0010115,,0.0232096,0.00249824
0.0013145,1.7041,0.5,3.1266,0.0001825,0.0074316,0.97592,1.7041,0.5,3.1266,0.00091246,-0.00016849,0.00016761,0.00085545,-0.00051408,0.00086116,,0.021032,0.00268176
0.0012255,1.7123,0.5,3.1266,-0.00071011,0.006371,0.97884,1.7123,0.5,3.1266,0.00084362,-0.00022281,0.0001967,0.00084715,-0.00043163,0.0007602,,0.019608,0.0031472
0.0011806,1.7206,0.5,3.1266,-0.001739,0.0056212,0.9796,1.7206,0.5,3.1266,0.0007716,-0.00025794,0.00017969,0.00086432,-0.00034561,0.00072521,,0.0188896,0.00287504
0.0011588,1.7289,0.5,3.1266,-0.0029152,0.0050248,0.97913,1.7289,0.5,3.1266,0.00070819,-0.00026528,0.00010585,0.00087135,-0.00023261,0.00073805,,0.0185408,0.0016936
0.0011499,1.7371,0.5,3.1266,-0.0041435,0.0043604,0.98009,1.7371,0.5,3.1266,0.00066833,-0.00023434,1.56E-05,0.00083722,-0.00014843,0.00079434,,0.0183984,0.000249456
0.001152,1.7454,0.5,3.1266,-0.0053588,0.0035374,0.98368,1.7454,0.5,3.1266,0.00065398,-0.00016721,-7.15E-05,0.0007852,-0.00013326,0.00086485,,0.018432,-0.001143952
0.0011819,1.7536,0.5,3.1266,-0.0064941,0.0026782,0.98843,1.7536,0.5,3.1266,0.00065671,-8.59E-05,-0.0001493,0.00076477,-0.00015801,0.00094229,,0.0189104,-0.0023888
0.0012505,1.7619,0.5,3.1266,-0.0074702,0.0020348,0.99181,1.7619,0.5,3.1266,0.0006642,-1.24E-05,-0.00020716,0.00076203,-0.00018957,0.0010747,,0.020008,-0.00331456
0.001349,1.7701,0.5,3.1266,-0.0083628,0.0019347,0.99354,1.7701,0.5,3.1266,0.00066859,4.10E-05,-0.00023544,0.00072075,-0.00021361,0.0013087,,0.021584,-0.00376704
0.0014093,1.7784,0.5,3.1266,-0.0094291,0.002156,0.99637,1.7784,0.5,3.1266,0.00066569,6.62E-05,-0.00022072,0.00064304,-0.00019797,0.00151,,0.0225488,-0.00353152
0.0013814,1.7866,0.5,3.1266,-0.010787,0.0018809,1.0009,1.7866,0.5,3.1266,0.00065508,7.30E-05,-0.00016414,0.00058544,-0.00014835,0.0015224,,0.0221024,-0.00262624
0.0013322,1.7949,0.5,3.1266,-0.012204,0.00056748,1.0044,1.7949,0.5,3.1266,0.00064986,7.91E-05,-9.77E-05,0.00056334,-0.00011807,0.0014512,,0.0213152,-0.001563536
0.0012962,1.8032,0.5,3.1266,-0.013407,-0.0016731,1.0061,1.8032,0.5,3.1266,0.00067175,8.18E-05,-6.02E-05,0.00053781,-0.00011467,0.0013828,,0.0207392,-0.00096312
0.0012403,1.8114,0.5,3.1266,-0.014388,-0.0041382,1.0067,1.8114,0.5,3.1266,0.00073225,6.47E-05,-5.42E-05,0.00050505,-0.00011453,0.0012432,,0.0198448,-0.000867808
0.0012071,1.8197,0.5,3.1266,-0.015244,-0.0062621,1.0065,1.8197,0.5,3.1266,0.00082305,1.95E-05,-5.56E-05,0.00050996,-9.61E-05,0.0010812,,0.0193136,-0.000889312
0.0012924,1.8279,0.5,3.1266,-0.015989,-0.0079408,1.006,1.8279,0.5,3.1266,0.00092061,-4.22E-05,-3.96E-05,0.00056088,-6.56E-05,0.0011033,,0.0206784,-0.000634336
0.0015491,1.8362,0.5,3.1266,-0.016573,-0.0089022,1.0037,1.8362,0.5,3.1266,0.00099885,-0.00010508,1.52E-05,0.00063131,-0.00012603,0.0014681,,0.0247856,0.000243792
0.0018979,1.8446,0.5,3.1266,-0.01696,-0.0087396,0.99845,1.8446,0.5,3.1266,0.0010459,-0.00015911,9.71E-05,0.0007216,-0.00033741,0.0020284,,0.0303664,0.001553632
0.0022127,1.8534,0.5,3.1266,-0.017138,-0.0072192,0.9935,1.8534,0.5,3.1266,0.0010615,-0.00019809,0.00016739,0.00086175,-0.0006263,0.0025021,,0.0354032,0.00267824
0.0024916,1.8626,0.5,3.1266,-0.017043,-0.0040672,0.99124,1.8626,0.5,3.1266,0.0010423,-0.00021578,0.00021293,0.001065,-0.00095244,0.0028759,,0.0398656,0.00340688
0.0027283,1.8723,0.5,3.1266,-0.016581,0.00031211,0.99027,1.8723,0.5,3.1266,0.00099546,-0.00020284,0.00022704,0.0012844,-0.0012672,0.0031767,,0.0436528,0.00363264
0.0028799,1.8824,0.5,3.1266,-0.015756,0.0038111,0.99028,1.8824,0.5,3.1266,0.00094698,-0.00016693,0.00021083,0.0014944,-0.0014913,0.0033183,,0.0460784,0.00337328
0.0028719,1.8931,0.5,3.1266,-0.014791,0.0050015,0.9914,1.8931,0.5,3.1266,0.00092519,-0.00012053,0.00023592,0.001609,-0.0015214,0.0032097,,0.0459504,0.00377472
0.0027471,1.9042,0.5,3.1266,-0.013822,0.0052878,0.99101,1.9042,0.5,3.1266,0.00094788,-9.79E-05,0.00035482,0.0015586,-0.0013343,0.0029877,,0.0439536,0.00567712
0.0027452,1.9159,0.5,3.1266,-0.012822,0.0066769,0.98905,1.9159,0.5,3.1266,0.0010021,-0.00011148,0.00046349,0.0015147,-0.0012001,0.0029735,,0.0439232,0.00741584
0.0028589,1.9282,0.5,3.1266,-0.012113,0.0093488,0.98818,1.9282,0.5,3.1266,0.0010781,-9.80E-05,0.00039985,0.0015341,-0.001175,0.0031056,,0.0457424,0.0063976
0.0029295,1.941,0.5,3.1266,-0.011703,0.011859,0.9879,1.941,0.5,3.1266,0.0011808,-3.78E-05,0.00021179,0.001501,-0.0011058,0.0031772,,0.046872,0.00338864
0.0029487,1.9545,0.5,3.1266,-0.010853,0.014514,0.98475,1.9545,0.5,3.1266,0.0012416,8.73E-05,-1.98E-05,0.001339,-0.0010095,0.0033167,,0.0471792,-0.000316816
0.0028858,1.9686,0.5,3.1266,-0.0094922,0.017223,0.9816,1.9686,0.5,3.1266,0.0011963,0.00024809,-0.0003756,0.0011503,-0.0010309,0.003425,,0.0461728,-0.0060096
0.0026596,1.9833,0.5,3.1266,-0.0076955,0.016661,0.98014,1.9833,0.5,3.1266,0.0011082,0.00033201,-0.00069215,0.0010313,-0.0011125,0.0031799,,0.0425536,-0.0110744
0.0022985,1.9988,0.5,3.1266,-0.0047472,0.012224,0.9804,1.9988,0.5,3.1266,0.0010915,0.00032668,-0.00071447,0.0010719,-0.0010498,0.0024336,,0.036776,-0.01143152
0.0021485,2.0149,0.5,3.1266,-0.0010281,0.0050329,0.98319,2.0149,0.5,3.1266,0.0011219,0.00023661,-0.00058312,0.0011734,-0.00089846,0.0020017,,0.034376,-0.00932992
0.0022443,2.0319,0.5,3.1266,0.0019048,-0.00079147,0.98244,2.0319,0.5,3.1266,0.001099,0.00016307,-0.00057199,0.0010945,-0.0007478,0.0022951,,0.0359088,-0.00915184
0.0025672,2.0496,0.5,3.1266,0.0034117,-0.0042087,0.98552,2.0496,0.5,3.1266,0.0010922,0.00022158,-0.00072201,0.00095526,-0.00066947,0.003087,,0.0410752,-0.01155216
0.0025597,2.0681,0.5,3.1266,0.0041744,-0.0082765,0.986,2.0681,0.5,3.1266,0.0011886,0.00029291,-0.00068813,0.00084198,-0.00053257,0.0030887,,0.0409552,-0.01101008
0.0021079,2.0875,0.5,3.1266,0.0050298,-0.0068146,0.9771,2.0875,0.5,3.1266,0.0012686,0.00028626,-0.00065029,0.00076782,-0.000423,0.0021794,,0.0337264,-0.01040464
0.0019909,2.1078,0.5,3.1266,0.0062349,-7.65E-05,0.9794,2.1078,0.5,3.1266,0.0013404,0.00023365,-0.00085346,0.00086371,-0.00034014,0.0017776,,0.0318544,-0.01365536
0.0020721,2.129,0.5,3.1266,0.0072408,0.0029244,0.9763,2.129,0.5,3.1266,0.0014037,0.00012355,-0.00087369,0.00086001,-0.00028456,0.0018806,,0.0331536,-0.01397904
0.0022794,2.1511,0.5,3.1266,0.0073352,-0.00067934,0.97317,2.1511,0.5,3.1266,0.0012625,0.00011282,-0.00091955,0.00069995,-0.00042778,0.0025962,,0.0364704,-0.0147128
0.0021222,2.1743,0.5,3.1266,0.00697,-0.0085184,0.98063,2.1743,0.5,3.1266,0.0010417,0.0002613,-0.00086881,0.00069237,-0.00036409,0.0025103,,0.0339552,-0.01390096
0.0018313,2.1984,0.5,3.1266,0.0066521,-0.014742,0.98936,2.1984,0.5,3.1266,0.00093826,0.00028556,-0.00040693,0.00072775,-0.00012817,0.0019965,,0.0293008,-0.00651088
0.0023686,2.2237,0.5,3.1266,0.0070425,-0.013424,0.9889,2.2237,0.5,3.1266,0.00078006,0.00012597,0.00010416,0.00080228,-0.00040946,0.0031549,,0.0378976,0.00166656
0.002432,2.2501,0.5,3.1266,0.0079145,-0.015033,0.99113,2.2501,0.5,3.1266,0.00066081,9.14E-05,0.00030135,0.00091377,-0.00033893,0.0032895,,0.038912,0.0048216
0.0022688,2.2776,0.5,3.1266,0.010455,-0.01501,0.97649,2.2776,0.5,3.1266,0.00065209,6.27E-05,0.00010463,0.0011004,3.38E-05,0.0027851,,0.0363008,0.00167408
0.0025422,2.3063,0.5,3.1266,0.015806,-0.017159,0.97622,2.3063,0.5,3.1266,0.0005844,4.47E-05,0.00011396,0.0016658,7.77E-05,0.0028343,,0.0406752,0.00182336
0.0031714,2.3362,0.5,3.1266,0.01588,-0.02409,0.98965,2.3362,0.5,3.1266,0.00057759,0.00016555,0.00021142,0.0026122,0.00070504,0.0031531,,0.0507424,0.00338272
0.0036178,2.3674,0.5,3.1266,0.011808,-0.021727,0.94543,2.3674,0.5,3.1266,0.00081602,0.00026325,0.00044195,0.0025518,0.0010885,0.0038677,,0.0578848,0.0070712
0.0041481,2.3999,0.5,3.1266,0.011271,-0.012516,0.89043,2.3999,0.5,3.1266,0.0011839,0.00012936,0.00087626,0.0020124,0.0008906,0.0050999,,0.0663696,0.01402016
0.0046633,2.4338,0.5,3.1266,0.0087052,0.00091513,0.84453,2.4338,0.5,3.1266,0.0010613,0.00022818,0.0010757,0.0028023,0.000659,0.005463,,0.0746128,0.0172112
0.0035867,2.4691,0.5,3.1266,0.0035482,0.0067209,0.73625,2.4691,0.5,3.1266,0.00041259,0.00031002,0.00069541,0.002884,0.00039938,0.0038769,,0.0573872,0.01112656
0.001685,1.6711,0.5,3.1642,0.0046337,0.013271,0.96558,1.6711,0.5,3.1642,0.0012747,-4.61E-05,0.00017105,0.00097364,-0.00051643,0.0011217,,0.02696,0.0027368
0.0016474,1.6793,0.5,3.1642,0.0035285,0.012073,0.96715,1.6793,0.5,3.1642,0.0012188,-5.14E-05,0.00018591,0.0009615,-0.00061298,0.0011145,,0.0263584,0.00297456
0.0015805,1.6876,0.5,3.1642,0.0023836,0.010626,0.96959,1.6876,0.5,3.1642,0.0011142,-5.87E-05,0.0001924,0.00094583,-0.00064992,0.001101,,0.025288,0.0030784
0.001454,1.6958,0.5,3.1642,0.0012764,0.0091228,0.9722,1.6958,0.5,3.1642,0.00099539,-8.54E-05,0.00017138,0.00090431,-0.00060338,0.0010083,,0.023264,0.00274208
0.001304,1.7041,0.5,3.1642,0.00030864,0.0077853,0.9752,1.7041,0.5,3.1642,0.00089223,-0.00013867,0.00016017,0.00086063,-0.00050934,0.0008552,,0.020864,0.00256272
0.0012003,1.7123,0.5,3.1642,-0.00061435,0.0067373,0.97821,1.7123,0.5,3.1642,0.00081071,-0.00019937,0.00018478,0.0008491,-0.00042554,0.00074076,,0.0192048,0.00295648
0.0011536,1.7206,0.5,3.1642,-0.0016793,0.0059183,0.97942,1.7206,0.5,3.1642,0.00074614,-0.00024651,0.00017287,0.00086282,-0.00034289,0.00069821,,0.0184576,0.00276592
0.0011433,1.7289,0.5,3.1642,-0.002904,0.0052375,0.97931,1.7289,0.5,3.1642,0.00069975,-0.00026755,8.86E-05,0.00086683,-0.00023318,0.00071995,,0.0182928,0.00141752
0.0011516,1.7371,0.5,3.1642,-0.0041698,0.0044911,0.98043,1.7371,0.5,3.1642,0.00067531,-0.00024836,-1.54E-05,0.00083345,-0.00014655,0.00079444,,0.0184256,-0.000246096
0.0011686,1.7454,0.5,3.1642,-0.0053998,0.0036078,0.98404,1.7454,0.5,3.1642,0.00067038,-0.00018664,-0.00010216,0.00079349,-0.00011798,0.00087334,,0.0186976,-0.00163456
0.0012121,1.7536,0.5,3.1642,-0.0065311,0.0027433,0.98864,1.7536,0.5,3.1642,0.00067499,-0.0001024,-0.00017138,0.0007953,-0.00012531,0.000954,,0.0193936,-0.00274208
0.0012939,1.7619,0.5,3.1642,-0.0075014,0.0021339,0.99178,1.7619,0.5,3.1642,0.00067986,-2.39E-05,-0.00022387,0.00081001,-0.00015286,0.001098,,0.0207024,-0.00358192
0.001398,1.7701,0.5,3.1642,-0.0084078,0.0020326,0.99338,1.7701,0.5,3.1642,0.00068357,3.16E-05,-0.00025355,0.00076938,-0.00018423,0.0013431,,0.022368,-0.0040568
0.00145,1.7784,0.5,3.1642,-0.0094992,0.002181,0.9962,1.7784,0.5,3.1642,0.00068745,6.31E-05,-0.00023802,0.00067609,-0.00017569,0.0015365,,0.0232,-0.00380832
0.0014071,1.7866,0.5,3.1642,-0.01087,0.0018129,1.0008,1.7866,0.5,3.1642,0.0006917,8.67E-05,-0.00017494,0.00059978,-0.00013591,0.0015227,,0.0225136,-0.00279904
0.0013514,1.7949,0.5,3.1642,-0.012287,0.00044673,1.0044,1.7949,0.5,3.1642,0.00070046,0.0001109,-0.00010485,0.00056882,-0.00011407,0.0014334,,0.0216224,-0.0016776
0.001319,1.8032,0.5,3.1642,-0.013483,-0.0017992,1.0064,1.8032,0.5,3.1642,0.00072512,0.00011895,-6.46E-05,0.00054892,-0.00010667,0.0013639,,0.021104,-0.001033488
0.0012699,1.8114,0.5,3.1642,-0.014437,-0.0042328,1.0069,1.8114,0.5,3.1642,0.00077434,9.21E-05,-4.99E-05,0.00053022,-0.00010219,0.0012352,,0.0203184,-0.000798016
0.0012429,1.8197,0.5,3.1642,-0.015248,-0.0063054,1.0065,1.8197,0.5,3.1642,0.00084097,3.17E-05,-4.24E-05,0.0005485,-8.93E-05,0.0010963,,0.0198864,-0.000678928
0.0013435,1.8279,0.5,3.1642,-0.015943,-0.0079203,1.0057,1.8279,0.5,3.1642,0.00090761,-3.95E-05,-2.54E-05,0.00060833,-7.07E-05,0.0011711,,0.021496,-0.00040616
0.0016202,1.8362,0.5,3.1642,-0.016477,-0.0088069,1.0027,1.8362,0.5,3.1642,0.00096151,-9.96E-05,2.43E-05,0.0006842,-0.00014525,0.0015947,,0.0259232,0.000389296
0.0019625,1.8446,0.5,3.1642,-0.016816,-0.0085394,0.99722,1.8446,0.5,3.1642,0.0010012,-0.00014295,9.96E-05,0.00077847,-0.0003686,0.0021452,,0.0314,0.001593648
0.0022526,1.8534,0.5,3.1642,-0.016932,-0.0068605,0.99248,1.8534,0.5,3.1642,0.0010288,-0.00017288,0.00016821,0.0009138,-0.00066427,0.0025626,,0.0360416,0.00269136
0.0025138,1.8626,0.5,3.1642,-0.016778,-0.0035847,0.99059,1.8626,0.5,3.1642,0.0010377,-0.00018837,0.00021201,0.0011031,-0.00098269,0.0028867,,0.0402208,0.00339216
0.0027466,1.8723,0.5,3.1642,-0.016299,0.00077967,0.98999,1.8723,0.5,3.1642,0.001019,-0.00018176,0.00021734,0.0013244,-0.0012794,0.0031498,,0.0439456,0.00347744
0.0029053,1.8824,0.5,3.1642,-0.015517,0.0041139,0.99012,1.8824,0.5,3.1642,0.00097664,-0.00016206,0.00019716,0.0015483,-0.0014726,0.0032857,,0.0464848,0.00315456
0.0028853,1.8931,0.5,3.1642,-0.014643,0.0050792,0.99099,1.8931,0.5,3.1642,0.00093976,-0.00014091,0.00022789,0.0016471,-0.0014694,0.0031837,,0.0461648,0.00364624
0.002728,1.9042,0.5,3.1642,-0.013772,0.0052415,0.99028,1.9042,0.5,3.1642,0.00094594,-0.00013616,0.0003531,0.00155,-0.0013131,0.00296,,0.043648,0.0056496
0.002723,1.9159,0.5,3.1642,-0.012864,0.0065579,0.98838,1.9159,0.5,3.1642,0.00099493,-0.00014344,0.00047323,0.0014711,-0.0012492,0.00298,,0.043568,0.00757168
0.0028487,1.9282,0.5,3.1642,-0.012249,0.0091162,0.98784,1.9282,0.5,3.1642,0.0010689,-0.00011358,0.00042108,0.0014702,-0.0012357,0.0031583,,0.0455792,0.00673728
0.0029203,1.941,0.5,3.1642,-0.011882,0.011613,0.98746,1.941,0.5,3.1642,0.0011572,-5.20E-05,0.00023382,0.0014113,-0.0011418,0.0032721,,0.0467248,0.00374112
0.0029501,1.9545,0.5,3.1642,-0.011018,0.014348,0.9844,1.9545,0.5,3.1642,0.0012077,6.58E-05,-1.98E-06,0.0012684,-0.0010449,0.0034242,,0.0472016,-3.16288E-05
0.0028908,1.9686,0.5,3.1642,-0.0096609,0.017226,0.98198,1.9686,0.5,3.1642,0.0011694,0.00024329,-0.00036998,0.001155,-0.0010663,0.0034573,,0.0462528,-0.00591968
0.0026894,1.9833,0.5,3.1642,-0.0079073,0.016888,0.98058,1.9833,0.5,3.1642,0.0010967,0.00034986,-0.00071333,0.0011052,-0.0011291,0.003177,,0.0430304,-0.01141328
0.0023282,1.9988,0.5,3.1642,-0.0050369,0.012497,0.98051,1.9988,0.5,3.1642,0.0011216,0.00031788,-0.00075104,0.0011286,-0.0010251,0.0024062,,0.0372512,-0.01201664
0.0021734,2.0149,0.5,3.1642,-0.0014057,0.0052495,0.98353,2.0149,0.5,3.1642,0.0012003,0.00018712,-0.00059387,0.0011768,-0.00084295,0.0019697,,0.0347744,-0.00950192
0.0022748,2.0319,0.5,3.1642,0.0014891,-0.0006533,0.98305,2.0319,0.5,3.1642,0.0011778,0.00011542,-0.00053726,0.0010853,-0.00071137,0.0022865,,0.0363968,-0.00859616
0.0025053,2.0496,0.5,3.1642,0.0029842,-0.0040461,0.98578,2.0496,0.5,3.1642,0.0011168,0.00018248,-0.00066369,0.00091689,-0.00064376,0.0029769,,0.0400848,-0.01061904
0.0024966,2.0681,0.5,3.1642,0.0037189,-0.0080745,0.98586,2.0681,0.5,3.1642,0.0011553,0.00026321,-0.00064037,0.00078662,-0.00052195,0.0030513,,0.0399456,-0.01024592
0.0021023,2.0875,0.5,3.1642,0.0045361,-0.006807,0.97737,2.0875,0.5,3.1642,0.0012419,0.00026625,-0.00062957,0.00074516,-0.00041575,0.0022175,,0.0336368,-0.01007312
0.0019911,2.1078,0.5,3.1642,0.0057457,-7.76E-05,0.97945,2.1078,0.5,3.1642,0.0013796,0.00021141,-0.00085772,0.00085085,-0.00032161,0.0017519,,0.0318576,-0.01372352
0.0020934,2.129,0.5,3.1642,0.0068792,0.0029903,0.9761,2.129,0.5,3.1642,0.0014734,0.00011394,-0.00087116,0.00083192,-0.00026498,0.0018816,,0.0334944,-0.01393856
0.002299,2.1511,0.5,3.1642,0.0071262,-0.00088493,0.97321,2.1511,0.5,3.1642,0.0012962,9.98E-05,-0.00092157,0.00068707,-0.00040996,0.0026147,,0.036784,-0.01474512
0.0021151,2.1743,0.5,3.1642,0.0067509,-0.0088107,0.98049,2.1743,0.5,3.1642,0.0010182,0.00024755,-0.00090043,0.00069327,-0.0003849,0.0025188,,0.0338416,-0.01440688
0.0017816,2.1984,0.5,3.1642,0.0063958,-0.014809,0.98905,2.1984,0.5,3.1642,0.00087616,0.00026282,-0.00039558,0.00071838,-0.00012375,0.0019687,,0.0285056,-0.00632928
0.0022961,2.2237,0.5,3.1642,0.0068737,-0.013533,0.98815,2.2237,0.5,3.1642,0.00073475,0.0001085,0.0001403,0.00078458,-0.00036429,0.003073,,0.0367376,0.0022448
0.0023652,2.2501,0.5,3.1642,0.0078772,-0.015159,0.99096,2.2501,0.5,3.1642,0.00065086,0.00010184,0.00030555,0.00088916,-0.00032301,0.0031904,,0.0378432,0.0048888
0.0022758,2.2776,0.5,3.1642,0.01054,-0.015095,0.97661,2.2776,0.5,3.1642,0.00063816,7.06E-05,0.00011442,0.0011016,2.12E-05,0.0028119,,0.0364128,0.00183072
0.0025796,2.3063,0.5,3.1642,0.015919,-0.017172,0.97534,2.3063,0.5,3.1642,0.00054787,6.79E-05,0.00010379,0.00176,4.76E-05,0.0028514,,0.0412736,0.00166064
0.0031627,2.3362,0.5,3.1642,0.015726,-0.024093,0.99012,2.3362,0.5,3.1642,0.00052461,0.0001716,0.0002242,0.0026725,0.00070493,0.0031283,,0.0506032,0.0035872
0.0036321,2.3674,0.5,3.1642,0.011314,-0.021727,0.94594,2.3674,0.5,3.1642,0.00076864,0.00025191,0.00045707,0.0026019,0.0011545,0.0038936,,0.0581136,0.00731312
0.0041568,2.3999,0.5,3.1642,0.011066,-0.012359,0.88971,2.3999,0.5,3.1642,0.001174,0.00015231,0.00083009,0.0020826,0.00097399,0.0050569,,0.0665088,0.01328144
0.0046173,2.4338,0.5,3.1642,0.009035,0.00088619,0.84477,2.4338,0.5,3.1642,0.0010628,0.00023337,0.0010507,0.002752,0.00069445,0.0054197,,0.0738768,0.0168112
0.0035402,2.4691,0.5,3.1642,0.0038473,0.0065272,0.73684,2.4691,0.5,3.1642,0.00040649,0.00029205,0.00069861,0.0027971,0.00039788,0.0038768,,0.0566432,0.01117776
0.0016652,1.6711,0.5,3.2026,0.0047661,0.013125,0.96505,1.6711,0.5,3.2026,0.0012336,-6.47E-05,0.00014649,0.00096382,-0.00049207,0.001133,,0.0266432,0.00234384
0.0016188,1.6793,0.5,3.2026,0.0037238,0.011977,0.96663,1.6793,0.5,3.2026,0.0011967,-6.09E-05,0.00017648,0.0009518,-0.00059783,0.0010892,,0.0259008,0.00282368
0.0015555,1.6876,0.5,3.2026,0.0026121,0.010636,0.9691,1.6876,0.5,3.2026,0.0011124,-5.87E-05,0.00019963,0.00093764,-0.00064757,0.0010608,,0.024888,0.00319408
0.0014478,1.6958,0.5,3.2026,0.0014937,0.0093393,0.97174,1.6958,0.5,3.2026,0.0010064,-7.23E-05,0.00019159,0.00090707,-0.00061377,0.00098225,,0.0231648,0.00306544
0.0013085,1.7041,0.5,3.2026,0.00047121,0.0081775,0.97458,1.7041,0.5,3.2026,0.00090606,-0.00011258,0.00017435,0.00087342,-0.0005223,0.00083755,,0.020936,0.0027896
0.0011994,1.7123,0.5,3.2026,-0.00051543,0.0071444,0.97763,1.7123,0.5,3.2026,0.00082799,-0.00016831,0.00018461,0.00085919,-0.00042733,0.00071164,,0.0191904,0.00295376
0.001146,1.7206,0.5,3.2026,-0.0016293,0.006243,0.9793,1.7206,0.5,3.2026,0.00077308,-0.00022176,0.00015929,0.00086092,-0.00034012,0.00065793,,0.018336,0.00254864
0.0011348,1.7289,0.5,3.2026,-0.0028912,0.0054684,0.97957,1.7289,0.5,3.2026,0.00073396,-0.00025622,6.18E-05,0.00085147,-0.00023837,0.00068412,,0.0181568,0.000988016
0.0011381,1.7371,0.5,3.2026,-0.0041928,0.0046143,0.9808,1.7371,0.5,3.2026,0.00070594,-0.00025033,-4.93E-05,0.00081046,-0.00015801,0.00075977,,0.0182096,-0.000788448
0.0011485,1.7454,0.5,3.2026,-0.0054463,0.0036184,0.98436,1.7454,0.5,3.2026,0.00068897,-0.00019639,-0.00013022,0.00077419,-0.00012706,0.00083392,,0.018376,-0.00208352
0.0011939,1.7536,0.5,3.2026,-0.0065816,0.0027051,0.98879,1.7536,0.5,3.2026,0.00067796,-0.00011297,-0.00018721,0.00078891,-0.0001278,0.00092094,,0.0191024,-0.00299536
0.0012828,1.7619,0.5,3.2026,-0.0075539,0.0021358,0.99173,1.7619,0.5,3.2026,0.00066553,-3.38E-05,-0.00023396,0.00081674,-0.00015325,0.0010834,,0.0205248,-0.00374336
0.0013893,1.7701,0.5,3.2026,-0.0084854,0.0020664,0.99322,1.7701,0.5,3.2026,0.00065183,1.80E-05,-0.00026018,0.0007822,-0.00018119,0.0013446,,0.0222288,-0.00416288
0.0014357,1.7784,0.5,3.2026,-0.0096171,0.0021594,0.996,1.7784,0.5,3.2026,0.00064133,4.53E-05,-0.00023663,0.00068848,-0.00016061,0.0015416,,0.0229712,-0.00378608
0.0013883,1.7866,0.5,3.2026,-0.011006,0.0017166,1.0006,1.7866,0.5,3.2026,0.00063957,6.91E-05,-0.00016969,0.00060854,-0.00011469,0.0015286,,0.0222128,-0.00271504
0.0013297,1.7949,0.5,3.2026,-0.012402,0.00033361,1.0045,1.7949,0.5,3.2026,0.00065101,9.74E-05,-0.00010261,0.00057105,-9.51E-05,0.0014373,,0.0212752,-0.00164176
0.0012938,1.8032,0.5,3.2026,-0.013553,-0.0018885,1.0066,1.8032,0.5,3.2026,0.00068044,0.00011144,-6.10E-05,0.0005478,-9.11E-05,0.0013594,,0.0207008,-0.0009764
0.0012515,1.8114,0.5,3.2026,-0.014458,-0.0042954,1.0071,1.8114,0.5,3.2026,0.00073318,9.31E-05,-3.86E-05,0.00053548,-9.24E-05,0.0012343,,0.020024,-0.000617776
0.001246,1.8197,0.5,3.2026,-0.015227,-0.0063434,1.0065,1.8197,0.5,3.2026,0.00080133,4.13E-05,-2.65E-05,0.00056737,-7.97E-05,0.0011232,,0.019936,-0.000423984
0.0013773,1.8279,0.5,3.2026,-0.015893,-0.007917,1.0052,1.8279,0.5,3.2026,0.00086792,-2.43E-05,-7.36E-06,0.00063772,-5.77E-05,0.001249,,0.0220368,-0.000117778
0.0016732,1.8362,0.5,3.2026,-0.016415,-0.0087241,1.0017,1.8362,0.5,3.2026,0.00092493,-8.09E-05,4.59E-05,0.00071058,-0.00013808,0.0017108,,0.0267712,0.00073424
0.0019958,1.8446,0.5,3.2026,-0.016734,-0.0083088,0.99605,1.8446,0.5,3.2026,0.0009712,-0.00012476,0.00012018,0.00078931,-0.00038312,0.0022311,,0.0319328,0.00192288
0.00225,1.8534,0.5,3.2026,-0.016795,-0.0064553,0.99155,1.8534,0.5,3.2026,0.0010047,-0.0001557,0.00018106,0.00090239,-0.00070205,0.0025928,,0.036,0.00289696
0.0024853,1.8626,0.5,3.2026,-0.016573,-0.0030971,0.99007,1.8626,0.5,3.2026,0.0010219,-0.00016312,0.00021379,0.0010794,-0.0010172,0.0028692,,0.0397648,0.00342064
0.0027045,1.8723,0.5,3.2026,-0.016048,0.0012228,0.98981,1.8723,0.5,3.2026,0.0010161,-0.00014193,0.0002114,0.0013193,-0.0012989,0.0030737,,0.043272,0.0033824
0.0028601,1.8824,0.5,3.2026,-0.015272,0.0044026,0.98997,1.8824,0.5,3.2026,0.00098143,-0.0001149,0.00020659,0.001567,-0.0014798,0.0031717,,0.0457616,0.00330544
0.0028303,1.8931,0.5,3.2026,-0.014471,0.0051467,0.99056,1.8931,0.5,3.2026,0.00093663,-0.00010508,0.00026763,0.001653,-0.001462,0.003071,,0.0452848,0.00428208
0.0026764,1.9042,0.5,3.2026,-0.01372,0.0051563,0.98955,1.9042,0.5,3.2026,0.00092666,-0.0001194,0.0003858,0.0015323,-0.0013189,0.0028937,,0.0428224,0.0061728
0.0027237,1.9159,0.5,3.2026,-0.012942,0.0063605,0.98766,1.9159,0.5,3.2026,0.00097114,-0.00014304,0.00046802,0.0014698,-0.0012775,0.0030064,,0.0435792,0.00748832
0.0029118,1.9282,0.5,3.2026,-0.012405,0.0088155,0.9874,1.9282,0.5,3.2026,0.0010574,-0.00012989,0.00040965,0.0014938,-0.0012532,0.0032723,,0.0465888,0.0065544
0.0030048,1.941,0.5,3.2026,-0.012029,0.011403,0.98692,1.941,0.5,3.2026,0.0011566,-8.48E-05,0.00024822,0.0014366,-0.0011532,0.0034165,,0.0480768,0.00397152
0.0030028,1.9545,0.5,3.2026,-0.011152,0.014295,0.98415,1.9545,0.5,3.2026,0.0012121,2.13E-05,2.68E-05,0.0013151,-0.0010764,0.0034784,,0.0480448,0.00042944
0.0029192,1.9686,0.5,3.2026,-0.0098211,0.017306,0.98254,1.9686,0.5,3.2026,0.0011866,0.00021484,-0.00035227,0.0012337,-0.0010887,0.0034182,,0.0467072,-0.00563632
0.0027441,1.9833,0.5,3.2026,-0.0081251,0.017176,0.98112,1.9833,0.5,3.2026,0.0011364,0.00034453,-0.00072367,0.0011989,-0.0011148,0.0031529,,0.0439056,-0.01157872
0.0023661,1.9988,0.5,3.2026,-0.0053458,0.012831,0.98055,1.9988,0.5,3.2026,0.0011732,0.00029526,-0.000774,0.0011777,-0.0009877,0.0023813,,0.0378576,-0.012384
0.0021718,2.0149,0.5,3.2026,-0.0017981,0.0054611,0.98368,2.0149,0.5,3.2026,0.0012265,0.00014648,-0.00058358,0.0011699,-0.0008081,0.0019473,,0.0347488,-0.00933728
0.0022493,2.0319,0.5,3.2026,0.0010368,-0.00053874,0.9836,2.0319,0.5,3.2026,0.001167,8.91E-05,-0.00047058,0.0010788,-0.00069731,0.0022529,,0.0359888,-0.00752928
0.0024251,2.0496,0.5,3.2026,0.0024847,-0.0038839,0.98612,2.0496,0.5,3.2026,0.0010934,0.00017165,-0.00059306,0.00088545,-0.00062315,0.0028713,,0.0388016,-0.00948896
0.0024545,2.0681,0.5,3.2026,0.0031951,-0.0078616,0.98581,2.0681,0.5,3.2026,0.001137,0.00027029,-0.00059893,0.00073034,-0.00051686,0.0030416,,0.039272,-0.00958288
0.0021103,2.0875,0.5,3.2026,0.0039846,-0.0067602,0.97777,2.0875,0.5,3.2026,0.0012581,0.00024192,-0.00060583,0.00072061,-0.00039399,0.0022418,,0.0337648,-0.00969328
0.0019807,2.1078,0.5,3.2026,0.0052095,-7.43E-05,0.97957,2.1078,0.5,3.2026,0.0014248,0.00014232,-0.0008536,0.00083618,-0.0002854,0.0017004,,0.0316912,-0.0136576
0.0021066,2.129,0.5,3.2026,0.0064899,0.0030252,0.97589,2.129,0.5,3.2026,0.0014942,5.84E-05,-0.00086108,0.00082518,-0.00024811,0.0018937,,0.0337056,-0.01377728
0.0023045,2.1511,0.5,3.2026,0.0069211,-0.0010845,0.97331,2.1511,0.5,3.2026,0.0013088,6.81E-05,-0.0009348,0.00067062,-0.00040056,0.0026297,,0.036872,-0.0149568
0.0021036,2.1743,0.5,3.2026,0.0066193,-0.0091014,0.98032,2.1743,0.5,3.2026,0.0010234,0.00021563,-0.00095739,0.00066511,-0.00039882,0.0025188,,0.0336576,-0.01531824
0.001777,2.1984,0.5,3.2026,0.0062572,-0.01492,0.98853,2.1984,0.5,3.2026,0.0008376,0.00019328,-0.00041949,0.0007083,-0.00010503,0.0020081,,0.028432,-0.00671184
0.0022514,2.2237,0.5,3.2026,0.0067576,-0.013666,0.98739,2.2237,0.5,3.2026,0.00071399,4.85E-05,0.00012201,0.0007685,-0.00031557,0.0030203,,0.0360224,0.00195216
0.0023473,2.2501,0.5,3.2026,0.0078488,-0.01522,0.99092,2.2501,0.5,3.2026,0.00065924,7.89E-05,0.00025716,0.00090316,-0.00023774,0.0031321,,0.0375568,0.00411456
0.0023136,2.2776,0.5,3.2026,0.010638,-0.015192,0.97684,2.2776,0.5,3.2026,0.00062055,9.83E-05,0.00010166,0.0011296,1.82E-05,0.002877,,0.0370176,0.00162656
0.0025224,2.3063,0.5,3.2026,0.016027,-0.017245,0.97449,2.3063,0.5,3.2026,0.00051581,0.000156,9.29E-05,0.0017122,-6.25E-05,0.0028168,,0.0403584,0.001486832
0.0030485,2.3362,0.5,3.2026,0.015567,-0.024027,0.9904,2.3362,0.5,3.2026,0.00049037,0.0001854,0.00021586,0.0025391,0.00065977,0.0030676,,0.048776,0.00345376
0.0035906,2.3674,0.5,3.2026,0.010807,-0.021618,0.94653,2.3674,0.5,3.2026,0.00073673,0.00022026,0.00044519,0.0025881,0.0011485,0.0038563,,0.0574496,0.00712304
0.0041171,2.3999,0.5,3.2026,0.010717,-0.012205,0.88915,2.3999,0.5,3.2026,0.0011825,0.00016912,0.00078601,0.0021325,0.00094455,0.0049193,,0.0658736,0.01257616
0.0045773,2.4338,0.5,3.2026,0.0091631,0.00083954,0.84484,2.4338,0.5,3.2026,0.0011011,0.00025377,0.0010262,0.0027025,0.00066796,0.005351,,0.0732368,0.0164192
0.0035358,2.4691,0.5,3.2026,0.0040456,0.0063995,0.73719,2.4691,0.5,3.2026,0.00042502,0.00030107,0.00069346,0.0027442,0.00039388,0.0039024,,0.0565728,0.01109536
0.0016591,1.6711,0.5,3.2418,0.0048502,0.012922,0.96433,1.6711,0.5,3.2418,0.001213,-8.49E-05,0.00010273,0.00095541,-0.00048109,0.0011498,,0.0265456,0.00164368
0.0016094,1.6793,0.5,3.2418,0.0038736,0.011847,0.96596,1.6793,0.5,3.2418,0.0011885,-8.30E-05,0.00015012,0.00095148,-0.00057984,0.0010788,,0.0257504,0.00240192
0.0015362,1.6876,0.5,3.2418,0.0027931,0.010635,0.9685,1.6876,0.5,3.2418,0.0011113,-8.34E-05,0.00018493,0.00093928,-0.00063708,0.0010217,,0.0245792,0.00295888
0.0014384,1.6958,0.5,3.2418,0.0016765,0.0095344,0.97123,1.6958,0.5,3.2418,0.0010085,-9.33E-05,0.00019496,0.0009129,-0.00061972,0.00095544,,0.0230144,0.00311936
0.0013116,1.7041,0.5,3.2418,0.00062713,0.0085448,0.97401,1.7041,0.5,3.2418,0.00091067,-0.00012185,0.00018573,0.00088288,-0.00053538,0.00082961,,0.0209856,0.00297168
0.001203,1.7123,0.5,3.2418,-0.00041361,0.0075554,0.97714,1.7123,0.5,3.2418,0.00083611,-0.00016374,0.00018512,0.00086626,-0.00043226,0.00070372,,0.019248,0.00296192
0.0011478,1.7206,0.5,3.2418,-0.0015834,0.0065855,0.97921,1.7206,0.5,3.2418,0.00078473,-0.0002076,0.00014854,0.00086108,-0.00034047,0.00064981,,0.0183648,0.00237664
0.0011306,1.7289,0.5,3.2418,-0.0028872,0.0057028,0.97982,1.7289,0.5,3.2418,0.00074628,-0.00023718,4.92E-05,0.0008403,-0.00024569,0.00067455,,0.0180896,0.000787216
0.0011199,1.7371,0.5,3.2418,-0.0042158,0.0047304,0.98113,1.7371,0.5,3.2418,0.00071585,-0.00022855,-5.74E-05,0.00078871,-0.0001749,0.00073531,,0.0179184,-0.000918128
0.001118,1.7454,0.5,3.2418,-0.005485,0.0036208,0.98462,1.7454,0.5,3.2418,0.00069359,-0.00017408,-0.0001375,0.00074728,-0.00015429,0.00079507,,0.017888,-0.0022
0.0011626,1.7536,0.5,3.2418,-0.0066172,0.0026645,0.98887,1.7536,0.5,3.2418,0.00067729,-9.48E-05,-0.00019532,0.00076077,-0.00016543,0.00088717,,0.0186016,-0.00312512
0.0012547,1.7619,0.5,3.2418,-0.0075816,0.0021479,0.99166,1.7619,0.5,3.2418,0.00066145,-2.38E-05,-0.0002408,0.00078997,-0.00019286,0.0010579,,0.0200752,-0.0038528
0.0013567,1.7701,0.5,3.2418,-0.0085347,0.0021233,0.99307,1.7701,0.5,3.2418,0.00064085,1.96E-05,-0.00026215,0.0007568,-0.00020714,0.0013158,,0.0217072,-0.0041944
0.0013976,1.7784,0.5,3.2418,-0.0097172,0.0021717,0.99585,1.7784,0.5,3.2418,0.00061526,3.96E-05,-0.00022716,0.00066746,-0.00016133,0.0015125,,0.0223616,-0.00363456
0.0013559,1.7866,0.5,3.2418,-0.011147,0.001657,1.0005,1.7866,0.5,3.2418,0.00059461,5.60E-05,-0.00015146,0.00059681,-9.50E-05,0.0015204,,0.0216944,-0.00242336
0.0013004,1.7949,0.5,3.2418,-0.012547,0.0002463,1.0046,1.7949,0.5,3.2418,0.00059236,7.90E-05,-8.44E-05,0.00056473,-6.91E-05,0.0014437,,0.0208064,-0.001351072
0.0012574,1.8032,0.5,3.2418,-0.01367,-0.0019826,1.0068,1.8032,0.5,3.2418,0.00061738,9.62E-05,-4.54E-05,0.00054185,-7.36E-05,0.0013557,,0.0201184,-0.000726352
0.0012205,1.8114,0.5,3.2418,-0.014527,-0.0044114,1.0073,1.8114,0.5,3.2418,0.00067312,9.11E-05,-2.50E-05,0.0005356,-8.83E-05,0.0012323,,0.019528,-0.000399536
0.001234,1.8197,0.5,3.2418,-0.015239,-0.0064598,1.0065,1.8197,0.5,3.2418,0.00074826,5.47E-05,-1.75E-05,0.00057755,-7.42E-05,0.0011422,,0.019744,-0.0002792
0.0013807,1.8279,0.5,3.2418,-0.015868,-0.007958,1.0048,1.8279,0.5,3.2418,0.00082363,-3.13E-06,-1.20E-06,0.0006446,-4.41E-05,0.0012932,,0.0220912,-1.91824E-05
0.0016733,1.8362,0.5,3.2418,-0.016378,-0.0085978,1.0008,1.8362,0.5,3.2418,0.00088769,-5.99E-05,5.41E-05,0.00069672,-0.00013011,0.0017622,,0.0267728,0.000865472
0.0019711,1.8446,0.5,3.2418,-0.016668,-0.0079763,0.99496,1.8446,0.5,3.2418,0.00093199,-0.00010749,0.00012517,0.00075262,-0.00039494,0.0022576,,0.0315376,0.00200272
0.0022057,1.8534,0.5,3.2418,-0.016673,-0.0060036,0.99069,1.8534,0.5,3.2418,0.00095148,-0.0001406,0.00017711,0.00085525,-0.00073334,0.0026047,,0.0352912,0.00283376
0.0024269,1.8626,0.5,3.2418,-0.016392,-0.0026633,0.98958,1.8626,0.5,3.2418,0.00095398,-0.00014471,0.00021064,0.0010394,-0.0010501,0.0028604,,0.0388304,0.00337024
0.0026258,1.8723,0.5,3.2418,-0.015829,0.0015441,0.98956,1.8723,0.5,3.2418,0.00095267,-0.00011521,0.00022125,0.0012941,-0.0013288,0.0030048,,0.0420128,0.00354
0.0027557,1.8824,0.5,3.2418,-0.015055,0.0045564,0.98966,1.8824,0.5,3.2418,0.00094446,-7.52E-05,0.00024127,0.0015407,-0.0015111,0.0030261,,0.0440912,0.00386032
0.0027214,1.8931,0.5,3.2418,-0.014312,0.0051298,0.99005,1.8931,0.5,3.2418,0.00092421,-5.66E-05,0.00032664,0.0015989,-0.0014858,0.0029197,,0.0435424,0.00522624
0.0026237,1.9042,0.5,3.2418,-0.013666,0.0050749,0.98884,1.9042,0.5,3.2418,0.00092232,-7.75E-05,0.0004213,0.0014711,-0.0013277,0.0028539,,0.0419792,0.0067408
0.0027565,1.9159,0.5,3.2418,-0.013012,0.0062258,0.98694,1.9159,0.5,3.2418,0.00096969,-0.00012762,0.00044671,0.0014568,-0.0012695,0.0030866,,0.044104,0.00714736
0.0030089,1.9282,0.5,3.2418,-0.012553,0.0085592,0.98682,1.9282,0.5,3.2418,0.0010685,-0.00015114,0.00038097,0.0015337,-0.0012443,0.0034156,,0.0481424,0.00609552
0.0031084,1.941,0.5,3.2418,-0.012177,0.011213,0.98632,1.941,0.5,3.2418,0.0011873,-0.00013327,0.00026268,0.0015024,-0.0011667,0.0035271,,0.0497344,0.00420288
0.0030571,1.9545,0.5,3.2418,-0.011303,0.014243,0.98405,1.9545,0.5,3.2418,0.0012561,-3.32E-05,6.71E-05,0.0013933,-0.0010982,0.0034649,,0.0489136,0.001072928
0.0029479,1.9686,0.5,3.2418,-0.0099921,0.01736,0.9832,1.9686,0.5,3.2418,0.0012342,0.00018977,-0.00031465,0.0013001,-0.0010833,0.0033616,,0.0471664,-0.0050344
0.0027596,1.9833,0.5,3.2418,-0.0083311,0.017464,0.98171,1.9833,0.5,3.2418,0.0011762,0.0003505,-0.00069316,0.0012364,-0.0010877,0.0031067,,0.0441536,-0.01109056
0.0023402,1.9988,0.5,3.2418,-0.0056305,0.013191,0.98058,1.9988,0.5,3.2418,0.0011642,0.00029229,-0.00074723,0.0011882,-0.00096163,0.0023279,,0.0374432,-0.01195568
0.0020952,2.0149,0.5,3.2418,-0.0021772,0.0056574,0.98368,2.0149,0.5,3.2418,0.0011409,0.00013105,-0.00052983,0.0011589,-0.00080338,0.0018907,,0.0335232,-0.00847728
0.0021712,2.0319,0.5,3.2418,0.00052433,-0.00044532,0.9841,2.0319,0.5,3.2418,0.0010651,7.55E-05,-0.00039162,0.0010768,-0.00070228,0.0022005,,0.0347392,-0.00626592
0.0023697,2.0496,0.5,3.2418,0.0018498,-0.0036968,0.98658,2.0496,0.5,3.2418,0.0010443,0.00017087,-0.0005382,0.0008917,-0.00059991,0.0028035,,0.0379152,-0.0086112
0.0024277,2.0681,0.5,3.2418,0.0025603,-0.0075337,0.98599,2.0681,0.5,3.2418,0.001137,0.00027656,-0.00055665,0.00073588,-0.00049876,0.0029825,,0.0388432,-0.0089064
0.0021171,2.0875,0.5,3.2418,0.0033837,-0.0065143,0.97837,2.0875,0.5,3.2418,0.0012844,0.00019684,-0.00056695,0.00074146,-0.00035273,0.0022084,,0.0338736,-0.0090712
0.0019747,2.1078,0.5,3.2418,0.0046734,8.92E-06,0.97976,2.1078,0.5,3.2418,0.0014264,7.09E-05,-0.0008227,0.00086017,-0.00025424,0.0016629,,0.0315952,-0.0131632
0.0021042,2.129,0.5,3.2418,0.006103,0.0030147,0.97573,2.129,0.5,3.2418,0.0014435,2.07E-06,-0.0008329,0.00085889,-0.00025038,0.0019061,,0.0336672,-0.0133264
0.0022949,2.1511,0.5,3.2418,0.0066751,-0.0012942,0.97349,2.1511,0.5,3.2418,0.0012997,4.73E-05,-0.00094706,0.00066446,-0.00040593,0.0026256,,0.0367184,-0.01515296
0.0021194,2.1743,0.5,3.2418,0.006489,-0.0093704,0.98008,2.1743,0.5,3.2418,0.001071,0.00022036,-0.0010165,0.00063978,-0.00041516,0.002528,,0.0339104,-0.016264
0.0018466,2.1984,0.5,3.2418,0.0061628,-0.014991,0.98789,2.1984,0.5,3.2418,0.00085499,0.00017458,-0.00044193,0.00075514,-0.00010522,0.0020831,,0.0295456,-0.00707088
0.0022722,2.2237,0.5,3.2418,0.0066185,-0.013784,0.98676,2.2237,0.5,3.2418,0.00071221,2.23E-05,0.00010861,0.00085717,-0.00028069,0.002975,,0.0363552,0.00173776
0.00236,2.2501,0.5,3.2418,0.0077449,-0.015323,0.99101,2.2501,0.5,3.2418,0.00066284,6.49E-05,0.00022231,0.00096568,-0.00013131,0.0030915,,0.03776,0.00355696
0.0023607,2.2776,0.5,3.2418,0.010626,-0.015385,0.97709,2.2776,0.5,3.2418,0.00061316,0.00012492,0.00012432,0.0011809,2.46E-05,0.0029274,,0.0377712,0.00198912
0.0024364,2.3063,0.5,3.2418,0.016008,-0.017297,0.97368,2.3063,0.5,3.2418,0.00050425,0.0002147,0.00011564,0.0016441,-0.00014848,0.0027244,,0.0389824,0.00185024
0.0028789,2.3362,0.5,3.2418,0.015384,-0.023816,0.99058,2.3362,0.5,3.2418,0.00047651,0.00019419,0.00021618,0.0023199,0.00059597,0.0029613,,0.0460624,0.00345888
0.0034734,2.3674,0.5,3.2418,0.010325,-0.021477,0.94711,2.3674,0.5,3.2418,0.00069277,0.00021216,0.00041569,0.0024818,0.0010539,0.0037722,,0.0555744,0.00665104
0.0040905,2.3999,0.5,3.2418,0.010286,-0.012066,0.88847,2.3999,0.5,3.2418,0.0011602,0.00018446,0.00072735,0.0021529,0.00081231,0.0048678,,0.065448,0.0116376
0.0046359,2.4338,0.5,3.2418,0.0091924,0.00081429,0.84458,2.4338,0.5,3.2418,0.0011516,0.00029253,0.00099622,0.002726,0.00057652,0.0053942,,0.0741744,0.01593952
0.0035795,2.4691,0.5,3.2418,0.0042104,0.0062904,0.73731,2.4691,0.5,3.2418,0.00046564,0.0003455,0.00068326,0.0027642,0.00037589,0.0039292,,0.057272,0.01093216
0.0016616,1.6711,0.5,3.2819,0.0049031,0.01276,0.96351,1.6711,0.5,3.2819,0.0012181,-6.46E-05,6.20E-05,0.00095459,-0.00049222,0.0011505,,0.0265856,0.000991664
0.001608,1.6793,0.5,3.2819,0.0039886,0.0118,0.96516,1.6793,0.5,3.2819,0.0011831,-7.46E-05,0.00010876,0.00095097,-0.00057353,0.001082,,0.025728,0.00174016
0.0015272,1.6876,0.5,3.2819,0.002956,0.010697,0.96776,1.6876,0.5,3.2819,0.0011071,-9.13E-05,0.00015175,0.0009357,-0.00062095,0.0010116,,0.0244352,0.002428
0.0014296,1.6958,0.5,3.2819,0.0018417,0.0097286,0.97063,1.6958,0.5,3.2819,0.0010079,-0.00011344,0.0001778,0.00090687,-0.00060679,0.00094447,,0.0228736,0.0028448
0.0013137,1.7041,0.5,3.2819,0.00074699,0.008849,0.97348,1.7041,0.5,3.2819,0.00090989,-0.00014712,0.00018238,0.00088,-0.00053264,0.00083752,,0.0210192,0.00291808
0.0012085,1.7123,0.5,3.2819,-0.00035566,0.0078659,0.97674,1.7123,0.5,3.2819,0.00082752,-0.00018705,0.00017898,0.00086829,-0.00043277,0.0007212,,0.019336,0.00286368
0.0011527,1.7206,0.5,3.2819,-0.0015676,0.0068256,0.97916,1.7206,0.5,3.2819,0.00076348,-0.00022117,0.00013917,0.00086554,-0.00034187,0.00067631,,0.0184432,0.00222672
0.0011298,1.7289,0.5,3.2819,-0.0028882,0.0058573,0.98007,1.7289,0.5,3.2819,0.00071557,-0.00023473,4.38E-05,0.00084539,-0.00024905,0.0006987,,0.0180768,0.000701472
0.0011113,1.7371,0.5,3.2819,-0.0042315,0.0047996,0.98147,1.7371,0.5,3.2819,0.00068566,-0.00020962,-6.15E-05,0.00079376,-0.00018189,0.00074311,,0.0177808,-0.000983216
0.0011099,1.7454,0.5,3.2819,-0.005515,0.0036312,0.98488,1.7454,0.5,3.2819,0.00067168,-0.00014701,-0.00014624,0.00074807,-0.00017304,0.00079998,,0.0177584,-0.00233984
0.0011573,1.7536,0.5,3.2819,-0.0066525,0.0026891,0.98893,1.7536,0.5,3.2819,0.00066497,-7.35E-05,-0.00021066,0.00075116,-0.00019656,0.00089846,,0.0185168,-0.00337056
0.0012479,1.7619,0.5,3.2819,-0.0076188,0.0022371,0.99155,1.7619,0.5,3.2819,0.00066041,-1.68E-05,-0.00025531,0.00076995,-0.00022556,0.0010653,,0.0199664,-0.00408496
0.0013432,1.7701,0.5,3.2819,-0.0085891,0.0022389,0.99294,1.7701,0.5,3.2819,0.00065176,1.65E-05,-0.00026878,0.00073124,-0.00022816,0.0013035,,0.0214912,-0.00430048
0.0013792,1.7784,0.5,3.2819,-0.0098066,0.0022374,0.99575,1.7784,0.5,3.2819,0.00063206,3.65E-05,-0.0002232,0.00064473,-0.00016542,0.0014815,,0.0220672,-0.0035712
0.0013451,1.7866,0.5,3.2819,-0.011266,0.0016489,1.0006,1.7866,0.5,3.2819,0.00060912,5.93E-05,-0.00013615,0.00058476,-8.18E-05,0.0014963,,0.0215216,-0.0021784
0.001293,1.7949,0.5,3.2819,-0.012677,0.00019329,1.0048,1.7949,0.5,3.2819,0.00060031,9.00E-05,-6.31E-05,0.00056169,-4.58E-05,0.001424,,0.020688,-0.001009488
0.0012445,1.8032,0.5,3.2819,-0.013791,-0.0020766,1.0071,1.8032,0.5,3.2819,0.0006181,0.00011377,-2.42E-05,0.00054265,-5.68E-05,0.0013282,,0.019912,-0.000387136
0.0012181,1.8114,0.5,3.2819,-0.014612,-0.0045738,1.0075,1.8114,0.5,3.2819,0.00066532,0.00011309,-5.97E-06,0.00054262,-8.14E-05,0.0012282,,0.0194896,-9.55408E-05
0.0012471,1.8197,0.5,3.2819,-0.015273,-0.0066321,1.0065,1.8197,0.5,3.2819,0.00072837,7.92E-05,-4.39E-06,0.00058802,-6.58E-05,0.0011779,,0.0199536,-7.02416E-05
0.0013896,1.8279,0.5,3.2819,-0.015874,-0.0079874,1.0044,1.8279,0.5,3.2819,0.00078777,2.11E-05,4.16E-06,0.00064038,-3.79E-05,0.0013511,,0.0222336,6.65008E-05
0.0016569,1.8362,0.5,3.2819,-0.016371,-0.0083721,0.99981,1.8362,0.5,3.2819,0.0008331,-3.90E-05,5.63E-05,0.00067032,-0.00014236,0.0018104,,0.0265104,0.000901424
0.0019296,1.8446,0.5,3.2819,-0.016632,-0.007535,0.99386,1.8446,0.5,3.2819,0.00085821,-8.76E-05,0.00012411,0.00072017,-0.00042369,0.0022809,,0.0308736,0.00198576
0.0021615,1.8534,0.5,3.2819,-0.01659,-0.0055018,0.98991,1.8534,0.5,3.2819,0.00086101,-0.00012029,0.00016744,0.0008386,-0.00076201,0.0026235,,0.034584,0.00267904
0.0023816,1.8626,0.5,3.2819,-0.016272,-0.0022348,0.98913,1.8626,0.5,3.2819,0.00085501,-0.00013082,0.00019815,0.0010434,-0.0010701,0.0028648,,0.0381056,0.0031704
0.0025661,1.8723,0.5,3.2819,-0.015695,0.0018012,0.98922,1.8723,0.5,3.2819,0.00086395,-0.00011051,0.0002186,0.0013005,-0.0013485,0.0029678,,0.0410576,0.0034976
0.0026711,1.8824,0.5,3.2819,-0.014947,0.004597,0.98921,1.8824,0.5,3.2819,0.00088803,-7.13E-05,0.00025604,0.0015202,-0.0015335,0.0029341,,0.0427376,0.00409664
0.0026463,1.8931,0.5,3.2819,-0.014261,0.0050371,0.98943,1.8931,0.5,3.2819,0.00090729,-4.67E-05,0.00035445,0.0015355,-0.0015002,0.0028498,,0.0423408,0.0056712
0.0026221,1.9042,0.5,3.2819,-0.013676,0.0050351,0.98812,1.9042,0.5,3.2819,0.00093482,-6.77E-05,0.00043561,0.0014015,-0.0013239,0.0029078,,0.0419536,0.00696976
0.0028179,1.9159,0.5,3.2819,-0.013097,0.0062013,0.9862,1.9159,0.5,3.2819,0.00099994,-0.00013268,0.00043666,0.001426,-0.0012559,0.0032099,,0.0450864,0.00698656
0.0030862,1.9282,0.5,3.2819,-0.012707,0.0083642,0.98615,1.9282,0.5,3.2819,0.0011148,-0.00018007,0.00037852,0.0015347,-0.0012536,0.0035228,,0.0493792,0.00605632
0.0031632,1.941,0.5,3.2819,-0.012354,0.010979,0.98571,1.941,0.5,3.2819,0.0012517,-0.00017661,0.00028805,0.001509,-0.0012041,0.0035658,,0.0506112,0.0046088
0.0030805,1.9545,0.5,3.2819,-0.011484,0.014051,0.98403,1.9545,0.5,3.2819,0.0013295,-6.15E-05,0.00010141,0.0013914,-0.0011183,0.0034401,,0.049288,0.00162256
0.0029608,1.9686,0.5,3.2819,-0.010171,0.017262,0.98381,1.9686,0.5,3.2819,0.0012936,0.00020081,-0.00027729,0.0012894,-0.0010708,0.0033387,,0.0473728,-0.00443664
0.0027312,1.9833,0.5,3.2819,-0.0085207,0.017671,0.98227,1.9833,0.5,3.2819,0.0011967,0.00037874,-0.0006354,0.0012237,-0.0010771,0.0030421,,0.0436992,-0.0101664
0.002273,1.9988,0.5,3.2819,-0.005886,0.013559,0.98062,1.9988,0.5,3.2819,0.0011109,0.00029909,-0.00067987,0.0012,-0.00095318,0.0022352,,0.036368,-0.01087792
0.0020014,2.0149,0.5,3.2819,-0.0025464,0.0058924,0.98365,2.0149,0.5,3.2819,0.0010246,0.00011638,-0.00045507,0.0011807,-0.0008007,0.0017975,,0.0320224,-0.00728112
0.0021133,2.0319,0.5,3.2819,-2.05E-05,-0.00034847,0.98463,2.0319,0.5,3.2819,0.00097227,5.14E-05,-0.00033461,0.0010846,-0.00069773,0.0021697,,0.0338128,-0.00535376
0.002358,2.0496,0.5,3.2819,0.0011728,-0.0035141,0.98713,2.0496,0.5,3.2819,0.0010174,0.00015791,-0.00050392,0.00091797,-0.00056855,0.0027806,,0.037728,-0.00806272
0.0023805,2.0681,0.5,3.2819,0.0019224,-0.0071187,0.98635,2.0681,0.5,3.2819,0.0011381,0.00025734,-0.00050047,0.00079208,-0.0004658,0.0028308,,0.038088,-0.00800752
0.002096,2.0875,0.5,3.2819,0.0028025,-0.0061602,0.9791,2.0875,0.5,3.2819,0.001274,0.00014707,-0.00050766,0.00079818,-0.00031519,0.0021198,,0.033536,-0.00812256
0.0019736,2.1078,0.5,3.2819,0.0041446,9.55E-05,0.98,2.1078,0.5,3.2819,0.0013733,4.79E-05,-0.00076246,0.00090163,-0.00025779,0.0016723,,0.0315776,-0.01219936
0.0020779,2.129,0.5,3.2819,0.0056832,0.0029591,0.97571,2.129,0.5,3.2819,0.0013734,-9.42E-06,-0.00078774,0.00088376,-0.0002714,0.0018986,,0.0332464,-0.01260384
0.0022688,2.1511,0.5,3.2819,0.0063578,-0.0015448,0.97378,2.1511,0.5,3.2819,0.0012878,4.84E-05,-0.00094586,0.00066169,-0.00040988,0.0025881,,0.0363008,-0.01513376
0.0021414,2.1743,0.5,3.2819,0.0063368,-0.0096083,0.97979,2.1743,0.5,3.2819,0.0010953,0.0002493,-0.001043,0.00064522,-0.00042218,0.0025423,,0.0342624,-0.016688
0.0019251,2.1984,0.5,3.2819,0.0061072,-0.014931,0.9872,2.1984,0.5,3.2819,0.00085063,0.0002055,-0.00043203,0.0008451,-0.00012023,0.0021545,,0.0308016,-0.00691248
0.0023094,2.2237,0.5,3.2819,0.0064716,-0.01382,0.98626,2.2237,0.5,3.2819,0.00068608,4.51E-05,0.00012809,0.0010107,-0.00026034,0.0029221,,0.0369504,0.00204944
0.002335,2.2501,0.5,3.2819,0.0076045,-0.015451,0.9912,2.2501,0.5,3.2819,0.00064819,6.73E-05,0.00022202,0.0010228,-7.86E-05,0.002999,,0.03736,0.00355232
0.0023753,2.2776,0.5,3.2819,0.010548,-0.015602,0.97731,2.2776,0.5,3.2819,0.00061505,0.00012121,0.00018286,0.0012131,4.07E-05,0.0029224,,0.0380048,0.00292576
0.002396,2.3063,0.5,3.2819,0.015847,-0.017298,0.97287,2.3063,0.5,3.2819,0.00049804,0.00019498,0.00016275,0.0016495,-0.00011755,0.0026444,,0.038336,0.002604
0.0027509,2.3362,0.5,3.2819,0.015122,-0.023551,0.99076,2.3362,0.5,3.2819,0.00045807,0.00018841,0.00023679,0.0021889,0.00056144,0.0028548,,0.0440144,0.00378864
0.0033587,2.3674,0.5,3.2819,0.0098372,-0.021349,0.94769,2.3674,0.5,3.2819,0.00063553,0.00023708,0.00039265,0.0023722,0.00092829,0.0037097,,0.0537392,0.0062824
0.0041306,2.3999,0.5,3.2819,0.0098438,-0.011933,0.88749,2.3999,0.5,3.2819,0.0011069,0.00019799,0.00065028,0.0021594,0.00066981,0.0049951,,0.0660896,0.01040448
0.0047588,2.4338,0.5,3.2819,0.0092481,0.00079101,0.84385,2.4338,0.5,3.2819,0.0011845,0.00033679,0.00095546,0.0027729,0.00049008,0.0055603,,0.0761408,0.01528736
0.0036064,2.4691,0.5,3.2819,0.0044102,0.0061672,0.73721,2.4691,0.5,3.2819,0.00050644,0.00040115,0.00067164,0.0027871,0.00036235,0.0039192,,0.0577024,0.01074624
0.0016862,1.6711,0.5,3.3229,0.0049851,0.012616,0.96279,1.6711,0.5,3.3229,0.0012526,-2.67E-05,7.81E-05,0.00097557,-0.00050846,0.0011442,,0.0269792,0.001249952
0.0016228,1.6793,0.5,3.3229,0.0040926,0.011774,0.9644,1.6793,0.5,3.3229,0.0011918,-4.97E-05,9.96E-05,0.00096491,-0.0005796,0.001089,,0.0259648,0.001592944
0.0015326,1.6876,0.5,3.3229,0.0030565,0.010792,0.96699,1.6876,0.5,3.3229,0.0011009,-8.67E-05,0.00012533,0.00094464,-0.00061775,0.0010197,,0.0245216,0.00200528
0.001426,1.6958,0.5,3.3229,0.0019257,0.009946,0.96997,1.6958,0.5,3.3229,0.0010002,-0.00012326,0.00015051,0.00090795,-0.00059787,0.00094375,,0.022816,0.00240816
0.0013088,1.7041,0.5,3.3229,0.00081033,0.009168,0.97298,1.7041,0.5,3.3229,0.00090717,-0.00016295,0.00015908,0.00087235,-0.00052452,0.00083818,,0.0209408,0.00254528
0.0012091,1.7123,0.5,3.3229,-0.00032077,0.0082047,0.97642,1.7123,0.5,3.3229,0.00082855,-0.00020827,0.00015762,0.00085785,-0.00042705,0.00073173,,0.0193456,0.00252192
0.0011637,1.7206,0.5,3.3229,-0.0015635,0.0070945,0.97919,1.7206,0.5,3.3229,0.00076676,-0.00024621,0.00012351,0.00085974,-0.00033803,0.00070089,,0.0186192,0.00197616
0.0011531,1.7289,0.5,3.3229,-0.0029179,0.0060015,0.98042,1.7289,0.5,3.3229,0.00072565,-0.0002547,3.46E-05,0.00084856,-0.00024803,0.00073197,,0.0184496,0.000552896
0.0011431,1.7371,0.5,3.3229,-0.0042934,0.0048272,0.98195,1.7371,0.5,3.3229,0.00070558,-0.0002144,-7.78E-05,0.00080864,-0.00017937,0.00077196,,0.0182896,-0.001244864
0.0011531,1.7454,0.5,3.3229,-0.0055907,0.0036303,0.98526,1.7454,0.5,3.3229,0.00069674,-0.00013764,-0.00017332,0.00077434,-0.00017036,0.0008352,,0.0184496,-0.00277312
0.0012043,1.7536,0.5,3.3229,-0.0067223,0.0027632,0.98906,1.7536,0.5,3.3229,0.00068579,-6.29E-05,-0.00024037,0.00078053,-0.00019611,0.00094227,,0.0192688,-0.00384592
0.0012855,1.7619,0.5,3.3229,-0.0076925,0.0023982,0.99147,1.7619,0.5,3.3229,0.00067115,-1.67E-05,-0.00028077,0.00079296,-0.00022492,0.0011069,,0.020568,-0.00449232
0.0013671,1.7701,0.5,3.3229,-0.0086912,0.0024018,0.99279,1.7701,0.5,3.3229,0.00065604,4.94E-06,-0.00028184,0.00074692,-0.00022407,0.0013312,,0.0218736,-0.00450944
0.001391,1.7784,0.5,3.3229,-0.0099451,0.0023128,0.99566,1.7784,0.5,3.3229,0.00063811,2.40E-05,-0.00022271,0.00065879,-0.00015785,0.0014851,,0.022256,-0.00356336
0.0013513,1.7866,0.5,3.3229,-0.011427,0.0016274,1.0006,1.7866,0.5,3.3229,0.0006232,6.02E-05,-0.0001271,0.00059987,-7.01E-05,0.0014795,,0.0216208,-0.0020336
0.0012921,1.7949,0.5,3.3229,-0.012839,0.00013033,1.005,1.7949,0.5,3.3229,0.00062335,0.00010841,-4.85E-05,0.00057448,-2.76E-05,0.0013864,,0.0206736,-0.000776256
0.0012415,1.8032,0.5,3.3229,-0.013931,-0.0021696,1.0075,1.8032,0.5,3.3229,0.00064401,0.00014013,-5.97E-06,0.00055123,-3.70E-05,0.0012877,,0.019864,-9.55136E-05
0.0012353,1.8114,0.5,3.3229,-0.014702,-0.004735,1.0077,1.8114,0.5,3.3229,0.00068427,0.0001339,1.28E-05,0.00054932,-5.94E-05,0.001237,,0.0197648,0.000205408
0.0012921,1.8197,0.5,3.3229,-0.015308,-0.0067998,1.0064,1.8197,0.5,3.3229,0.00073162,9.06E-05,1.15E-05,0.00059274,-4.18E-05,0.0012598,,0.0206736,0.000183424
0.0014438,1.8279,0.5,3.3229,-0.015881,-0.0079838,1.0038,1.8279,0.5,3.3229,0.0007692,3.01E-05,1.69E-05,0.00063817,-3.07E-05,0.0014801,,0.0231008,0.000269696
0.0016934,1.8362,0.5,3.3229,-0.016364,-0.008089,0.99867,1.8362,0.5,3.3229,0.00079273,-2.65E-05,6.91E-05,0.0006676,-0.00016683,0.0019264,,0.0270944,0.001105296
0.0019446,1.8446,0.5,3.3229,-0.016597,-0.0070443,0.99273,1.8446,0.5,3.3229,0.00080772,-6.99E-05,0.00013732,0.00073573,-0.00046138,0.0023457,,0.0311136,0.00219712
0.002173,1.8534,0.5,3.3229,-0.016529,-0.0049558,0.98922,1.8534,0.5,3.3229,0.00081771,-0.00010413,0.00017578,0.00087978,-0.00078353,0.0026485,,0.034768,0.00281248
0.0023944,1.8626,0.5,3.3229,-0.016204,-0.001784,0.98876,1.8626,0.5,3.3229,0.00082813,-0.0001273,0.00019639,0.0010943,-0.0010729,0.0028664,,0.0383104,0.00314224
0.0025768,1.8723,0.5,3.3229,-0.01565,0.0020247,0.98887,1.8723,0.5,3.3229,0.00084943,-0.00011613,0.00021074,0.0013445,-0.0013489,0.0029597,,0.0412288,0.00337184
0.0026714,1.8824,0.5,3.3229,-0.014962,0.0045708,0.98866,1.8824,0.5,3.3229,0.00087763,-8.15E-05,0.00024937,0.0015365,-0.0015306,0.0029286,,0.0427424,0.00398992
0.0026568,1.8931,0.5,3.3229,-0.014349,0.004911,0.98869,1.8931,0.5,3.3229,0.0009018,-6.56E-05,0.00034901,0.0015138,-0.0014868,0.002898,,0.0425088,0.00558416
0.0026789,1.9042,0.5,3.3229,-0.013811,0.0050316,0.98728,1.9042,0.5,3.3229,0.00094074,-9.47E-05,0.00043208,0.0013777,-0.0013127,0.0030394,,0.0428624,0.00691328
0.0028875,1.9159,0.5,3.3229,-0.013273,0.0062289,0.9854,1.9159,0.5,3.3229,0.001023,-0.00016425,0.00044638,0.0014215,-0.0012608,0.0033304,,0.0462,0.00714208
0.0031207,1.9282,0.5,3.3229,-0.012924,0.0081791,0.98545,1.9282,0.5,3.3229,0.0011586,-0.00021487,0.00040585,0.001526,-0.0012864,0.0035568,,0.0499312,0.0064936
0.0031708,1.941,0.5,3.3229,-0.012562,0.010673,0.98515,1.941,0.5,3.3229,0.0013114,-0.00020389,0.00031602,0.0014726,-0.001252,0.0035575,,0.0507328,0.00505632
0.0030874,1.9545,0.5,3.3229,-0.011642,0.013696,0.98401,1.9545,0.5,3.3229,0.0013871,-6.13E-05,0.00012496,0.0013324,-0.0011416,0.0034552,,0.0493984,0.00199936
0.0029557,1.9686,0.5,3.3229,-0.010282,0.017017,0.98431,1.9686,0.5,3.3229,0.0013261,0.00022521,-0.00023914,0.0012473,-0.0010644,0.0033381,,0.0472912,-0.00382624
0.0026796,1.9833,0.5,3.3229,-0.0086449,0.017832,0.98277,1.9833,0.5,3.3229,0.0011889,0.00039334,-0.00056494,0.0012266,-0.0010716,0.0029437,,0.0428736,-0.00903904
0.0022091,1.9988,0.5,3.3229,-0.0061027,0.013995,0.98066,1.9988,0.5,3.3229,0.0010627,0.00028223,-0.00060034,0.00125,-0.00093813,0.0021055,,0.0353456,-0.00960544
0.001955,2.0149,0.5,3.3229,-0.0029052,0.0062447,0.98366,2.0149,0.5,3.3229,0.00097415,7.74E-05,-0.00039251,0.0012399,-0.00076832,0.001696,,0.03128,-0.00628016
0.0021218,2.0319,0.5,3.3229,-0.00054349,-0.000216,0.98519,2.0319,0.5,3.3229,0.00095984,1.40E-05,-0.00030127,0.0010999,-0.00066418,0.0021839,,0.0339488,-0.00482032
0.0023672,2.0496,0.5,3.3229,0.0005784,-0.0033558,0.98765,2.0496,0.5,3.3229,0.0010266,0.00014205,-0.00046017,0.00093197,-0.00053826,0.0027758,,0.0378752,-0.00736272
0.0022856,2.0681,0.5,3.3229,0.0013937,-0.0066794,0.98671,2.0681,0.5,3.3229,0.0011324,0.00023803,-0.00041911,0.00084129,-0.00043542,0.0025976,,0.0365696,-0.00670576
0.0020345,2.0875,0.5,3.3229,0.0022857,-0.0058,0.97984,2.0875,0.5,3.3229,0.0012361,0.00013045,-0.00043567,0.00084161,-0.00030279,0.0019912,,0.032552,-0.00697072
0.0019706,2.1078,0.5,3.3229,0.0036027,0.00018156,0.98028,2.1078,0.5,3.3229,0.0013121,7.54E-05,-0.00069482,0.00092115,-0.00029557,0.0017079,,0.0315296,-0.01111712
0.0020341,2.129,0.5,3.3229,0.0051905,0.0029431,0.97585,2.129,0.5,3.3229,0.001337,9.73E-06,-0.00072973,0.00087409,-0.00029569,0.0018571,,0.0325456,-0.01167568
0.0022297,2.1511,0.5,3.3229,0.0059908,-0.0017933,0.97413,2.1511,0.5,3.3229,0.0012818,4.50E-05,-0.00091512,0.00065667,-0.00039912,0.002521,,0.0356752,-0.01464192
0.0021432,2.1743,0.5,3.3229,0.0062014,-0.009802,0.97941,2.1743,0.5,3.3229,0.0010623,0.00024675,-0.0010238,0.00067062,-0.000399,0.0025534,,0.0342912,-0.0163808
0.001951,2.1984,0.5,3.3229,0.0060714,-0.014777,0.98645,2.1984,0.5,3.3229,0.0007881,0.00021953,-0.00040246,0.00090371,-0.00013099,0.0022102,,0.031216,-0.00643936
0.0022848,2.2237,0.5,3.3229,0.0062925,-0.013796,0.98579,2.2237,0.5,3.3229,0.00063411,7.95E-05,0.0001536,0.0010888,-0.00025713,0.0028467,,0.0365568,0.0024576
0.0022536,2.2501,0.5,3.3229,0.0074763,-0.015557,0.99144,2.2501,0.5,3.3229,0.0006197,6.43E-05,0.00022107,0.0010375,-7.29E-05,0.00285,,0.0360576,0.00353712
0.002363,2.2776,0.5,3.3229,0.010548,-0.015816,0.97751,2.2776,0.5,3.3229,0.00060574,8.21E-05,0.00021635,0.0012108,8.58E-05,0.0029096,,0.037808,0.0034616
0.0024022,2.3063,0.5,3.3229,0.015688,-0.017367,0.9721,2.3063,0.5,3.3229,0.00047804,0.00014124,0.00019043,0.0016889,-8.73E-06,0.0026375,,0.0384352,0.00304688
0.0026973,2.3362,0.5,3.3229,0.014812,-0.023356,0.99097,2.3362,0.5,3.3229,0.00042969,0.00017188,0.00025478,0.0021785,0.00055722,0.0027864,,0.0431568,0.00407648
0.0033167,2.3674,0.5,3.3229,0.0093433,-0.021153,0.94829,2.3674,0.5,3.3229,0.00059681,0.00025608,0.00037292,0.0023402,0.00082342,0.0036964,,0.0530672,0.00596672
0.0042345,2.3999,0.5,3.3229,0.0094516,-0.011769,0.88617,2.3999,0.5,3.3229,0.0010648,0.00019868,0.00056214,0.0021735,0.00058286,0.0052306,,0.067752,0.00899424
0.0048597,2.4338,0.5,3.3229,0.0093797,0.00078485,0.84265,2.4338,0.5,3.3229,0.0011963,0.00036262,0.00090014,0.002771,0.000478,0.0057521,,0.0777552,0.01440224
0.0035749,2.4691,0.5,3.3229,0.0046542,0.006143,0.73692,2.4691,0.5,3.3229,0.00053189,0.00043565,0.00065302,0.0027601,0.00037758,0.0038578,,0.0571984,0.01044832
0.0016959,1.6711,0.5,3.3646,0.0049521,0.01251,0.96214,1.6711,0.5,3.3646,0.0012661,-1.77E-06,0.00010698,0.00099894,-0.00052213,0.0011268,,0.0271344,0.00171168
0.0016395,1.6793,0.5,3.3646,0.0040959,0.011798,0.96377,1.6793,0.5,3.3646,0.0012158,-2.82E-05,0.00012039,0.00097303,-0.00058817,0.0010902,,0.026232,0.00192624
0.001551,1.6876,0.5,3.3646,0.0030751,0.010913,0.96632,1.6876,0.5,3.3646,0.0011302,-7.95E-05,0.00012656,0.00094478,-0.00061826,0.0010271,,0.024816,0.00202496
0.0014406,1.6958,0.5,3.3646,0.001913,0.01016,0.9694,1.6958,0.5,3.3646,0.001029,-0.00012906,0.00013808,0.00090455,-0.0005962,0.00094772,,0.0230496,0.00220928
0.0013172,1.7041,0.5,3.3646,0.00073948,0.0094913,0.97257,1.7041,0.5,3.3646,0.00093345,-0.00017211,0.0001346,0.0008649,-0.00052326,0.00083612,,0.0210752,0.0021536
0.0012141,1.7123,0.5,3.3646,-0.00042907,0.0085681,0.97618,1.7123,0.5,3.3646,0.00085636,-0.00021929,0.00012201,0.00084777,-0.00042117,0.00072414,,0.0194256,0.00195216
0.0011753,1.7206,0.5,3.3646,-0.0016734,0.007384,0.97926,1.7206,0.5,3.3646,0.00080484,-0.00026194,8.95E-05,0.00084776,-0.0003266,0.00069792,,0.0188048,0.001432752
0.0011822,1.7289,0.5,3.3646,-0.0030068,0.0061387,0.98087,1.7289,0.5,3.3646,0.00078307,-0.00027185,8.95E-06,0.00083527,-0.00023973,0.0007461,,0.0189152,0.000143274
0.0011909,1.7371,0.5,3.3646,-0.0043543,0.0048252,0.98257,1.7371,0.5,3.3646,0.00078172,-0.00022534,-0.00010092,0.00080198,-0.0001757,0.00079815,,0.0190544,-0.00161472
0.0012135,1.7454,0.5,3.3646,-0.005617,0.0036233,0.98578,1.7454,0.5,3.3646,0.00077563,-0.00013903,-0.00019971,0.00078616,-0.00016244,0.0008652,,0.019416,-0.00319536
0.0012674,1.7536,0.5,3.3646,-0.0067227,0.0028709,0.98929,1.7536,0.5,3.3646,0.00074804,-5.92E-05,-0.00026407,0.00081008,-0.00018119,0.00097665,,0.0202784,-0.00422512
0.001341,1.7619,0.5,3.3646,-0.0077067,0.0026018,0.99147,1.7619,0.5,3.3646,0.00070456,-1.56E-05,-0.00029598,0.00082794,-0.0002064,0.0011494,,0.021456,-0.00473568
0.001406,1.7701,0.5,3.3646,-0.0087632,0.0025822,0.99268,1.7701,0.5,3.3646,0.00065917,-2.24E-06,-0.00028536,0.00078092,-0.00020312,0.0013719,,0.022496,-0.00456576
0.001411,1.7784,0.5,3.3646,-0.010087,0.002352,0.99558,1.7784,0.5,3.3646,0.00062201,1.16E-05,-0.00021519,0.00069237,-0.00013848,0.0015077,,0.022576,-0.00344304
0.0013533,1.7866,0.5,3.3646,-0.011617,0.0015275,1.0007,1.7866,0.5,3.3646,0.00060428,5.25E-05,-0.00011791,0.00062951,-5.68E-05,0.0014728,,0.0216528,-0.00188656
0.0012784,1.7949,0.5,3.3646,-0.01304,-9.55E-06,1.0053,1.7949,0.5,3.3646,0.00061174,0.00010878,-3.99E-05,0.00059465,-1.63E-05,0.0013505,,0.0204544,-0.00063896
0.0012302,1.8032,0.5,3.3646,-0.014108,-0.0023056,1.0078,1.8032,0.5,3.3646,0.00063935,0.00014182,5.60E-06,0.00055956,-2.16E-05,0.0012615,,0.0196832,8.95328E-05
0.0012469,1.8114,0.5,3.3646,-0.014825,-0.0048949,1.0079,1.8114,0.5,3.3646,0.0006805,0.00012718,2.30E-05,0.00054452,-3.65E-05,0.0012687,,0.0199504,0.000367376
0.0013368,1.8197,0.5,3.3646,-0.015367,-0.0069404,1.0063,1.8197,0.5,3.3646,0.00072288,7.62E-05,2.18E-05,0.00058062,-2.07E-05,0.0013701,,0.0213888,0.00034848
0.0015174,1.8279,0.5,3.3646,-0.015891,-0.0079513,1.003,1.8279,0.5,3.3646,0.00075313,1.96E-05,4.00E-05,0.00063144,-3.54E-05,0.0016502,,0.0242784,0.000639968
0.0017723,1.8362,0.5,3.3646,-0.016337,-0.0077857,0.9974,1.8362,0.5,3.3646,0.00077508,-2.65E-05,0.0001045,0.0006826,-0.00020525,0.0020869,,0.0283568,0.001672
0.0020126,1.8446,0.5,3.3646,-0.016538,-0.0065251,0.99164,1.8446,0.5,3.3646,0.00080427,-6.01E-05,0.00016913,0.00078417,-0.00050518,0.0024367,,0.0322016,0.00270608
0.0022299,1.8534,0.5,3.3646,-0.016457,-0.0043532,0.9887,1.8534,0.5,3.3646,0.00084512,-8.99E-05,0.00018938,0.00094572,-0.00080295,0.0026689,,0.0356784,0.00303008
0.002444,1.8626,0.5,3.3646,-0.016146,-0.0013074,0.98854,1.8626,0.5,3.3646,0.00088837,-0.00011355,0.00018581,0.0011497,-0.0010724,0.0028499,,0.039104,0.00297296
0.0026313,1.8723,0.5,3.3646,-0.015638,0.0022177,0.98853,1.8723,0.5,3.3646,0.00092141,-0.00010203,0.00019449,0.0013919,-0.0013457,0.0029493,,0.0421008,0.00311184
0.0027365,1.8824,0.5,3.3646,-0.015029,0.0045306,0.98804,1.8824,0.5,3.3646,0.00093309,-7.86E-05,0.00024833,0.0015702,-0.0015162,0.0029696,,0.043784,0.00397328
0.0027305,1.8931,0.5,3.3646,-0.014502,0.004828,0.98788,1.8931,0.5,3.3646,0.00093123,-8.61E-05,0.00035234,0.0015236,-0.0014589,0.0030063,,0.043688,0.00563744
0.0027632,1.9042,0.5,3.3646,-0.014021,0.0050876,0.98639,1.9042,0.5,3.3646,0.00095067,-0.00012953,0.00043366,0.001394,-0.0013048,0.0031818,,0.0442112,0.00693856
0.002947,1.9159,0.5,3.3646,-0.013525,0.0062744,0.98458,1.9159,0.5,3.3646,0.0010244,-0.00019919,0.00046072,0.0014514,-0.0012813,0.0034182,,0.047152,0.00737152
0.0031237,1.9282,0.5,3.3646,-0.013181,0.0079843,0.98482,1.9282,0.5,3.3646,0.0011608,-0.00023749,0.00042803,0.0015414,-0.0013237,0.0035452,,0.0499792,0.00684848
0.0031569,1.941,0.5,3.3646,-0.012741,0.010342,0.98465,1.941,0.5,3.3646,0.0013119,-0.00020451,0.00032312,0.0014546,-0.0012933,0.0035474,,0.0505104,0.00516992
0.003083,1.9545,0.5,3.3646,-0.011705,0.013296,0.98394,1.9545,0.5,3.3646,0.0013727,-4.59E-05,0.00013471,0.0012977,-0.0011661,0.0034956,,0.049328,0.00215536
0.0029236,1.9686,0.5,3.3646,-0.010282,0.016745,0.98478,1.9686,0.5,3.3646,0.0012927,0.00022895,-0.00019453,0.0012388,-0.0010559,0.0033158,,0.0467776,-0.00311248
0.0026083,1.9833,0.5,3.3646,-0.0086932,0.017986,0.9833,1.9833,0.5,3.3646,0.0011413,0.00036577,-0.00048985,0.0012616,-0.0010436,0.0028137,,0.0417328,-0.0078376
0.0021502,1.9988,0.5,3.3646,-0.0063014,0.014458,0.98072,1.9988,0.5,3.3646,0.0010264,0.00023142,-0.00053587,0.0013065,-0.0008991,0.0019675,,0.0344032,-0.00857392
0.0019511,2.0149,0.5,3.3646,-0.0032748,0.0066428,0.98372,2.0149,0.5,3.3646,0.00098471,2.06E-05,-0.00036133,0.0012892,-0.00071511,0.0016283,,0.0312176,-0.00578128
0.0021705,2.0319,0.5,3.3646,-0.001034,-7.53E-05,0.98577,2.0319,0.5,3.3646,0.00099467,-1.97E-05,-0.00027248,0.0011133,-0.00062173,0.002233,,0.034728,-0.00435968
0.0023588,2.0496,0.5,3.3646,9.11E-05,-0.003194,0.98806,2.0496,0.5,3.3646,0.0010395,0.00013669,-0.00038656,0.00093016,-0.00051995,0.0027479,,0.0377408,-0.00618496
0.0021515,2.0681,0.5,3.3646,0.00098054,-0.0062109,0.98694,2.0681,0.5,3.3646,0.0011162,0.00023482,-0.00031618,0.00085254,-0.00041303,0.0023343,,0.034424,-0.00505888
0.0019465,2.0875,0.5,3.3646,0.0018312,-0.0054132,0.98058,2.0875,0.5,3.3646,0.0012015,0.0001459,-0.00036106,0.00084984,-0.00030596,0.0018417,,0.031144,-0.00577696
0.001962,2.1078,0.5,3.3646,0.0030764,0.00032361,0.98061,2.1078,0.5,3.3646,0.0012861,0.00010952,-0.00064245,0.00092181,-0.00033301,0.0017161,,0.031392,-0.0102792
0.001989,2.129,0.5,3.3646,0.0047009,0.003007,0.97606,2.129,0.5,3.3646,0.0013408,2.35E-05,-0.00066951,0.00086097,-0.00030748,0.0017761,,0.031824,-0.01071216
0.0021838,2.1511,0.5,3.3646,0.005669,-0.0020066,0.97447,2.1511,0.5,3.3646,0.001271,2.96E-05,-0.00085135,0.00066173,-0.00037876,0.0024348,,0.0349408,-0.0136216
0.0021299,2.1743,0.5,3.3646,0.0061112,-0.0099951,0.97897,2.1743,0.5,3.3646,0.0010006,0.00020869,-0.00097252,0.00070516,-0.00035274,0.002554,,0.0340784,-0.01556032
0.0019366,2.1984,0.5,3.3646,0.0059712,-0.014669,0.98563,2.1984,0.5,3.3646,0.00071603,0.00019725,-0.00038108,0.00090534,-0.00013995,0.0022518,,0.0309856,-0.00609728
0.0021854,2.2237,0.5,3.3646,0.0059951,-0.013789,0.98531,2.2237,0.5,3.3646,0.00059224,9.73E-05,0.00015979,0.0010353,-0.00027454,0.0027433,,0.0349664,0.00255664
0.0021608,2.2501,0.5,3.3646,0.0073369,-0.015652,0.99165,2.2501,0.5,3.3646,0.00058952,5.19E-05,0.00019953,0.0010244,-6.31E-05,0.0027076,,0.0345728,0.00319248
0.0023706,2.2776,0.5,3.3646,0.010681,-0.01607,0.97771,2.2776,0.5,3.3646,0.00057794,3.87E-05,0.00020077,0.0012072,0.00015849,0.002956,,0.0379296,0.00321232
0.0024114,2.3063,0.5,3.3646,0.015663,-0.017534,0.97144,2.3063,0.5,3.3646,0.00044808,0.00011355,0.00017904,0.0016922,6.54E-05,0.0026826,,0.0385824,0.00286464
0.0026771,2.3362,0.5,3.3646,0.014537,-0.023231,0.9912,2.3362,0.5,3.3646,0.00040787,0.00015679,0.00024532,0.002195,0.00054644,0.0027514,,0.0428336,0.00392512
0.003344,2.3674,0.5,3.3646,0.0088757,-0.020888,0.94883,2.3674,0.5,3.3646,0.00059624,0.00024451,0.00033469,0.002377,0.00074951,0.0037148,,0.053504,0.00535504
0.0043505,2.3999,0.5,3.3646,0.0091472,-0.011582,0.8846,2.3999,0.5,3.3646,0.0010508,0.00018637,0.00046539,0.0022006,0.0005517,0.0054496,,0.069608,0.00744624
0.0048897,2.4338,0.5,3.3646,0.0096052,0.00077122,0.84113,2.4338,0.5,3.3646,0.0011864,0.00036152,0.00082804,0.0027084,0.00054617,0.0058846,,0.0782352,0.01324864
0.0035012,2.4691,0.5,3.3646,0.0049453,0.0061833,0.73644,2.4691,0.5,3.3646,0.00053687,0.00043774,0.00061938,0.0026971,0.00042166,0.0037685,,0.0560192,0.00991008
0.001686,1.6711,0.5,3.4071,0.0048538,0.012324,0.96147,1.6711,0.5,3.4071,0.0012555,-1.91E-06,0.00011511,0.0010072,-0.00052171,0.0011092,,0.026976,0.00184176
0.0016303,1.6793,0.5,3.4071,0.0040105,0.011748,0.9632,1.6793,0.5,3.4071,0.001219,-2.44E-05,0.00012463,0.00096875,-0.00058657,0.0010728,,0.0260848,0.00199408
0.0015486,1.6876,0.5,3.4071,0.003,0.01098,0.96577,1.6876,0.5,3.4071,0.0011527,-7.58E-05,0.00012013,0.00093243,-0.00060496,0.0010121,,0.0247776,0.00192208
0.0014486,1.6958,0.5,3.4071,0.0018439,0.010329,0.96894,1.6958,0.5,3.4071,0.0010654,-0.00012748,0.00012181,0.0008941,-0.00057986,0.00093775,,0.0231776,0.00194896
0.0013376,1.7041,0.5,3.4071,0.00066208,0.0098037,0.97226,1.7041,0.5,3.4071,0.00097557,-0.00017112,0.00011115,0.00085926,-0.00051603,0.00084029,,0.0214016,0.0017784
0.0012347,1.7123,0.5,3.4071,-0.00052695,0.008978,0.97599,1.7123,0.5,3.4071,0.00090302,-0.0002191,8.43E-05,0.00084055,-0.00041429,0.00072587,,0.0197552,0.001348688
0.0011908,1.7206,0.5,3.4071,-0.0017909,0.0077278,0.97934,1.7206,0.5,3.4071,0.00086318,-0.00026362,4.41E-05,0.00083003,-0.00031243,0.00068845,,0.0190528,0.000705744
0.0012043,1.7289,0.5,3.4071,-0.0031345,0.0062837,0.98129,1.7289,0.5,3.4071,0.00085788,-0.00027296,-2.97E-05,0.00080665,-0.00022842,0.000744,,0.0192688,-0.000474416
0.001225,1.7371,0.5,3.4071,-0.0044549,0.0048016,0.98319,1.7371,0.5,3.4071,0.00086735,-0.00022446,-0.00012496,0.0007759,-0.00017588,0.00080678,,0.0196,-0.00199936
0.0012516,1.7454,0.5,3.4071,-0.0056538,0.0035944,0.98632,1.7454,0.5,3.4071,0.00085691,-0.00013828,-0.00020972,0.00077789,-0.00016856,0.00086846,,0.0200256,-0.00335552
0.0013027,1.7536,0.5,3.4071,-0.0067077,0.0029516,0.98954,1.7536,0.5,3.4071,0.00080832,-5.93E-05,-0.00026381,0.00081791,-0.00018295,0.00097916,,0.0208432,-0.00422096
0.0013707,1.7619,0.5,3.4071,-0.0076938,0.0027722,0.99147,1.7619,0.5,3.4071,0.00073459,-1.71E-05,-0.00028294,0.00083785,-0.00020067,0.0011689,,0.0219312,-0.00452704
0.0014221,1.7701,0.5,3.4071,-0.0088038,0.0027303,0.99259,1.7701,0.5,3.4071,0.00065775,-7.98E-06,-0.00026029,0.00078897,-0.00018883,0.0013974,,0.0227536,-0.00416464
0.0014083,1.7784,0.5,3.4071,-0.010203,0.0023523,0.99554,1.7784,0.5,3.4071,0.00059692,6.48E-08,-0.00018891,0.00070336,-0.00012149,0.0015163,,0.0225328,-0.00302256
0.001334,1.7866,0.5,3.4071,-0.011795,0.0013796,1.0008,1.7866,0.5,3.4071,0.00056912,3.53E-05,-0.00010261,0.00064064,-4.55E-05,0.0014583,,0.021344,-0.00164176
0.0012494,1.7949,0.5,3.4071,-0.013234,-0.00019781,1.0055,1.7949,0.5,3.4071,0.00057523,8.59E-05,-3.52E-05,0.00059948,-9.28E-06,0.0013242,,0.0199904,-0.000563056
0.0012056,1.8032,0.5,3.4071,-0.014273,-0.002465,1.0081,1.8032,0.5,3.4071,0.00060325,0.00011312,4.84E-06,0.00055429,-1.31E-05,0.0012537,,0.0192896,7.73984E-05
0.001237,1.8114,0.5,3.4071,-0.014934,-0.0050252,1.0081,1.8114,0.5,3.4071,0.00064687,9.39E-05,1.38E-05,0.00052734,-2.50E-05,0.0012997,,0.019792,0.000220992
0.0013532,1.8197,0.5,3.4071,-0.015414,-0.0070215,1.0061,1.8197,0.5,3.4071,0.00069632,4.54E-05,1.40E-05,0.00055959,-1.74E-05,0.0014506,,0.0216512,0.000224672
0.0015687,1.8279,0.5,3.4071,-0.015884,-0.0078555,1.0021,1.8279,0.5,3.4071,0.00073707,2.05E-06,5.47E-05,0.00061968,-5.77E-05,0.0017807,,0.0250992,0.000874752
0.0018425,1.8362,0.5,3.4071,-0.016292,-0.0074156,0.99613,1.8362,0.5,3.4071,0.00077379,-2.94E-05,0.00013356,0.00069227,-0.00025093,0.0022189,,0.02948,0.00213696
0.0020811,1.8446,0.5,3.4071,-0.016483,-0.0059547,0.99071,1.8446,0.5,3.4071,0.0008264,-5.38E-05,0.00018711,0.00081951,-0.00054777,0.0025162,,0.0332976,0.00299376
0.0022854,1.8534,0.5,3.4071,-0.016415,-0.0037517,0.98839,1.8534,0.5,3.4071,0.00089867,-7.37E-05,0.00018673,0.00098378,-0.00082472,0.0026883,,0.0365664,0.00298768
0.0024836,1.8626,0.5,3.4071,-0.016124,-0.00089699,0.98842,1.8626,0.5,3.4071,0.00096879,-8.11E-05,0.00016657,0.0011707,-0.0010842,0.0028277,,0.0397376,0.00266512
0.0026707,1.8723,0.5,3.4071,-0.015637,0.0023519,0.98816,1.8723,0.5,3.4071,0.0010042,-5.93E-05,0.00018397,0.0014135,-0.0013564,0.0029236,,0.0427312,0.00294352
0.0027909,1.8824,0.5,3.4071,-0.015069,0.0045216,0.98736,1.8824,0.5,3.4071,0.00099036,-5.22E-05,0.00026301,0.0015909,-0.0015097,0.0030006,,0.0446544,0.00420816
0.002791,1.8931,0.5,3.4071,-0.014599,0.0048358,0.98711,1.8931,0.5,3.4071,0.00095684,-8.96E-05,0.00036569,0.0015269,-0.0014389,0.0030983,,0.044656,0.00585104
0.0028201,1.9042,0.5,3.4071,-0.014176,0.0052033,0.98556,1.9042,0.5,3.4071,0.00095214,-0.00015049,0.00042876,0.0014033,-0.0013066,0.0032849,,0.0451216,0.00686016
0.0029738,1.9159,0.5,3.4071,-0.013737,0.0063169,0.98383,1.9159,0.5,3.4071,0.0010041,-0.00022153,0.00045451,0.0014779,-0.0013021,0.0034655,,0.0475808,0.00727216
0.0031086,1.9282,0.5,3.4071,-0.013403,0.0077813,0.98425,1.9282,0.5,3.4071,0.0011156,-0.00024352,0.00042871,0.0015713,-0.0013499,0.0035303,,0.0497376,0.00685936
0.0031396,1.941,0.5,3.4071,-0.012873,0.010016,0.98417,1.941,0.5,3.4071,0.0012409,-0.00018938,0.00032137,0.0014754,-0.0013233,0.0035629,,0.0502336,0.00514192
0.003068,1.9545,0.5,3.4071,-0.011723,0.012906,0.98388,1.9545,0.5,3.4071,0.001289,-3.18E-05,0.00015172,0.00132,-0.0011868,0.003527,,0.049088,0.00242752
0.0028738,1.9686,0.5,3.4071,-0.010256,0.016493,0.98535,1.9686,0.5,3.4071,0.001222,0.00021085,-0.00013662,0.0012665,-0.001036,0.0032591,,0.0459808,-0.00218592
0.0025301,1.9833,0.5,3.4071,-0.0087389,0.018114,0.98393,1.9833,0.5,3.4071,0.001089,0.00031307,-0.00041915,0.001286,-0.00098723,0.0026851,,0.0404816,-0.0067064
0.0020907,1.9988,0.5,3.4071,-0.0065189,0.014826,0.98081,1.9988,0.5,3.4071,0.0010026,0.00017299,-0.00050385,0.0013113,-0.00084091,0.0018675,,0.0334512,-0.0080616
0.0019485,2.0149,0.5,3.4071,-0.0036598,0.0069355,0.98376,2.0149,0.5,3.4071,0.00099613,-2.47E-05,-0.00036388,0.0012755,-0.00067299,0.0016252,,0.031176,-0.00582208
0.0022009,2.0319,0.5,3.4071,-0.0014892,2.68E-05,0.98631,2.0319,0.5,3.4071,0.00099972,-3.59E-05,-0.00024308,0.0011072,-0.00060347,0.0022948,,0.0352144,-0.00388928
0.002309,2.0496,0.5,3.4071,-0.00031198,-0.0030003,0.98839,2.0496,0.5,3.4071,0.0010162,0.00013421,-0.00030199,0.00092452,-0.00051155,0.0026773,,0.036944,-0.00483184
0.0020143,2.0681,0.5,3.4071,0.00064451,-0.0057327,0.98705,2.0681,0.5,3.4071,0.0010849,0.00023128,-0.00021459,0.00084328,-0.00039049,0.0021004,,0.0322288,-0.00343344
0.0018649,2.0875,0.5,3.4071,0.0014167,-0.0050213,0.98137,2.0875,0.5,3.4071,0.0011817,0.00015889,-0.00029212,0.00084796,-0.00030223,0.0017001,,0.0298384,-0.00467392
0.0019508,2.1078,0.5,3.4071,0.0025713,0.00051084,0.98095,2.1078,0.5,3.4071,0.0012902,0.00010701,-0.0006083,0.00093692,-0.00034178,0.0016744,,0.0312128,-0.0097328
0.0019515,2.129,0.5,3.4071,0.0042334,0.0031315,0.97618,2.129,0.5,3.4071,0.0013493,1.77E-05,-0.00061813,0.00087764,-0.00030128,0.0016761,,0.031224,-0.00989008
0.0021321,2.1511,0.5,3.4071,0.0053803,-0.0021558,0.9748,2.1511,0.5,3.4071,0.0012441,3.09E-05,-0.00077299,0.00068725,-0.00035364,0.0023328,,0.0341136,-0.01236784
0.0021198,2.1743,0.5,3.4071,0.0060112,-0.010154,0.97861,2.1743,0.5,3.4071,0.00095587,0.00019311,-0.0009135,0.0007559,-0.00031658,0.0025278,,0.0339168,-0.014616
0.0019316,2.1984,0.5,3.4071,0.0057742,-0.014622,0.98486,2.1984,0.5,3.4071,0.00069114,0.00018631,-0.00037182,0.00089425,-0.00016423,0.0022778,,0.0309056,-0.00594912
0.0020685,2.2237,0.5,3.4071,0.0056259,-0.013779,0.98481,2.2237,0.5,3.4071,0.0005848,0.00010327,0.00015767,0.00092165,-0.00029985,0.0026306,,0.033096,0.00252272
0.0020922,2.2501,0.5,3.4071,0.0071852,-0.015687,0.99178,2.2501,0.5,3.4071,0.00056817,4.76E-05,0.00018342,0.0010072,-3.99E-05,0.0026089,,0.0334752,0.00293472
0.0024125,2.2776,0.5,3.4071,0.010834,-0.016345,0.97792,2.2776,0.5,3.4071,0.00054765,2.62E-05,0.00018054,0.0012248,0.00021483,0.0030526,,0.0386,0.00288864
0.0023958,2.3063,0.5,3.4071,0.015723,-0.017704,0.97095,2.3063,0.5,3.4071,0.00042486,0.00011492,0.00015236,0.00165,5.71E-05,0.0027167,,0.0383328,0.00243776
0.0026413,2.3362,0.5,3.4071,0.014337,-0.023105,0.99145,2.3362,0.5,3.4071,0.00040276,0.00015016,0.00021236,0.0021634,0.00051677,0.0027164,,0.0422608,0.00339776
0.0033895,2.3674,0.5,3.4071,0.0084418,-0.020613,0.94928,2.3674,0.5,3.4071,0.00062085,0.00023011,0.00027227,0.0024162,0.00070194,0.0037418,,0.054232,0.00435632
0.0044264,2.3999,0.5,3.4071,0.0088893,-0.011344,0.88297,2.3999,0.5,3.4071,0.0010431,0.00018025,0.00035995,0.0022238,0.0005561,0.0055859,,0.0708224,0.0057592
0.0048525,2.4338,0.5,3.4071,0.0099003,0.00072748,0.83954,2.4338,0.5,3.4071,0.0011466,0.0003476,0.00074087,0.0026244,0.0006448,0.0059342,,0.07764,0.01185392
0.0034168,2.4691,0.5,3.4071,0.0052872,0.0061111,0.73582,2.4691,0.5,3.4071,0.00052036,0.00042086,0.00056974,0.0026326,0.00046263,0.0036807,,0.0546688,0.00911584
0.0017006,1.6711,0.5,3.4504,0.0047715,0.012138,0.96077,1.6711,0.5,3.4504,0.0012932,-3.20E-05,0.00011363,0.0010024,-0.00051255,0.0011055,,0.0272096,0.00181808
0.0016444,1.6793,0.5,3.4504,0.0039307,0.011714,0.96267,1.6793,0.5,3.4504,0.0012642,-5.18E-05,0.00013193,0.0009644,-0.00057742,0.0010603,,0.0263104,0.00211088
0.001559,1.6876,0.5,3.4504,0.0029397,0.011063,0.96533,1.6876,0.5,3.4504,0.0011974,-9.72E-05,0.00011796,0.00092948,-0.00058957,0.00099104,,0.024944,0.00188736
0.0014582,1.6958,0.5,3.4504,0.0017917,0.010524,0.96859,1.6958,0.5,3.4504,0.0011031,-0.00014133,0.0001051,0.00089837,-0.00055795,0.0009149,,0.0233312,0.0016816
0.0013536,1.7041,0.5,3.4504,0.00058208,0.010152,0.97207,1.7041,0.5,3.4504,0.0010031,-0.00017757,8.41E-05,0.0008679,-0.00049609,0.00083615,,0.0216576,0.00134624
0.0012545,1.7123,0.5,3.4504,-0.00065817,0.0094039,0.97591,1.7123,0.5,3.4504,0.00092507,-0.00022084,4.49E-05,0.00084374,-0.00039732,0.00074017,,0.020072,0.00071896
0.0012038,1.7206,0.5,3.4504,-0.0019576,0.0080324,0.97942,1.7206,0.5,3.4504,0.00088988,-0.00026354,-5.95E-06,0.00082066,-0.00029341,0.00069703,,0.0192608,-9.51248E-05
0.0012139,1.7289,0.5,3.4504,-0.0032833,0.0063594,0.98163,1.7289,0.5,3.4504,0.00089521,-0.00027132,-7.11E-05,0.00078569,-0.00021711,0.00074699,,0.0194224,-0.001136928
0.0012354,1.7371,0.5,3.4504,-0.0045309,0.0047389,0.98368,1.7371,0.5,3.4504,0.00091124,-0.00022204,-0.00014522,0.00075386,-0.00018103,0.00080575,,0.0197664,-0.00232352
0.0012578,1.7454,0.5,3.4504,-0.0056366,0.0035525,0.98674,1.7454,0.5,3.4504,0.00089966,-0.0001379,-0.00020991,0.0007621,-0.00018691,0.00085385,,0.0201248,-0.00335856
0.0013039,1.7536,0.5,3.4504,-0.0066373,0.0029945,0.9897,1.7536,0.5,3.4504,0.00084289,-6.05E-05,-0.00024981,0.00080213,-0.00020447,0.00096286,,0.0208624,-0.00399696
0.0013687,1.7619,0.5,3.4504,-0.0076326,0.0028785,0.99139,1.7619,0.5,3.4504,0.00075516,-1.75E-05,-0.00025716,0.00081344,-0.00021399,0.0011688,,0.0218992,-0.00411456
0.001413,1.7701,0.5,3.4504,-0.0087906,0.0028361,0.99245,1.7701,0.5,3.4504,0.00066315,-7.54E-06,-0.00022398,0.0007616,-0.00019151,0.0014012,,0.022608,-0.00358368
0.0013889,1.7784,0.5,3.4504,-0.010253,0.0023715,0.99552,1.7784,0.5,3.4504,0.00059021,-2.39E-06,-0.00015411,0.00068534,-0.00011862,0.0015023,,0.0222224,-0.00246576
0.0013088,1.7866,0.5,3.4504,-0.011893,0.0012992,1.0009,1.7866,0.5,3.4504,0.00055337,2.27E-05,-8.09E-05,0.0006327,-4.09E-05,0.0014315,,0.0209408,-0.00129448
0.0012274,1.7949,0.5,3.4504,-0.013338,-0.00032027,1.0058,1.7949,0.5,3.4504,0.0005502,5.93E-05,-2.52E-05,0.0005933,-2.39E-06,0.0013114,,0.0196384,-0.000402432
0.0011875,1.8032,0.5,3.4504,-0.014343,-0.0025828,1.0084,1.8032,0.5,3.4504,0.00056645,7.74E-05,4.26E-06,0.00054355,-4.80E-06,0.0012649,,0.019,0.000068216
0.0012171,1.8114,0.5,3.4504,-0.014956,-0.0051297,1.0083,1.8114,0.5,3.4504,0.00060071,5.92E-05,-1.99E-06,0.00051536,-1.81E-05,0.0013181,,0.0194736,-3.18144E-05
0.0013411,1.8197,0.5,3.4504,-0.015391,-0.0070909,1.0058,1.8197,0.5,3.4504,0.00065172,2.17E-05,-6.52E-06,0.00055505,-2.06E-05,0.0014753,,0.0214576,-0.000104302
0.001582,1.8279,0.5,3.4504,-0.015829,-0.0077544,1.0012,1.8279,0.5,3.4504,0.00070537,-5.84E-06,4.66E-05,0.00062307,-8.00E-05,0.0018356,,0.025312,0.000745232
0.0018764,1.8362,0.5,3.4504,-0.016231,-0.0070369,0.99499,1.8362,0.5,3.4504,0.00075814,-2.43E-05,0.00012556,0.00070064,-0.00028551,0.0022941,,0.0300224,0.00200896
0.0021148,1.8446,0.5,3.4504,-0.016439,-0.005409,0.99002,1.8446,0.5,3.4504,0.00082336,-4.04E-05,0.00015799,0.00082913,-0.00057836,0.002577,,0.0338368,0.00252784
0.0023024,1.8534,0.5,3.4504,-0.016389,-0.0032609,0.9882,1.8534,0.5,3.4504,0.00090662,-4.89E-05,0.00014256,0.00098214,-0.00084493,0.0027161,,0.0368384,0.00228096
0.0024773,1.8626,0.5,3.4504,-0.016078,-0.00063858,0.98825,1.8626,0.5,3.4504,0.00098679,-4.03E-05,0.00013033,0.0011578,-0.0011021,0.00281,,0.0396368,0.00208528
0.0026619,1.8723,0.5,3.4504,-0.015551,0.0024151,0.9876,1.8723,0.5,3.4504,0.0010237,-1.55E-05,0.00018329,0.001408,-0.0013731,0.0028921,,0.0425904,0.00293264
0.0028022,1.8824,0.5,3.4504,-0.014975,0.0045581,0.98659,1.8824,0.5,3.4504,0.0010012,-2.67E-05,0.00029328,0.0015856,-0.0015115,0.0030176,,0.0448352,0.00469248
0.0028128,1.8931,0.5,3.4504,-0.014541,0.0049329,0.98641,1.8931,0.5,3.4504,0.00095818,-8.37E-05,0.00038393,0.0015049,-0.0014358,0.0031625,,0.0450048,0.00614288
0.0028373,1.9042,0.5,3.4504,-0.014175,0.0053662,0.98484,1.9042,0.5,3.4504,0.00094478,-0.00015572,0.00041514,0.0013796,-0.001321,0.0033501,,0.0453968,0.00664224
0.0029607,1.9159,0.5,3.4504,-0.013818,0.0063589,0.98319,1.9159,0.5,3.4504,0.00097683,-0.00022813,0.00042664,0.0014666,-0.0013175,0.0034781,,0.0473712,0.00682624
0.0030746,1.9282,0.5,3.4504,-0.01354,0.0075936,0.98375,1.9282,0.5,3.4504,0.0010516,-0.00023857,0.00040903,0.001578,-0.0013587,0.0035196,,0.0491936,0.00654448
0.0031132,1.941,0.5,3.4504,-0.012988,0.0097148,0.98369,1.941,0.5,3.4504,0.0011417,-0.00017712,0.00031896,0.0015032,-0.0013386,0.0035815,,0.0498112,0.00510336
0.0030395,1.9545,0.5,3.4504,-0.011794,0.01254,0.98391,1.9545,0.5,3.4504,0.0011926,-3.45E-05,0.00018046,0.0013657,-0.0011998,0.0035206,,0.048632,0.00288736
0.0028256,1.9686,0.5,3.4504,-0.010318,0.016285,0.98607,1.9686,0.5,3.4504,0.001168,0.00017437,-6.96E-05,0.0012939,-0.0010117,0.0031893,,0.0452096,-0.00111368
0.0024701,1.9833,0.5,3.4504,-0.0088505,0.018248,0.98464,1.9833,0.5,3.4504,0.0010675,0.00025837,-0.00035651,0.0012781,-0.00092426,0.0025945,,0.0395216,-0.00570416
0.002047,1.9988,0.5,3.4504,-0.0067778,0.015092,0.98094,1.9988,0.5,3.4504,0.00099122,0.00013845,-0.00050002,0.001267,-0.00078179,0.0018358,,0.032752,-0.00800032
0.0019309,2.0149,0.5,3.4504,-0.0040672,0.0071038,0.98371,2.0149,0.5,3.4504,0.00097496,-3.46E-05,-0.00038251,0.0012058,-0.00065945,0.0016811,,0.0308944,-0.00612016
0.0021865,2.0319,0.5,3.4504,-0.0019359,0.00012629,0.98677,2.0319,0.5,3.4504,0.00095054,-3.54E-05,-0.00021402,0.0010745,-0.00062198,0.002348,,0.034984,-0.00342432
0.0022266,2.0496,0.5,3.4504,-0.00069985,-0.002762,0.98864,2.0496,0.5,3.4504,0.00095697,0.00011974,-0.00022988,0.00091839,-0.00050833,0.0025779,,0.0356256,-0.00367808
0.0019116,2.0681,0.5,3.4504,0.0003066,-0.0052907,0.98706,2.0681,0.5,3.4504,0.0010485,0.0002119,-0.00013313,0.00084385,-0.00036423,0.0019309,,0.0305856,-0.00213008
0.0018215,2.0875,0.5,3.4504,0.001007,-0.0046393,0.98228,2.0875,0.5,3.4504,0.0011841,0.00015086,-0.0002349,0.00086985,-0.0002793,0.001589,,0.029144,-0.0037584
0.001947,2.1078,0.5,3.4504,0.0020886,0.00073688,0.98134,2.1078,0.5,3.4504,0.001306,6.93E-05,-0.00058243,0.00098691,-0.00032114,0.0016011,,0.031152,-0.00931888
0.0019203,2.129,0.5,3.4504,0.0037709,0.0032626,0.97617,2.129,0.5,3.4504,0.0013289,2.65E-06,-0.00058064,0.00092123,-0.00028366,0.0015905,,0.0307248,-0.00929024
0.0020658,2.1511,0.5,3.4504,0.005045,-0.0022493,0.97509,2.1511,0.5,3.4504,0.0011915,6.03E-05,-0.0007023,0.00072286,-0.00032294,0.0022171,,0.0330528,-0.0112368
0.002112,2.1743,0.5,3.4504,0.0058095,-0.01021,0.97839,2.1743,0.5,3.4504,0.00093443,0.00022775,-0.00086515,0.00082294,-0.00031515,0.0024667,,0.033792,-0.0138424
0.0019595,2.1984,0.5,3.4504,0.005488,-0.014544,0.9842,2.1984,0.5,3.4504,0.00071373,0.00021448,-0.00037011,0.0009164,-0.00020738,0.0022888,,0.031352,-0.00592176
0.0019948,2.2237,0.5,3.4504,0.0052756,-0.013733,0.98436,2.2237,0.5,3.4504,0.0006064,0.00010793,0.00015837,0.0008474,-0.00031274,0.0025357,,0.0319168,0.00253392
0.0020405,2.2501,0.5,3.4504,0.0070319,-0.015681,0.99192,2.2501,0.5,3.4504,0.00056144,6.61E-05,0.00019698,0.00099363,-3.50E-05,0.002526,,0.032648,0.00315168
0.0024573,2.2776,0.5,3.4504,0.010853,-0.016611,0.97827,2.2776,0.5,3.4504,0.00053077,5.40E-05,0.00020719,0.0012505,0.00021762,0.0031333,,0.0393168,0.00331504
0.0023692,2.3063,0.5,3.4504,0.015723,-0.017801,0.97066,2.3063,0.5,3.4504,0.00041379,0.00011306,0.00014578,0.0016034,1.97E-05,0.0027211,,0.0379072,0.00233248
0.0025766,2.3362,0.5,3.4504,0.014191,-0.022893,0.99173,2.3362,0.5,3.4504,0.00040406,0.00014874,0.00017837,0.002089,0.0004945,0.0026601,,0.0412256,0.00285392
0.0034091,2.3674,0.5,3.4504,0.0080424,-0.020279,0.94966,2.3674,0.5,3.4504,0.00064015,0.00024622,0.00020574,0.0024079,0.00067403,0.0037702,,0.0545456,0.00329184
0.0044433,2.3999,0.5,3.4504,0.0086546,-0.010988,0.88135,2.3999,0.5,3.4504,0.0010164,0.00019617,0.00026014,0.0022335,0.00057928,0.0056366,,0.0710928,0.00416224
0.0047722,2.4338,0.5,3.4504,0.010238,0.00068823,0.83797,2.4338,0.5,3.4504,0.0010767,0.00034646,0.0006524,0.0025705,0.0007184,0.0058972,,0.0763552,0.0104384
0.0033361,2.4691,0.5,3.4504,0.0056615,0.0058657,0.73513,2.4691,0.5,3.4504,0.00048703,0.00040928,0.00051314,0.0025891,0.00046858,0.0035961,,0.0533776,0.00821024
0.0016935,1.6711,0.5,3.4943,0.0047345,0.011897,0.95992,1.6711,0.5,3.4943,0.0013282,-6.58E-05,8.67E-05,0.00097571,-0.00050319,0.0010832,,0.027096,0.001387136
0.001648,1.6793,0.5,3.4943,0.0039267,0.011616,0.96213,1.6793,0.5,3.4943,0.0013142,-8.45E-05,0.00014028,0.00094149,-0.00055424,0.0010403,,0.026368,0.00224448
0.0015725,1.6876,0.5,3.4943,0.0029656,0.01112,0.96498,1.6876,0.5,3.4943,0.0012552,-0.00012728,0.00014074,0.00091272,-0.00056343,0.00097704,,0.02516,0.00225184
0.0014758,1.6958,0.5,3.4943,0.0018531,0.010742,0.96837,1.6958,0.5,3.4943,0.0011567,-0.00016868,0.00012295,0.00089413,-0.00053226,0.00090087,,0.0236128,0.0019672
0.0013752,1.7041,0.5,3.4943,0.00064519,0.010541,0.97201,1.7041,0.5,3.4943,0.001042,-0.00020158,8.82E-05,0.00087711,-0.00047009,0.00083137,,0.0220032,0.001411408
0.0012779,1.7123,0.5,3.4943,-0.00064907,0.0098628,0.97596,1.7123,0.5,3.4943,0.00094552,-0.00023923,2.95E-05,0.00085346,-0.00037481,0.00075683,,0.0204464,0.000471664
0.001216,1.7206,0.5,3.4943,-0.0020241,0.0083469,0.97954,1.7206,0.5,3.4943,0.00089464,-0.0002743,-3.85E-05,0.00081764,-0.00027411,0.00071979,,0.019456,-0.000615536
0.0012102,1.7289,0.5,3.4943,-0.0033871,0.0064138,0.98186,1.7289,0.5,3.4943,0.00088981,-0.00027611,-0.00010187,0.00077206,-0.00020647,0.00075858,,0.0193632,-0.00162992
0.0012214,1.7371,0.5,3.4943,-0.0045972,0.0046391,0.98402,1.7371,0.5,3.4943,0.00090125,-0.00022681,-0.00015827,0.00073956,-0.0001871,0.00080207,,0.0195424,-0.00253232
0.0012366,1.7454,0.5,3.4943,-0.0056226,0.0034598,0.98701,1.7454,0.5,3.4943,0.00089009,-0.00014539,-0.00020975,0.00074428,-0.00020618,0.00083892,,0.0197856,-0.003356
0.0012796,1.7536,0.5,3.4943,-0.0065612,0.0029722,0.98974,1.7536,0.5,3.4943,0.00083757,-6.78E-05,-0.00024169,0.00076737,-0.00022637,0.00095419,,0.0204736,-0.00386704
0.0013439,1.7619,0.5,3.4943,-0.007547,0.0029301,0.99121,1.7619,0.5,3.4943,0.00075445,-2.18E-05,-0.00024152,0.00075996,-0.00022663,0.0011734,,0.0215024,-0.00386432
0.0013855,1.7701,0.5,3.4943,-0.008737,0.0029208,0.99226,1.7701,0.5,3.4943,0.00066735,-7.49E-06,-0.00020438,0.00070657,-0.00019524,0.001397,,0.022168,-0.00327008
0.0013599,1.7784,0.5,3.4943,-0.010247,0.0024198,0.9955,1.7784,0.5,3.4943,0.00060014,1.19E-06,-0.00013494,0.00064645,-0.00012124,0.0014732,,0.0217584,-0.00215904
0.0012882,1.7866,0.5,3.4943,-0.011917,0.001295,1.0011,1.7866,0.5,3.4943,0.0005636,2.32E-05,-6.27E-05,0.00061283,-3.73E-05,0.0013999,,0.0206112,-0.001003616
0.0012214,1.7949,0.5,3.4943,-0.013348,-0.00035757,1.006,1.7949,0.5,3.4943,0.00054994,5.02E-05,-6.17E-06,0.00058515,1.14E-05,0.0013077,,0.0195424,-9.86928E-05
0.0011876,1.8032,0.5,3.4943,-0.014307,-0.0026507,1.0087,1.8032,0.5,3.4943,0.00054853,6.17E-05,2.09E-05,0.00054028,1.09E-05,0.0012863,,0.0190016,0.000334256
0.0012136,1.8114,0.5,3.4943,-0.01488,-0.0052343,1.0085,1.8114,0.5,3.4943,0.00056698,4.82E-05,5.16E-06,0.00052175,-7.28E-06,0.0013385,,0.0194176,8.24816E-05
0.0013358,1.8197,0.5,3.4943,-0.0153,-0.0071705,1.0055,1.8197,0.5,3.4943,0.00061062,2.37E-05,-9.61E-06,0.00057529,-1.83E-05,0.0014857,,0.0213728,-0.000153752
0.0015851,1.8279,0.5,3.4943,-0.015743,-0.0076291,1.0003,1.8279,0.5,3.4943,0.00066545,7.38E-06,3.41E-05,0.00064659,-8.96E-05,0.0018582,,0.0253616,0.000546064
0.0018865,1.8362,0.5,3.4943,-0.016158,-0.006626,0.99411,1.8362,0.5,3.4943,0.00072161,-6.11E-06,9.36E-05,0.00071467,-0.00030301,0.0023368,,0.030184,0.00149792
0.0021172,1.8446,0.5,3.4943,-0.016389,-0.0048863,0.9896,1.8446,0.5,3.4943,0.00078353,-2.02E-05,0.0001038,0.00082687,-0.00059712,0.0026241,,0.0338752,0.0016608
0.002286,1.8534,0.5,3.4943,-0.01634,-0.0028672,0.98809,1.8534,0.5,3.4943,0.00085534,-2.34E-05,8.54E-05,0.00096647,-0.00086158,0.0027502,,0.036576,0.001366112
0.0024347,1.8626,0.5,3.4943,-0.015976,-0.00048082,0.98793,1.8626,0.5,3.4943,0.00092213,-7.21E-06,9.51E-05,0.0011432,-0.0011143,0.002804,,0.0389552,0.001521888
0.002612,1.8723,0.5,3.4943,-0.015381,0.0024452,0.98684,1.8723,0.5,3.4943,0.00095102,1.36E-05,0.00018267,0.0014047,-0.0013767,0.0028684,,0.041792,0.00292272
0.002771,1.8824,0.5,3.4943,-0.014796,0.0045999,0.98576,1.8824,0.5,3.4943,0.00093457,-1.20E-05,0.00031155,0.0015768,-0.0015046,0.0030306,,0.044336,0.0049848
0.0028025,1.8931,0.5,3.4943,-0.014404,0.0050442,0.98579,1.8931,0.5,3.4943,0.00091258,-7.65E-05,0.00039184,0.0014753,-0.0014346,0.0032172,,0.04484,0.00626944
0.0028279,1.9042,0.5,3.4943,-0.014092,0.0055419,0.98423,1.9042,0.5,3.4943,0.00091765,-0.00015114,0.00040411,0.0013395,-0.0013346,0.0033987,,0.0452464,0.00646576
0.0029218,1.9159,0.5,3.4943,-0.013816,0.0064099,0.98265,1.9159,0.5,3.4943,0.00094449,-0.00022291,0.00040778,0.001428,-0.0013218,0.0034712,,0.0467488,0.00652448
0.0030301,1.9282,0.5,3.4943,-0.013612,0.0074479,0.98328,1.9282,0.5,3.4943,0.00099186,-0.00022874,0.00039567,0.0015572,-0.0013496,0.0035112,,0.0484816,0.00633072
0.003075,1.941,0.5,3.4943,-0.013083,0.0094733,0.98324,1.941,0.5,3.4943,0.0010637,-0.0001699,0.00031725,0.0015138,-0.001333,0.0035725,,0.0492,0.005076
0.0029943,1.9545,0.5,3.4943,-0.01191,0.012259,0.98408,1.9545,0.5,3.4943,0.0011369,-4.52E-05,0.00019622,0.0013926,-0.0011961,0.003459,,0.0479088,0.00313952
0.0027863,1.9686,0.5,3.4943,-0.010451,0.016184,0.98686,1.9686,0.5,3.4943,0.0011546,0.00013355,-2.20E-05,0.0012999,-0.00098915,0.0031179,,0.0445808,-0.000352736
0.0024444,1.9833,0.5,3.4943,-0.0090155,0.018422,0.98538,1.9833,0.5,3.4943,0.0010698,0.00021845,-0.0003064,0.0012664,-0.00087963,0.0025526,,0.0391104,-0.0049024
0.0020345,1.9988,0.5,3.4943,-0.0070749,0.015289,0.98112,1.9988,0.5,3.4943,0.00097173,0.00014173,-0.00049888,0.0012341,-0.00074378,0.0018632,,0.032552,-0.00798208
0.0019032,2.0149,0.5,3.4943,-0.0045088,0.0072319,0.9836,2.0149,0.5,3.4943,0.00091417,-7.51E-06,-0.00038727,0.0011395,-0.00067155,0.0017526,,0.0304512,-0.00619632
0.0021329,2.0319,0.5,3.4943,-0.0024136,0.00029781,0.98716,2.0319,0.5,3.4943,0.00086862,-2.93E-05,-0.00018233,0.0010269,-0.00066229,0.0023703,,0.0341264,-0.00291728
0.0021326,2.0496,0.5,3.4943,-0.0011336,-0.0024859,0.98881,2.0496,0.5,3.4943,0.00089065,8.75E-05,-0.00017816,0.00090372,-0.00050765,0.0024708,,0.0341216,-0.00285056
0.0018522,2.0681,0.5,3.4943,-9.81E-05,-0.0048889,0.98702,2.0681,0.5,3.4943,0.0010204,0.0001764,-8.08E-05,0.00086314,-0.00033999,0.0018207,,0.0296352,-0.00129344
0.0018148,2.0875,0.5,3.4943,0.00057692,-0.0042161,0.98328,2.0875,0.5,3.4943,0.0011994,0.00012503,-0.0001954,0.00092068,-0.00024433,0.0015095,,0.0290368,-0.0031264
0.0019442,2.1078,0.5,3.4943,0.0016567,0.0010168,0.98179,2.1078,0.5,3.4943,0.0013147,2.85E-05,-0.00055028,0.0010574,-0.0002889,0.0015164,,0.0311072,-0.00880448
0.0018858,2.129,0.5,3.4943,0.0033469,0.0033233,0.97606,2.129,0.5,3.4943,0.0012806,-5.32E-06,-0.00055356,0.00096165,-0.00026409,0.0015293,,0.0301728,-0.00885696
0.0019802,2.1511,0.5,3.4943,0.0046593,-0.0023954,0.97531,2.1511,0.5,3.4943,0.0011226,9.47E-05,-0.00065653,0.00074317,-0.00028836,0.0020947,,0.0316832,-0.01050448
0.0020861,2.1743,0.5,3.4943,0.0054801,-0.010264,0.97819,2.1743,0.5,3.4943,0.0009107,0.00027744,-0.00083282,0.00088083,-0.00034379,0.0023806,,0.0333776,-0.01332512
0.0019955,2.1984,0.5,3.4943,0.0051038,-0.014473,0.98361,2.1984,0.5,3.4943,0.00073709,0.0002505,-0.00036904,0.00096044,-0.0002521,0.0022936,,0.031928,-0.00590464
0.0019729,2.2237,0.5,3.4943,0.0049202,-0.013723,0.98394,2.2237,0.5,3.4943,0.00063062,0.00010521,0.00016223,0.00083646,-0.00030123,0.0024786,,0.0315664,0.00259568
0.0019865,2.2501,0.5,3.4943,0.006854,-0.015739,0.99207,2.2501,0.5,3.4943,0.00056539,9.59E-05,0.00023286,0.00097439,-6.30E-05,0.0024333,,0.031784,0.00372576
0.0024759,2.2776,0.5,3.4943,0.010745,-0.016862,0.97874,2.2776,0.5,3.4943,0.00052826,0.00010046,0.00028109,0.0012558,0.0001794,0.0031677,,0.0396144,0.00449744
0.002356,2.3063,0.5,3.4943,0.015661,-0.017838,0.9704,2.3063,0.5,3.4943,0.00040738,9.25E-05,0.00016971,0.0015716,2.17E-05,0.002733,,0.037696,0.00271536
0.0024931,2.3362,0.5,3.4943,0.014098,-0.022586,0.99196,2.3362,0.5,3.4943,0.00039585,0.0001459,0.00015833,0.0020042,0.00050192,0.0025861,,0.0398896,0.00253328
0.0033979,2.3674,0.5,3.4943,0.0076992,-0.019843,0.95007,2.3674,0.5,3.4943,0.00063831,0.00029084,0.00016042,0.0023627,0.00066123,0.0037948,,0.0543664,0.00256672
0.0044218,2.3999,0.5,3.4943,0.0084656,-0.010526,0.87976,2.3999,0.5,3.4943,0.00097197,0.00022951,0.0001851,0.0022415,0.00060829,0.0056302,,0.0707488,0.0029616
0.0046713,2.4338,0.5,3.4943,0.010587,0.00067567,0.83642,2.4338,0.5,3.4943,0.00099515,0.00036705,0.00057698,0.0025633,0.00074127,0.0057842,,0.0747408,0.00923168
0.0032602,2.4691,0.5,3.4943,0.0060233,0.005525,0.73444,2.4691,0.5,3.4943,0.00044752,0.00041443,0.00046281,0.0025703,0.00043432,0.0035026,,0.0521632,0.00740496
0.0016794,1.6711,0.5,3.5388,0.0047237,0.011654,0.95897,1.6711,0.5,3.5388,0.0013417,-7.28E-05,6.49E-05,0.0009686,-0.00049517,0.0010485,,0.0268704,0.001037744
0.0016271,1.6793,0.5,3.5388,0.0039458,0.011524,0.96148,1.6793,0.5,3.5388,0.0013254,-8.96E-05,0.00014024,0.00093439,-0.00052091,0.00099445,,0.0260336,0.00224384
0.0015633,1.6876,0.5,3.5388,0.0030518,0.011169,0.96465,1.6876,0.5,3.5388,0.0012755,-0.00013301,0.00016503,0.0009079,-0.00052196,0.00094316,,0.0250128,0.00264048
0.0014831,1.6958,0.5,3.5388,0.0019916,0.010956,0.96824,1.6958,0.5,3.5388,0.0011872,-0.00017663,0.00015709,0.00089779,-0.00049706,0.00088126,,0.0237296,0.00251344
0.0013949,1.7041,0.5,3.5388,0.00077373,0.010923,0.97211,1.7041,0.5,3.5388,0.0010769,-0.00021193,0.00012067,0.00088622,-0.00043912,0.00082676,,0.0223184,0.00193072
0.0013015,1.7123,0.5,3.5388,-0.00059273,0.010274,0.97617,1.7123,0.5,3.5388,0.00097509,-0.00024924,4.93E-05,0.00085344,-0.00034864,0.00077443,,0.020824,0.000788
0.0012285,1.7206,0.5,3.5388,-0.0020395,0.008574,0.97973,1.7206,0.5,3.5388,0.00090918,-0.00028076,-3.43E-05,0.0008049,-0.00025686,0.00074292,,0.019656,-0.000549344
0.0012045,1.7289,0.5,3.5388,-0.0034165,0.0064109,0.98203,1.7289,0.5,3.5388,0.00088348,-0.00027889,-0.00010562,0.00075919,-0.00020342,0.00076626,,0.019272,-0.00168992
0.0012014,1.7371,0.5,3.5388,-0.0045785,0.0045465,0.98423,1.7371,0.5,3.5388,0.00087617,-0.00023014,-0.0001599,0.00073307,-0.00019861,0.00079351,,0.0192224,-0.0025584
0.0012107,1.7454,0.5,3.5388,-0.0055314,0.0034,0.98719,1.7454,0.5,3.5388,0.00085473,-0.00015133,-0.00020715,0.00073394,-0.00022468,0.00083275,,0.0193712,-0.0033144
0.0012559,1.7536,0.5,3.5388,-0.0064262,0.0029885,0.9897,1.7536,0.5,3.5388,0.00080028,-7.42E-05,-0.00023918,0.00073983,-0.00024269,0.00097172,,0.0200944,-0.00382688
0.0013225,1.7619,0.5,3.5388,-0.0074188,0.0030332,0.991,1.7619,0.5,3.5388,0.00072257,-2.74E-05,-0.00023942,0.0007165,-0.00023483,0.001206,,0.02116,-0.00383072
0.0013609,1.7701,0.5,3.5388,-0.0086566,0.0030519,0.99206,1.7701,0.5,3.5388,0.00064756,-9.88E-06,-0.00020599,0.00066431,-0.00019795,0.0014099,,0.0217744,-0.00329584
0.0013317,1.7784,0.5,3.5388,-0.010221,0.0024992,0.99546,1.7784,0.5,3.5388,0.00059596,6.46E-06,-0.00014,0.00061903,-0.00012446,0.0014484,,0.0213072,-0.00224
0.0012706,1.7866,0.5,3.5388,-0.011911,0.0013286,1.0011,1.7866,0.5,3.5388,0.00056989,3.50E-05,-5.84E-05,0.00060152,-3.14E-05,0.0013697,,0.0203296,-0.000934272
0.0012226,1.7949,0.5,3.5388,-0.013316,-0.00034679,1.0061,1.7949,0.5,3.5388,0.00055287,6.19E-05,1.38E-05,0.00058653,3.39E-05,0.0013057,,0.0195616,0.000221136
0.0011975,1.8032,0.5,3.5388,-0.014231,-0.0027017,1.0089,1.8032,0.5,3.5388,0.00053777,7.10E-05,4.85E-05,0.00055016,3.69E-05,0.0013071,,0.01916,0.000776
0.0012291,1.8114,0.5,3.5388,-0.014781,-0.005375,1.0086,1.8114,0.5,3.5388,0.00054357,5.99E-05,3.02E-05,0.00054267,1.26E-05,0.0013719,,0.0196656,0.0004836
0.0013573,1.8197,0.5,3.5388,-0.015221,-0.0072814,1.0052,1.8197,0.5,3.5388,0.00058119,4.16E-05,5.89E-06,0.00060524,-4.55E-06,0.0015282,,0.0217168,0.0000942
0.0016094,1.8279,0.5,3.5388,-0.015702,-0.0074869,0.99956,1.8279,0.5,3.5388,0.00063408,2.94E-05,3.10E-05,0.00067213,-8.49E-05,0.0019126,,0.0257504,0.000495632
0.001904,1.8362,0.5,3.5388,-0.016139,-0.0061868,0.99346,1.8362,0.5,3.5388,0.00068693,1.81E-05,5.96E-05,0.00072554,-0.00030699,0.0023954,,0.030464,0.000954384
0.0021162,1.8446,0.5,3.5388,-0.016369,-0.0043648,0.98939,1.8446,0.5,3.5388,0.00074112,6.39E-06,4.35E-05,0.00082129,-0.00060512,0.00267,,0.0338592,0.000695888
0.0022628,1.8534,0.5,3.5388,-0.016285,-0.0025083,0.988,1.8534,0.5,3.5388,0.00080089,4.89E-06,2.48E-05,0.00095419,-0.00086604,0.0027705,,0.0362048,0.000396688
0.0023941,1.8626,0.5,3.5388,-0.015847,-0.00035752,0.98744,1.8626,0.5,3.5388,0.00085258,2.11E-05,6.26E-05,0.0011393,-0.00111,0.0027964,,0.0383056,0.00100176
0.0025753,1.8723,0.5,3.5388,-0.015199,0.00246,0.98594,1.8723,0.5,3.5388,0.00086849,3.90E-05,0.00018043,0.0014142,-0.0013628,0.0028679,,0.0412048,0.00288688
0.00275,1.8824,0.5,3.5388,-0.014641,0.0046228,0.98496,1.8824,0.5,3.5388,0.00085139,1.04E-05,0.00031611,0.0015837,-0.001484,0.0030649,,0.044,0.00505776
0.0027963,1.8931,0.5,3.5388,-0.014306,0.0051446,0.98521,1.8931,0.5,3.5388,0.00084464,-5.55E-05,0.00038965,0.0014659,-0.0014234,0.0032821,,0.0447408,0.0062344
0.0028094,1.9042,0.5,3.5388,-0.014034,0.0057176,0.98362,1.9042,0.5,3.5388,0.0008654,-0.00013446,0.0003981,0.0013172,-0.0013316,0.0034361,,0.0449504,0.0063696
0.0028669,1.9159,0.5,3.5388,-0.01381,0.0064654,0.98212,1.9159,0.5,3.5388,0.00089287,-0.00021208,0.00040605,0.0013979,-0.0013039,0.003443,,0.0458704,0.0064968
0.0029841,1.9282,0.5,3.5388,-0.013659,0.0073287,0.98278,1.9282,0.5,3.5388,0.00093388,-0.00022551,0.00040202,0.0015372,-0.0013203,0.0034972,,0.0477456,0.00643232
0.0030374,1.941,0.5,3.5388,-0.013163,0.009265,0.98278,1.941,0.5,3.5388,0.0010184,-0.0001723,0.000324,0.0015177,-0.0013047,0.0035386,,0.0485984,0.005184
0.0029461,1.9545,0.5,3.5388,-0.012023,0.012041,0.9843,1.9545,0.5,3.5388,0.0011284,-5.77E-05,0.00019931,0.0013968,-0.0011722,0.003367,,0.0471376,0.00318896
0.0027599,1.9686,0.5,3.5388,-0.010578,0.016131,0.98758,1.9686,0.5,3.5388,0.0011721,0.00010168,-1.19E-06,0.0012954,-0.00096917,0.0030523,,0.0441584,-1.89888E-05
0.00245,1.9833,0.5,3.5388,-0.0091698,0.018543,0.98608,1.9833,0.5,3.5388,0.0010788,0.00020471,-0.00026825,0.0012826,-0.00086188,0.0025387,,0.0392,-0.004292
0.0020446,1.9988,0.5,3.5388,-0.007364,0.015422,0.9814,1.9988,0.5,3.5388,0.00093708,0.00017793,-0.00047664,0.0012518,-0.00073605,0.0019003,,0.0327136,-0.00762624
0.0018692,2.0149,0.5,3.5388,-0.004956,0.0074216,0.98351,2.0149,0.5,3.5388,0.00083454,3.93E-05,-0.00036048,0.0011214,-0.00069628,0.0017824,,0.0299072,-0.00576768
0.0020613,2.0319,0.5,3.5388,-0.0029174,0.00058715,0.98753,2.0319,0.5,3.5388,0.00079118,-2.55E-05,-0.0001469,0.00098315,-0.00070098,0.0023482,,0.0329808,-0.0023504
0.0020478,2.0496,0.5,3.5388,-0.0016196,-0.00219,0.98893,2.0496,0.5,3.5388,0.00084848,5.32E-05,-0.00014506,0.00087405,-0.00051094,0.002373,,0.0327648,-0.00232096
0.001824,2.0681,0.5,3.5388,-0.00058804,-0.0045022,0.98694,2.0681,0.5,3.5388,0.0010155,0.00014617,-5.88E-05,0.00088654,-0.00032745,0.001746,,0.029184,-0.000940688
0.0018252,2.0875,0.5,3.5388,0.00010613,-0.0037241,0.98426,2.0875,0.5,3.5388,0.0012194,0.00010031,-0.00017548,0.00098156,-0.00021406,0.0014495,,0.0292032,-0.00280768
0.0019285,2.1078,0.5,3.5388,0.0012538,0.0013625,0.98227,2.1078,0.5,3.5388,0.0013102,1.02E-05,-0.00050126,0.0011209,-0.00026567,0.0014259,,0.030856,-0.00802016
0.0018429,2.129,0.5,3.5388,0.0029345,0.0033464,0.97593,2.129,0.5,3.5388,0.0012289,-1.93E-06,-0.00052664,0.00097669,-0.00024849,0.0014802,,0.0294864,-0.00842624
0.0018894,2.1511,0.5,3.5388,0.0042356,-0.0026104,0.97545,2.1511,0.5,3.5388,0.0010657,0.00010888,-0.00063683,0.0007352,-0.00025594,0.0019779,,0.0302304,-0.01018928
0.0020371,2.1743,0.5,3.5388,0.0050789,-0.010409,0.97791,2.1743,0.5,3.5388,0.00088041,0.00030046,-0.00081087,0.00090836,-0.00037531,0.0022854,,0.0325936,-0.01297392
0.0020185,2.1984,0.5,3.5388,0.0046687,-0.014464,0.98298,2.1984,0.5,3.5388,0.00073961,0.00026189,-0.00036457,0.00099188,-0.00027463,0.0023056,,0.032296,-0.00583312
0.0019847,2.2237,0.5,3.5388,0.0045542,-0.01378,0.98347,2.2237,0.5,3.5388,0.00064488,9.69E-05,0.0001663,0.00085568,-0.00026833,0.0024688,,0.0317552,0.0026608
0.0019375,2.2501,0.5,3.5388,0.006685,-0.015839,0.9921,2.2501,0.5,3.5388,0.00056938,0.00011721,0.0002676,0.00095044,-0.00010312,0.0023552,,0.031,0.0042816
0.0024717,2.2776,0.5,3.5388,0.01066,-0.017056,0.97916,2.2776,0.5,3.5388,0.00052386,0.0001345,0.00036444,0.0012285,0.00013799,0.003191,,0.0395472,0.00583104
0.002357,2.3063,0.5,3.5388,0.015641,-0.017872,0.97004,2.3063,0.5,3.5388,0.00039185,6.89E-05,0.00021144,0.0015349,7.35E-05,0.0027873,,0.037712,0.00338304
0.0023937,2.3362,0.5,3.5388,0.014063,-0.022262,0.99211,2.3362,0.5,3.5388,0.00037237,0.00014555,0.00015055,0.0019117,0.00053171,0.0025033,,0.0382992,0.0024088
0.0033716,2.3674,0.5,3.5388,0.0074121,-0.019343,0.95053,2.3674,0.5,3.5388,0.00062355,0.00033843,0.0001426,0.0023169,0.00066316,0.0038028,,0.0539456,0.0022816
0.0044038,2.3999,0.5,3.5388,0.0082971,-0.010015,0.87814,2.3999,0.5,3.5388,0.00093175,0.00026191,0.00014066,0.0022729,0.00063782,0.0056029,,0.0704608,0.00225056
0.0045658,2.4338,0.5,3.5388,0.010874,0.00069834,0.83482,2.4338,0.5,3.5388,0.00092458,0.00039332,0.00051577,0.0025756,0.00072577,0.0056314,,0.0730528,0.00825232
0.0031809,2.4691,0.5,3.5388,0.0063158,0.0051989,0.73381,2.4691,0.5,3.5388,0.00041213,0.00042605,0.00042393,0.0025483,0.00038164,0.0034013,,0.0508944,0.00678288
0.0016663,1.6711,0.5,3.584,0.0047188,0.011365,0.95801,1.6711,0.5,3.584,0.0013392,-7.67E-05,6.97E-05,0.00097508,-0.00049271,0.0010184,,0.0266608,0.001115648
0.0016112,1.6793,0.5,3.584,0.0039616,0.01141,0.96079,1.6793,0.5,3.584,0.0013291,-7.85E-05,0.00015303,0.00094021,-0.0004947,0.00095305,,0.0257792,0.00244848
0.0015518,1.6876,0.5,3.584,0.0031127,0.011217,0.96427,1.6876,0.5,3.584,0.001294,-0.00011442,0.00018941,0.00091211,-0.00047992,0.00089757,,0.0248288,0.00303056
0.0014891,1.6958,0.5,3.584,0.0021183,0.011174,0.96815,1.6958,0.5,3.584,0.0012244,-0.00015872,0.00019008,0.00090654,-0.00045918,0.0008474,,0.0238256,0.00304128
0.0014207,1.7041,0.5,3.584,0.00092534,0.011303,0.97229,1.7041,0.5,3.584,0.0011291,-0.00019852,0.00015783,0.0009008,-0.00040973,0.00081154,,0.0227312,0.00252528
0.0013399,1.7123,0.5,3.584,-0.00047639,0.010701,0.97648,1.7123,0.5,3.584,0.0010323,-0.0002399,8.98E-05,0.00086212,-0.00032548,0.0007855,,0.0214384,0.001436736
0.0012584,1.7206,0.5,3.584,-0.0019855,0.0088544,0.97998,1.7206,0.5,3.584,0.00095715,-0.00027378,3.70E-06,0.00079984,-0.00024141,0.00075977,,0.0201344,5.91264E-05
0.0012117,1.7289,0.5,3.584,-0.0034038,0.0064779,0.98221,1.7289,0.5,3.584,0.00090962,-0.00027373,-7.46E-05,0.00074978,-0.00020251,0.00076391,,0.0193872,-0.001193152
0.0011927,1.7371,0.5,3.584,-0.0045582,0.0045137,0.9844,1.7371,0.5,3.584,0.00087493,-0.00022758,-0.00013868,0.00072833,-0.00021269,0.00078211,,0.0190832,-0.00221888
0.0011994,1.7454,0.5,3.584,-0.0054614,0.0033937,0.9873,1.7454,0.5,3.584,0.00083093,-0.00015102,-0.00019168,0.00072853,-0.00023954,0.0008394,,0.0191904,-0.00306688
0.0012533,1.7536,0.5,3.584,-0.0063097,0.0030798,0.98965,1.7536,0.5,3.584,0.00076435,-7.63E-05,-0.00022744,0.00072701,-0.00024762,0.0010153,,0.0200528,-0.00363904
0.0013264,1.7619,0.5,3.584,-0.0073081,0.0032348,0.99083,1.7619,0.5,3.584,0.00068509,-3.36E-05,-0.0002357,0.00070067,-0.0002299,0.001267,,0.0212224,-0.0037712
0.0013604,1.7701,0.5,3.584,-0.0086011,0.0032537,0.99191,1.7701,0.5,3.584,0.00061805,-1.79E-05,-0.00021344,0.00065657,-0.00019488,0.0014462,,0.0217664,-0.00341504
0.001323,1.7784,0.5,3.584,-0.010224,0.0025881,0.99537,1.7784,0.5,3.584,0.00057983,4.99E-06,-0.0001563,0.0006229,-0.00012803,0.0014433,,0.021168,-0.0025008
0.0012633,1.7866,0.5,3.584,-0.011927,0.0013512,1.0011,1.7866,0.5,3.584,0.00056508,4.48E-05,-6.74E-05,0.00061498,-2.56E-05,0.0013465,,0.0202128,-0.001078864
0.0012274,1.7949,0.5,3.584,-0.013297,-0.00032035,1.0061,1.7949,0.5,3.584,0.0005513,7.95E-05,2.37E-05,0.00060881,5.82E-05,0.0012946,,0.0196384,0.000379616
0.0012157,1.8032,0.5,3.584,-0.014171,-0.0027283,1.009,1.8032,0.5,3.584,0.00053281,9.12E-05,7.08E-05,0.00057712,6.51E-05,0.0013215,,0.0194512,0.001132912
0.0012625,1.8114,0.5,3.584,-0.014718,-0.0055204,1.0086,1.8114,0.5,3.584,0.00053328,7.95E-05,5.40E-05,0.00057223,3.49E-05,0.0014195,,0.0202,0.000864672
0.0014017,1.8197,0.5,3.584,-0.015197,-0.0074075,1.0048,1.8197,0.5,3.584,0.00056631,5.83E-05,2.48E-05,0.00063307,1.17E-05,0.001604,,0.0224272,0.00039704
0.0016525,1.8279,0.5,3.584,-0.015724,-0.0073515,0.99884,1.8279,0.5,3.584,0.00061755,4.23E-05,3.86E-05,0.00069043,-7.93E-05,0.001997,,0.02644,0.00061728
0.0019344,1.8362,0.5,3.584,-0.016173,-0.0057639,0.99298,1.8362,0.5,3.584,0.0006704,3.05E-05,4.65E-05,0.00073247,-0.00031201,0.0024658,,0.0309504,0.000743456
0.002129,1.8446,0.5,3.584,-0.01638,-0.0038716,0.9893,1.8446,0.5,3.584,0.0007217,2.28E-05,1.10E-05,0.00081906,-0.00061212,0.0027173,,0.034064,0.000176528
0.0022534,1.8534,0.5,3.584,-0.016235,-0.0021798,0.98785,1.8534,0.5,3.584,0.00077444,2.69E-05,-1.06E-05,0.0009482,-0.00086222,0.0027841,,0.0360544,-0.000169472
0.0023706,1.8626,0.5,3.584,-0.015711,-0.00026128,0.98678,1.8626,0.5,3.584,0.00081737,4.74E-05,4.15E-05,0.0011378,-0.0010941,0.002786,,0.0379296,0.0006644
0.0025653,1.8723,0.5,3.584,-0.015019,0.0024397,0.98499,1.8723,0.5,3.584,0.00082665,6.90E-05,0.00017425,0.0014227,-0.0013411,0.0028813,,0.0410448,0.002788
0.0027634,1.8824,0.5,3.584,-0.014502,0.0046206,0.9842,1.8824,0.5,3.584,0.00080993,4.48E-05,0.00031518,0.001596,-0.0014636,0.0031209,,0.0442144,0.00504288
0.0028261,1.8931,0.5,3.584,-0.014232,0.0052616,0.9846,1.8931,0.5,3.584,0.00080893,-2.28E-05,0.00039764,0.0014765,-0.0014153,0.0033667,,0.0452176,0.00636224
0.0028113,1.9042,0.5,3.584,-0.014004,0.0059033,0.98295,1.9042,0.5,3.584,0.00082935,-0.00011216,0.00041721,0.0013242,-0.0013197,0.0034691,,0.0449808,0.00667536
0.0028214,1.9159,0.5,3.584,-0.013835,0.006509,0.98156,1.9159,0.5,3.584,0.00084956,-0.00020181,0.00042623,0.0013936,-0.001267,0.0033997,,0.0451424,0.00681968
0.0029469,1.9282,0.5,3.584,-0.013739,0.007198,0.98223,1.9282,0.5,3.584,0.00089242,-0.00022682,0.00041553,0.0015322,-0.0012737,0.0034692,,0.0471504,0.00664848
0.0030035,1.941,0.5,3.584,-0.013277,0.0090377,0.98231,1.941,0.5,3.584,0.00099835,-0.00017827,0.00032377,0.0015229,-0.0012587,0.0034858,,0.048056,0.00518032
0.0029004,1.9545,0.5,3.584,-0.012156,0.011813,0.98449,1.9545,0.5,3.584,0.0011314,-7.24E-05,0.0001886,0.0013922,-0.0011342,0.0032772,,0.0464064,0.0030176
0.0027379,1.9686,0.5,3.584,-0.010701,0.015995,0.98811,1.9686,0.5,3.584,0.0011764,7.58E-05,3.63E-06,0.0012985,-0.00095212,0.0030008,,0.0438064,5.80368E-05
0.0024608,1.9833,0.5,3.584,-0.009314,0.018479,0.98662,1.9833,0.5,3.584,0.0010655,0.00020712,-0.00022927,0.0013265,-0.00086532,0.0025296,,0.0393728,-0.00366832
0.0020505,1.9988,0.5,3.584,-0.0076393,0.015479,0.9817,1.9988,0.5,3.584,0.00088977,0.0002234,-0.00042535,0.0013069,-0.00075168,0.0019043,,0.032808,-0.0068056
0.0018301,2.0149,0.5,3.584,-0.0054001,0.0077234,0.98352,2.0149,0.5,3.584,0.00076913,8.24E-05,-0.00031105,0.0011489,-0.00071854,0.0017422,,0.0292816,-0.0049768
0.0019978,2.0319,0.5,3.584,-0.0034343,0.00097508,0.98797,2.0319,0.5,3.584,0.00075226,-2.75E-05,-0.00011642,0.00095899,-0.00071994,0.0022844,,0.0319648,-0.00186272
0.0019906,2.0496,0.5,3.584,-0.0021318,-0.0019235,0.98905,2.0496,0.5,3.584,0.00084977,3.27E-05,-0.00012684,0.00083841,-0.00051261,0.0022931,,0.0318496,-0.00202944
0.0018126,2.0681,0.5,3.584,-0.0011188,-0.0041478,0.98689,2.0681,0.5,3.584,0.0010401,0.00013744,-5.43E-05,0.00089822,-0.00032188,0.0016868,,0.0290016,-0.000868272
0.0018364,2.0875,0.5,3.584,-0.00035597,-0.0032031,0.98516,2.0875,0.5,3.584,0.0012413,9.32E-05,-0.00016218,0.0010309,-0.00019548,0.0014007,,0.0293824,-0.00259488
0.0018937,2.1078,0.5,3.584,0.00089649,0.0017423,0.98271,2.1078,0.5,3.584,0.0012976,1.99E-05,-0.00042864,0.0011597,-0.00025907,0.0013301,,0.0302992,-0.00685824
0.0017918,2.129,0.5,3.584,0.0025348,0.0033962,0.97584,2.129,0.5,3.584,0.0011897,7.25E-06,-0.00048451,0.0009659,-0.00023853,0.0014279,,0.0286688,-0.00775216
0.0018095,2.1511,0.5,3.584,0.0038334,-0.0027955,0.9755,2.1511,0.5,3.584,0.0010315,9.72E-05,-0.00062145,0.00070666,-0.00023058,0.0018809,,0.028952,-0.0099432
0.0019763,2.1743,0.5,3.584,0.0047297,-0.010542,0.9775,2.1743,0.5,3.584,0.00085175,0.00028393,-0.00078344,0.00090165,-0.00038296,0.0021991,,0.0316208,-0.01253504
0.0020277,2.1984,0.5,3.584,0.0042907,-0.014437,0.98223,2.1984,0.5,3.584,0.00072942,0.00024214,-0.00035839,0.00098999,-0.00026262,0.0023361,,0.0324432,-0.00573424
0.0020092,2.2237,0.5,3.584,0.0042348,-0.013849,0.98288,2.2237,0.5,3.584,0.00064948,8.85E-05,0.0001626,0.00087194,-0.00022333,0.0024969,,0.0321472,0.0026016
0.0019121,2.2501,0.5,3.584,0.0065776,-0.015875,0.99191,2.2501,0.5,3.584,0.00056388,0.00011992,0.00028381,0.00093636,-0.00012939,0.002324,,0.0305936,0.00454096
0.0024691,2.2776,0.5,3.584,0.01067,-0.017145,0.9794,2.2776,0.5,3.584,0.00050466,0.00013979,0.00042675,0.0011862,0.00011438,0.0032474,,0.0395056,0.006828
0.002363,2.3063,0.5,3.584,0.015674,-0.017915,0.96955,2.3063,0.5,3.584,0.00036529,6.32E-05,0.00025595,0.0014788,0.00013739,0.0028819,,0.037808,0.0040952
0.002281,2.3362,0.5,3.584,0.014065,-0.021929,0.99215,2.3362,0.5,3.584,0.00034563,0.00015733,0.00014734,0.0018032,0.00055947,0.0024132,,0.036496,0.00235744
0.003347,2.3674,0.5,3.584,0.0072161,-0.01878,0.95104,2.3674,0.5,3.584,0.00061458,0.00037311,0.00014537,0.0022956,0.00067965,0.0037839,,0.053552,0.00232592
0.0044072,2.3999,0.5,3.584,0.0081533,-0.0094665,0.87652,2.3999,0.5,3.584,0.00090951,0.00028813,0.00012421,0.0023451,0.00066263,0.0055598,,0.0705152,0.00198736
0.0044531,2.4338,0.5,3.584,0.011042,0.00075037,0.83317,2.4338,0.5,3.584,0.00087117,0.00040958,0.00046543,0.0025719,0.00069625,0.005463,,0.0712496,0.00744688
0.0030891,2.4691,0.5,3.584,0.0065009,0.0049265,0.73323,2.4691,0.5,3.584,0.00038334,0.00042845,0.00039481,0.0024865,0.00034092,0.0033083,,0.0494256,0.00631696
0.001626,1.6711,0.5,3.6298,0.00463,0.011053,0.95716,1.6711,0.5,3.6298,0.0012946,-8.44E-05,7.41E-05,0.00097835,-0.00048618,0.00097901,,0.026016,0.001185792
0.0015757,1.6793,0.5,3.6298,0.0038879,0.011294,0.96016,1.6793,0.5,3.6298,0.0012901,-6.84E-05,0.00015559,0.00094002,-0.00047011,0.00092119,,0.0252112,0.00248944
0.0015277,1.6876,0.5,3.6298,0.0030994,0.011287,0.9639,1.6876,0.5,3.6298,0.0012772,-9.09E-05,0.00019198,0.00091038,-0.00044273,0.00086786,,0.0244432,0.00307168
0.0014857,1.6958,0.5,3.6298,0.0021708,0.011409,0.96804,1.6958,0.5,3.6298,0.0012411,-0.00013078,0.00019696,0.00090916,-0.00042143,0.00082115,,0.0237712,0.00315136
0.0014432,1.7041,0.5,3.6298,0.00099827,0.01168,0.97245,1.7041,0.5,3.6298,0.001178,-0.00017106,0.0001744,0.00091256,-0.00038075,0.00079581,,0.0230912,0.0027904
0.0013807,1.7123,0.5,3.6298,-0.00042325,0.011116,0.97676,1.7123,0.5,3.6298,0.0011009,-0.00021085,0.00012465,0.00087418,-0.00030473,0.00078639,,0.0220912,0.0019944
0.0012969,1.7206,0.5,3.6298,-0.0019345,0.0091304,0.98023,1.7206,0.5,3.6298,0.0010285,-0.00024317,5.51E-05,0.00080018,-0.00023006,0.00076525,,0.0207504,0.000880832
0.0012297,1.7289,0.5,3.6298,-0.0033188,0.0065731,0.98242,1.7289,0.5,3.6298,0.00096711,-0.00024744,-2.01E-05,0.00074081,-0.00020368,0.00075153,,0.0196752,-0.000320992
0.0011972,1.7371,0.5,3.6298,-0.0044259,0.0045363,0.98459,1.7371,0.5,3.6298,0.00090729,-0.00021123,-9.10E-05,0.000718,-0.00022684,0.00076919,,0.0191552,-0.001455584
0.0012059,1.7454,0.5,3.6298,-0.0052924,0.003449,0.98742,1.7454,0.5,3.6298,0.0008376,-0.00014349,-0.00015313,0.00071703,-0.00025058,0.00085719,,0.0192944,-0.00245008
0.0012713,1.7536,0.5,3.6298,-0.0061314,0.0032506,0.98966,1.7536,0.5,3.6298,0.00075538,-7.50E-05,-0.00019622,0.00071513,-0.00023852,0.0010721,,0.0203408,-0.00313952
0.001354,1.7619,0.5,3.6298,-0.0071677,0.0035338,0.99077,1.7619,0.5,3.6298,0.00067091,-3.90E-05,-0.00021646,0.00069483,-0.00020553,0.0013423,,0.021664,-0.00346336
0.0013809,1.7701,0.5,3.6298,-0.0085467,0.0035146,0.99187,1.7701,0.5,3.6298,0.0006049,-2.94E-05,-0.0002118,0.00066123,-0.00017575,0.0014957,,0.0220944,-0.0033888
0.001329,1.7784,0.5,3.6298,-0.010255,0.0026516,0.99528,1.7784,0.5,3.6298,0.00057148,-6.02E-06,-0.00016893,0.00063588,-0.00012211,0.0014506,,0.021264,-0.00270288
0.0012639,1.7866,0.5,3.6298,-0.01199,0.0013008,1.0009,1.7866,0.5,3.6298,0.00056088,4.23E-05,-7.93E-05,0.00063488,-1.54E-05,0.001332,,0.0202224,-0.001268624
0.0012303,1.7949,0.5,3.6298,-0.01334,-0.00034293,1.006,1.7949,0.5,3.6298,0.00054788,8.81E-05,2.31E-05,0.00063683,8.17E-05,0.001276,,0.0196848,0.00036952
0.0012316,1.8032,0.5,3.6298,-0.014188,-0.0027481,1.0091,1.8032,0.5,3.6298,0.00053016,0.00010698,7.75E-05,0.00060898,8.92E-05,0.001324,,0.0197056,0.001240064
0.0013013,1.8114,0.5,3.6298,-0.01473,-0.005619,1.0086,1.8114,0.5,3.6298,0.00053299,9.50E-05,6.42E-05,0.00060227,5.32E-05,0.0014673,,0.0208208,0.0010272
0.0014548,1.8197,0.5,3.6298,-0.015235,-0.0074762,1.0043,1.8197,0.5,3.6298,0.00056679,6.73E-05,3.92E-05,0.00065535,2.28E-05,0.0016875,,0.0232768,0.000627488
0.0017003,1.8279,0.5,3.6298,-0.015788,-0.0071771,0.99814,1.8279,0.5,3.6298,0.00061808,4.54E-05,4.96E-05,0.00070246,-8.22E-05,0.00208,,0.0272048,0.000793568
0.0019636,1.8362,0.5,3.6298,-0.016223,-0.0053245,0.9926,1.8362,0.5,3.6298,0.00067474,3.51E-05,4.05E-05,0.00074025,-0.00032689,0.0025121,,0.0314176,0.000648512
0.0021444,1.8446,0.5,3.6298,-0.016372,-0.0033774,0.98926,1.8446,0.5,3.6298,0.00073149,3.40E-05,-7.94E-06,0.00082437,-0.00062432,0.002733,,0.0343104,-0.000127014
0.0022546,1.8534,0.5,3.6298,-0.016146,-0.0018659,0.98761,1.8534,0.5,3.6298,0.00078435,4.51E-05,-2.30E-05,0.00094651,-0.00085925,0.0027784,,0.0360736,-0.00036728
0.0023649,1.8626,0.5,3.6298,-0.015552,-0.00018424,0.986,1.8626,0.5,3.6298,0.00082149,7.06E-05,4.57E-05,0.001132,-0.0010801,0.0027762,,0.0378384,0.0007312
0.0025716,1.8723,0.5,3.6298,-0.014851,0.0023861,0.98403,1.8723,0.5,3.6298,0.00082415,9.54E-05,0.00018401,0.0014198,-0.0013217,0.0028992,,0.0411456,0.00294416
0.0027883,1.8824,0.5,3.6298,-0.014399,0.0045879,0.98347,1.8824,0.5,3.6298,0.0008052,7.32E-05,0.00032422,0.001596,-0.0014533,0.0031755,,0.0446128,0.00518752
0.0028694,1.8931,0.5,3.6298,-0.014206,0.005365,0.98389,1.8931,0.5,3.6298,0.0008044,-9.91E-08,0.00042508,0.0014815,-0.0014244,0.003453,,0.0459104,0.00680128
0.0028249,1.9042,0.5,3.6298,-0.014036,0.0060515,0.98222,1.9042,0.5,3.6298,0.00081943,-9.99E-05,0.00046877,0.0013345,-0.0013132,0.0034957,,0.0451984,0.00750032
0.0027942,1.9159,0.5,3.6298,-0.013936,0.006514,0.98104,1.9159,0.5,3.6298,0.00083186,-0.00019684,0.0004753,0.0013986,-0.0012274,0.0033579,,0.0447072,0.0076048
0.0029246,1.9282,0.5,3.6298,-0.013894,0.0070552,0.98175,1.9282,0.5,3.6298,0.00087647,-0.00022515,0.00044028,0.0015335,-0.0012276,0.0034393,,0.0467936,0.00704448
0.0029714,1.941,0.5,3.6298,-0.013437,0.0088234,0.98191,1.941,0.5,3.6298,0.00098942,-0.00017559,0.00031855,0.0015267,-0.0012113,0.0034266,,0.0475424,0.0050968
0.0028532,1.9545,0.5,3.6298,-0.012288,0.011603,0.98461,1.9545,0.5,3.6298,0.0011137,-7.89E-05,0.00016751,0.0013891,-0.0010937,0.0032037,,0.0456512,0.00268016
0.0027039,1.9686,0.5,3.6298,-0.010807,0.015746,0.9884,1.9686,0.5,3.6298,0.0011368,6.02E-05,7.08E-07,0.0013098,-0.0009377,0.0029613,,0.0432624,1.13254E-05
0.0024494,1.9833,0.5,3.6298,-0.0094564,0.018198,0.98696,1.9833,0.5,3.6298,0.0010129,0.00021317,-0.00018362,0.0013715,-0.0008796,0.0025146,,0.0391904,-0.00293792
0.0020304,1.9988,0.5,3.6298,-0.0079275,0.015453,0.98199,1.9988,0.5,3.6298,0.00083274,0.00025636,-0.00035446,0.0013597,-0.00077754,0.0018683,,0.0324864,-0.00567136
0.0017839,2.0149,0.5,3.6298,-0.0058693,0.0080984,0.98364,2.0149,0.5,3.6298,0.00072913,0.00011051,-0.0002583,0.001186,-0.0007302,0.0016526,,0.0285424,-0.0041328
0.0019536,2.0319,0.5,3.6298,-0.0039662,0.0013884,0.98849,2.0319,0.5,3.6298,0.00075317,-3.10E-05,-0.00010072,0.0009514,-0.00071766,0.0022027,,0.0312576,-0.00161152
0.0019577,2.0496,0.5,3.6298,-0.0026296,-0.0017433,0.98921,2.0496,0.5,3.6298,0.00088329,2.79E-05,-0.0001241,0.0008062,-0.00050534,0.0022259,,0.0313232,-0.0019856
0.0017982,2.0681,0.5,3.6298,-0.0015903,-0.0038609,0.9869,2.0681,0.5,3.6298,0.0010732,0.00014523,-5.81E-05,0.00089356,-0.00031083,0.0016296,,0.0287712,-0.000929936
0.0018332,2.0875,0.5,3.6298,-0.00069884,-0.0027218,0.98586,2.0875,0.5,3.6298,0.0012467,0.00010626,-0.00014683,0.0010587,-0.00018896,0.0013611,,0.0293312,-0.00234928
0.0018393,2.1078,0.5,3.6298,0.00066665,0.002061,0.98304,2.1078,0.5,3.6298,0.0012775,5.05E-05,-0.00033918,0.0011658,-0.00026282,0.0012353,,0.0294288,-0.00542688
0.0017346,2.129,0.5,3.6298,0.0022349,0.0034349,0.97578,2.129,0.5,3.6298,0.0011683,1.98E-05,-0.00042266,0.00093554,-0.00022486,0.0013653,,0.0277536,-0.00676256
0.0017468,2.1511,0.5,3.6298,0.0035455,-0.0029307,0.97542,2.1511,0.5,3.6298,0.0010146,7.59E-05,-0.00059237,0.00067208,-0.00020816,0.0018069,,0.0279488,-0.00947792
0.0019169,2.1743,0.5,3.6298,0.0045113,-0.010592,0.97697,2.1743,0.5,3.6298,0.00082896,0.00024894,-0.00074304,0.00087117,-0.0003631,0.0021337,,0.0306704,-0.01188864
0.0020322,2.1984,0.5,3.6298,0.0040172,-0.01434,0.98136,2.1984,0.5,3.6298,0.00071748,0.00021059,-0.00035431,0.00095935,-0.00022728,0.0023876,,0.0325152,-0.00566896
0.0020303,2.2237,0.5,3.6298,0.0039754,-0.013904,0.98216,2.2237,0.5,3.6298,0.00064502,8.21E-05,0.00014576,0.00087778,-0.00017542,0.0025378,,0.0324848,0.00233216
0.0019068,2.2501,0.5,3.6298,0.0065007,-0.01581,0.99149,2.2501,0.5,3.6298,0.00054394,0.00010452,0.0002781,0.00093955,-0.00013289,0.0023302,,0.0305088,0.0044496
0.0024756,2.2776,0.5,3.6298,0.010695,-0.017181,0.97945,2.2776,0.5,3.6298,0.00047259,0.00012051,0.00045817,0.0011435,0.00010287,0.0033352,,0.0396096,0.00733072
0.0023634,2.3063,0.5,3.6298,0.015691,-0.018,0.96899,2.3063,0.5,3.6298,0.00033895,7.94E-05,0.00028842,0.0014036,0.00017681,0.0029842,,0.0378144,0.00461472
0.0021677,2.3362,0.5,3.6298,0.014117,-0.021527,0.99211,2.3362,0.5,3.6298,0.00033061,0.00018112,0.00014268,0.0016859,0.00057252,0.0023189,,0.0346832,0.00228288
0.0033358,2.3674,0.5,3.6298,0.0072004,-0.018089,0.9516,2.3674,0.5,3.6298,0.00062237,0.00039974,0.00015949,0.002312,0.00071107,0.0037373,,0.0533728,0.00255184
0.0044171,2.3999,0.5,3.6298,0.0080688,-0.0088764,0.87503,2.3999,0.5,3.6298,0.0009039,0.000318,0.00012905,0.0024614,0.00067437,0.005469,,0.0706736,0.0020648
0.0043234,2.4338,0.5,3.6298,0.011058,0.00080027,0.83158,2.4338,0.5,3.6298,0.00082773,0.00041036,0.00042889,0.0025448,0.00065993,0.0052742,,0.0691744,0.00686224
0.0029918,2.4691,0.5,3.6298,0.0065564,0.0046921,0.73275,2.4691,0.5,3.6298,0.00035776,0.00041438,0.00037547,0.0023825,0.00032457,0.0032434,,0.0478688,0.00600752
0.0016065,1.6711,0.5,3.676,0.0045525,0.010721,0.95656,1.6711,0.5,3.676,0.0012676,-9.31E-05,8.20E-05,0.0010025,-0.00047321,0.00094298,,0.025704,0.001312752
0.0015509,1.6793,0.5,3.676,0.0038011,0.011168,0.95971,1.6793,0.5,3.676,0.0012505,-6.77E-05,0.00014069,0.00096272,-0.00044526,0.00088851,,0.0248144,0.00225104
0.0015114,1.6876,0.5,3.676,0.00303,0.011372,0.9636,1.6876,0.5,3.676,0.00124,-8.23E-05,0.00016588,0.00093188,-0.00041332,0.00085097,,0.0241824,0.00265408
0.0014816,1.6958,0.5,3.676,0.0021521,0.01166,0.96791,1.6958,0.5,3.676,0.0012221,-0.00011704,0.00016648,0.00092655,-0.00038868,0.00081451,,0.0237056,0.00266368
0.0014506,1.7041,0.5,3.676,0.0010231,0.012024,0.97252,1.7041,0.5,3.676,0.0011856,-0.00015092,0.0001552,0.00092463,-0.00034766,0.00079098,,0.0232096,0.0024832
0.0013983,1.7123,0.5,3.676,-0.00037585,0.011504,0.97691,1.7123,0.5,3.676,0.001133,-0.00017793,0.00013209,0.00088138,-0.00027397,0.0007822,,0.0223728,0.00211344
0.0013182,1.7206,0.5,3.676,-0.0018692,0.0094873,0.98035,1.7206,0.5,3.676,0.0010757,-0.00019998,9.06E-05,0.00080236,-0.00020945,0.00075842,,0.0210912,0.001449216
0.0012431,1.7289,0.5,3.676,-0.0032243,0.0068219,0.98255,1.7289,0.5,3.676,0.001017,-0.00020641,2.96E-05,0.00073839,-0.00020229,0.00073079,,0.0198896,0.000473952
0.0012071,1.7371,0.5,3.676,-0.0042943,0.0046819,0.98474,1.7371,0.5,3.676,0.00094962,-0.00018264,-3.70E-05,0.00071374,-0.00024177,0.0007508,,0.0193136,-0.000591728
0.0012298,1.7454,0.5,3.676,-0.0051222,0.0035702,0.98755,1.7454,0.5,3.676,0.00087034,-0.00012929,-9.73E-05,0.00071486,-0.00026619,0.0008744,,0.0196768,-0.001557456
0.001315,1.7536,0.5,3.676,-0.0059393,0.0034704,0.98974,1.7536,0.5,3.676,0.00078428,-7.10E-05,-0.00014232,0.00071746,-0.00023152,0.0011283,,0.02104,-0.00227712
0.0014084,1.7619,0.5,3.676,-0.0069994,0.0038871,0.99087,1.7619,0.5,3.676,0.00070094,-4.05E-05,-0.00017175,0.00070058,-0.00017628,0.0014154,,0.0225344,-0.002748
0.001425,1.7701,0.5,3.676,-0.0084584,0.0038077,0.99201,1.7701,0.5,3.676,0.00063485,-3.45E-05,-0.00018715,0.00066802,-0.00014862,0.0015471,,0.0228,-0.0029944
0.0013503,1.7784,0.5,3.676,-0.010257,0.0026963,0.9953,1.7784,0.5,3.676,0.00059832,-1.42E-05,-0.00016715,0.00064329,-0.00010739,0.0014591,,0.0216048,-0.0026744
0.0012722,1.7866,0.5,3.676,-0.012033,0.0011957,1.0007,1.7866,0.5,3.676,0.00058219,3.42E-05,-8.68E-05,0.00064535,-2.40E-06,0.0013169,,0.0203552,-0.001389312
0.0012363,1.7949,0.5,3.676,-0.013386,-0.00040419,1.0059,1.7949,0.5,3.676,0.00056176,8.54E-05,1.63E-05,0.00065192,9.90E-05,0.0012589,,0.0197808,0.000260896
0.0012443,1.8032,0.5,3.676,-0.014237,-0.0027376,1.0092,1.8032,0.5,3.676,0.00053755,0.00011048,6.78E-05,0.00062707,0.00010575,0.001324,,0.0199088,0.00108504
0.0013304,1.8114,0.5,3.676,-0.014789,-0.0056132,1.0084,1.8114,0.5,3.676,0.00053737,9.81E-05,5.47E-05,0.00061998,6.71E-05,0.0015035,,0.0212864,0.000874512
0.0014945,1.8197,0.5,3.676,-0.015312,-0.0074155,1.0037,1.8197,0.5,3.676,0.00057181,6.51E-05,4.16E-05,0.00066533,2.98E-05,0.0017519,,0.023912,0.00066608
0.0017344,1.8279,0.5,3.676,-0.015875,-0.006904,0.99748,1.8279,0.5,3.676,0.00062656,3.97E-05,5.91E-05,0.00070253,-9.25E-05,0.0021397,,0.0277504,0.000944944
0.0019828,1.8362,0.5,3.676,-0.016289,-0.0048412,0.99232,1.8362,0.5,3.676,0.00068875,3.19E-05,3.88E-05,0.00073897,-0.00035175,0.0025379,,0.0317248,0.00062072
0.0021522,1.8446,0.5,3.676,-0.016379,-0.0028908,0.98923,1.8446,0.5,3.676,0.00075159,4.01E-05,-1.87E-05,0.00082216,-0.00064329,0.0027306,,0.0344352,-0.000298576
0.002251,1.8534,0.5,3.676,-0.016081,-0.0015775,0.9873,1.8534,0.5,3.676,0.00080825,6.35E-05,-2.40E-05,0.00093526,-0.00086231,0.0027585,,0.036016,-0.000383632
0.0023602,1.8626,0.5,3.676,-0.015436,-0.0001124,0.98521,1.8626,0.5,3.676,0.00084628,9.60E-05,5.78E-05,0.0011144,-0.0010732,0.0027598,,0.0377632,0.000924848
0.0025765,1.8723,0.5,3.676,-0.014748,0.0023315,0.98319,1.8723,0.5,3.676,0.00084887,0.00011905,0.00019608,0.0013996,-0.001306,0.0029045,,0.041224,0.00313728
0.0028074,1.8824,0.5,3.676,-0.01438,0.0045515,0.98278,1.8824,0.5,3.676,0.00082951,9.01E-05,0.00033576,0.0015716,-0.001454,0.0032136,,0.0449184,0.00537216
0.0029064,1.8931,0.5,3.676,-0.014275,0.0054496,0.98304,1.8931,0.5,3.676,0.00082464,3.56E-06,0.00046256,0.0014597,-0.0014535,0.0035285,,0.0465024,0.00740096
0.0028356,1.9042,0.5,3.676,-0.01416,0.0061497,0.9814,1.9042,0.5,3.676,0.00083048,-0.00010553,0.00053515,0.0013223,-0.0013225,0.0035185,,0.0453696,0.0085624
0.0027755,1.9159,0.5,3.676,-0.014103,0.0064948,0.9806,1.9159,0.5,3.676,0.00083463,-0.00019809,0.00053439,0.0013895,-0.0012039,0.0033269,,0.044408,0.00855024
0.0029052,1.9282,0.5,3.676,-0.014066,0.0069326,0.98137,1.9282,0.5,3.676,0.00087445,-0.00021794,0.00047165,0.0015231,-0.0012012,0.0034129,,0.0464832,0.0075464
0.0029356,1.941,0.5,3.676,-0.013541,0.0086765,0.98157,1.941,0.5,3.676,0.00097307,-0.00016423,0.00032223,0.0015215,-0.001179,0.0033765,,0.0469696,0.00515568
0.0028076,1.9545,0.5,3.676,-0.012309,0.01146,0.98461,1.9545,0.5,3.676,0.0010657,-7.49E-05,0.00015833,0.0013908,-0.0010623,0.0031587,,0.0449216,0.00253328
0.0026616,1.9686,0.5,3.676,-0.010811,0.015418,0.98846,1.9686,0.5,3.676,0.0010627,5.75E-05,6.96E-06,0.0013232,-0.0009305,0.0029373,,0.0425856,0.000111398
0.0024161,1.9833,0.5,3.676,-0.0095434,0.01775,0.98714,1.9833,0.5,3.676,0.00094327,0.00021619,-0.00013436,0.001396,-0.00089907,0.0024929,,0.0386576,-0.00214976
0.0019876,1.9988,0.5,3.676,-0.0082062,0.015344,0.98229,1.9988,0.5,3.676,0.00078807,0.0002689,-0.0002861,0.0013818,-0.00079814,0.0018053,,0.0318016,-0.0045776
0.0017383,2.0149,0.5,3.676,-0.006344,0.0084717,0.98384,2.0149,0.5,3.676,0.00071832,0.00012483,-0.00022247,0.0011991,-0.00072639,0.0015591,,0.0278128,-0.00355952
0.0019288,2.0319,0.5,3.676,-0.0044806,0.0017603,0.98899,2.0319,0.5,3.676,0.00077696,-2.79E-05,-0.00010337,0.00094318,-0.00070276,0.0021375,,0.0308608,-0.00165392
0.001933,2.0496,0.5,3.676,-0.0030752,-0.0016489,0.98935,2.0496,0.5,3.676,0.00092022,3.36E-05,-0.00013375,0.00077941,-0.00048748,0.0021663,,0.030928,-0.00214
0.0017702,2.0681,0.5,3.676,-0.0019553,-0.0036181,0.98685,2.0681,0.5,3.676,0.0010847,0.00015367,-6.95E-05,0.00088511,-0.00029066,0.0015706,,0.0283232,-0.001111904
0.0018121,2.0875,0.5,3.676,-0.00091707,-0.0022956,0.98625,2.0875,0.5,3.676,0.0012189,0.00012519,-0.00013294,0.0010753,-0.0001945,0.0013301,,0.0289936,-0.00212704
0.0017767,2.1078,0.5,3.676,0.00052124,0.0023024,0.98323,2.1078,0.5,3.676,0.0012456,8.16E-05,-0.00025152,0.0011519,-0.00026939,0.0011559,,0.0284272,-0.00402432
0.0016758,2.129,0.5,3.676,0.0020108,0.0034482,0.97571,2.129,0.5,3.676,0.0011553,3.02E-05,-0.00035239,0.00090081,-0.00019741,0.0012956,,0.0268128,-0.00563824
0.0016968,2.1511,0.5,3.676,0.0033517,-0.0030814,0.97521,2.1511,0.5,3.676,0.0010027,5.97E-05,-0.00054953,0.00064286,-0.00017692,0.0017481,,0.0271488,-0.00879248
0.001872,2.1743,0.5,3.676,0.004393,-0.010632,0.97639,2.1743,0.5,3.676,0.00081499,0.00022158,-0.0007018,0.00083429,-0.00032918,0.0020947,,0.029952,-0.0112288
0.002046,2.1984,0.5,3.676,0.0038397,-0.014222,0.9804,2.1984,0.5,3.676,0.0007142,0.00019388,-0.00036116,0.00092205,-0.00018976,0.0024557,,0.032736,-0.00577856
0.0020443,2.2237,0.5,3.676,0.0037837,-0.01394,0.98132,2.2237,0.5,3.676,0.00063846,8.17E-05,0.00011768,0.00088549,-0.00013208,0.0025647,,0.0327088,0.00188288
0.0019051,2.2501,0.5,3.676,0.0064054,-0.015696,0.99092,2.2501,0.5,3.676,0.00051737,8.31E-05,0.00025551,0.00096316,-0.00012585,0.0023297,,0.0304816,0.00408816
0.0024839,2.2776,0.5,3.676,0.010617,-0.017279,0.97935,2.2776,0.5,3.676,0.00044016,9.50E-05,0.00046221,0.0011148,8.59E-05,0.0034128,,0.0397424,0.00739536
0.0023559,2.3063,0.5,3.676,0.015601,-0.018197,0.9684,2.3063,0.5,3.676,0.00032428,0.00010219,0.0003027,0.0013277,0.00018389,0.0030599,,0.0376944,0.0048432
0.0020695,2.3362,0.5,3.676,0.01421,-0.021063,0.99199,2.3362,0.5,3.676,0.00033322,0.00020428,0.00013421,0.0015764,0.00057431,0.0022294,,0.033112,0.00214736
0.0033296,2.3674,0.5,3.676,0.0073718,-0.017284,0.95221,2.3674,0.5,3.676,0.00064276,0.00042676,0.00017944,0.0023403,0.00075301,0.003676,,0.0532736,0.00287104
0.0044033,2.3999,0.5,3.676,0.0079908,-0.0083052,0.87378,2.3999,0.5,3.676,0.00090167,0.00035538,0.00014628,0.0025943,0.00066978,0.0053106,,0.0704528,0.00234048
0.0041816,2.4338,0.5,3.676,0.010834,0.00082841,0.8302,2.4338,0.5,3.676,0.00078583,0.00039931,0.00040562,0.0025183,0.00061429,0.005059,,0.0669056,0.00648992
0.0029095,2.4691,0.5,3.676,0.0064322,0.0044987,0.73244,2.4691,0.5,3.676,0.00033342,0.00038881,0.00036489,0.0022651,0.00032799,0.0032205,,0.046552,0.00583824
0.0016008,1.6711,0.5,3.7227,0.0043942,0.010396,0.95628,1.6711,0.5,3.7227,0.0012647,-0.00012202,9.17E-05,0.0010168,-0.00046002,0.00092008,,0.0256128,0.001467408
0.0015345,1.6793,0.5,3.7227,0.0036314,0.01105,0.95951,1.6793,0.5,3.7227,0.0012343,-8.69E-05,0.00011938,0.0009728,-0.0004191,0.000862,,0.024552,0.00191008
0.0015003,1.6876,0.5,3.7227,0.0028801,0.011467,0.9635,1.6876,0.5,3.7227,0.0012139,-9.27E-05,0.00012417,0.00094654,-0.00038521,0.00084021,,0.0240048,0.00198672
0.0014821,1.6958,0.5,3.7227,0.0020339,0.011898,0.96789,1.6958,0.5,3.7227,0.0011951,-0.00011819,0.00011357,0.00094526,-0.00036318,0.00082373,,0.0237136,0.00181712
0.0014554,1.7041,0.5,3.7227,0.00092522,0.012311,0.97255,1.7041,0.5,3.7227,0.0011667,-0.00014025,0.00010614,0.00094396,-0.00032332,0.00080024,,0.0232864,0.00169824
0.0014039,1.7123,0.5,3.7227,-0.00045213,0.011809,0.9769,1.7123,0.5,3.7227,0.001128,-0.00015192,0.00010693,0.00090128,-0.0002527,0.00077848,,0.0224624,0.00171088
0.0013232,1.7206,0.5,3.7227,-0.0018873,0.0097925,0.98031,1.7206,0.5,3.7227,0.0010848,-0.00016076,9.49E-05,0.00081615,-0.00019244,0.00074531,,0.0211712,0.001519008
0.0012412,1.7289,0.5,3.7227,-0.0031564,0.0071008,0.98254,1.7289,0.5,3.7227,0.0010364,-0.00016435,5.75E-05,0.00073665,-0.00019694,0.00070935,,0.0198592,0.000920528
0.0012054,1.7371,0.5,3.7227,-0.004155,0.0049349,0.98477,1.7371,0.5,3.7227,0.00097618,-0.0001482,5.42E-06,0.00070251,-0.00025029,0.00073202,,0.0192864,0.00008676
0.0012482,1.7454,0.5,3.7227,-0.0049501,0.0038249,0.98759,1.7454,0.5,3.7227,0.00090562,-0.00010859,-4.45E-05,0.00070839,-0.00027848,0.00088234,,0.0199712,-0.000712208
0.0013606,1.7536,0.5,3.7227,-0.0057605,0.0037982,0.98983,1.7536,0.5,3.7227,0.00083243,-6.45E-05,-8.07E-05,0.00072064,-0.00023006,0.0011681,,0.0217696,-0.0012904
0.0014672,1.7619,0.5,3.7227,-0.0068388,0.0042994,0.99108,1.7619,0.5,3.7227,0.00076165,-4.07E-05,-0.00010884,0.0007074,-0.00015231,0.0014654,,0.0234752,-0.00174144
0.0014766,1.7701,0.5,3.7227,-0.0083512,0.0041187,0.99234,1.7701,0.5,3.7227,0.00070111,-3.39E-05,-0.0001386,0.00067225,-0.00012044,0.0015799,,0.0236256,-0.0022176
0.0013834,1.7784,0.5,3.7227,-0.01021,0.0027398,0.99548,1.7784,0.5,3.7227,0.00066054,-1.48E-05,-0.00014367,0.00064644,-8.79E-05,0.0014598,,0.0221344,-0.00229872
0.0012912,1.7866,0.5,3.7227,-0.012007,0.0010778,1.0006,1.7866,0.5,3.7227,0.00063273,2.88E-05,-8.37E-05,0.00064986,1.14E-05,0.0012998,,0.0206592,-0.00133952
0.0012506,1.7949,0.5,3.7227,-0.013357,-0.00048241,1.0058,1.7949,0.5,3.7227,0.00059802,7.74E-05,6.76E-06,0.00065521,0.00010728,0.0012479,,0.0200096,0.000108138
0.0012595,1.8032,0.5,3.7227,-0.014221,-0.0027115,1.0092,1.8032,0.5,3.7227,0.00056096,0.00010355,4.79E-05,0.00062984,0.00011196,0.0013281,,0.020152,0.000767136
0.0013482,1.8114,0.5,3.7227,-0.014809,-0.0055391,1.0082,1.8114,0.5,3.7227,0.00055005,9.13E-05,3.30E-05,0.00062479,7.57E-05,0.0015216,,0.0215712,0.00052728
0.0015097,1.8197,0.5,3.7227,-0.015377,-0.0072758,1.003,1.8197,0.5,3.7227,0.00057703,5.84E-05,2.94E-05,0.00066425,3.40E-05,0.0017781,,0.0241552,0.000470608
0.001737,1.8279,0.5,3.7227,-0.015969,-0.006586,0.99691,1.8279,0.5,3.7227,0.00062965,3.63E-05,5.04E-05,0.00069043,-0.00010412,0.0021539,,0.027792,0.000807024
0.0019733,1.8362,0.5,3.7227,-0.016371,-0.0043606,0.99217,1.8362,0.5,3.7227,0.00069274,3.15E-05,2.42E-05,0.00072246,-0.00037623,0.0025315,,0.0315728,0.000387392
0.0021356,1.8446,0.5,3.7227,-0.016419,-0.0024598,0.98922,1.8446,0.5,3.7227,0.00075494,4.20E-05,-2.73E-05,0.00080054,-0.00066234,0.0027158,,0.0341696,-0.000437008
0.0022296,1.8534,0.5,3.7227,-0.016078,-0.0013504,0.98695,1.8534,0.5,3.7227,0.00080954,6.91E-05,-1.15E-05,0.00090615,-0.00087331,0.0027435,,0.0356736,-0.000183856
0.0023455,1.8626,0.5,3.7227,-0.015412,-4.86E-05,0.98448,1.8626,0.5,3.7227,0.00084874,0.00010232,7.87E-05,0.0010852,-0.0010778,0.0027572,,0.037528,0.001259872
0.0025661,1.8723,0.5,3.7227,-0.014749,0.0023014,0.9825,1.8723,0.5,3.7227,0.00086027,0.00011967,0.00020388,0.0013655,-0.0012994,0.0029065,,0.0410576,0.00326208
0.0028084,1.8824,0.5,3.7227,-0.014453,0.0045424,0.98209,1.8824,0.5,3.7227,0.00085429,8.34E-05,0.00033867,0.0015244,-0.0014687,0.0032381,,0.0449344,0.00541872
0.00293,1.8931,0.5,3.7227,-0.014407,0.0055383,0.982,1.8931,0.5,3.7227,0.00085664,-1.34E-05,0.00049593,0.0014115,-0.0015011,0.0035918,,0.04688,0.00793488
0.0028446,1.9042,0.5,3.7227,-0.014308,0.0062125,0.98049,1.9042,0.5,3.7227,0.00086,-0.00012609,0.00059874,0.0012866,-0.001354,0.0035426,,0.0455136,0.00957984
0.0027648,1.9159,0.5,3.7227,-0.014243,0.0064461,0.9802,1.9159,0.5,3.7227,0.00085652,-0.00020354,0.00058754,0.0013618,-0.0012081,0.0033114,,0.0442368,0.00940064
0.0028794,1.9282,0.5,3.7227,-0.014144,0.0068196,0.98106,1.9282,0.5,3.7227,0.00088108,-0.00020468,0.00050018,0.0014962,-0.0012018,0.0033816,,0.0460704,0.00800288
0.0028879,1.941,0.5,3.7227,-0.013492,0.0085843,0.98123,1.941,0.5,3.7227,0.00094604,-0.00014596,0.00033417,0.0015042,-0.0011666,0.0033255,,0.0462064,0.00534672
0.0027634,1.9545,0.5,3.7227,-0.012164,0.011355,0.98449,1.9545,0.5,3.7227,0.00099689,-6.30E-05,0.0001666,0.0013901,-0.0010458,0.0031397,,0.0442144,0.0026656
0.0026209,1.9686,0.5,3.7227,-0.010693,0.01503,0.98835,1.9686,0.5,3.7227,0.00097779,6.18E-05,2.87E-05,0.0013302,-0.00093503,0.0029337,,0.0419344,0.00045872
0.0023765,1.9833,0.5,3.7227,-0.0095628,0.017215,0.98729,1.9833,0.5,3.7227,0.00088367,0.00021139,-8.39E-05,0.0014016,-0.00092069,0.0024679,,0.038024,-0.001342992
0.0019444,1.9988,0.5,3.7227,-0.0084492,0.0152,0.98271,1.9988,0.5,3.7227,0.00077117,0.00026385,-0.00023316,0.001379,-0.00080702,0.0017385,,0.0311104,-0.00373056
0.0017126,2.0149,0.5,3.7227,-0.0067745,0.0088402,0.98406,2.0149,0.5,3.7227,0.00073404,0.0001322,-0.00021346,0.0011873,-0.00071096,0.0015038,,0.0274016,-0.00341536
0.001924,2.0319,0.5,3.7227,-0.0049238,0.0021013,0.98937,2.0319,0.5,3.7227,0.0008084,-1.48E-05,-0.00012321,0.00092852,-0.00068441,0.0021111,,0.030784,-0.00197136
0.0019084,2.0496,0.5,3.7227,-0.0034243,-0.0015773,0.98943,2.0496,0.5,3.7227,0.00093935,4.20E-05,-0.0001481,0.00076218,-0.00045889,0.0021153,,0.0305344,-0.0023696
0.001734,2.0681,0.5,3.7227,-0.0022018,-0.0033654,0.98665,2.0681,0.5,3.7227,0.0010585,0.00015176,-8.54E-05,0.0008903,-0.00026357,0.0015191,,0.027744,-0.001366208
0.0017801,2.0875,0.5,3.7227,-0.00108,-0.0018956,0.9863,2.0875,0.5,3.7227,0.001155,0.00013671,-0.00012605,0.0010951,-0.00020902,0.0013102,,0.0284816,-0.0020168
0.0017193,2.1078,0.5,3.7227,0.00034308,0.002527,0.98327,2.1078,0.5,3.7227,0.0011957,9.72E-05,-0.0001827,0.0011365,-0.00027265,0.0011063,,0.0275088,-0.0029232
0.0016173,2.129,0.5,3.7227,0.0017656,0.0034674,0.97556,2.129,0.5,3.7227,0.0011313,3.37E-05,-0.00028319,0.00087535,-0.00015644,0.0012281,,0.0258768,-0.00453104
0.0016531,2.1511,0.5,3.7227,0.0031792,-0.0032648,0.97489,2.1511,0.5,3.7227,0.00098055,5.26E-05,-0.00050004,0.00062432,-0.0001381,0.0017013,,0.0264496,-0.00800064
0.0018497,2.1743,0.5,3.7227,0.0043335,-0.010698,0.97583,2.1743,0.5,3.7227,0.00080721,0.00020923,-0.00067515,0.00080273,-0.00030311,0.0020895,,0.0295952,-0.0108024
0.0020743,2.1984,0.5,3.7227,0.0037681,-0.014092,0.97942,2.1984,0.5,3.7227,0.0007227,0.00019648,-0.00037958,0.00089468,-0.00016452,0.0025313,,0.0331888,-0.00607328
0.0020505,2.2237,0.5,3.7227,0.003687,-0.013914,0.98047,2.2237,0.5,3.7227,0.00063874,8.37E-05,9.16E-05,0.00090144,-9.78E-05,0.0025608,,0.032808,0.001465824
0.0018951,2.2501,0.5,3.7227,0.0062838,-0.015584,0.99031,2.2501,0.5,3.7227,0.00049939,6.59E-05,0.00022818,0.0010015,-0.00012792,0.0022893,,0.0303216,0.00365088
0.002492,2.2776,0.5,3.7227,0.010371,-0.017449,0.9792,2.2776,0.5,3.7227,0.00042335,7.92E-05,0.00044843,0.001113,4.96E-05,0.0034476,,0.039872,0.00717488
0.0023542,2.3063,0.5,3.7227,0.015325,-0.018464,0.96782,2.3063,0.5,3.7227,0.00032911,0.00011404,0.00030362,0.0012799,0.00017087,0.0030994,,0.0376672,0.00485792
0.002,2.3362,0.5,3.7227,0.014265,-0.020611,0.99181,2.3362,0.5,3.7227,0.00035193,0.00021347,0.00012324,0.0014958,0.00056756,0.0021523,,0.032,0.00197184
0.0033151,2.3674,0.5,3.7227,0.0076447,-0.016529,0.95277,2.3674,0.5,3.7227,0.0006643,0.0004547,0.0002024,0.0023421,0.00078757,0.0036238,,0.0530416,0.0032384
0.0043538,2.3999,0.5,3.7227,0.0078517,-0.0078661,0.87272,2.3999,0.5,3.7227,0.00088796,0.00039896,0.00017227,0.0027036,0.00064335,0.0051161,,0.0696608,0.00275632
0.0040421,2.4338,0.5,3.7227,0.010318,0.00082606,0.82908,2.4338,0.5,3.7227,0.00074132,0.00038808,0.00039554,0.0025126,0.00054733,0.0048303,,0.0646736,0.00632864
0.002854,2.4691,0.5,3.7227,0.0060963,0.0043245,0.73235,2.4691,0.5,3.7227,0.00031178,0.00036055,0.00036084,0.002158,0.00033142,0.0032381,,0.045664,0.00577344
0.0014225,1.6674,0.5,1.2587,0.018058,0.0087185,0.98551,1.6674,0.5,1.2587,0.00091795,-0.00013491,-0.00016137,0.00076131,-0.00036634,0.0011657,,0.02276,-0.00258192
0.0014093,1.6711,0.5,1.2559,0.017533,0.0076874,0.9856,1.6711,0.5,1.2559,0.0009075,-0.00015853,-0.00016059,0.00074785,-0.00031848,0.0011632,,0.0225488,-0.00256944
0.001412,1.6738,0.5,1.25,0.017087,0.0070896,0.98577,1.6738,0.5,1.25,0.00089581,-0.00017281,-0.00015212,0.00074107,-0.0002935,0.0011871,,0.022592,-0.00243392
0.0014162,1.6793,0.5,1.25,0.016166,0.0059326,0.98611,1.6793,0.5,1.25,0.00086863,-0.00020188,-0.000131,0.00073238,-0.00024669,0.0012315,,0.0226592,-0.002096
0.0014127,1.6821,0.5,1.25,0.015794,0.0055758,0.98667,1.6821,0.5,1.25,0.00085224,-0.00020938,-0.0001187,0.00073626,-0.00023446,0.0012369,,0.0226032,-0.0018992
0.0014008,1.6876,0.5,1.25,0.015074,0.0048981,0.98785,1.6876,0.5,1.25,0.00081793,-0.00022441,-9.31E-05,0.00074195,-0.00021162,0.0012417,,0.0224128,-0.00149032
0.0013963,1.6903,0.5,1.25,0.014867,0.0048204,0.98817,1.6903,0.5,1.25,0.0007994,-0.00022448,-7.71E-05,0.00075357,-0.00021402,0.0012396,,0.0223408,-0.001232992
0.0013826,1.6958,0.5,1.25,0.014506,0.0047083,0.98887,1.6958,0.5,1.25,0.00075894,-0.00022306,-4.25E-05,0.00077728,-0.00021538,0.0012289,,0.0221216,-0.000679696
0.0013818,1.6986,0.5,1.25,0.014431,0.0048936,0.98849,1.6986,0.5,1.25,0.00073888,-0.00021917,-2.01E-05,0.00078855,-0.00022221,0.0012363,,0.0221088,-0.000321056
0.0013769,1.7041,0.5,1.25,0.014364,0.0053095,0.9878,1.7041,0.5,1.25,0.00069471,-0.00020847,2.79E-05,0.00081735,-0.00022965,0.0012417,,0.0220304,0.000447008
0.0013685,1.7068,0.5,1.25,0.014312,0.0054609,0.98704,1.7068,0.5,1.25,0.00067643,-0.00020528,4.39E-05,0.0008187,-0.00023004,0.0012419,,0.021896,0.000703056
0.0013489,1.7123,0.5,1.25,0.014301,0.0057785,0.98554,1.7123,0.5,1.25,0.00063551,-0.0001971,7.77E-05,0.00083043,-0.00022426,0.0012319,,0.0215824,0.0012428
0.0013357,1.7151,0.5,1.25,0.014159,0.0054735,0.98459,1.7151,0.5,1.25,0.00062376,-0.00019436,7.95E-05,0.00082379,-0.00022011,0.0012239,,0.0213712,0.0012712
0.0013093,1.7206,0.5,1.25,0.013943,0.0048284,0.98275,1.7206,0.5,1.25,0.0005955,-0.00018989,8.10E-05,0.00081613,-0.00020492,0.001207,,0.0209488,0.001295616
0.0012949,1.7233,0.5,1.25,0.013644,0.0041755,0.98219,1.7233,0.5,1.25,0.00059095,-0.0001827,7.82E-05,0.00080848,-0.00019133,0.0011905,,0.0207184,0.001250544
0.0012679,1.7289,0.5,1.25,0.01306,0.0028253,0.98113,1.7289,0.5,1.25,0.00057766,-0.00017042,6.73E-05,0.00079181,-0.00016077,0.0011663,,0.0202864,0.001076816
0.0012581,1.7316,0.5,1.25,0.012583,0.0023281,0.98144,1.7316,0.5,1.25,0.0005762,-0.00015632,6.09E-05,0.00077906,-0.00014457,0.0011609,,0.0201296,0.000974576
0.0012399,1.7371,0.5,1.25,0.011595,0.0013257,0.98194,1.7371,0.5,1.25,0.00057142,-0.0001284,4.57E-05,0.00074606,-0.0001161,0.0011623,,0.0198384,0.000730592
0.0012564,1.7398,0.5,1.25,0.01098,0.0011476,0.98268,1.7398,0.5,1.25,0.00056916,-0.00010928,2.27E-05,0.00072128,-0.00011568,0.0012223,,0.0201024,0.000362864
0.0012929,1.7454,0.5,1.25,0.0096918,0.0007785,0.98394,1.7454,0.5,1.25,0.00056608,-6.92E-05,-1.92E-05,0.00066543,-0.00012017,0.0013543,,0.0206864,-0.000306928
0.0013293,1.7481,0.5,1.25,0.0090558,0.00066095,0.98495,1.7481,0.5,1.25,0.00056171,-5.37E-05,-4.66E-05,0.00064111,-0.00014096,0.0014557,,0.0212688,-0.000745616
0.0014039,1.7536,0.5,1.25,0.0077237,0.00032371,0.98693,1.7536,0.5,1.25,0.00055657,-2.19E-05,-9.76E-05,0.00059125,-0.0001821,0.0016601,,0.0224624,-0.001562
0.0014464,1.7564,0.5,1.25,0.0071447,8.15E-05,0.98815,1.7564,0.5,1.25,0.0005499,-1.84E-05,-0.00012011,0.0005865,-0.00021417,0.0017565,,0.0231424,-0.00192176
0.0015285,1.7619,0.5,1.25,0.0059391,-0.00053822,0.9906,1.7619,0.5,1.25,0.00053902,-1.12E-05,-0.00016661,0.00057636,-0.00027494,0.0019417,,0.024456,-0.00266576
0.0015814,1.7646,0.5,1.25,0.0053807,-0.00077746,0.99164,1.7646,0.5,1.25,0.00053034,-1.52E-05,-0.00019064,0.00059057,-0.00030024,0.002042,,0.0253024,-0.00305024
0.0016873,1.7701,0.5,1.25,0.0042386,-0.0013437,0.99373,1.7701,0.5,1.25,0.00051225,-2.25E-05,-0.000241,0.00061733,-0.00035175,0.002245,,0.0269968,-0.003856
0.0017361,1.7729,0.5,1.25,0.003674,-0.0015953,0.99471,1.7729,0.5,1.25,0.00050368,-2.99E-05,-0.00025923,0.00063952,-0.00036953,0.002329,,0.0277776,-0.00414768
0.0018401,1.7784,0.5,1.25,0.0025464,-0.0021687,0.99667,1.7784,0.5,1.25,0.00048557,-4.32E-05,-0.00029762,0.000687,-0.000416,0.0025076,,0.0294416,-0.00476192
0.0018758,1.7811,0.5,1.25,0.0020395,-0.0024215,0.99777,1.7811,0.5,1.25,0.00048085,-5.04E-05,-0.00030764,0.00071387,-0.00043808,0.0025569,,0.0300128,-0.00492224
0.0019533,1.7866,0.5,1.25,0.0010431,-0.0029273,0.99998,1.7866,0.5,1.25,0.00047349,-6.18E-05,-0.00032952,0.00077723,-0.00049912,0.0026558,,0.0312528,-0.00527232
0.0019602,1.7894,0.5,1.25,0.00068252,-0.00291,1.0011,1.7894,0.5,1.25,0.00047524,-6.13E-05,-0.00032144,0.00079494,-0.00052669,0.0026501,,0.0313632,-0.00514304
0.0019755,1.7949,0.5,1.25,-2.71E-05,-0.0027524,1.0034,1.7949,0.5,1.25,0.00048147,-6.03E-05,-0.00030599,0.00083797,-0.00058856,0.0026315,,0.031608,-0.00489584
0.0019377,1.7976,0.5,1.25,-0.00020546,-0.0025648,1.0041,1.7976,0.5,1.25,0.00049129,-5.47E-05,-0.00027617,0.00083357,-0.00060511,0.0025506,,0.0310032,-0.00441872
0.0018609,1.8032,0.5,1.25,-0.00056526,-0.0020261,1.0056,1.8032,0.5,1.25,0.00051132,-4.83E-05,-0.00021229,0.0008244,-0.00063117,0.0023861,,0.0297744,-0.00339664
0.0018186,1.8059,0.5,1.25,-0.00059926,-0.0019816,1.006,1.8059,0.5,1.25,0.00053084,-4.31E-05,-0.00017501,0.00081449,-0.00062009,0.0022918,,0.0290976,-0.00280016
0.00173,1.8114,0.5,1.25,-0.00068008,-0.0017817,1.0067,1.8114,0.5,1.25,0.00056885,-3.71E-05,-8.76E-05,0.00078823,-0.00058784,0.002103,,0.02768,-0.00140216
0.0017192,1.8142,0.5,1.25,-0.00064255,-0.0018227,1.0073,1.8142,0.5,1.25,0.00059739,-3.13E-05,-4.92E-05,0.00079052,-0.00056126,0.0020506,,0.0275072,-0.000786848
0.0016931,1.8197,0.5,1.25,-0.000584,-0.0018765,1.0085,1.8197,0.5,1.25,0.00065297,-2.13E-05,3.57E-05,0.0007866,-0.00049849,0.0019467,,0.0270896,0.00057192
0.001694,1.8224,0.5,1.25,-0.00054157,-0.0018078,1.0094,1.8224,0.5,1.25,0.0006859,-1.29E-05,6.90E-05,0.0008023,-0.00047641,0.0018998,,0.027104,0.001104304
0.0016911,1.8279,0.5,1.25,-0.0004582,-0.0016697,1.0113,1.8279,0.5,1.25,0.00075025,5.56E-06,0.00012939,0.00082957,-0.00042737,0.0018024,,0.0270576,0.00207024
0.0016933,1.8307,0.5,1.25,-0.0004578,-0.0014486,1.0124,1.8307,0.5,1.25,0.0007841,1.67E-05,0.00016534,0.00084194,-0.00041138,0.0017606,,0.0270928,0.00264544
0.0016933,1.8362,0.5,1.25,-0.00042464,-0.0009675,1.0147,1.8362,0.5,1.25,0.00085173,4.31E-05,0.0002313,0.00087196,-0.00037688,0.0016629,,0.0270928,0.0037008
0.0017281,1.839,0.5,1.25,-0.00046334,-0.00078709,1.0156,1.839,0.5,1.25,0.00088709,5.46E-05,0.0002656,0.00087231,-0.00038859,0.0016968,,0.0276496,0.0042496
0.0017989,1.8446,0.5,1.25,-0.00047972,-0.00039193,1.0171,1.8446,0.5,1.25,0.00095764,7.94E-05,0.00033232,0.00087833,-0.00040619,0.0017619,,0.0287824,0.00531712
0.0018161,1.8475,0.5,1.25,-0.00051318,-0.00042691,1.0185,1.8475,0.5,1.25,0.0009979,9.08E-05,0.0003423,0.00088088,-0.00042014,0.0017535,,0.0290576,0.0054768
0.0018631,1.8534,0.5,1.25,-0.00050462,-0.00047517,1.0209,1.8534,0.5,1.25,0.0010724,0.0001155,0.00036417,0.00088495,-0.00045444,0.0017689,,0.0298096,0.00582672
0.0018267,1.8564,0.5,1.25,-0.00051716,-0.00089428,1.0231,1.8564,0.5,1.25,0.0011213,0.00012831,0.00035485,0.00088057,-0.00042451,0.0016515,,0.0292272,0.0056776
0.0017568,1.8626,0.5,1.25,-0.00048704,-0.0017503,1.0276,1.8626,0.5,1.25,0.0012078,0.00016143,0.00034049,0.0008764,-0.0003789,0.0014293,,0.0281088,0.00544784
0.0017394,1.8658,0.5,1.25,-0.00050042,-0.0022969,1.0287,1.8658,0.5,1.25,0.0012556,0.00016989,0.00036796,0.00085134,-0.00034007,0.0013719,,0.0278304,0.00588736
0.0016876,1.8723,0.5,1.25,-0.00053173,-0.003503,1.0315,1.8723,0.5,1.25,0.0013454,0.00019466,0.00041219,0.00080886,-0.00026887,0.0012208,,0.0270016,0.00659504
0.0017049,1.8757,0.5,1.25,-0.00055477,-0.0036526,1.0304,1.8757,0.5,1.25,0.0013786,0.00020078,0.00045211,0.00078652,-0.00025771,0.0012446,,0.0272784,0.00723376
0.0017223,1.8824,0.5,1.25,-0.00062945,-0.0040415,1.0283,1.8824,0.5,1.25,0.0014473,0.00021586,0.00052521,0.00073837,-0.00022895,0.001259,,0.0275568,0.00840336
0.0017829,1.886,0.5,1.25,-0.00065738,-0.0038711,1.0259,1.886,0.5,1.25,0.0014791,0.00023249,0.00056242,0.00075183,-0.00024546,0.0013349,,0.0285264,0.00899872
0.0019009,1.8931,0.5,1.25,-0.00071031,-0.0035033,1.0211,1.8931,0.5,1.25,0.0015444,0.00025954,0.00065105,0.00076481,-0.00026536,0.0014926,,0.0304144,0.0104168
0.0019962,1.8968,0.5,1.25,-0.00076838,-0.0030958,1.0181,1.8968,0.5,1.25,0.0015928,0.00028892,0.00069193,0.00081203,-0.00030949,0.0015876,,0.0319392,0.01107088
0.0021977,1.9042,0.5,1.25,-0.00086833,-0.0022458,1.012,1.9042,0.5,1.25,0.001691,0.00033549,0.00077659,0.00090035,-0.00039593,0.001804,,0.0351632,0.01242544
0.0022398,1.9081,0.5,1.25,-0.0010644,-0.0013198,1.0093,1.9081,0.5,1.25,0.0017462,0.00035943,0.00073249,0.00093671,-0.00046813,0.0017968,,0.0358368,0.01171984
0.0023373,1.9159,0.5,1.25,-0.0014961,0.00052121,1.0035,1.9159,0.5,1.25,0.0018598,0.00040089,0.00063685,0.001023,-0.00062086,0.0017918,,0.0373968,0.0101896
0.0022992,1.92,0.5,1.25,-0.0020119,0.0015945,1.0019,1.92,0.5,1.25,0.0018808,0.00039734,0.00054058,0.00099823,-0.00065149,0.0017193,,0.0367872,0.00864928
0.0022208,1.9282,0.5,1.25,-0.0032115,0.0037216,0.99845,1.9282,0.5,1.25,0.0019287,0.00038664,0.00033882,0.00095998,-0.00071766,0.001553,,0.0355328,0.00542112
0.0021887,1.9324,0.5,1.25,-0.0040277,0.0040785,0.99723,1.9324,0.5,1.25,0.0018868,0.00034809,0.00030951,0.00090352,-0.00067898,0.0015871,,0.0350192,0.00495216
0.0021219,1.941,0.5,1.25,-0.0059098,0.0046832,0.99489,1.941,0.5,1.25,0.0018082,0.00026894,0.00024894,0.00078405,-0.00060104,0.0016515,,0.0339504,0.00398304
0.0020983,1.9455,0.5,1.25,-0.0066276,0.0046713,0.99316,1.9455,0.5,1.25,0.0017314,0.00020468,0.00022262,0.0007614,-0.00053559,0.0017039,,0.0335728,0.00356192
0.0020673,1.9545,0.5,1.25,-0.0082314,0.0045602,0.9893,1.9545,0.5,1.25,0.0015766,7.75E-05,0.00018699,0.00071102,-0.0004028,0.001847,,0.0330768,0.00299184
0.0020521,1.9592,0.5,1.25,-0.0084616,0.0046695,0.98852,1.9592,0.5,1.25,0.0015121,3.36E-05,0.00010462,0.00072282,-0.00034655,0.0018693,,0.0328336,0.00167392
0.0020151,1.9686,0.5,1.25,-0.0089676,0.0049991,0.98692,1.9686,0.5,1.25,0.0013831,-6.21E-05,-4.62E-05,0.0007464,-0.00022678,0.0019006,,0.0322416,-0.000739072
0.0019966,1.9735,0.5,1.25,-0.0085808,0.0048035,0.98674,1.9735,0.5,1.25,0.0013598,-7.05E-05,-0.00010818,0.00074794,-0.00023025,0.0018854,,0.0319456,-0.00173088
0.0019408,1.9833,0.5,1.25,-0.0078257,0.0045232,0.9868,1.9833,0.5,1.25,0.001315,-8.93E-05,-0.00022482,0.00074904,-0.0002334,0.0018176,,0.0310528,-0.00359712
0.00187,1.9884,0.5,1.25,-0.0066951,0.0043215,0.986,1.9884,0.5,1.25,0.0013252,-7.39E-05,-0.00022428,0.000733,-0.00025588,0.0016817,,0.02992,-0.00358848
0.0017276,1.9988,0.5,1.25,-0.0044726,0.0039069,0.98469,1.9988,0.5,1.25,0.0013508,-3.27E-05,-0.00021381,0.00070494,-0.00030515,0.0013995,,0.0276416,-0.00342096
0.0016797,2.0041,0.5,1.25,-0.0027483,0.0039151,0.98552,2.0041,0.5,1.25,0.0013572,1.25E-05,-0.00020819,0.00069823,-0.00029663,0.001304,,0.0268752,-0.00333104
0.001593,2.0149,0.5,1.25,0.0006643,0.0038892,0.98707,2.0149,0.5,1.25,0.001385,0.00010397,-0.00020276,0.0006866,-0.00028566,0.0011143,,0.025488,-0.00324416
0.0016167,2.0206,0.5,1.25,0.0025241,0.0035782,0.98618,2.0206,0.5,1.25,0.0013621,0.00013619,-0.00024304,0.0006709,-0.00031108,0.0012004,,0.0258672,-0.00388864
0.0016652,2.0319,0.5,1.25,0.0062671,0.0029035,0.98426,2.0319,0.5,1.25,0.001329,0.00020026,-0.0003455,0.00063033,-0.00035994,0.0013711,,0.0266432,-0.005528
0.0019616,2.0378,0.5,1.25,0.0078024,0.0026706,0.9833,2.0378,0.5,1.25,0.0012968,0.00021522,-0.00044267,0.00066619,-0.00054385,0.0019602,,0.0313856,-0.00708272
0.0025668,2.0496,0.5,1.25,0.010967,0.0023373,0.98124,2.0496,0.5,1.25,0.0012258,0.00024129,-0.00063192,0.00073663,-0.00091785,0.0031711,,0.0410688,-0.01011072
0.0027586,2.0557,0.5,1.25,0.0119,0.0018364,0.98181,2.0557,0.5,1.25,0.0012067,0.00026798,-0.00067545,0.00080572,-0.0010958,0.0035047,,0.0441376,-0.0108072
0.0031395,2.0681,0.5,1.25,0.013869,0.00096202,0.98285,2.0681,0.5,1.25,0.0011533,0.00031761,-0.0007574,0.00093665,-0.0014434,0.004189,,0.050232,-0.0121184
0.0031081,2.0746,0.5,1.25,0.014477,0.00062522,0.98054,2.0746,0.5,1.25,0.0011315,0.00033881,-0.000737,0.00090079,-0.0013856,0.0041838,,0.0497296,-0.011792
0.0030136,2.0875,0.5,1.25,0.015776,-0.00012619,0.97577,2.0875,0.5,1.25,0.0010765,0.00039057,-0.00070408,0.00083033,-0.0012482,0.0041204,,0.0482176,-0.01126528
0.0029482,2.0942,0.5,1.25,0.016125,-0.0006339,0.9755,2.0942,0.5,1.25,0.0010472,0.00036564,-0.00076643,0.00077156,-0.0010996,0.0040776,,0.0471712,-0.01226288
0.0027973,2.1078,0.5,1.25,0.016882,-0.0018857,0.97533,2.1078,0.5,1.25,0.00098109,0.00031691,-0.00087799,0.00066419,-0.00079579,0.0039492,,0.0447568,-0.01404784
0.0025537,2.1148,0.5,1.25,0.016567,-0.0026537,0.97888,2.1148,0.5,1.25,0.00092927,0.00026583,-0.00072929,0.00062628,-0.0006328,0.0035519,,0.0408592,-0.01166864
0.002093,2.129,0.5,1.25,0.015963,-0.0043325,0.98668,2.129,0.5,1.25,0.00083293,0.00015965,-0.00042222,0.00054552,-0.00030189,0.0028076,,0.033488,-0.00675552
0.0018666,2.1363,0.5,1.25,0.014951,-0.0051856,0.98941,2.1363,0.5,1.25,0.00076101,0.00012454,-0.00020647,0.0005208,-0.00025307,0.0024513,,0.0298656,-0.00330352
0.0014438,2.1511,0.5,1.25,0.012973,-0.0068497,0.99405,2.1511,0.5,1.25,0.00062302,5.60E-05,0.0002078,0.00047289,-0.00016864,0.0017916,,0.0231008,0.0033248
0.0015312,2.1588,0.5,1.25,0.011778,-0.0090217,0.99429,2.1588,0.5,1.25,0.00057798,3.79E-05,0.00017301,0.00051479,-0.00029869,0.0019695,,0.0244992,0.00276816
0.0017025,2.1743,0.5,1.25,0.0094697,-0.013288,0.99427,2.1743,0.5,1.25,0.00048598,3.18E-06,8.06E-05,0.00061133,-0.00058422,0.0023077,,0.02724,0.001289392
0.0018519,2.1823,0.5,1.25,0.0088704,-0.012866,0.98989,2.1823,0.5,1.25,0.00046919,1.30E-05,4.04E-05,0.00069279,-0.00055692,0.0025418,,0.0296304,0.000646224
0.0021466,2.1984,0.5,1.25,0.0077523,-0.011784,0.98164,2.1984,0.5,1.25,0.00043638,3.20E-05,-4.20E-05,0.00085492,-0.00049427,0.0030019,,0.0343456,-0.00067208
0.002092,2.2068,0.5,1.25,0.0079246,-0.0095284,0.97801,2.2068,0.5,1.25,0.00045514,6.11E-05,-4.41E-05,0.00087968,-0.00046364,0.0028492,,0.033472,-0.000705184
0.0019792,2.2237,0.5,1.25,0.0082809,-0.0049903,0.97075,2.2237,0.5,1.25,0.00050203,0.00011203,-3.68E-05,0.00091859,-0.0003934,0.0025377,,0.0316672,-0.000589296
0.0021052,2.2324,0.5,1.25,0.0094403,-0.0053814,0.96677,2.2324,0.5,1.25,0.00054547,0.00010146,7.64E-05,0.00086047,-0.000442,0.0028044,,0.0336832,0.001222624
0.0023979,2.2501,0.5,1.25,0.011728,-0.0063054,0.95851,2.2501,0.5,1.25,0.00064059,7.73E-05,0.00031268,0.00074369,-0.00056305,0.0034116,,0.0383664,0.00500288
0.0023241,2.2592,0.5,1.25,0.013494,-0.0080949,0.96064,2.2592,0.5,1.25,0.00065692,7.56E-05,0.00028986,0.0007529,-0.00049069,0.0032384,,0.0371856,0.00463776
0.0021677,2.2776,0.5,1.25,0.017076,-0.011655,0.96484,2.2776,0.5,1.25,0.00067591,7.65E-05,0.000233,0.00077239,-0.00035536,0.0028872,,0.0346832,0.003728
0.0019732,2.2871,0.5,1.25,0.0179,-0.013779,0.96981,2.2871,0.5,1.25,0.00069804,7.73E-05,0.00015664,0.00085104,-0.00030154,0.0023972,,0.0315712,0.00250624
0.0015444,2.3063,0.5,1.25,0.019579,-0.018005,0.98006,2.3063,0.5,1.25,0.0007357,9.58E-05,3.67E-06,0.0010017,-0.00018146,0.0013514,,0.0247104,5.87648E-05
0.0018769,2.3162,0.5,1.25,0.019213,-0.016347,0.9765,2.3162,0.5,1.25,0.00079942,0.00013612,0.00020453,0.000957,-6.88E-05,0.0019973,,0.0300304,0.00327248
0.0025793,2.3362,0.5,1.25,0.018307,-0.013088,0.96976,2.3362,0.5,1.25,0.00093898,0.00021503,0.0006064,0.00085799,0.00014574,0.0033616,,0.0412688,0.0097024
0.0028181,2.3466,0.5,1.25,0.016989,-0.014271,0.96619,2.3466,0.5,1.25,0.0010031,0.00018123,0.00073697,0.00095746,-2.26E-05,0.0036757,,0.0450896,0.01179152
0.0033312,2.3674,0.5,1.25,0.014085,-0.016687,0.95895,2.3674,0.5,1.25,0.0011517,0.0001287,0.00096685,0.0011807,-0.00039892,0.0043299,,0.0532992,0.0154696
0.0034402,2.3782,0.5,1.25,0.012334,-0.014859,0.93643,2.3782,0.5,1.25,0.0011804,0.00014706,0.0010799,0.001381,-0.00049928,0.004319,,0.0550432,0.0172784
0.0036261,2.3999,0.5,1.25,0.0087693,-0.010927,0.89084,2.3999,0.5,1.25,0.0012312,0.00019883,0.0012916,0.0018363,-0.00069997,0.0041846,,0.0580176,0.0206656
0.0037655,2.4112,0.5,1.25,0.0075049,-0.0057884,0.86404,2.4112,0.5,1.25,0.001145,0.00027943,0.0013011,0.0018657,-0.00054954,0.0045202,,0.060248,0.0208176
0.0039566,2.4338,0.5,1.25,0.0050706,0.0043962,0.81032,2.4338,0.5,1.25,0.00093903,0.00040252,0.0013111,0.0018739,-0.00023459,0.0051003,,0.0633056,0.0209776
0.0036698,2.4455,0.5,1.25,0.0041365,0.0036029,0.77763,2.4455,0.5,1.25,0.0007432,0.0003268,0.0010686,0.0017654,-0.0002423,0.004831,,0.0587168,0.0170976
0.0030653,2.4691,0.5,1.25,0.0023262,0.0016677,0.71199,2.4691,0.5,1.25,0.00034927,0.00016373,0.00059621,0.0014807,-0.00025483,0.0043005,,0.0490448,0.00953936
0.0014289,1.6666,0.5,1.2756,0.018119,0.009016,0.98543,1.6666,0.5,1.2756,0.00091682,-0.00013019,-0.00015747,0.00077568,-0.00037841,0.0011654,,0.0228624,-0.00251952
0.0014299,1.6666,0.5,1.2931,0.018038,0.0090379,0.98539,1.6666,0.5,1.2931,0.00091561,-0.00013324,-0.00015759,0.00078677,-0.00037839,0.0011573,,0.0228784,-0.00252144
0.0020011,2.4908,0.5,1.2756,0.0013504,0.0012765,0.47688,2.4908,0.5,1.2756,0.00016243,9.12E-05,0.00032669,0.00098342,-0.00013876,0.0028563,,0.0320176,0.00522704
0.0020291,2.4908,0.5,1.2981,0.001856,0.0013657,0.47658,2.4908,0.5,1.2981,0.00016321,9.34E-05,0.00033254,0.0010002,-0.0001272,0.0028948,,0.0324656,0.00532064
0.001433,1.6666,0.5,1.3137,0.017919,0.0091318,0.98527,1.6666,0.5,1.3137,0.00091371,-0.00013658,-0.00015979,0.00079873,-0.00038305,0.0011535,,0.022928,-0.00255664
0.0014288,1.6666,0.5,1.3312,0.01783,0.0091872,0.98518,1.6666,0.5,1.3312,0.00090978,-0.00013619,-0.00016371,0.00080082,-0.00038565,0.001147,,0.0228608,-0.00261936
0.0016901,2.4978,0.5,1.3137,0.0017036,0.0012641,0.4002,2.4978,0.5,1.3137,0.00010317,7.02E-05,0.00024591,0.00084033,-8.75E-05,0.0024367,,0.0270416,0.00393456
0.0017188,2.4978,0.5,1.3435,0.0020155,0.0013771,0.3998,2.4978,0.5,1.3435,0.00010411,7.26E-05,0.00025211,0.00084962,-7.75E-05,0.0024839,,0.0275008,0.00403376
0.0014257,1.6666,0.5,1.3518,0.017687,0.0093284,0.985,1.6666,0.5,1.3518,0.00090476,-0.00013216,-0.00016808,0.00079754,-0.00039326,0.0011491,,0.0228112,-0.00268928
0.0014153,1.6666,0.5,1.3692,0.01757,0.0093953,0.98487,1.6666,0.5,1.3692,0.00089792,-0.00012192,-0.00016874,0.00078622,-0.00039777,0.0011465,,0.0226448,-0.00269984
0.001621,2.4999,0.5,1.3518,0.0019926,0.0013664,0.37712,2.4999,0.5,1.3518,8.67E-05,6.61E-05,0.00022735,0.00079906,-6.59E-05,0.0023562,,0.025936,0.0036376
0.0016478,2.4999,0.5,1.3836,0.0017694,0.0014731,0.3767,2.4999,0.5,1.3836,8.76E-05,6.83E-05,0.00023366,0.00080218,-5.85E-05,0.0024058,,0.0263648,0.00373856
0.0014128,1.6666,0.5,1.3897,0.017398,0.0095496,0.98463,1.6666,0.5,1.3897,0.00089401,-0.0001037,-0.00017082,0.0007726,-0.00040264,0.0011589,,0.0226048,-0.00273312
0.0014076,1.6666,0.5,1.4071,0.017299,0.0096099,0.98446,1.6666,0.5,1.4071,0.0008888,-9.40E-05,-0.00016317,0.00076754,-0.00040678,0.0011588,,0.0225216,-0.00261072
0.0016616,2.4999,0.5,1.3897,0.0017718,0.0015192,0.37653,2.4999,0.5,1.3897,8.99E-05,7.08E-05,0.00024057,0.00080378,-5.50E-05,0.0024295,,0.0265856,0.00384912
0.0016936,2.4999,0.5,1.4215,0.0014578,0.001626,0.37615,2.4999,0.5,1.4215,9.08E-05,7.37E-05,0.00024938,0.00081572,-4.64E-05,0.0024807,,0.0270976,0.00399008
0.0014102,1.6666,0.5,1.4276,0.01713,0.0097691,0.98417,1.6666,0.5,1.4276,0.00088339,-7.92E-05,-0.0001554,0.00076542,-0.00040841,0.0011716,,0.0225632,-0.0024864
0.0014169,1.6666,0.5,1.445,0.01698,0.0098398,0.98397,1.6666,0.5,1.445,0.00088858,-7.94E-05,-0.00014665,0.00077165,-0.00041131,0.0011736,,0.0226704,-0.0023464
0.0017104,2.4999,0.5,1.4276,0.0014593,0.0016721,0.376,2.4999,0.5,1.4276,9.40E-05,7.70E-05,0.00025901,0.00082168,-4.23E-05,0.0025051,,0.0273664,0.00414416
0.0017456,2.4999,0.5,1.4593,0.0014183,0.0017835,0.37567,2.4999,0.5,1.4593,9.50E-05,8.03E-05,0.00027001,0.00083959,-3.17E-05,0.0025566,,0.0279296,0.00432016
0.0014279,1.6666,0.5,1.4654,0.01676,0.01002,0.98365,1.6666,0.5,1.4654,0.00089311,-8.05E-05,-0.00013826,0.00078193,-0.00041413,0.0011808,,0.0228464,-0.00221216
0.0014433,1.6666,0.5,1.4827,0.016596,0.010092,0.98342,1.6666,0.5,1.4827,0.00090586,-8.75E-05,-0.00013976,0.00079266,-0.00042133,0.0011881,,0.0230928,-0.00223616
0.0017643,2.4999,0.5,1.4654,0.0014246,0.0018316,0.37553,2.4999,0.5,1.4654,9.89E-05,8.39E-05,0.00028203,0.00084848,-2.66E-05,0.0025812,,0.0282288,0.00451248
0.0017913,2.4999,0.5,1.497,0.0016001,0.0019388,0.37524,2.4999,0.5,1.497,9.96E-05,8.58E-05,0.00029162,0.00085292,-1.67E-05,0.00263,,0.0286608,0.00466592
0.0014607,1.6666,0.5,1.5031,0.01635,0.010281,0.98308,1.6666,0.5,1.5031,0.00091825,-9.91E-05,-0.00014178,0.00080481,-0.00043106,0.0011983,,0.0233712,-0.00226848
0.0014713,1.6666,0.5,1.5204,0.016117,0.010362,0.98282,1.6666,0.5,1.5204,0.00091969,-0.00010018,-0.00014445,0.00080972,-0.00044322,0.0012131,,0.0235408,-0.0023112
0.0018053,2.4999,0.5,1.5031,0.0016114,0.001985,0.37512,2.4999,0.5,1.5031,0.00010208,8.79E-05,0.00030211,0.00085518,-1.20E-05,0.0026533,,0.0288848,0.00483376
0.0018245,2.4999,0.5,1.5346,0.0017393,0.0020944,0.37489,2.4999,0.5,1.5346,0.00010319,8.96E-05,0.00030753,0.00084562,-4.68E-06,0.0027002,,0.029192,0.00492048
0.0014872,1.6666,0.5,1.5407,0.015799,0.010552,0.98245,1.6666,0.5,1.5407,0.00092281,-0.00010302,-0.00014901,0.00081654,-0.0004578,0.0012351,,0.0237952,-0.00238416
0.0014866,1.6666,0.5,1.558,0.015568,0.010642,0.98215,1.6666,0.5,1.558,0.00090777,-9.90E-05,-0.0001425,0.00081573,-0.00046861,0.0012498,,0.0237856,-0.00228
0.0018344,2.4999,0.5,1.5407,0.0017543,0.0021416,0.37479,2.4999,0.5,1.5407,0.00010531,9.15E-05,0.00031346,0.00084098,-1.15E-06,0.0027226,,0.0293504,0.00501536
0.0018588,2.4999,0.5,1.5722,0.0017616,0.0022538,0.37461,2.4999,0.5,1.5722,0.00010699,9.55E-05,0.00031418,0.00084125,3.11E-06,0.0027693,,0.0297408,0.00502688
0.0014928,1.6666,0.5,1.5782,0.015247,0.010846,0.98174,1.6666,0.5,1.5782,0.0008903,-9.30E-05,-0.00013899,0.00082287,-0.00047987,0.0012725,,0.0238848,-0.00222384
0.0014884,1.6666,0.5,1.5954,0.014956,0.010956,0.98143,1.6666,0.5,1.5954,0.00087178,-9.42E-05,-0.00012855,0.00082268,-0.00048475,0.0012823,,0.0238144,-0.0020568
0.0018717,2.4999,0.5,1.5782,0.0017792,0.0023022,0.37454,2.4999,0.5,1.5782,0.00011028,0.00010005,0.00031496,0.00084147,5.19E-06,0.0027916,,0.0299472,0.00503936
0.0019027,2.4999,0.5,1.6096,0.0016898,0.0024037,0.37443,2.4999,0.5,1.6096,0.00011103,0.00010517,0.00031251,0.0008607,1.05E-05,0.0028336,,0.0304432,0.00500016
0.0014845,1.6666,0.5,1.6157,0.01458,0.011174,0.98101,1.6666,0.5,1.6157,0.0008455,-9.41E-05,-0.00011748,0.00082975,-0.00048999,0.0012938,,0.023752,-0.00187968
0.0014916,1.6666,0.5,1.6328,0.014285,0.01129,0.98071,1.6666,0.5,1.6328,0.00084888,-0.00010161,-0.00011756,0.00083131,-0.00049572,0.001303,,0.0238656,-0.00188096
0.0019187,2.4999,0.5,1.6157,0.0017077,0.0024475,0.37439,2.4999,0.5,1.6157,0.0001135,0.00011092,0.00030983,0.00087028,1.30E-05,0.0028536,,0.0306992,0.00495728
0.0019422,2.4999,0.5,1.647,0.0014594,0.0025244,0.37438,2.4999,0.5,1.647,0.00011336,0.00011351,0.00030631,0.0008892,2.45E-05,0.0028819,,0.0310752,0.00490096
0.0014965,1.6666,0.5,1.653,0.01391,0.011522,0.98032,1.6666,0.5,1.653,0.00085163,-0.00011157,-0.00011436,0.00083606,-0.00050329,0.0013053,,0.023944,-0.00182976
0.0015152,1.6666,0.5,1.6702,0.01359,0.011671,0.98004,1.6666,0.5,1.6702,0.00087345,-0.00011787,-0.00012393,0.00084363,-0.00051668,0.0013134,,0.0242432,-0.00198288
0.0019537,2.4999,0.5,1.653,0.0014752,0.0025575,0.37437,2.4999,0.5,1.653,0.0001134,0.00011642,0.00030246,0.00089864,3.01E-05,0.0028953,,0.0312592,0.00483936
0.0019606,2.4999,0.5,1.6843,0.001112,0.002612,0.37444,2.4999,0.5,1.6843,0.00011288,0.00011628,0.00029749,0.00090324,4.39E-05,0.0029052,,0.0313696,0.00475984
0.0015361,1.6666,0.5,1.6903,0.013206,0.011922,0.9797,1.6666,0.5,1.6903,0.0009048,-0.00012876,-0.00012983,0.00085391,-0.00053153,0.0013136,,0.0245776,-0.00207728
0.0015475,1.6666,0.5,1.7074,0.012917,0.012063,0.97943,1.6666,0.5,1.7074,0.00091307,-0.00012742,-0.00012646,0.00086663,-0.00054831,0.0013154,,0.02476,-0.00202336
0.001963,2.4999,0.5,1.6903,0.0011234,0.0026354,0.37447,2.4999,0.5,1.6903,0.00011058,0.00011613,0.00029207,0.00090559,5.06E-05,0.0029098,,0.031408,0.00467312
0.0019569,2.4999,0.5,1.7215,0.00092969,0.0027033,0.37461,2.4999,0.5,1.7215,0.00010906,0.00011598,0.00028393,0.00090088,6.34E-05,0.0029038,,0.0313104,0.00454288
0.0015665,1.6666,0.5,1.7275,0.012563,0.012307,0.9791,1.6666,0.5,1.7275,0.00093286,-0.00012921,-0.00011978,0.00088425,-0.0005646,0.0013158,,0.025064,-0.00191648
0.0015639,1.6666,0.5,1.7446,0.012271,0.012471,0.97883,1.6666,0.5,1.7446,0.00092012,-0.00013057,-0.00010106,0.0008936,-0.00057257,0.0013141,,0.0250224,-0.00161696
0.0019523,2.4999,0.5,1.7275,0.00093525,0.0027325,0.37467,2.4999,0.5,1.7275,0.00010514,0.00011582,0.00027503,0.00089862,6.96E-05,0.0029009,,0.0312368,0.00440048
0.0019407,2.4999,0.5,1.7586,0.0009334,0.0028302,0.37484,2.4999,0.5,1.7586,0.00010365,0.0001165,0.00026356,0.0008931,8.00E-05,0.0028847,,0.0310512,0.00421696
0.001564,1.6666,0.5,1.7646,0.011931,0.012728,0.97849,1.6666,0.5,1.7646,0.00090557,-0.00013351,-7.87E-05,0.00090999,-0.00057776,0.0013124,,0.025024,-0.00125952
0.0015647,1.6666,0.5,1.7816,0.011664,0.012882,0.97824,1.6666,0.5,1.7816,0.00089701,-0.00014414,-6.68E-05,0.00091379,-0.00057614,0.0013187,,0.0250352,-0.001069072
0.0019339,2.4999,0.5,1.7646,0.00093361,0.0028722,0.37492,2.4999,0.5,1.7646,0.00010045,0.00011726,0.00025103,0.00089041,8.51E-05,0.0028769,,0.0309424,0.00401648
0.0019195,2.4999,0.5,1.7957,0.00090993,0.0029659,0.3751,2.4999,0.5,1.7957,9.98E-05,0.00011774,0.00023938,0.00088765,9.33E-05,0.0028515,,0.030712,0.00383008
0.0015595,1.6666,0.5,1.8016,0.011351,0.01313,0.97792,1.6666,0.5,1.8016,0.0008802,-0.00015831,-4.92E-05,0.0009216,-0.00057056,0.0013173,,0.024952,-0.00078752
0.0015778,1.6666,0.5,1.8186,0.011063,0.013305,0.97769,1.6666,0.5,1.8186,0.00090189,-0.00016867,-5.12E-05,0.00092328,-0.00057494,0.0013303,,0.0252448,-0.0008188
0.0019118,2.4999,0.5,1.8016,0.00090604,0.0030063,0.37517,2.4999,0.5,1.8016,9.79E-05,0.00011829,0.00022665,0.00088632,9.72E-05,0.0028394,,0.0305888,0.0036264
0.0018941,2.4999,0.5,1.8327,0.0010269,0.0030791,0.37538,2.4999,0.5,1.8327,9.68E-05,0.00011818,0.00021818,0.00088841,0.0001061,0.002803,,0.0303056,0.00349088
0.0015924,1.6666,0.5,1.8386,0.010747,0.013549,0.97739,1.6666,0.5,1.8386,0.00092773,-0.00018556,-5.04E-05,0.00092511,-0.00057625,0.0013319,,0.0254784,-0.000806032
0.0016115,1.6666,0.5,1.8556,0.010502,0.013703,0.97719,1.6666,0.5,1.8556,0.00095574,-0.0001866,-5.25E-05,0.0009282,-0.00059034,0.0013391,,0.025784,-0.000839776
0.0018845,2.4999,0.5,1.8386,0.0010158,0.0031105,0.37547,2.4999,0.5,1.8386,9.40E-05,0.00011807,0.00020893,0.00088947,0.00011041,0.0027855,,0.030152,0.00334288
0.0018641,2.4999,0.5,1.8695,0.0012413,0.0031659,0.37574,2.4999,0.5,1.8695,9.25E-05,0.00011708,0.00020154,0.00089547,0.00012294,0.0027403,,0.0298256,0.00322464
0.001632,1.6666,0.5,1.8755,0.010217,0.013903,0.97689,1.6666,0.5,1.8755,0.00099213,-0.00019344,-5.79E-05,0.00093163,-0.00060304,0.0013403,,0.026112,-0.000926992
0.0016343,1.6666,0.5,1.8924,0.0099528,0.014082,0.97668,1.6666,0.5,1.8924,0.00098896,-0.00019343,-4.18E-05,0.00094176,-0.00061775,0.0013379,,0.0261488,-0.000669248
0.0018525,2.4999,0.5,1.8755,0.0012211,0.0031897,0.37585,2.4999,0.5,1.8755,8.78E-05,0.00011599,0.00019347,0.00089845,0.00012901,0.0027187,,0.02964,0.00309552
0.0018326,2.4999,0.5,1.9064,0.0012603,0.0032371,0.37617,2.4999,0.5,1.9064,8.63E-05,0.00011388,0.00018338,0.00090417,0.00014615,0.0026748,,0.0293216,0.00293408
0.0016336,1.6666,0.5,1.9123,0.0096591,0.014286,0.97637,1.6666,0.5,1.9123,0.00098455,-0.00019285,-3.17E-05,0.00095214,-0.00063232,0.0013305,,0.0261376,-0.000506512
0.0016288,1.6666,0.5,1.9292,0.0093916,0.014438,0.97615,1.6666,0.5,1.9292,0.00096812,-0.00020045,-1.90E-05,0.00096128,-0.00063637,0.0013283,,0.0260608,-0.00030344
0.001821,2.4999,0.5,1.9123,0.001235,0.0032574,0.37631,2.4999,0.5,1.9123,8.12E-05,0.00011152,0.00017235,0.00090701,0.00015444,0.0026539,,0.029136,0.0027576
0.0018018,2.4999,0.5,1.9431,0.0012739,0.0033189,0.37666,2.4999,0.5,1.9431,8.00E-05,0.00010871,0.00016002,0.00090538,0.00017036,0.0026183,,0.0288288,0.00256032
0.0016175,1.6666,0.5,1.949,0.0090876,0.014622,0.97584,1.6666,0.5,1.949,0.00094888,-0.00020518,-1.19E-05,0.00097163,-0.00063793,0.0013146,,0.02588,-0.000189856
0.0016264,1.6666,0.5,1.9658,0.008813,0.014785,0.97562,1.6666,0.5,1.9658,0.00095556,-0.00021965,-1.22E-05,0.00097833,-0.00063789,0.001319,,0.0260224,-0.000195584
0.0017911,2.4999,0.5,1.949,0.0012438,0.0033453,0.37681,2.4999,0.5,1.949,7.63E-05,0.00010557,0.00014654,0.00090457,0.00017805,0.0026013,,0.0286576,0.00234464
0.0017711,2.4999,0.5,1.9798,0.0012743,0.0034193,0.3772,2.4999,0.5,1.9798,7.56E-05,0.00010343,0.00013636,0.00089901,0.00018691,0.0025676,,0.0283376,0.00218176
0.001636,1.6666,0.5,1.9856,0.0085203,0.014965,0.97532,1.6666,0.5,1.9856,0.0009737,-0.00023824,-1.21E-05,0.00098906,-0.00063365,0.0013092,,0.026176,-0.000193056
0.001648,1.6666,0.5,2.0025,0.0082934,0.015093,0.97514,1.6666,0.5,2.0025,0.00099907,-0.00024285,-6.45E-06,0.00098931,-0.00064098,0.0013077,,0.026368,-0.000103242
0.0017608,2.4999,0.5,1.9856,0.0012364,0.0034512,0.37736,2.4999,0.5,1.9856,7.38E-05,0.00010104,0.00012522,0.00089624,0.00019116,0.0025515,,0.0281728,0.00200352
0.0017417,2.4999,0.5,2.0163,0.0010531,0.003521,0.37778,2.4999,0.5,2.0163,7.29E-05,0.00010093,0.00012032,0.00089584,0.00019718,0.0025146,,0.0278672,0.00192512
0.0016637,1.6666,0.5,2.0222,0.008045,0.015233,0.97487,1.6666,0.5,2.0222,0.0010377,-0.00025308,2.68E-06,0.00099428,-0.00064301,0.0012953,,0.0266192,4.28176E-05
0.0016637,1.6666,0.5,2.039,0.0078239,0.01537,0.97472,1.6666,0.5,2.039,0.0010501,-0.00025174,1.98E-05,0.00099517,-0.0006529,0.0012821,,0.0266192,0.000317072
0.0017315,2.4999,0.5,2.0222,0.0010098,0.0035511,0.37795,2.4999,0.5,2.0222,7.03E-05,0.00010082,0.00011496,0.00089561,0.00020004,0.0024971,,0.027704,0.00183936
0.0017175,2.4999,0.5,2.0529,0.00094108,0.0036261,0.37835,2.4999,0.5,2.0529,6.93E-05,0.00010159,0.00011442,0.00089805,0.00021123,0.0024678,,0.02748,0.00183072
0.0016601,1.6666,0.5,2.0587,0.0075938,0.015491,0.97446,1.6666,0.5,2.0587,0.0010573,-0.00025375,4.05E-05,0.00099857,-0.00065614,0.0012644,,0.0265616,0.000647728
0.0016619,1.6666,0.5,2.0755,0.0074074,0.01559,0.97431,1.6666,0.5,2.0755,0.0010549,-0.00025929,4.92E-05,0.0010091,-0.00065607,0.0012597,,0.0265904,0.000787136
0.0017088,2.4999,0.5,2.0587,0.00089506,0.0036584,0.37852,2.4999,0.5,2.0587,6.46E-05,0.00010246,0.00011384,0.00089922,0.00021662,0.0024538,,0.0273408,0.00182144
0.0017032,2.4999,0.5,2.0893,0.001031,0.0037405,0.37887,2.4999,0.5,2.0893,6.34E-05,0.0001019,0.00011382,0.00090061,0.00022669,0.0024423,,0.0272512,0.00182112
0.0016592,1.6666,0.5,2.0951,0.0072055,0.015662,0.97406,1.6666,0.5,2.0951,0.0010445,-0.00026586,5.75E-05,0.0010186,-0.00065107,0.0012553,,0.0265472,0.000919776
0.0016746,1.6666,0.5,2.1119,0.0070321,0.015789,0.97388,1.6666,0.5,2.1119,0.0010513,-0.00027392,5.34E-05,0.0010293,-0.00064956,0.0012686,,0.0267936,0.000854
0.0016987,2.4999,0.5,2.0951,0.00098681,0.0037759,0.37902,2.4999,0.5,2.0951,5.91E-05,0.00010126,0.00011378,0.00090129,0.00023155,0.0024369,,0.0271792,0.00182048
0.0016988,2.4999,0.5,2.1257,0.00096522,0.0038393,0.37934,2.4999,0.5,2.1257,5.80E-05,9.92E-05,0.00011075,0.00090375,0.00023266,0.0024358,,0.0271808,0.001772
0.0016914,1.6666,0.5,2.1315,0.006858,0.015872,0.97362,1.6666,0.5,2.1315,0.0010625,-0.00028213,4.22E-05,0.0010409,-0.00064845,0.0012794,,0.0270624,0.000674432
0.0017042,1.6666,0.5,2.1482,0.0067222,0.015968,0.97341,1.6666,0.5,2.1482,0.0010754,-0.00027575,3.98E-05,0.0010451,-0.00065789,0.0012879,,0.0272672,0.000637264
0.0016978,2.4999,0.5,2.1315,0.00092883,0.0038667,0.37947,2.4999,0.5,2.1315,5.53E-05,9.68E-05,0.00010743,0.00090497,0.00023319,0.0024353,,0.0271648,0.00171888
0.001697,2.4999,0.5,2.162,0.00086441,0.0038966,0.37978,2.4999,0.5,2.162,5.46E-05,9.49E-05,0.00010323,0.00090857,0.00023081,0.0024309,,0.027152,0.00165168
0.0017176,1.6666,0.5,2.1678,0.006578,0.016022,0.97314,1.6666,0.5,2.1678,0.0010957,-0.00026976,3.03E-05,0.0010484,-0.00066936,0.0012911,,0.0274816,0.000484016
0.0017207,1.6666,0.5,2.1844,0.0064364,0.016144,0.97292,1.6666,0.5,2.1844,0.0011036,-0.00026227,3.81E-05,0.0010546,-0.0006803,0.0012831,,0.0275312,0.000609696
0.0016959,2.4999,0.5,2.1678,0.00083641,0.0039096,0.37991,2.4999,0.5,2.1678,5.26E-05,9.28E-05,9.86E-05,0.00091034,0.00022965,0.0024288,,0.0271344,0.00157808
0.0016879,2.4999,0.5,2.1982,0.00090009,0.0039096,0.38023,2.4999,0.5,2.1982,5.26E-05,9.23E-05,9.74E-05,0.00090758,0.0002299,0.0024157,,0.0270064,0.001558672
0.0017203,1.6666,0.5,2.204,0.0063041,0.016207,0.97266,1.6666,0.5,2.204,0.0011101,-0.00025535,5.03E-05,0.0010574,-0.00068913,0.0012732,,0.0275248,0.00080552
0.0017218,1.6666,0.5,2.2206,0.0061599,0.016295,0.97247,1.6666,0.5,2.2206,0.0011135,-0.00026715,6.34E-05,0.0010647,-0.00068421,0.0012655,,0.0275488,0.001015184
0.0016839,2.4999,0.5,2.204,0.00087892,0.0039096,0.38037,2.4999,0.5,2.204,5.22E-05,9.17E-05,9.61E-05,0.00090618,0.00023002,0.0024093,,0.0269424,0.001537376
0.0016726,2.4999,0.5,2.2343,0.00079138,0.0039025,0.38073,2.4999,0.5,2.2343,5.31E-05,9.22E-05,9.88E-05,0.00090292,0.00023079,0.002389,,0.0267616,0.001581152
0.0017198,1.6666,0.5,2.2401,0.0060044,0.016337,0.97225,1.6666,0.5,2.2401,0.0011139,-0.00027943,8.58E-05,0.0010694,-0.00067258,0.0012564,,0.0275168,0.00137288
0.0017263,1.6666,0.5,2.2567,0.0058515,0.016435,0.97205,1.6666,0.5,2.2567,0.0011201,-0.0002912,9.62E-05,0.0010749,-0.00066091,0.0012575,,0.0276208,0.001538464
0.0016679,2.4999,0.5,2.2401,0.00077387,0.0038994,0.38089,2.4999,0.5,2.2401,5.53E-05,9.28E-05,0.00010181,0.00090127,0.00023116,0.0023793,,0.0266864,0.00162896
0.0016639,2.4999,0.5,2.2704,0.00052083,0.0039105,0.38131,2.4999,0.5,2.2704,5.60E-05,9.32E-05,0.00010671,0.00091392,0.00023056,0.0023578,,0.0266224,0.00170736
0.0017329,1.6666,0.5,2.2762,0.0056961,0.016473,0.97183,1.6666,0.5,2.2762,0.0011287,-0.00030193,0.00010911,0.0010805,-0.00064298,0.0012567,,0.0277264,0.00174576
0.0017407,1.6666,0.5,2.2928,0.0055609,0.016547,0.9716,1.6666,0.5,2.2928,0.0011391,-0.00029418,0.00011709,0.0010865,-0.00064288,0.0012558,,0.0278512,0.00187344
0.0016634,2.4999,0.5,2.2762,0.00050737,0.0039153,0.38149,2.4999,0.5,2.2762,5.91E-05,9.36E-05,0.00011206,0.00092015,0.00023027,0.0023476,,0.0266144,0.00179296
0.0016657,2.4999,0.5,2.3064,0.00031384,0.0039513,0.38195,2.4999,0.5,2.3064,5.87E-05,9.26E-05,0.00011616,0.00094331,0.00023474,0.0023294,,0.0266512,0.00185856
0.00175,1.6666,0.5,2.3122,0.0054186,0.016555,0.97137,1.6666,0.5,2.3122,0.0011477,-0.00028678,0.00012207,0.0010963,-0.00063959,0.0012561,,0.028,0.00195312
0.0017551,1.6666,0.5,2.3288,0.005267,0.016656,0.97113,1.6666,0.5,2.3288,0.001158,-0.00027541,0.00012836,0.0011028,-0.00064465,0.0012493,,0.0280816,0.00205376
0.0016675,2.4999,0.5,2.3122,0.0003132,0.0039668,0.38214,2.4999,0.5,2.3122,5.95E-05,9.16E-05,0.00012064,0.00095475,0.00023694,0.0023207,,0.02668,0.00193024
0.0016629,2.4999,0.5,2.3424,0.0002347,0.0040266,0.38264,2.4999,0.5,2.3424,5.87E-05,8.98E-05,0.00012195,0.00096606,0.00025182,0.002301,,0.0266064,0.0019512
0.0017597,1.6666,0.5,2.3482,0.0051349,0.016655,0.97091,1.6666,0.5,2.3482,0.0011645,-0.00026954,0.00013594,0.0011087,-0.00064714,0.001246,,0.0281552,0.00217504
0.0017553,1.6666,0.5,2.3647,0.0050135,0.016723,0.97068,1.6666,0.5,2.3647,0.001164,-0.0002742,0.00014206,0.0011056,-0.00064656,0.001241,,0.0280848,0.00227296
0.0016599,2.4999,0.5,2.3482,0.00024905,0.0040522,0.38285,2.4999,0.5,2.3482,5.66E-05,8.77E-05,0.00012339,0.00097162,0.00025908,0.0022916,,0.0265584,0.00197424
0.0016444,2.4999,0.5,2.3783,0.00027569,0.0041105,0.38337,2.4999,0.5,2.3783,5.62E-05,8.58E-05,0.00012421,0.00096609,0.00028114,0.0022666,,0.0263104,0.00198736
0.001747,1.6666,0.5,2.3841,0.0048918,0.016692,0.97049,1.6666,0.5,2.3841,0.0011639,-0.00028484,0.00015355,0.0010936,-0.00064403,0.0012365,,0.027952,0.0024568
0.0017421,1.6666,0.5,2.4005,0.0047833,0.016762,0.97026,1.6666,0.5,2.4005,0.0011659,-0.00029096,0.00016174,0.0010844,-0.00064253,0.0012338,,0.0278736,0.00258784
0.0016361,2.4999,0.5,2.3841,0.0002901,0.0041353,0.3836,2.4999,0.5,2.3841,5.42E-05,8.36E-05,0.0001251,0.00096329,0.00029187,0.0022547,,0.0261776,0.0020016
0.0016245,2.4999,0.5,2.4141,0.00026305,0.0041677,0.38414,2.4999,0.5,2.4141,5.43E-05,8.10E-05,0.00012849,0.00095752,0.00031532,0.0022372,,0.025992,0.00205584
0.0017321,1.6666,0.5,2.4199,0.004684,0.016721,0.97008,1.6666,0.5,2.4199,0.0011706,-0.00029659,0.00017527,0.0010668,-0.00063961,0.0012268,,0.0277136,0.00280432
0.0017384,1.6666,0.5,2.4363,0.0046107,0.016773,0.96987,1.6666,0.5,2.4363,0.0011853,-0.00028605,0.00018034,0.0010754,-0.00064216,0.001216,,0.0278144,0.00288544
0.0016189,2.4999,0.5,2.4199,0.00026632,0.0041814,0.38438,2.4999,0.5,2.4199,5.44E-05,7.81E-05,0.00013219,0.0009546,0.00032671,0.0022288,,0.0259024,0.00211504
0.001623,2.4999,0.5,2.4499,0.00010543,0.0042077,0.38493,2.4999,0.5,2.4499,5.51E-05,7.48E-05,0.00013778,0.00095911,0.0003515,0.0022317,,0.025968,0.00220448
0.0017396,1.6666,0.5,2.4556,0.0045464,0.016728,0.96971,1.6666,0.5,2.4556,0.0011916,-0.00026931,0.00018582,0.0010844,-0.00063981,0.0012033,,0.0278336,0.00297312
0.0017449,1.6666,0.5,2.472,0.0044672,0.016807,0.96952,1.6666,0.5,2.472,0.0011967,-0.00025514,0.00018032,0.0011025,-0.00064041,0.0011906,,0.0279184,0.00288512
0.0016256,2.4999,0.5,2.4556,0.00010193,0.0042187,0.38516,2.4999,0.5,2.4556,5.67E-05,7.11E-05,0.0001439,0.00096129,0.00036352,0.0022331,,0.0260096,0.0023024
0.0016388,2.4999,0.5,2.4856,-4.09E-05,0.0042581,0.3857,2.4999,0.5,2.4856,5.76E-05,6.80E-05,0.00014994,0.00097178,0.00039114,0.0022482,,0.0262208,0.00239904
0.0017536,1.6666,0.5,2.4913,0.0044144,0.016769,0.96939,1.6666,0.5,2.4913,0.0011986,-0.00024217,0.00017616,0.001127,-0.00063434,0.0011816,,0.0280576,0.00281856
0.0017506,1.6666,0.5,2.5077,0.0043626,0.016788,0.96921,1.6666,0.5,2.5077,0.0011975,-0.0002475,0.00018127,0.0011226,-0.00062992,0.001181,,0.0280096,0.00290032
0.001646,2.4999,0.5,2.4913,-4.45E-05,0.0042747,0.38593,2.4999,0.5,2.4913,5.97E-05,6.45E-05,0.00015655,0.00097692,0.00040452,0.0022553,,0.026336,0.0025048
0.0016566,2.4999,0.5,2.5212,-0.00021486,0.0043165,0.38644,2.4999,0.5,2.5212,6.01E-05,6.20E-05,0.00016054,0.0009869,0.00043033,0.0022661,,0.0265056,0.00256864
0.0017501,1.6666,0.5,2.5269,0.0043253,0.016683,0.96907,1.6666,0.5,2.5269,0.0012062,-0.00025913,0.00018657,0.0011152,-0.00062072,0.0011788,,0.0280016,0.00298512
0.0017357,1.6666,0.5,2.5433,0.0042921,0.016698,0.96889,1.6666,0.5,2.5433,0.001201,-0.0002617,0.00019377,0.0010928,-0.0006159,0.0011776,,0.0277712,0.00310032
0.0016627,2.4999,0.5,2.5269,-0.00021354,0.0043342,0.38666,2.4999,0.5,2.5269,6.23E-05,5.92E-05,0.0001649,0.00099177,0.00044283,0.0022712,,0.0266032,0.0026384
0.0016651,2.4999,0.5,2.5568,-0.00042965,0.0043695,0.38715,2.4999,0.5,2.5568,6.24E-05,5.77E-05,0.00016524,0.0009936,0.00046458,0.0022742,,0.0266416,0.00264384
0.0017138,1.6666,0.5,2.5625,0.0042862,0.016577,0.96872,1.6666,0.5,2.5625,0.0011949,-0.00026941,0.00019879,0.0010585,-0.0006104,0.0011742,,0.0274208,0.00318064
0.0017138,1.6666,0.5,2.5788,0.0042686,0.016569,0.96857,1.6666,0.5,2.5788,0.0012028,-0.00026057,0.00020164,0.0010594,-0.00061548,0.0011653,,0.0274208,0.00322624
0.0016671,2.4999,0.5,2.5625,-0.00042579,0.0043845,0.38736,2.4999,0.5,2.5625,6.42E-05,5.60E-05,0.0001656,0.00099444,0.00047512,0.0022757,,0.0266736,0.0026496
0.0016635,2.4999,0.5,2.5923,-0.00060288,0.0044229,0.38782,2.4999,0.5,2.5923,6.47E-05,5.53E-05,0.00016498,0.00098419,0.00049305,0.0022781,,0.026616,0.00263968
0.0017072,1.6666,0.5,2.598,0.0042733,0.016444,0.96841,1.6666,0.5,2.598,0.0011996,-0.00025478,0.00020699,0.0010562,-0.00062091,0.0011586,,0.0273152,0.00331184
0.0017134,1.6666,0.5,2.6143,0.004258,0.016451,0.96828,1.6666,0.5,2.6143,0.001207,-0.00024298,0.00020319,0.001072,-0.00062533,0.0011477,,0.0274144,0.00325104
0.0016619,2.4999,0.5,2.598,-0.00060522,0.0044393,0.38801,2.4999,0.5,2.598,6.54E-05,5.45E-05,0.00016431,0.00097906,0.00050172,0.0022792,,0.0265904,0.00262896
0.0016608,2.4999,0.5,2.6277,-0.00058276,0.004474,0.38841,2.4999,0.5,2.6277,6.55E-05,5.46E-05,0.00016479,0.00097304,0.0005133,0.002283,,0.0265728,0.00263664
0.0017205,1.6666,0.5,2.6334,0.0042756,0.016336,0.96813,1.6666,0.5,2.6334,0.001211,-0.0002292,0.00020147,0.0010891,-0.00062612,0.0011409,,0.027528,0.00322352
0.0017203,1.6666,0.5,2.6497,0.0042703,0.016329,0.968,1.6666,0.5,2.6497,0.0012055,-0.00023047,0.00020091,0.001094,-0.00062343,0.0011412,,0.0275248,0.00321456
0.0016597,2.4999,0.5,2.6334,-0.00058977,0.0044889,0.38858,2.4999,0.5,2.6334,6.46E-05,5.46E-05,0.00016531,0.00097,0.00051887,0.0022847,,0.0265552,0.00264496
0.0016693,2.4999,0.5,2.6631,-0.00027142,0.0045011,0.38891,2.4999,0.5,2.6631,6.37E-05,5.57E-05,0.00016605,0.00099241,0.00052179,0.0022825,,0.0267088,0.0026568
0.0017296,1.6666,0.5,2.6688,0.0042896,0.016226,0.96787,1.6666,0.5,2.6688,0.0012164,-0.00023019,0.00020508,0.0010987,-0.0006183,0.0011441,,0.0276736,0.00328128
0.0017281,1.6666,0.5,2.6851,0.0042911,0.016204,0.96774,1.6666,0.5,2.6851,0.0012197,-0.00023485,0.00021479,0.0010844,-0.0006068,0.0011521,,0.0276496,0.00343664
0.0016733,2.4999,0.5,2.6688,-0.0002722,0.0045063,0.38905,2.4999,0.5,2.6688,6.18E-05,5.69E-05,0.00016685,0.0010035,0.00052318,0.0022813,,0.0267728,0.0026696
0.0016884,2.4999,0.5,2.6985,6.08E-05,0.0045026,0.38933,2.4999,0.5,2.6985,6.14E-05,5.82E-05,0.00016766,0.0010471,0.00051628,0.0022683,,0.0270144,0.00268256
0.0017229,1.6666,0.5,2.7041,0.0043241,0.016093,0.96761,1.6666,0.5,2.7041,0.0012274,-0.00023675,0.00022316,0.0010617,-0.00059271,0.0011567,,0.0275664,0.00357056
0.001717,1.6666,0.5,2.7204,0.0043336,0.016038,0.96749,1.6666,0.5,2.7204,0.0012349,-0.00022362,0.00022199,0.0010459,-0.00058473,0.0011533,,0.027472,0.00355184
0.0016959,2.4999,0.5,2.7041,6.74E-05,0.0045011,0.38944,2.4999,0.5,2.7041,6.12E-05,5.97E-05,0.00016854,0.0010686,0.00051293,0.002262,,0.0271344,0.00269664
0.0016974,2.4999,0.5,2.7337,0.00047352,0.004494,0.38966,2.4999,0.5,2.7337,6.20E-05,6.01E-05,0.00016999,0.0010949,0.00050094,0.002238,,0.0271584,0.00271984
0.0017036,1.6666,0.5,2.7394,0.0043511,0.015915,0.96734,1.6666,0.5,2.7394,0.0012253,-0.00021355,0.00021939,0.0010275,-0.00057618,0.0011545,,0.0272576,0.00351024
0.0016992,1.6666,0.5,2.7556,0.0043546,0.015869,0.96724,1.6666,0.5,2.7556,0.0012206,-0.0002109,0.00020956,0.0010348,-0.00058068,0.001143,,0.0271872,0.00335296
0.0016992,2.4999,0.5,2.7394,0.00048128,0.0044911,0.38974,2.4999,0.5,2.7394,6.40E-05,6.06E-05,0.00017159,0.0011079,0.00049511,0.0022266,,0.0271872,0.00274544
0.00168,2.4999,0.5,2.769,0.00089469,0.0044737,0.38987,2.4999,0.5,2.769,6.52E-05,6.00E-05,0.00017558,0.0011017,0.00048112,0.0021931,,0.02688,0.00280928
0.001698,1.6666,0.5,2.7746,0.0043824,0.015761,0.96713,1.6666,0.5,2.7746,0.0012089,-0.00021214,0.00020257,0.0010474,-0.0005804,0.0011398,,0.027168,0.00324112
0.0016976,1.6666,0.5,2.7908,0.0044203,0.015698,0.96706,1.6666,0.5,2.7908,0.0012039,-0.0002176,0.00020228,0.001057,-0.0005805,0.0011344,,0.0271616,0.00323648
0.0016718,2.4999,0.5,2.7746,0.00090363,0.0044664,0.38993,2.4999,0.5,2.7746,6.78E-05,5.93E-05,0.00017993,0.0010986,0.00047431,0.0021772,,0.0267488,0.00287888
0.0016514,2.4999,0.5,2.8041,0.0007411,0.004435,0.39,2.4999,0.5,2.8041,6.85E-05,5.88E-05,0.00018571,0.0010921,0.00045543,0.0021421,,0.0264224,0.00297136
0.0017084,1.6666,0.5,2.8098,0.0044625,0.015599,0.96699,1.6666,0.5,2.8098,0.0012132,-0.00021983,0.00021105,0.0010694,-0.00057767,0.0011343,,0.0273344,0.0033768
0.0017154,1.6666,0.5,2.8259,0.0045374,0.015544,0.96692,1.6666,0.5,2.8259,0.0012312,-0.00021308,0.0002215,0.0010592,-0.00056873,0.0011403,,0.0274464,0.003544
0.0016424,2.4999,0.5,2.8098,0.00075528,0.0044216,0.39002,2.4999,0.5,2.8098,7.03E-05,5.82E-05,0.00019201,0.001089,0.00044625,0.0021254,,0.0262784,0.00307216
0.0016387,2.4999,0.5,2.8392,0.00038847,0.0043711,0.39007,2.4999,0.5,2.8392,7.02E-05,5.94E-05,0.00019533,0.0011079,0.00041719,0.0020992,,0.0262192,0.00312528
0.0017221,1.6666,0.5,2.8449,0.0046294,0.015454,0.96684,1.6666,0.5,2.8449,0.0012549,-0.00019926,0.00023335,0.0010425,-0.00055756,0.0011469,,0.0275536,0.0037336
0.0017218,1.6666,0.5,2.861,0.0047,0.015378,0.96676,1.6666,0.5,2.861,0.0012661,-0.00018994,0.00022653,0.0010298,-0.00054376,0.0011476,,0.0275488,0.00362448
0.0016375,2.4999,0.5,2.8449,0.00041767,0.0043496,0.39008,2.4999,0.5,2.8449,7.09E-05,6.07E-05,0.00019895,0.0011174,0.00040306,0.0020868,,0.0262,0.0031832
0.0016489,2.4999,0.5,2.8743,0.00059028,0.0042621,0.39014,2.4999,0.5,2.8743,7.11E-05,6.38E-05,0.00019903,0.0011534,0.00036088,0.0020733,,0.0263824,0.00318448
0.0017159,1.6666,0.5,2.8799,0.0047563,0.015259,0.96667,1.6666,0.5,2.8799,0.0012704,-0.00017881,0.00021469,0.0010111,-0.00052554,0.0011502,,0.0274544,0.00343504
0.0017108,1.6666,0.5,2.896,0.0048071,0.015202,0.96661,1.6666,0.5,2.896,0.0012609,-0.00017855,0.00019727,0.0010158,-0.00051643,0.0011448,,0.0273728,0.00315632
0.0016552,2.4999,0.5,2.8799,0.00063949,0.0042248,0.39016,2.4999,0.5,2.8799,7.22E-05,6.73E-05,0.00019912,0.0011713,0.0003404,0.002067,,0.0264832,0.00318592
0.0016721,2.4999,0.5,2.9093,0.00091394,0.0040976,0.39027,2.4999,0.5,2.9093,7.30E-05,7.16E-05,0.00019919,0.0012109,0.00029189,0.0020604,,0.0267536,0.00318704
0.0017077,1.6666,0.5,2.9149,0.0048592,0.015101,0.96654,1.6666,0.5,2.9149,0.0012496,-0.00017901,0.00017756,0.0010195,-0.00050517,0.0011463,,0.0273232,0.00284096
0.0017068,1.6666,0.5,2.931,0.0048974,0.015021,0.9665,1.6666,0.5,2.931,0.0012365,-0.00017584,0.00017371,0.0010353,-0.00050046,0.0011417,,0.0273088,0.00277936
0.0016815,2.4999,0.5,2.9149,0.00096927,0.0040433,0.39031,2.4999,0.5,2.9149,7.53E-05,7.65E-05,0.00019927,0.0012305,0.00026838,0.0020573,,0.026904,0.00318832
0.0016926,2.4999,0.5,2.9442,0.00094602,0.0039503,0.39042,2.4999,0.5,2.9442,7.62E-05,8.02E-05,0.00020149,0.0012633,0.00023127,0.0020458,,0.0270816,0.00322384
0.0017085,1.6666,0.5,2.9498,0.0049191,0.014932,0.96646,1.6666,0.5,2.9498,0.0012243,-0.00016814,0.00016906,0.0010535,-0.00049385,0.0011391,,0.027336,0.00270496
0.0017135,1.6666,0.5,2.9659,0.0049391,0.014829,0.96641,1.6666,0.5,2.9659,0.0012331,-0.00015198,0.00018302,0.0010569,-0.00048889,0.001137,,0.027416,0.00292832
0.0016992,2.4999,0.5,2.9498,0.0009925,0.0039106,0.39047,2.4999,0.5,2.9498,7.84E-05,8.44E-05,0.00020392,0.0012796,0.00021329,0.0020404,,0.0271872,0.00326272
0.0016953,2.4999,0.5,2.9791,0.00095946,0.0039258,0.39056,2.4999,0.5,2.9791,7.90E-05,8.65E-05,0.00020761,0.0012921,0.00020143,0.0020196,,0.0271248,0.00332176
0.0017254,1.6666,0.5,2.9847,0.0049725,0.014734,0.96639,1.6666,0.5,2.9847,0.0012454,-0.00013204,0.00019967,0.0010675,-0.00047967,0.0011379,,0.0276064,0.00319472
0.0017241,1.6666,0.5,3.0007,0.005015,0.014614,0.96631,1.6666,0.5,3.0007,0.0012603,-0.00012493,0.00020159,0.0010492,-0.00047548,0.0011385,,0.0275856,0.00322544
0.0016943,2.4999,0.5,2.9847,0.00099014,0.0039325,0.3906,2.4999,0.5,2.9847,8.05E-05,8.89E-05,0.00021165,0.0012983,0.00019567,0.0020098,,0.0271088,0.0033864
0.0016876,2.4999,0.5,3.0139,0.00077615,0.0039618,0.3907,2.4999,0.5,3.0139,8.12E-05,9.05E-05,0.00021411,0.001306,0.00020186,0.001988,,0.0270016,0.00342576
0.0017175,1.6666,0.5,3.0195,0.0050233,0.014492,0.96622,1.6666,0.5,3.0195,0.0012656,-0.00012172,0.00019448,0.0010307,-0.00046419,0.0011387,,0.02748,0.00311168
0.0017021,1.6666,0.5,3.0355,0.0050304,0.014393,0.96609,1.6666,0.5,3.0355,0.0012558,-0.00013294,0.0001746,0.0010138,-0.00046665,0.0011346,,0.0272336,0.0027936
0.0016854,2.4999,0.5,3.0195,0.00079815,0.0039743,0.39074,2.4999,0.5,3.0195,8.33E-05,9.22E-05,0.0002168,0.0013099,0.00020485,0.0019776,,0.0269664,0.0034688
0.001693,2.4999,0.5,3.0487,0.00057163,0.0039011,0.39092,2.4999,0.5,3.0487,8.45E-05,9.42E-05,0.00021635,0.0013387,0.00021026,0.0019629,,0.027088,0.0034616
0.0016795,1.6666,0.5,3.0543,0.0050082,0.014283,0.96595,1.6666,0.5,3.0543,0.0012406,-0.00014545,0.00014788,0.00098827,-0.00046839,0.0011302,,0.026872,0.00236608
0.0016716,1.6666,0.5,3.0707,0.0050498,0.014194,0.96578,1.6666,0.5,3.0707,0.0012345,-0.00014,0.00013601,0.00097999,-0.00047352,0.0011287,,0.0267456,0.00217616
0.0016982,2.4999,0.5,3.0543,0.00060963,0.0038693,0.391,2.4999,0.5,3.0543,8.77E-05,9.65E-05,0.00021587,0.0013529,0.00021288,0.0019559,,0.0271712,0.00345392
0.0017098,2.4999,0.5,3.0843,0.00093233,0.0037553,0.39127,2.4999,0.5,3.0843,8.81E-05,9.74E-05,0.0002147,0.0013843,0.00020833,0.0019472,,0.0273568,0.0034352
0.0016645,1.6666,0.5,3.09,0.0050661,0.0141,0.9656,1.6666,0.5,3.09,0.0012366,-0.00012417,0.00012577,0.00096673,-0.00048287,0.0011256,,0.026632,0.00201232
0.0016766,1.6666,0.5,3.1069,0.0051122,0.014051,0.96544,1.6666,0.5,3.1069,0.001254,-0.00010022,0.00013625,0.00096926,-0.00048331,0.00113,,0.0268256,0.00218
0.0017163,2.4999,0.5,3.09,0.0009911,0.003706,0.39138,2.4999,0.5,3.09,8.98E-05,9.85E-05,0.00021342,0.0013998,0.00020614,0.001943,,0.0274608,0.00341472
0.0017128,2.4999,0.5,3.1208,0.0012155,0.0036182,0.39166,2.4999,0.5,3.1208,8.93E-05,9.64E-05,0.00021368,0.0013994,0.00020016,0.0019368,,0.0274048,0.00341888
0.0016888,1.6666,0.5,3.1266,0.0051292,0.013971,0.96524,1.6666,0.5,3.1266,0.0012724,-6.88E-05,0.00014599,0.00097581,-0.00048447,0.0011293,,0.0270208,0.00233584
0.0016932,1.6666,0.5,3.1439,0.0051958,0.013909,0.96507,1.6666,0.5,3.1439,0.0012765,-5.66E-05,0.00015256,0.00097817,-0.00047747,0.0011317,,0.0270912,0.00244096
0.0017106,2.4999,0.5,3.1266,0.0012762,0.0035803,0.39178,2.4999,0.5,3.1266,8.82E-05,9.42E-05,0.00021396,0.0013991,0.00019726,0.0019339,,0.0273696,0.00342336
0.0016964,2.4999,0.5,3.1581,0.00096199,0.0035084,0.39201,2.4999,0.5,3.1581,8.80E-05,9.16E-05,0.00021443,0.0013709,0.00019675,0.0019339,,0.0271424,0.00343088
0.0017005,1.6666,0.5,3.1642,0.0052346,0.013801,0.96484,1.6666,0.5,3.1642,0.001274,-4.59E-05,0.00015295,0.00098629,-0.0004649,0.0011407,,0.027208,0.0024472
0.0016914,1.6666,0.5,3.1818,0.0052956,0.013734,0.9646,1.6666,0.5,3.1818,0.0012551,-5.44E-05,0.00014166,0.00098177,-0.00045369,0.0011459,,0.0270624,0.00226656
0.0016889,2.4999,0.5,3.1642,0.00101,0.0034773,0.3921,2.4999,0.5,3.1642,8.70E-05,8.87E-05,0.00021494,0.001357,0.00019651,0.0019339,,0.0270224,0.00343904
0.0016851,2.4999,0.5,3.1964,0.00087755,0.0034299,0.39224,2.4999,0.5,3.1964,8.79E-05,9.00E-05,0.00021417,0.0013397,0.00019518,0.0019425,,0.0269616,0.00342672
0.0016803,1.6666,0.5,3.2026,0.0053253,0.013603,0.96429,1.6666,0.5,3.2026,0.0012249,-7.01E-05,0.00011952,0.00097421,-0.00043891,0.0011614,,0.0268848,0.00191232
0.0016775,1.6666,0.5,3.2206,0.0053639,0.01351,0.96396,1.6666,0.5,3.2206,0.0012155,-7.94E-05,9.94E-05,0.00097034,-0.00043386,0.0011691,,0.02684,0.00159024
0.0016844,2.4999,0.5,3.2026,0.00090938,0.0034094,0.39229,2.4999,0.5,3.2026,9.09E-05,9.14E-05,0.00021335,0.0013312,0.00019454,0.0019466,,0.0269504,0.0034136
0.0016932,2.4999,0.5,3.2355,0.0012259,0.0033686,0.39234,2.4999,0.5,3.2355,9.29E-05,9.78E-05,0.00021183,0.0013377,0.0001886,0.0019557,,0.0270912,0.00338928
0.0016676,1.6666,0.5,3.2418,0.0053722,0.013355,0.96357,1.6666,0.5,3.2418,0.0011999,-9.10E-05,6.82E-05,0.00095698,-0.00043481,0.0011783,,0.0266816,0.001091904
0.0016688,1.6666,0.5,3.2603,0.0053966,0.01328,0.96319,1.6666,0.5,3.2603,0.0012023,-8.16E-05,4.95E-05,0.0009566,-0.00043993,0.0011787,,0.0267008,0.000791968
0.0017002,2.4999,0.5,3.2418,0.0012523,0.0033511,0.39235,2.4999,0.5,3.2418,9.94E-05,0.0001049,0.00021019,0.0013409,0.00018572,0.00196,,0.0272032,0.00336304
0.0017033,2.4999,0.5,3.2755,0.0017328,0.0033052,0.39232,2.4999,0.5,3.2755,0.0001016,0.00011285,0.00020848,0.0013484,0.00018126,0.0019567,,0.0272528,0.00333568
0.0016742,1.6666,0.5,3.2819,0.0054063,0.013131,0.9628,1.6666,0.5,3.2819,0.001218,-6.80E-05,3.46E-05,0.00095384,-0.00045353,0.0011765,,0.0267872,0.000552976
0.0016855,1.6666,0.5,3.3008,0.005444,0.013065,0.96247,1.6666,0.5,3.3008,0.0012339,-5.06E-05,4.20E-05,0.00096349,-0.000461,0.0011736,,0.026968,0.000671792
0.0017076,2.4999,0.5,3.2819,0.0017649,0.0032854,0.39231,2.4999,0.5,3.2819,0.00010815,0.00012179,0.00020662,0.001352,0.00017909,0.0019551,,0.0273216,0.00330592
0.0016937,2.4999,0.5,3.3163,0.0020749,0.0032766,0.39219,2.4999,0.5,3.3163,0.00010971,0.00012672,0.00020388,0.0013433,0.00018413,0.0019343,,0.0270992,0.00326208
0.001704,1.6666,0.5,3.3229,0.0054686,0.012927,0.96212,1.6666,0.5,3.3229,0.0012634,-2.96E-05,5.71E-05,0.00097966,-0.00047134,0.0011649,,0.027264,0.000914176
0.0017085,1.6666,0.5,3.3421,0.0054535,0.012879,0.96182,1.6666,0.5,3.3421,0.0012696,-1.81E-05,7.04E-05,0.00099041,-0.00047764,0.0011569,,0.027336,0.00112656
0.0016886,2.4999,0.5,3.3229,0.0021141,0.0032727,0.39215,2.4999,0.5,3.3229,0.00011379,0.00013226,0.00020089,0.001339,0.00018657,0.0019245,,0.0270176,0.00321424
0.0016636,2.4999,0.5,3.3579,0.0021982,0.0032881,0.39196,2.4999,0.5,3.3579,0.00011434,0.00013257,0.00019595,0.0013186,0.00020108,0.0018943,,0.0266176,0.0031352
0.0017123,1.6666,0.5,3.3646,0.0054121,0.012742,0.96145,1.6666,0.5,3.3646,0.0012722,-7.46E-06,8.32E-05,0.001009,-0.00048063,0.0011433,,0.0273968,0.00133128
0.0017077,1.6666,0.5,3.3842,0.0053669,0.012656,0.96115,1.6666,0.5,3.3842,0.0012674,-7.53E-06,8.69E-05,0.0010128,-0.00048043,0.0011352,,0.0273232,0.001391104
0.0016518,2.4999,0.5,3.3646,0.0022449,0.0032946,0.39189,2.4999,0.5,3.3646,0.00011514,0.00013291,0.00019055,0.0013085,0.00020816,0.00188,,0.0264288,0.0030488
0.0016261,2.4999,0.5,3.4003,0.0024613,0.0032682,0.39165,2.4999,0.5,3.4003,0.00011445,0.00013049,0.00018326,0.0012875,0.00022157,0.0018503,,0.0260176,0.00293216
0.0017045,1.6666,0.5,3.4071,0.0053056,0.012483,0.96075,1.6666,0.5,3.4071,0.0012593,-9.68E-06,8.94E-05,0.0010208,-0.00047234,0.0011288,,0.027272,0.001430736
0.0017112,1.6666,0.5,3.427,0.0052677,0.012398,0.96042,1.6666,0.5,3.427,0.0012766,-2.35E-05,8.87E-05,0.0010186,-0.00046813,0.0011271,,0.0273792,0.00141992
0.0016126,2.4999,0.5,3.4071,0.0025162,0.0032566,0.39155,2.4999,0.5,3.4071,0.0001118,0.00012778,0.00017529,0.0012772,0.00022815,0.0018362,,0.0258016,0.00280464
0.0015905,2.4999,0.5,3.4434,0.0027942,0.0031656,0.39129,2.4999,0.5,3.4434,0.00011043,0.00012612,0.00016697,0.001263,0.00022995,0.0018075,,0.025448,0.00267152
0.0017149,1.6666,0.5,3.4504,0.0052155,0.012216,0.95996,1.6666,0.5,3.4504,0.0012881,-4.01E-05,7.35E-05,0.0010137,-0.00046028,0.001128,,0.0274384,0.001176464
0.0017117,1.6666,0.5,3.4706,0.0051985,0.012104,0.95957,1.6666,0.5,3.4706,0.0013043,-5.56E-05,6.11E-05,0.0010015,-0.00045597,0.0011177,,0.0273872,0.000978176
0.0015775,2.4999,0.5,3.4504,0.0028543,0.0031261,0.39118,2.4999,0.5,3.4504,0.00010508,0.00012426,0.00015788,0.0012561,0.0002309,0.0017939,,0.02524,0.00252608
0.0015578,2.4999,0.5,3.4872,0.0028415,0.0029993,0.39092,2.4999,0.5,3.4872,0.00010355,0.000125,0.00015048,0.0012499,0.00021941,0.0017621,,0.0249248,0.00240768
0.0017093,1.6666,0.5,3.4943,0.0051602,0.011897,0.95904,1.6666,0.5,3.4943,0.0013186,-7.55E-05,3.04E-05,0.00098805,-0.00045741,0.001112,,0.0273488,0.000486656
0.0017028,1.6666,0.5,3.5148,0.0051553,0.011785,0.9586,1.6666,0.5,3.5148,0.0013248,-7.87E-05,2.04E-05,0.00098479,-0.00045372,0.001096,,0.0272448,0.00032592
0.0015456,2.4999,0.5,3.4943,0.0028995,0.0029445,0.39081,2.4999,0.5,3.4943,9.72E-05,0.00012582,0.00014239,0.0012469,0.00021391,0.0017471,,0.0247296,0.00227824
0.0015237,2.4999,0.5,3.5317,0.0027077,0.0028229,0.39057,2.4999,0.5,3.5317,9.51E-05,0.00012748,0.00013668,0.0012397,0.00019635,0.0017127,,0.0243792,0.00218688
0.0017061,1.6666,0.5,3.5388,0.0051453,0.011551,0.95807,1.6666,0.5,3.5388,0.0013409,-8.65E-05,3.54E-06,0.00098425,-0.00045936,0.001087,,0.0272976,0.000056688
0.0017,1.6666,0.5,3.5596,0.005143,0.011418,0.95763,1.6666,0.5,3.5596,0.0013397,-8.83E-05,5.78E-06,0.00098722,-0.00045823,0.0010732,,0.0272,9.25264E-05
0.001511,2.4999,0.5,3.5388,0.0027547,0.0027705,0.39047,2.4999,0.5,3.5388,8.94E-05,0.00012935,0.00013044,0.0012362,0.0001879,0.0016964,,0.024176,0.00208704
0.0014841,2.4999,0.5,3.5768,0.0026744,0.0026689,0.39025,2.4999,0.5,3.5768,8.74E-05,0.00012969,0.00012615,0.0012161,0.00017433,0.0016648,,0.0237456,0.0020184
0.0016938,1.6666,0.5,3.584,0.0051214,0.011157,0.95708,1.6666,0.5,3.584,0.0013382,-0.00010028,3.38E-06,0.00099124,-0.00046749,0.0010582,,0.0271008,0.000054056
0.0016752,1.6666,0.5,3.6051,0.0050805,0.011013,0.95668,1.6666,0.5,3.6051,0.0013176,-0.0001038,5.39E-06,0.00099275,-0.00046448,0.0010401,,0.0268032,8.63184E-05
0.0014694,2.4999,0.5,3.584,0.0027041,0.0026251,0.39016,2.4999,0.5,3.584,8.28E-05,0.00013007,0.00012148,0.0012061,0.00016779,0.0016499,,0.0235104,0.00194368
0.0014407,2.4999,0.5,3.6224,0.0027468,0.0025379,0.38997,2.4999,0.5,3.6224,8.12E-05,0.00012805,0.00011863,0.0011724,0.00016231,0.0016278,,0.0230512,0.00189808
0.0016573,1.6666,0.5,3.6298,0.0050355,0.010743,0.95618,1.6666,0.5,3.6298,0.0012986,-0.00011756,1.31E-05,0.00099828,-0.00047222,0.0010177,,0.0265168,0.000210064
0.0016483,1.6666,0.5,3.651,0.0049999,0.01059,0.9559,1.6666,0.5,3.651,0.0012862,-0.00012156,1.68E-05,0.0010094,-0.00046625,0.0010011,,0.0263728,0.000268464
0.0014251,2.4999,0.5,3.6298,0.0027557,0.0025002,0.3899,2.4999,0.5,3.6298,7.71E-05,0.00012579,0.00011552,0.0011557,0.00015969,0.0016174,,0.0228016,0.00184832
0.0014014,2.4999,0.5,3.6686,0.002767,0.0024284,0.38978,2.4999,0.5,3.6686,7.56E-05,0.00012213,0.00011396,0.0011176,0.00016076,0.0016095,,0.0224224,0.00182336
0.0016465,1.6666,0.5,3.676,0.0049548,0.010321,0.95554,1.6666,0.5,3.676,0.0012808,-0.00013102,3.86E-05,0.0010241,-0.00046805,0.00098798,,0.026344,0.00061816
0.0016438,1.6666,0.5,3.6975,0.004882,0.010172,0.95541,1.6666,0.5,3.6975,0.0012795,-0.00014434,4.31E-05,0.0010307,-0.00046198,0.00097744,,0.0263008,0.000689312
0.0014468,2.4987,0.5,3.676,0.002889,0.0024783,0.40293,2.4987,0.5,3.676,8.18E-05,0.00012846,0.000122,0.0011437,0.00016773,0.0016681,,0.0231488,0.001952
0.0014323,2.4987,0.5,3.7137,0.0027553,0.002416,0.4029,2.4987,0.5,3.7137,8.06E-05,0.00012457,0.00012142,0.0011103,0.00016877,0.0016738,,0.0229168,0.00194272
0.0016469,1.6666,0.5,3.7227,0.0047959,0.0099305,0.95517,1.6666,0.5,3.7227,0.001281,-0.00016197,6.22E-05,0.0010428,-0.00046284,0.00096998,,0.0263504,0.000995552
0.0015995,1.6711,0.5,3.7417,0.0043395,0.010259,0.95627,1.6711,0.5,3.7417,0.0012704,-0.00013669,9.12E-05,0.0010181,-0.0004527,0.0009106,,0.025592,0.001458992
0.0015679,1.6744,0.5,3.7417,0.004029,0.010599,0.95762,1.6744,0.5,3.7417,0.0012495,-0.00012071,9.16E-05,0.00099989,-0.00043104,0.00088635,,0.0250864,0.001466272
0.0015257,1.6793,0.5,3.75,0.0035484,0.010962,0.95957,1.6793,0.5,3.75,0.0012302,-0.00010538,0.00010324,0.00097399,-0.00040114,0.00084716,,0.0244112,0.00165184
0.0015065,1.6841,0.5,3.75,0.0031061,0.011325,0.96189,1.6841,0.5,3.75,0.001207,-0.00010418,9.29E-05,0.00096313,-0.0003789,0.00084296,,0.024104,0.001486432
0.0014922,1.6876,0.5,3.75,0.0027902,0.011501,0.96357,1.6876,0.5,3.75,0.0011984,-0.0001066,9.49E-05,0.00095209,-0.00036465,0.0008338,,0.0238752,0.001518704
0.0014866,1.6924,0.5,3.75,0.0023162,0.01182,0.96612,1.6924,0.5,3.75,0.0011801,-0.00011561,8.28E-05,0.0009548,-0.00035552,0.00083837,,0.0237856,0.001324048
0.001479,1.6958,0.5,3.75,0.0019604,0.012001,0.96796,1.6958,0.5,3.75,0.0011722,-0.00012634,7.83E-05,0.00095426,-0.00034626,0.00083144,,0.023664,0.00125272
0.0014633,1.7006,0.5,3.75,0.0013469,0.012258,0.97062,1.7006,0.5,3.75,0.0011533,-0.00013105,7.46E-05,0.00095258,-0.00032987,0.0008207,,0.0234128,0.001193712
0.0014521,1.7041,0.5,3.75,0.00088062,0.012432,0.97257,1.7041,0.5,3.75,0.0011413,-0.00014033,7.15E-05,0.00095203,-0.0003131,0.00081082,,0.0232336,0.00114376
0.0014167,1.7089,0.5,3.75,0.000111,0.012172,0.97501,1.7089,0.5,3.75,0.0011208,-0.00013681,8.02E-05,0.00092342,-0.00027989,0.00078905,,0.0226672,0.00128384
0.001395,1.7123,0.5,3.75,-0.00046819,0.011961,0.97684,1.7123,0.5,3.75,0.0011046,-0.00014173,8.06E-05,0.00090548,-0.0002502,0.0007799,,0.02232,0.001289104
0.0013436,1.7171,0.5,3.75,-0.0012735,0.010838,0.97874,1.7171,0.5,3.75,0.0010837,-0.00013712,8.50E-05,0.00085222,-0.00021928,0.00075142,,0.0214976,0.001359856
0.0013097,1.7206,0.5,3.75,-0.0018771,0.0099901,0.98018,1.7206,0.5,3.75,0.0010655,-0.00014084,8.00E-05,0.00081642,-0.00019394,0.00073747,,0.0209552,0.0012792
0.0012616,1.7254,0.5,3.75,-0.0025872,0.0084427,0.98148,1.7254,0.5,3.75,0.0010425,-0.00013862,7.00E-05,0.00076645,-0.00019887,0.00071416,,0.0201856,0.001119312
0.0012271,1.7289,0.5,3.75,-0.0031208,0.0073108,0.98242,1.7289,0.5,3.75,0.0010222,-0.00014013,5.42E-05,0.00073303,-0.00020077,0.00069904,,0.0196336,0.000867632
0.0012122,1.7336,0.5,3.75,-0.0036826,0.0060353,0.98375,1.7336,0.5,3.75,0.00099481,-0.00013326,3.49E-05,0.00071132,-0.00023631,0.00071825,,0.0193952,0.000557712
0.0011971,1.7371,0.5,3.75,-0.0041025,0.0051245,0.98468,1.7371,0.5,3.75,0.00096948,-0.00012647,1.29E-05,0.00069696,-0.00025874,0.00072778,,0.0191536,0.000207104
0.0012335,1.7419,0.5,3.75,-0.0045561,0.0044714,0.98634,1.7419,0.5,3.75,0.00093987,-0.00011043,-8.13E-06,0.00070213,-0.00027476,0.00082491,,0.019736,-0.000130125
0.0012515,1.7454,0.5,3.75,-0.0048905,0.0040046,0.98753,1.7454,0.5,3.75,0.0009102,-9.38E-05,-2.91E-05,0.0007046,-0.00028661,0.00088813,,0.020024,-0.000466096
0.0013282,1.7501,0.5,3.75,-0.0053585,0.004013,0.98887,1.7501,0.5,3.75,0.00088191,-7.63E-05,-4.23E-05,0.00071366,-0.00025121,0.0010608,,0.0212512,-0.000676688
0.0013754,1.7536,0.5,3.75,-0.0056993,0.0040018,0.98981,1.7536,0.5,3.75,0.00085113,-5.77E-05,-5.75E-05,0.00071881,-0.00023085,0.0011809,,0.0220064,-0.000919824
0.0014418,1.7584,0.5,3.75,-0.0063296,0.0043083,0.99067,1.7584,0.5,3.75,0.00082315,-4.71E-05,-6.79E-05,0.00071034,-0.00017537,0.00135,,0.0230688,-0.001085936
0.0014866,1.7619,0.5,3.75,-0.006783,0.0045191,0.9912,1.7619,0.5,3.75,0.00079339,-3.71E-05,-7.97E-05,0.00070477,-0.00014267,0.0014751,,0.0237856,-0.001275616
0.0014886,1.7667,0.5,3.75,-0.007676,0.0043437,0.99206,1.7667,0.5,3.75,0.00076574,-3.11E-05,-9.93E-05,0.00068201,-0.00011854,0.0015294,,0.0238176,-0.0015888
0.0014925,1.7701,0.5,3.75,-0.008312,0.0042677,0.99259,1.7701,0.5,3.75,0.00074029,-2.82E-05,-0.00011181,0.00066723,-0.00010514,0.0015775,,0.02388,-0.00178896
0.0014338,1.7749,0.5,3.75,-0.0094009,0.0033336,0.99433,1.7749,0.5,3.75,0.00071683,-1.81E-05,-0.00012323,0.00065238,-8.87E-05,0.0014983,,0.0229408,-0.00197168
0.0013945,1.7784,0.5,3.75,-0.010183,0.0027537,0.99565,1.7784,0.5,3.75,0.00069977,-1.01E-05,-0.00012536,0.00064152,-7.50E-05,0.0014478,,0.022312,-0.00200576
0.0013395,1.7832,0.5,3.75,-0.011217,0.0017064,0.99841,1.7832,0.5,3.75,0.00067702,8.96E-06,-0.00010105,0.00064496,-2.29E-05,0.0013571,,0.021432,-0.0016168
0.0013008,1.7866,0.5,3.75,-0.011973,0.0010075,1.0006,1.7866,0.5,3.75,0.00066532,2.73E-05,-7.58E-05,0.0006464,1.89E-05,0.0012898,,0.0208128,-0.001213488
0.001277,1.7914,0.5,3.75,-0.012748,0.00010923,1.0036,1.7914,0.5,3.75,0.00063531,4.99E-05,-3.51E-05,0.00064789,6.83E-05,0.0012709,,0.020432,-0.000561984
0.00126,1.7949,0.5,3.75,-0.013316,-0.00054686,1.0058,1.7949,0.5,3.75,0.00062071,7.03E-05,2.92E-06,0.00065014,0.00010859,0.0012491,,0.02016,4.67776E-05
0.0012634,1.7997,0.5,3.75,-0.013826,-0.0017878,1.0078,1.7997,0.5,3.75,0.0005908,8.38E-05,1.89E-05,0.00063562,0.00010976,0.0013005,,0.0202144,0.000301648
0.0012672,1.8032,0.5,3.75,-0.01419,-0.0027252,1.0093,1.8032,0.5,3.75,0.00057521,9.48E-05,3.62E-05,0.00062495,0.00011173,0.0013342,,0.0202752,0.000578752
0.0013138,1.8079,0.5,3.75,-0.014559,-0.0043208,1.0085,1.8079,0.5,3.75,0.00056361,8.97E-05,2.77E-05,0.00062611,9.40E-05,0.001438,,0.0210208,0.000443872
0.0013512,1.8114,0.5,3.75,-0.014806,-0.0055098,1.008,1.8114,0.5,3.75,0.00055903,8.45E-05,2.14E-05,0.00062399,7.88E-05,0.0015193,,0.0216192,0.000343008
0.0014388,1.8162,0.5,3.75,-0.015176,-0.0064665,1.0048,1.8162,0.5,3.75,0.00057104,7.03E-05,2.32E-05,0.00064516,5.35E-05,0.0016614,,0.0230208,0.000371808
0.0015067,1.8197,0.5,3.75,-0.015415,-0.0071969,1.0027,1.8197,0.5,3.75,0.00058239,5.65E-05,2.17E-05,0.00066175,3.59E-05,0.0017692,,0.0241072,0.000347968
0.0016309,1.8245,0.5,3.75,-0.015786,-0.0067055,0.99922,1.8245,0.5,3.75,0.00060911,4.90E-05,3.15E-05,0.00067003,-5.18E-05,0.0019827,,0.0260944,0.0005032
0.0017265,1.8279,0.5,3.75,-0.016035,-0.0064155,0.99664,1.8279,0.5,3.75,0.00063123,3.97E-05,4.03E-05,0.00068105,-0.00010987,0.0021407,,0.027624,0.000644672
0.0018562,1.8327,0.5,3.75,-0.016263,-0.0050602,0.99411,1.8327,0.5,3.75,0.00066248,3.95E-05,2.13E-05,0.0006946,-0.00027217,0.0023554,,0.0296992,0.00034064
0.0019556,1.8362,0.5,3.75,-0.016432,-0.0041245,0.99212,1.8362,0.5,3.75,0.00068902,3.75E-05,1.03E-05,0.00070807,-0.00038659,0.0025141,,0.0312896,0.000164176
0.002045,1.841,0.5,3.75,-0.016437,-0.0030734,0.99043,1.841,0.5,3.75,0.00071777,4.32E-05,-1.27E-05,0.00074802,-0.00054918,0.0026242,,0.03272,-0.000202512
0.0021133,1.8446,0.5,3.75,-0.016457,-0.0022741,0.98919,1.8446,0.5,3.75,0.00074392,4.76E-05,-3.43E-05,0.00078085,-0.0006695,0.0027017,,0.0338128,-0.000549184
0.0021669,1.8497,0.5,3.75,-0.016243,-0.0017363,0.98768,1.8497,0.5,3.75,0.0007682,6.01E-05,-1.34E-05,0.00084,-0.00079142,0.0027256,,0.0346704,-0.0002144
0.0022064,1.8534,0.5,3.75,-0.0161,-0.0012698,0.98672,1.8534,0.5,3.75,0.00079116,7.15E-05,-6.75E-06,0.00088441,-0.00088014,0.0027373,,0.0353024,-0.00010795
0.0022796,1.8587,0.5,3.75,-0.015715,-0.00057564,0.98515,1.8587,0.5,3.75,0.0008106,8.36E-05,4.71E-05,0.00099142,-0.00099588,0.0027573,,0.0364736,0.00075376
0.0023284,1.8626,0.5,3.75,-0.015435,-2.82E-05,0.98411,1.8626,0.5,3.75,0.00082709,9.76E-05,8.51E-05,0.0010667,-0.0010819,0.002763,,0.0372544,0.001360864
0.0024585,1.8682,0.5,3.75,-0.015078,0.0012937,0.98301,1.8682,0.5,3.75,0.0008395,9.78E-05,0.00014837,0.0012237,-0.0012049,0.0028538,,0.039336,0.00237392
0.0025512,1.8723,0.5,3.75,-0.014799,0.0022818,0.98217,1.8723,0.5,3.75,0.00084434,0.00010506,0.00020099,0.0013415,-0.001298,0.0029166,,0.0408192,0.00321584
0.0026981,1.8782,0.5,3.75,-0.014667,0.0035811,0.98184,1.8782,0.5,3.75,0.00085406,7.78E-05,0.0002773,0.0014212,-0.0014102,0.0031209,,0.0431696,0.0044368
0.0028,1.8824,0.5,3.75,-0.014543,0.0045235,0.98167,1.8824,0.5,3.75,0.00085155,6.26E-05,0.00033398,0.0014881,-0.0014814,0.0032604,,0.0448,0.00534368
0.0028838,1.8886,0.5,3.75,-0.014534,0.0051429,0.98135,1.8886,0.5,3.75,0.00086539,4.69E-06,0.00044293,0.0014224,-0.0015195,0.0034797,,0.0461408,0.00708688
0.0029349,1.8931,0.5,3.75,-0.014515,0.0055617,0.98131,1.8931,0.5,3.75,0.00086638,-3.60E-05,0.00050906,0.001375,-0.0015331,0.0036284,,0.0469584,0.00814496
0.0028824,1.8996,0.5,3.75,-0.014443,0.0059307,0.98057,1.8996,0.5,3.75,0.00087547,-9.79E-05,0.00058526,0.0013127,-0.0014421,0.0035767,,0.0461184,0.00936416
0.0028465,1.9042,0.5,3.75,-0.014401,0.0062142,0.97993,1.9042,0.5,3.75,0.00087688,-0.00014531,0.00062849,0.0012601,-0.0013802,0.0035561,,0.045544,0.01005584
0.0027936,1.911,0.5,3.75,-0.014329,0.0062936,0.98011,1.911,0.5,3.75,0.00087563,-0.0001784,0.00061886,0.0013078,-0.0012825,0.0034037,,0.0446976,0.00990176
0.00276,1.9159,0.5,3.75,-0.014302,0.0063919,0.97999,1.9159,0.5,3.75,0.00087417,-0.00021096,0.00061415,0.0013394,-0.0012212,0.0033065,,0.04416,0.0098264
0.0028125,1.923,0.5,3.75,-0.014177,0.0066018,0.98055,1.923,0.5,3.75,0.00087955,-0.00019975,0.0005538,0.0014179,-0.0012137,0.0033275,,0.045,0.0088608
0.0028607,1.9282,0.5,3.75,-0.014135,0.0067589,0.98091,1.9282,0.5,3.75,0.00088988,-0.00020023,0.00051707,0.0014744,-0.001211,0.003357,,0.0457712,0.00827312
0.0028536,1.9356,0.5,3.75,-0.013666,0.0078166,0.981,1.9356,0.5,3.75,0.00090708,-0.0001623,0.00041512,0.0014874,-0.0011827,0.0033127,,0.0456576,0.00664192
0.0028571,1.941,0.5,3.75,-0.013392,0.0085587,0.98107,1.941,0.5,3.75,0.0009344,-0.0001376,0.00034531,0.0014907,-0.0011679,0.0032892,,0.0457136,0.00552496
0.0027961,1.9488,0.5,3.75,-0.01258,0.010138,0.98302,1.9488,0.5,3.75,0.00094279,-8.99E-05,0.00024733,0.001435,-0.0010987,0.0032145,,0.0447376,0.00395728
0.0027438,1.9545,0.5,3.75,-0.012021,0.011303,0.98439,1.9545,0.5,3.75,0.00096417,-5.50E-05,0.00017687,0.001387,-0.0010479,0.0031363,,0.0439008,0.00282992
0.0026653,1.9626,0.5,3.75,-0.011212,0.013248,0.98661,1.9626,0.5,3.75,0.00095034,1.38E-05,0.00010287,0.0013548,-0.00099319,0.0030256,,0.0426448,0.00164592
0.0026054,1.9686,0.5,3.75,-0.010594,0.014794,0.98824,1.9686,0.5,3.75,0.00094231,6.62E-05,4.49E-05,0.0013296,-0.00094659,0.002939,,0.0416864,0.000717968
0.0024614,1.9771,0.5,3.75,-0.010031,0.015991,0.98785,1.9771,0.5,3.75,0.00090693,0.00014462,-9.07E-06,0.0013712,-0.00093863,0.0026447,,0.0393824,-0.000145118
0.0023587,1.9833,0.5,3.75,-0.0095553,0.01691,0.9874,1.9833,0.5,3.75,0.00086735,0.00020752,-5.64E-05,0.0014012,-0.0009326,0.0024489,,0.0377392,-0.000902752
0.0021115,1.9923,0.5,3.75,-0.0090325,0.015975,0.98496,1.9923,0.5,3.75,0.00082479,0.00023658,-0.00014834,0.0013844,-0.00085478,0.0020137,,0.033784,-0.00237344
0.0019297,1.9988,0.5,3.75,-0.0085642,0.015128,0.98304,1.9988,0.5,3.75,0.00077749,0.00025864,-0.00021109,0.0013749,-0.00080699,0.0017071,,0.0308752,-0.00337744
0.0018127,2.0081,0.5,3.75,-0.0076866,0.011734,0.98361,2.0081,0.5,3.75,0.00076632,0.00019255,-0.00022795,0.0012575,-0.00074179,0.0016016,,0.0290032,-0.0036472
0.0017152,2.0149,0.5,3.75,-0.0069824,0.0090597,0.98417,2.0149,0.5,3.75,0.00075071,0.00013719,-0.00021967,0.0011769,-0.0007014,0.0015029,,0.0274432,-0.00351472
0.0018405,2.0248,0.5,3.75,-0.0059041,0.005142,0.98728,2.0248,0.5,3.75,0.00079155,5.83E-05,-0.0001765,0.0010286,-0.00068771,0.0018608,,0.029448,-0.002824
0.0019294,2.0319,0.5,3.75,-0.0051259,0.0023082,0.98951,2.0319,0.5,3.75,0.00082282,-3.50E-06,-0.00013855,0.00091975,-0.00067655,0.0021162,,0.0308704,-0.0022168
0.001898,2.0421,0.5,3.75,-0.0041837,4.03E-05,0.98941,2.0421,0.5,3.75,0.00088016,2.03E-05,-0.00014291,0.00082802,-0.00053398,0.0020878,,0.030368,-0.00228656
0.0018914,2.0496,0.5,3.75,-0.0035532,-0.0015066,0.98943,2.0496,0.5,3.75,0.00093522,4.42E-05,-0.00015337,0.00075807,-0.00043915,0.0020896,,0.0302624,-0.00245392
0.0017858,2.0603,0.5,3.75,-0.0027806,-0.0024481,0.98761,2.0603,0.5,3.75,0.00097386,9.86E-05,-0.00012001,0.00084663,-0.00033075,0.0017512,,0.0285728,-0.00192016
0.0017125,2.0681,0.5,3.75,-0.0022666,-0.0032,0.98644,2.0681,0.5,3.75,0.001024,0.00014473,-9.36E-05,0.00090051,-0.00024861,0.0015005,,0.0274,-0.001498272
0.0017407,2.0794,0.5,3.75,-0.0016253,-0.0022969,0.98631,2.0794,0.5,3.75,0.0010655,0.00014563,-0.00011041,0.001021,-0.00024355,0.001395,,0.0278512,-0.00176656
0.0017601,2.0875,0.5,3.75,-0.0011536,-0.0016788,0.98616,2.0875,0.5,3.75,0.0011061,0.00013931,-0.00012751,0.0011071,-0.00022061,0.0013071,,0.0281616,-0.00204016
0.0017185,2.0993,0.5,3.75,-0.0003863,0.00078964,0.98445,2.0993,0.5,3.75,0.001145,0.00011614,-0.00013525,0.0011106,-0.00024193,0.0011814,,0.027496,-0.002164
0.0016929,2.1078,0.5,3.75,0.00021213,0.0026494,0.98318,2.1078,0.5,3.75,0.0011621,9.95E-05,-0.00015908,0.0011281,-0.00026868,0.0010957,,0.0270864,-0.00254528
0.0016284,2.1201,0.5,3.75,0.0010133,0.003079,0.97864,2.1201,0.5,3.75,0.0011381,6.00E-05,-0.00020457,0.00097566,-0.00017594,0.001143,,0.0260544,-0.00327312
0.0015855,2.129,0.5,3.75,0.0016115,0.0034744,0.9754,2.129,0.5,3.75,0.001111,3.33E-05,-0.00024683,0.00086582,-0.00012708,0.0011941,,0.025368,-0.00394928
0.0016184,2.1418,0.5,3.75,0.0024909,-0.00054101,0.97496,2.1418,0.5,3.75,0.0010252,4.39E-05,-0.00038219,0.00072428,-0.00012555,0.0014874,,0.0258944,-0.00611504
0.0016335,2.1511,0.5,3.75,0.0030853,-0.0033719,0.97468,2.1511,0.5,3.75,0.00096188,5.18E-05,-0.00047338,0.00061871,-0.00011784,0.0016864,,0.026136,-0.00757408
0.0017678,2.1645,0.5,3.75,0.0038371,-0.0076177,0.97514,2.1645,0.5,3.75,0.00087487,0.0001404,-0.00059768,0.00071558,-0.00023234,0.0019451,,0.0282848,-0.00956288
0.0018504,2.1743,0.5,3.75,0.0043225,-0.010744,0.97553,2.1743,0.5,3.75,0.00080198,0.00020628,-0.00067132,0.00079061,-0.00030173,0.0021083,,0.0296064,-0.01074112
0.0019991,2.1883,0.5,3.75,0.0040138,-0.012578,0.97734,2.1883,0.5,3.75,0.00076373,0.00020771,-0.00051697,0.00085101,-0.00021754,0.0023836,,0.0319856,-0.00827152
0.0020936,2.1984,0.5,3.75,0.003776,-0.014006,0.97885,2.1984,0.5,3.75,0.00072819,0.00020235,-0.00039268,0.00088968,-0.00015926,0.0025693,,0.0334976,-0.00628288
0.0020582,2.2131,0.5,3.75,0.0037103,-0.013921,0.97957,2.2131,0.5,3.75,0.00067842,0.00013199,-0.00011533,0.00091146,-0.00011446,0.0025265,,0.0329312,-0.00184528
0.0020481,2.2237,0.5,3.75,0.0036762,-0.013846,0.98001,2.2237,0.5,3.75,0.00064311,8.46E-05,8.28E-05,0.0009143,-8.64E-05,0.0025389,,0.0327696,0.001324944
0.00195,2.239,0.5,3.75,0.0051147,-0.01481,0.98584,2.239,0.5,3.75,0.00055742,6.91E-05,0.00015739,0.0009834,-0.00012695,0.0023591,,0.0312,0.00251824
0.0018846,2.2501,0.5,3.75,0.0062067,-0.015513,0.98998,2.2501,0.5,3.75,0.00049882,6.16E-05,0.00021482,0.0010255,-0.00013962,0.0022449,,0.0301536,0.00343712
0.0022449,2.266,0.5,3.75,0.0084367,-0.016754,0.98381,2.266,0.5,3.75,0.00045711,7.18E-05,0.00033974,0.0010763,-5.81E-05,0.0029563,,0.0359184,0.00543584
0.0024959,2.2776,0.5,3.75,0.010155,-0.017538,0.97914,2.2776,0.5,3.75,0.00042514,7.74E-05,0.00043236,0.0011233,1.66E-05,0.0034434,,0.0399344,0.00691776
0.0024187,2.2942,0.5,3.75,0.012993,-0.018187,0.9723,2.2942,0.5,3.75,0.00037999,9.42E-05,0.00035886,0.0012033,0.00010668,0.0032541,,0.0386992,0.00574176
0.0023607,2.3063,0.5,3.75,0.015076,-0.018614,0.96751,2.3063,0.5,3.75,0.00034036,0.00010887,0.00029797,0.0012734,0.00015769,0.0031076,,0.0377712,0.00476752
0.0021269,2.3236,0.5,3.75,0.014713,-0.019484,0.98156,2.3236,0.5,3.75,0.00035661,0.00016432,0.00019149,0.0013798,0.00039139,0.0025174,,0.0340304,0.00306384
0.0019779,2.3362,0.5,3.75,0.014267,-0.020387,0.99164,2.3362,0.5,3.75,0.00036621,0.00020613,0.00011564,0.0014706,0.00055821,0.0021191,,0.0316464,0.00185024
0.0027523,2.3543,0.5,3.75,0.010614,-0.017909,0.96939,2.3543,0.5,3.75,0.00053879,0.00036608,0.00018188,0.00197,0.00070034,0.0029958,,0.0440368,0.00291008
0.0033053,2.3674,0.5,3.75,0.0078305,-0.016193,0.95298,2.3674,0.5,3.75,0.00067015,0.00046752,0.00021517,0.0023259,0.00079286,0.0036145,,0.0528848,0.00344272
0.0038816,2.3863,0.5,3.75,0.0076399,-0.011346,0.90579,2.3863,0.5,3.75,0.00077499,0.0004497,0.00020561,0.0025964,0.00067275,0.0043918,,0.0621056,0.00328976
0.0043184,2.3999,0.5,3.75,0.0077269,-0.0077031,0.87213,2.3999,0.5,3.75,0.00086904,0.00042626,0.00019294,0.0027484,0.0006121,0.0050193,,0.0690944,0.00308704
0.0041026,2.4196,0.5,3.75,0.0088304,-0.0028479,0.84694,2.4196,0.5,3.75,0.00077584,0.0003914,0.0003051,0.0026033,0.00053005,0.004826,,0.0656416,0.0048816
0.0039715,2.4338,0.5,3.75,0.0098677,0.00080726,0.82859,2.4338,0.5,3.75,0.00071418,0.00038683,0.00039899,0.002523,0.00048967,0.0047058,,0.063544,0.00638384
0.0033366,2.4542,0.5,3.75,0.0075658,0.0027243,0.77307,2.4542,0.5,3.75,0.00048216,0.00035728,0.00037597,0.0022595,0.00041195,0.0039314,,0.0533856,0.00601552
0.0017771,2.4914,0.5,3.7227,0.0035357,0.0028644,0.48464,2.4914,0.5,3.7227,0.00013479,0.00017903,0.00018024,0.0013548,0.00020963,0.0020645,,0.0284336,0.00288384
0.0028369,2.4691,0.5,3.75,0.0057903,0.0041954,0.73239,2.4691,0.5,3.75,0.00030153,0.00034571,0.00036138,0.0021104,0.00032116,0.0032619,,0.0453904,0.00578208
0.0019502,2.4877,0.5,3.7466,0.0037105,0.0030547,0.52545,2.4877,0.5,3.7466,0.00016326,0.00020671,0.00021006,0.001471,0.00022611,0.0022662,,0.0312032,0.00336096
