K,Points:0,Points:1,Points:2,U,V,W,X,Y,Z,uu,uv,uw,vv,vw,ww,U-ref,K-dim,uw-dim
0.0041695,0.030909,0.5,1.2756,0.00057202,0.010541,0.71817,0.030909,0.5,1.2756,0.00021126,0.00014427,-0.00052971,0.0020776,-0.00034557,0.0060501,0.25,0.066712,-0.00847536
0.0053897,0.066184,0.5,1.2756,0.0025327,0.011944,0.81619,0.066184,0.5,1.2756,0.00063154,0.00020498,-0.00075817,0.0021289,0.00085321,0.008019,,0.0862352,-0.01213072
0.0049022,0.10006,0.5,1.2756,0.0025824,-0.0046552,0.87181,0.10006,0.5,1.2756,0.00087989,0.0003776,-0.00023432,0.0019338,0.0018941,0.0069908,,0.0784352,-0.00374912
0.0045411,0.13258,0.5,1.2756,-0.00015013,-0.019768,0.93058,0.13258,0.5,1.2756,0.00069342,0.00038825,-0.00037714,0.0016638,0.00054514,0.006725,,0.0726576,-0.00603424
0.003987,0.16379,0.5,1.2756,-0.00040984,-0.013996,0.97387,0.16379,0.5,1.2756,0.00045651,0.00016677,-0.0006413,0.0011988,-0.00061854,0.0063187,,0.063792,-0.0102608
0.002441,0.19372,0.5,1.2756,-0.00080254,-0.011392,1.0137,0.19372,0.5,1.2756,0.0004717,0.00016882,-0.00010011,0.00094907,-0.00021415,0.0034613,,0.039056,-0.00160176
0.0018661,0.22242,0.5,1.2756,-0.0029379,-0.013559,1.0351,0.22242,0.5,1.2756,0.00051019,0.00018231,0.00010111,0.00086279,0.00031963,0.0023592,,0.0298576,0.00161776
0.0017115,0.24993,0.5,1.2756,-0.0048632,-0.013857,1.052,0.24993,0.5,1.2756,0.00049072,0.00014027,-3.23E-05,0.00098025,0.00016922,0.0019521,,0.027384,-0.000516736
0.0013962,0.27629,0.5,1.2756,-0.008156,-0.015456,1.0668,0.27629,0.5,1.2756,0.00046115,8.14E-05,-0.0002125,0.00078573,5.51E-05,0.0015455,,0.0223392,-0.0034
0.0014001,0.30154,0.5,1.2756,-0.011622,-0.013135,1.0618,0.30154,0.5,1.2756,0.00038359,5.82E-05,-0.00016477,0.00083289,0.0002471,0.0015838,,0.0224016,-0.00263632
0.0016141,0.32572,0.5,1.2756,-0.011662,-0.0076421,1.0554,0.32572,0.5,1.2756,0.00037734,0.00014035,-0.00018785,0.0010784,-0.00018309,0.0017725,,0.0258256,-0.0030056
0.0018466,0.34887,0.5,1.2756,-0.01102,-0.00823,1.0679,0.34887,0.5,1.2756,0.00045439,0.00024145,-0.00019844,0.00095021,-0.00055541,0.0022886,,0.0295456,-0.00317504
0.001761,0.37102,0.5,1.2756,-0.014197,-0.012264,1.0711,0.37102,0.5,1.2756,0.00049066,0.00028198,-0.00020292,0.0007051,-0.00046474,0.0023263,,0.028176,-0.00324672
0.0013731,0.39221,0.5,1.2756,-0.019251,-0.017038,1.0708,0.39221,0.5,1.2756,0.00053048,0.00035141,-0.00031354,0.00070664,-0.00039804,0.0015091,,0.0219696,-0.00501664
0.0013041,0.41248,0.5,1.2756,-0.023917,-0.019567,1.0703,0.41248,0.5,1.2756,0.00062086,0.00039341,-0.00031188,0.00070906,-0.00039063,0.0012782,,0.0208656,-0.00499008
0.0015267,0.43187,0.5,1.2756,-0.028396,-0.017433,1.0727,0.43187,0.5,1.2756,0.00075841,0.00024124,-0.0002605,0.00060734,-0.00048877,0.0016877,,0.0244272,-0.004168
0.0017908,0.4504,0.5,1.2756,-0.031848,-0.01409,1.078,0.4504,0.5,1.2756,0.00090755,9.29E-06,2.56E-06,0.00061418,-0.00051336,0.0020599,,0.0286528,4.09168E-05
0.0018792,0.46812,0.5,1.2756,-0.033057,-0.012703,1.0723,0.46812,0.5,1.2756,0.0010009,-8.88E-05,-8.18E-05,0.00060008,-0.00055039,0.0021575,,0.0300672,-0.00130832
0.0018676,0.48504,0.5,1.2756,-0.032608,-0.011358,1.0716,0.48504,0.5,1.2756,0.0010373,-0.00010285,-0.00031533,0.00057382,-0.00058651,0.0021242,,0.0298816,-0.00504528
0.0017991,0.50122,0.5,1.2756,-0.031358,-0.011273,1.0724,0.50122,0.5,1.2756,0.0010771,-0.00012438,-0.00032169,0.00069709,-0.00055636,0.0018241,,0.0287856,-0.00514704
0.0015889,0.51667,0.5,1.2756,-0.030583,-0.013473,1.0775,0.51667,0.5,1.2756,0.0011185,-9.45E-05,-0.00020244,0.00074755,-0.00036439,0.0013117,,0.0254224,-0.00323904
0.0014278,0.53142,0.5,1.2756,-0.031631,-0.014374,1.0803,0.53142,0.5,1.2756,0.0011205,-4.76E-05,-7.03E-05,0.00078945,-0.00021174,0.0009457,,0.0228448,-0.00112448
0.0014665,0.54551,0.5,1.2756,-0.033525,-0.013526,1.0786,0.54551,0.5,1.2756,0.0011355,-2.36E-05,-0.00021533,0.00076415,-0.00011934,0.0010334,,0.023464,-0.00344528
0.0016347,0.55896,0.5,1.2756,-0.034816,-0.011651,1.0801,0.55896,0.5,1.2756,0.0012197,-5.59E-05,-0.00025819,0.00076679,-0.00010429,0.0012829,,0.0261552,-0.00413104
0.001931,0.5718,0.5,1.2756,-0.035206,-0.0095717,1.0788,0.5718,0.5,1.2756,0.0013399,-0.0001799,-8.80E-05,0.001048,-0.00037014,0.0014741,,0.030896,-0.001408288
0.0022053,0.58405,0.5,1.2756,-0.034724,-0.0092594,1.0776,0.58405,0.5,1.2756,0.001448,-0.00025551,1.66E-05,0.0013931,-0.00062605,0.0015695,,0.0352848,0.000266256
0.002302,0.59575,0.5,1.2756,-0.033776,-0.010714,1.0766,0.59575,0.5,1.2756,0.0014965,-0.00025926,0.00011261,0.0015315,-0.00060089,0.001576,,0.036832,0.00180176
0.0022033,0.6069,0.5,1.2756,-0.032948,-0.013087,1.0769,0.6069,0.5,1.2756,0.0014757,-0.00023073,5.32E-05,0.0015026,-0.00048127,0.0014283,,0.0352528,0.00085184
0.0019845,0.61755,0.5,1.2756,-0.032562,-0.015155,1.0778,0.61755,0.5,1.2756,0.0014458,-0.00018983,8.06E-05,0.0014318,-0.00037797,0.0010914,,0.031752,0.001289392
0.0018168,0.6277,0.5,1.2756,-0.032501,-0.017137,1.0796,0.6277,0.5,1.2756,0.0014523,-0.00018154,0.00015581,0.001371,-0.00037584,0.00081035,,0.0290688,0.00249296
0.0017486,0.63738,0.5,1.2756,-0.032526,-0.020273,1.0803,0.63738,0.5,1.2756,0.0014945,-0.00017951,0.00019617,0.0013364,-0.00034542,0.0006664,,0.0279776,0.00313872
0.0017477,0.64661,0.5,1.2756,-0.032504,-0.0241,1.0809,0.64661,0.5,1.2756,0.001565,-0.00019602,0.00033797,0.0012599,-0.00026813,0.00067042,,0.0279632,0.00540752
0.0017614,0.65542,0.5,1.2756,-0.03242,-0.028044,1.083,0.65542,0.5,1.2756,0.0016512,-0.00022946,0.00050128,0.001104,-0.00023756,0.00076765,,0.0281824,0.00802048
0.0017647,0.66381,0.5,1.2756,-0.032623,-0.031119,1.0832,0.66381,0.5,1.2756,0.0017399,-0.00027114,0.00067345,0.00092517,-0.00017728,0.00086439,,0.0282352,0.0107752
0.0018327,0.67207,0.5,1.2756,-0.033348,-0.033418,1.0814,0.67207,0.5,1.2756,0.0018408,-0.00032979,0.0007987,0.00078223,-0.00018283,0.0010424,,0.0293232,0.0127792
0.0018776,0.68032,0.5,1.2756,-0.034371,-0.035508,1.0776,0.68032,0.5,1.2756,0.0019633,-0.00038764,0.00090157,0.000646,-0.00020912,0.0011459,,0.0300416,0.01442512
0.0018611,0.68858,0.5,1.2756,-0.035576,-0.037857,1.075,0.68858,0.5,1.2756,0.002095,-0.00041857,0.00096686,0.00050334,-0.00021266,0.0011239,,0.0297776,0.01546976
0.0018668,0.69683,0.5,1.2756,-0.037057,-0.039743,1.0729,0.69683,0.5,1.2756,0.0022242,-0.00040055,0.0010169,0.00039944,-0.000233,0.00111,,0.0298688,0.0162704
0.0019473,0.70509,0.5,1.2756,-0.038744,-0.039949,1.0717,0.70509,0.5,1.2756,0.0023508,-0.00035072,0.0010505,0.00036976,-0.00025244,0.001174,,0.0311568,0.016808
0.0020574,0.71335,0.5,1.2756,-0.040504,-0.038019,1.071,0.71335,0.5,1.2756,0.0024694,-0.00031387,0.0010953,0.00038969,-0.00022637,0.0012557,,0.0329184,0.0175248
0.0021987,0.7216,0.5,1.2756,-0.042296,-0.034548,1.0707,0.7216,0.5,1.2756,0.0025598,-0.00032144,0.0011575,0.00044293,-0.00018462,0.0013946,,0.0351792,0.01852
0.0023666,0.72986,0.5,1.2756,-0.043975,-0.030964,1.0703,0.72986,0.5,1.2756,0.0026036,-0.00038215,0.0012149,0.00052392,-0.00021709,0.0016057,,0.0378656,0.0194384
0.0024918,0.73811,0.5,1.2756,-0.045182,-0.027943,1.0692,0.73811,0.5,1.2756,0.0025915,-0.00050415,0.001263,0.00062855,-0.00036547,0.0017636,,0.0398688,0.020208
0.0025418,0.74637,0.5,1.2756,-0.045663,-0.025628,1.068,0.74637,0.5,1.2756,0.002526,-0.00067093,0.0013158,0.00075805,-0.00053444,0.0017995,,0.0406688,0.0210528
0.0025679,0.75463,0.5,1.2756,-0.045432,-0.023954,1.0666,0.75463,0.5,1.2756,0.0024215,-0.00084337,0.0013451,0.00090466,-0.00068039,0.0018095,,0.0410864,0.0215216
0.0026711,0.76288,0.5,1.2756,-0.044557,-0.023002,1.0633,0.76288,0.5,1.2756,0.0022983,-0.00098487,0.0013969,0.0010722,-0.00087706,0.0019717,,0.0427376,0.0223504
0.0028521,0.77114,0.5,1.2756,-0.043088,-0.02264,1.0584,0.77114,0.5,1.2756,0.0021856,-0.0011004,0.0014733,0.0012775,-0.0011269,0.002241,,0.0456336,0.0235728
0.0030178,0.7794,0.5,1.2756,-0.041024,-0.022977,1.0541,0.7794,0.5,1.2756,0.0021013,-0.0012029,0.0014862,0.0015241,-0.0013331,0.0024103,,0.0482848,0.0237792
0.0031406,0.78765,0.5,1.2756,-0.038367,-0.024228,1.0513,0.78765,0.5,1.2756,0.0020373,-0.0012848,0.0014276,0.0018125,-0.0014646,0.0024313,,0.0502496,0.0228416
0.0032594,0.79591,0.5,1.2756,-0.035303,-0.026176,1.0493,0.79591,0.5,1.2756,0.0019778,-0.0013257,0.0013316,0.0021366,-0.0015403,0.0024043,,0.0521504,0.0213056
0.0033699,0.80416,0.5,1.2756,-0.032182,-0.028034,1.0475,0.80416,0.5,1.2756,0.0019148,-0.0013026,0.0012297,0.0024445,-0.00161,0.0023804,,0.0539184,0.0196752
0.0034521,0.81242,0.5,1.2756,-0.029276,-0.029029,1.046,0.81242,0.5,1.2756,0.0018534,-0.0012057,0.0011563,0.0026548,-0.0016889,0.0023959,,0.0552336,0.0185008
0.0034411,0.82068,0.5,1.2756,-0.026622,-0.028968,1.0448,0.82068,0.5,1.2756,0.0018089,-0.0010473,0.0010851,0.0027171,-0.0016724,0.0023561,,0.0550576,0.0173616
0.0033219,0.82893,0.5,1.2756,-0.024133,-0.027932,1.0438,0.82893,0.5,1.2756,0.0017938,-0.00085745,0.0010109,0.0026515,-0.0015368,0.0021984,,0.0531504,0.0161744
0.0041888,0.030909,0.5,1.3137,0.00076137,0.010663,0.71833,0.030909,0.5,1.3137,0.00020824,0.00013784,-0.00051783,0.0021111,-0.00036045,0.0060583,,0.0670208,-0.00828528
0.0053842,0.066184,0.5,1.3137,0.0027508,0.011856,0.81678,0.066184,0.5,1.3137,0.00061526,0.00020244,-0.00072866,0.0021452,0.00086357,0.008008,,0.0861472,-0.01165856
0.0048987,0.10006,0.5,1.3137,0.0026555,-0.00437,0.87237,0.10006,0.5,1.3137,0.00085577,0.00039072,-0.00020245,0.002011,0.0019082,0.0069306,,0.0783792,-0.0032392
0.0045297,0.13258,0.5,1.3137,-1.91E-05,-0.019295,0.931,0.13258,0.5,1.3137,0.00067216,0.00039684,-0.00035917,0.0017795,0.00053291,0.0066078,,0.0724752,-0.00574672
0.0040011,0.16379,0.5,1.3137,-0.00023731,-0.014098,0.97481,0.16379,0.5,1.3137,0.00043008,0.00016097,-0.00063561,0.0012694,-0.00064437,0.0063028,,0.0640176,-0.01016976
0.0024826,0.19372,0.5,1.3137,-0.00076611,-0.011688,1.0145,0.19372,0.5,1.3137,0.00045604,0.00015889,-0.00010947,0.0010026,-0.00023282,0.0035066,,0.0397216,-0.00175152
0.0018353,0.22242,0.5,1.3137,-0.0029799,-0.013686,1.0355,0.22242,0.5,1.3137,0.00051343,0.00017667,0.00010211,0.00088472,0.00030888,0.0022724,,0.0293648,0.00163376
0.0016707,0.24993,0.5,1.3137,-0.0049883,-0.013851,1.0525,0.24993,0.5,1.3137,0.00049414,0.00013313,-3.17E-05,0.00099291,0.00015055,0.0018544,,0.0267312,-0.000506928
0.0013945,0.27629,0.5,1.3137,-0.0082805,-0.015573,1.067,0.27629,0.5,1.3137,0.00046308,6.84E-05,-0.00021534,0.00079863,6.66E-05,0.0015274,,0.022312,-0.00344544
0.0013903,0.30154,0.5,1.3137,-0.011684,-0.013279,1.0622,0.30154,0.5,1.3137,0.00038524,5.03E-05,-0.00016391,0.00084586,0.00026259,0.0015495,,0.0222448,-0.00262256
0.0016009,0.32572,0.5,1.3137,-0.011826,-0.0076465,1.0558,0.32572,0.5,1.3137,0.00037689,0.00013744,-0.00020453,0.0010975,-0.00018097,0.0017275,,0.0256144,-0.00327248
0.0018477,0.34887,0.5,1.3137,-0.011317,-0.0081591,1.0678,0.34887,0.5,1.3137,0.00045794,0.00024718,-0.00021278,0.00096189,-0.00054339,0.0022755,,0.0295632,-0.00340448
0.001753,0.37102,0.5,1.3137,-0.014484,-0.012328,1.0711,0.37102,0.5,1.3137,0.00049275,0.00028997,-0.0002256,0.00070726,-0.00047479,0.002306,,0.028048,-0.0036096
0.0013675,0.39221,0.5,1.3137,-0.019509,-0.017202,1.0708,0.39221,0.5,1.3137,0.00052857,0.00035993,-0.00033934,0.00070541,-0.00041865,0.001501,,0.02188,-0.00542944
0.0013209,0.41248,0.5,1.3137,-0.024279,-0.019394,1.0706,0.41248,0.5,1.3137,0.00061738,0.00039587,-0.00034073,0.00069495,-0.00039214,0.0013295,,0.0211344,-0.00545168
0.0015324,0.43187,0.5,1.3137,-0.028855,-0.016898,1.073,0.43187,0.5,1.3137,0.00075039,0.0002331,-0.0002893,0.00059746,-0.00048285,0.0017169,,0.0245184,-0.0046288
0.0017689,0.4504,0.5,1.3137,-0.032191,-0.01369,1.0776,0.4504,0.5,1.3137,0.00090451,1.65E-05,-2.11E-05,0.00060736,-0.00051167,0.0020258,,0.0283024,-0.000337696
0.0018694,0.46812,0.5,1.3137,-0.033215,-0.012458,1.0723,0.46812,0.5,1.3137,0.0010085,-7.17E-05,-0.00011619,0.00059861,-0.00054675,0.0021316,,0.0299104,-0.00185904
0.001858,0.48504,0.5,1.3137,-0.03266,-0.011084,1.0717,0.48504,0.5,1.3137,0.0010464,-9.79E-05,-0.00032952,0.00058999,-0.00057719,0.0020796,,0.029728,-0.00527232
0.0017754,0.50122,0.5,1.3137,-0.031366,-0.011109,1.0723,0.50122,0.5,1.3137,0.0010765,-0.00012061,-0.00032073,0.00071308,-0.00054154,0.0017612,,0.0284064,-0.00513168
0.0015681,0.51667,0.5,1.3137,-0.030636,-0.013408,1.0775,0.51667,0.5,1.3137,0.0011153,-9.34E-05,-0.00019841,0.00076252,-0.00035573,0.0012584,,0.0250896,-0.00317456
0.0014186,0.53142,0.5,1.3137,-0.031745,-0.014251,1.0805,0.53142,0.5,1.3137,0.0011274,-6.58E-05,-6.78E-05,0.00079508,-0.0002022,0.0009147,,0.0226976,-0.001084304
0.0014612,0.54551,0.5,1.3137,-0.03363,-0.013262,1.0789,0.54551,0.5,1.3137,0.0011432,-5.73E-05,-0.00022959,0.00075815,-0.00010817,0.001021,,0.0233792,-0.00367344
0.0016268,0.55896,0.5,1.3137,-0.034848,-0.011163,1.0798,0.55896,0.5,1.3137,0.0012263,-9.42E-05,-0.00028016,0.00077629,-0.00012334,0.001251,,0.0260288,-0.00448256
0.0019497,0.5718,0.5,1.3137,-0.035108,-0.0091436,1.078,0.5718,0.5,1.3137,0.0013604,-0.00020526,-8.86E-05,0.0010708,-0.00040236,0.0014682,,0.0311952,-0.001417424
0.0022375,0.58405,0.5,1.3137,-0.034508,-0.0091134,1.0769,0.58405,0.5,1.3137,0.0014682,-0.00025468,3.23E-05,0.0014048,-0.00063911,0.001602,,0.0358,0.000516336
0.0022964,0.59575,0.5,1.3137,-0.033507,-0.010823,1.0766,0.59575,0.5,1.3137,0.0015036,-0.00024008,0.00010627,0.0015213,-0.00059701,0.0015679,,0.0367424,0.00170032
0.0021692,0.6069,0.5,1.3137,-0.032678,-0.013379,1.0771,0.6069,0.5,1.3137,0.0014857,-0.00020831,4.16E-05,0.0014753,-0.00048211,0.0013773,,0.0347072,0.000665072
0.0019618,0.61755,0.5,1.3137,-0.032345,-0.015471,1.0779,0.61755,0.5,1.3137,0.0014677,-0.00017059,7.72E-05,0.0014084,-0.0003708,0.0010475,,0.0313888,0.00123528
0.0018172,0.6277,0.5,1.3137,-0.032369,-0.017504,1.0797,0.6277,0.5,1.3137,0.001485,-0.00016296,0.00015684,0.0013639,-0.00035207,0.00078545,,0.0290752,0.00250944
0.0017574,0.63738,0.5,1.3137,-0.032455,-0.020789,1.0804,0.63738,0.5,1.3137,0.0015366,-0.00016286,0.00021619,0.0013198,-0.00032162,0.0006584,,0.0281184,0.00345904
0.0017617,0.64661,0.5,1.3137,-0.032466,-0.024701,1.0809,0.64661,0.5,1.3137,0.0016067,-0.00018849,0.00036135,0.001214,-0.00024921,0.00070275,,0.0281872,0.0057816
0.0017844,0.65542,0.5,1.3137,-0.032454,-0.02858,1.0826,0.65542,0.5,1.3137,0.0016874,-0.00022763,0.0005245,0.0010512,-0.0002168,0.00083017,,0.0285504,0.008392
0.0017983,0.66381,0.5,1.3137,-0.032787,-0.031467,1.0825,0.66381,0.5,1.3137,0.0017837,-0.00027042,0.00070952,0.00087966,-0.00015973,0.00093328,,0.0287728,0.01135232
0.0018842,0.67207,0.5,1.3137,-0.033615,-0.03362,1.0807,0.67207,0.5,1.3137,0.0019028,-0.00032885,0.00085121,0.00073959,-0.00017637,0.0011261,,0.0301472,0.01361936
0.0019232,0.68032,0.5,1.3137,-0.034682,-0.035777,1.077,0.68032,0.5,1.3137,0.0020443,-0.00038052,0.00095922,0.00059963,-0.00020238,0.0012024,,0.0307712,0.01534752
0.0018876,0.68858,0.5,1.3137,-0.035934,-0.038282,1.0749,0.68858,0.5,1.3137,0.0021912,-0.00039971,0.0010065,0.00045813,-0.00020974,0.0011259,,0.0302016,0.016104
0.001894,0.69683,0.5,1.3137,-0.037471,-0.04014,1.0733,0.69683,0.5,1.3137,0.0023256,-0.00037584,0.0010308,0.00036981,-0.00023054,0.0010925,,0.030304,0.0164928
0.0019769,0.70509,0.5,1.3137,-0.039185,-0.039994,1.0724,0.70509,0.5,1.3137,0.0024435,-0.0003419,0.0010413,0.00035995,-0.00024055,0.0011502,,0.0316304,0.0166608
0.0020881,0.71335,0.5,1.3137,-0.040952,-0.037558,1.0718,0.71335,0.5,1.3137,0.0025424,-0.00033393,0.0010857,0.00039685,-0.00021209,0.001237,,0.0334096,0.0173712
0.0022341,0.7216,0.5,1.3137,-0.042718,-0.033764,1.0714,0.7216,0.5,1.3137,0.0026073,-0.00036072,0.0011565,0.00045886,-0.00017771,0.0014021,,0.0357456,0.018504
0.0023893,0.72986,0.5,1.3137,-0.044273,-0.030041,1.0706,0.72986,0.5,1.3137,0.0026207,-0.00042614,0.0012223,0.0005376,-0.00022926,0.0016204,,0.0382288,0.0195568
0.0024941,0.73811,0.5,1.3137,-0.045275,-0.026962,1.0691,0.73811,0.5,1.3137,0.0025758,-0.00054421,0.0012784,0.00064322,-0.00038709,0.0017693,,0.0399056,0.0204544
0.0025448,0.74637,0.5,1.3137,-0.045579,-0.024721,1.0678,0.74637,0.5,1.3137,0.0024884,-0.00070212,0.0013285,0.00078523,-0.0005499,0.001816,,0.0407168,0.021256
0.0026,0.75463,0.5,1.3137,-0.045238,-0.023278,1.0661,0.75463,0.5,1.3137,0.0023807,-0.00086281,0.0013692,0.00095043,-0.00071629,0.0018689,,0.0416,0.0219072
0.0027371,0.76288,0.5,1.3137,-0.044309,-0.022547,1.0622,0.76288,0.5,1.3137,0.0022653,-0.00099387,0.0014433,0.0011355,-0.00094778,0.0020734,,0.0437936,0.0230928
0.0029058,0.77114,0.5,1.3137,-0.042812,-0.022317,1.0574,0.77114,0.5,1.3137,0.0021569,-0.0011018,0.0015056,0.001349,-0.0011965,0.0023058,,0.0464928,0.0240896
0.0030278,0.7794,0.5,1.3137,-0.040685,-0.022838,1.0537,0.7794,0.5,1.3137,0.0020638,-0.0011938,0.0014809,0.0015897,-0.0013771,0.0024021,,0.0484448,0.0236944
0.003122,0.78765,0.5,1.3137,-0.037938,-0.024313,1.0512,0.78765,0.5,1.3137,0.0019807,-0.0012616,0.0013947,0.0018674,-0.0014936,0.0023959,,0.049952,0.0223152
0.0032299,0.79591,0.5,1.3137,-0.034834,-0.026359,1.0491,0.79591,0.5,1.3137,0.0019015,-0.0012875,0.0012837,0.0021817,-0.0015739,0.0023766,,0.0516784,0.0205392
0.0033382,0.80416,0.5,1.3137,-0.031764,-0.028124,1.047,0.80416,0.5,1.3137,0.0018273,-0.0012516,0.0011789,0.0024748,-0.0016569,0.0023743,,0.0534112,0.0188624
0.0034152,0.81242,0.5,1.3137,-0.028974,-0.028968,1.0453,0.81242,0.5,1.3137,0.0017689,-0.0011483,0.001102,0.0026695,-0.0017239,0.002392,,0.0546432,0.017632
0.0033956,0.82068,0.5,1.3137,-0.026452,-0.028793,1.0439,0.82068,0.5,1.3137,0.0017375,-0.0009905,0.0010287,0.0027229,-0.0016747,0.0023308,,0.0543296,0.0164592
0.0032874,0.82893,0.5,1.3137,-0.024058,-0.027705,1.0428,0.82893,0.5,1.3137,0.0017385,-0.0008033,0.00096259,0.002658,-0.0015301,0.0021783,,0.0525984,0.01540144
0.0042151,0.030909,0.5,1.3518,0.00088262,0.01081,0.71848,0.030909,0.5,1.3518,0.00020476,0.0001284,-0.00049698,0.0021517,-0.00036309,0.0060737,,0.0674416,-0.00795168
0.0054093,0.066184,0.5,1.3518,0.0029051,0.01178,0.8174,0.066184,0.5,1.3518,0.00060129,0.00019672,-0.00068914,0.0021831,0.00087127,0.0080341,,0.0865488,-0.01102624
0.0049009,0.10006,0.5,1.3518,0.0027306,-0.0040609,0.87297,0.10006,0.5,1.3518,0.00083903,0.00039847,-0.00016702,0.0020585,0.0018964,0.0069042,,0.0784144,-0.00267232
0.0045014,0.13258,0.5,1.3518,0.00011574,-0.018766,0.93126,0.13258,0.5,1.3518,0.00066176,0.000405,-0.00033102,0.0018248,0.0004986,0.0065164,,0.0720224,-0.00529632
0.0040055,0.16379,0.5,1.3518,-6.06E-05,-0.014131,0.97565,0.16379,0.5,1.3518,0.00042117,0.00014808,-0.00062018,0.0012814,-0.00067262,0.0063085,,0.064088,-0.00992288
0.0025056,0.19372,0.5,1.3518,-0.00071394,-0.011935,1.0153,0.19372,0.5,1.3518,0.00045912,0.00014206,-0.00011256,0.0010122,-0.00025335,0.0035399,,0.0400896,-0.00180096
0.0018008,0.22242,0.5,1.3518,-0.003023,-0.013787,1.0361,0.22242,0.5,1.3518,0.0005188,0.00017684,0.00011047,0.00088248,0.00029644,0.0022003,,0.0288128,0.00176752
0.0016396,0.24993,0.5,1.3518,-0.0051247,-0.013839,1.0531,0.24993,0.5,1.3518,0.00049023,0.00013526,-2.47E-05,0.00099551,0.00013525,0.0017934,,0.0262336,-0.000395104
0.0014044,0.27629,0.5,1.3518,-0.0084205,-0.015694,1.0673,0.27629,0.5,1.3518,0.0004686,6.59E-05,-0.0002126,0.00081758,7.84E-05,0.0015226,,0.0224704,-0.0034016
0.0013904,0.30154,0.5,1.3518,-0.011766,-0.013398,1.0627,0.30154,0.5,1.3518,0.00040503,4.50E-05,-0.00015672,0.00086612,0.00026925,0.0015097,,0.0222464,-0.00250752
0.0016092,0.32572,0.5,1.3518,-0.01202,-0.0076271,1.0562,0.32572,0.5,1.3518,0.00040098,0.00012777,-0.00022114,0.0011328,-0.00019281,0.0016847,,0.0257472,-0.00353824
0.0018689,0.34887,0.5,1.3518,-0.011645,-0.0080853,1.0677,0.34887,0.5,1.3518,0.00048359,0.00024112,-0.00023713,0.0009818,-0.00053503,0.0022725,,0.0299024,-0.00379408
0.001751,0.37102,0.5,1.3518,-0.01478,-0.012381,1.071,0.37102,0.5,1.3518,0.00051494,0.00029854,-0.0002513,0.00069582,-0.00047759,0.0022911,,0.028016,-0.0040208
0.0013693,0.39221,0.5,1.3518,-0.019762,-0.017306,1.0708,0.39221,0.5,1.3518,0.00054812,0.00037583,-0.00036496,0.00069747,-0.00043245,0.0014931,,0.0219088,-0.00583936
0.0013554,0.41248,0.5,1.3518,-0.024638,-0.019146,1.0709,0.41248,0.5,1.3518,0.00064457,0.00040216,-0.00036133,0.00069327,-0.00038875,0.0013729,,0.0216864,-0.00578128
0.0015521,0.43187,0.5,1.3518,-0.029295,-0.016356,1.0733,0.43187,0.5,1.3518,0.00077429,0.00022891,-0.00030761,0.00059754,-0.00047456,0.0017323,,0.0248336,-0.00492176
0.0017565,0.4504,0.5,1.3518,-0.032499,-0.013341,1.0772,0.4504,0.5,1.3518,0.00091285,2.20E-05,-4.59E-05,0.00059856,-0.00051899,0.0020016,,0.028104,-0.000733888
0.0018671,0.46812,0.5,1.3518,-0.03334,-0.012235,1.0723,0.46812,0.5,1.3518,0.0010062,-6.42E-05,-0.00015582,0.00059441,-0.00055284,0.0021335,,0.0298736,-0.00249312
0.0018414,0.48504,0.5,1.3518,-0.03268,-0.010823,1.0718,0.48504,0.5,1.3518,0.0010378,-9.97E-05,-0.00034732,0.00060565,-0.00057672,0.0020394,,0.0294624,-0.00555712
0.0017358,0.50122,0.5,1.3518,-0.031345,-0.010983,1.0722,0.50122,0.5,1.3518,0.0010644,-0.00011937,-0.00032737,0.00072034,-0.00053588,0.0016868,,0.0277728,-0.00523792
0.0015372,0.51667,0.5,1.3518,-0.030678,-0.013356,1.0775,0.51667,0.5,1.3518,0.0011045,-9.32E-05,-0.00020311,0.00076787,-0.00035094,0.001202,,0.0245952,-0.00324976
0.0014052,0.53142,0.5,1.3518,-0.031855,-0.014129,1.0807,0.53142,0.5,1.3518,0.001123,-7.70E-05,-7.08E-05,0.00080119,-0.00018785,0.00088616,,0.0224832,-0.00113288
0.0014652,0.54551,0.5,1.3518,-0.03374,-0.013002,1.0793,0.54551,0.5,1.3518,0.001151,-7.97E-05,-0.00024452,0.00076873,-8.56E-05,0.0010107,,0.0234432,-0.00391232
0.0016408,0.55896,0.5,1.3518,-0.034895,-0.010705,1.0795,0.55896,0.5,1.3518,0.001243,-0.00012537,-0.00029742,0.00082071,-0.00014446,0.001218,,0.0262528,-0.00475872
0.0019816,0.5718,0.5,1.3518,-0.035018,-0.0088163,1.0772,0.5718,0.5,1.3518,0.001385,-0.00022714,-9.56E-05,0.0011287,-0.00044844,0.0014496,,0.0317056,-0.001529712
0.0022858,0.58405,0.5,1.3518,-0.034287,-0.0090979,1.0764,0.58405,0.5,1.3518,0.0014943,-0.00025466,5.12E-05,0.0014455,-0.00065616,0.0016318,,0.0365728,0.00081992
0.0023236,0.59575,0.5,1.3518,-0.033239,-0.010983,1.0767,0.59575,0.5,1.3518,0.0015187,-0.00022837,0.00011422,0.0015425,-0.00059421,0.0015859,,0.0371776,0.00182752
0.0021596,0.6069,0.5,1.3518,-0.03243,-0.013629,1.0773,0.6069,0.5,1.3518,0.0015007,-0.00019516,3.93E-05,0.0014691,-0.00049044,0.0013493,,0.0345536,0.0006284
0.0019415,0.61755,0.5,1.3518,-0.032172,-0.015749,1.0779,0.61755,0.5,1.3518,0.0014931,-0.00015306,8.17E-05,0.0013864,-0.00036922,0.0010035,,0.031064,0.001307904
0.0018083,0.6277,0.5,1.3518,-0.032299,-0.017869,1.0799,0.6277,0.5,1.3518,0.0015175,-0.00013602,0.00016439,0.0013398,-0.00031812,0.00075943,,0.0289328,0.00263024
0.001758,0.63738,0.5,1.3518,-0.03246,-0.021277,1.0804,0.63738,0.5,1.3518,0.001578,-0.0001345,0.00024117,0.0012819,-0.00028111,0.00065615,,0.028128,0.00385872
0.0017673,0.64661,0.5,1.3518,-0.032518,-0.025248,1.0807,0.64661,0.5,1.3518,0.0016548,-0.00016822,0.00039341,0.0011506,-0.00022666,0.0007292,,0.0282768,0.00629456
0.0018074,0.65542,0.5,1.3518,-0.032608,-0.029071,1.082,0.65542,0.5,1.3518,0.0017357,-0.00021457,0.0005631,0.00098489,-0.00020966,0.00089412,,0.0289184,0.0090096
0.0018468,0.66381,0.5,1.3518,-0.0331,-0.031792,1.0817,0.66381,0.5,1.3518,0.0018382,-0.00026066,0.00075645,0.0008239,-0.00015828,0.0010315,,0.0295488,0.0121032
0.0019352,0.67207,0.5,1.3518,-0.034042,-0.033823,1.0799,0.67207,0.5,1.3518,0.0019732,-0.00031697,0.00090843,0.00068698,-0.0001702,0.0012102,,0.0309632,0.01453488
0.0019488,0.68032,0.5,1.3518,-0.035169,-0.036007,1.0766,0.68032,0.5,1.3518,0.0021314,-0.00036157,0.0010111,0.00054796,-0.00018982,0.0012182,,0.0311808,0.0161776
0.0019032,0.68858,0.5,1.3518,-0.036485,-0.038527,1.0751,0.68858,0.5,1.3518,0.0022879,-0.00037334,0.0010344,0.00041912,-0.00020052,0.0010994,,0.0304512,0.0165504
0.0019232,0.69683,0.5,1.3518,-0.038061,-0.040164,1.0739,0.69683,0.5,1.3518,0.0024199,-0.0003522,0.001039,0.00035675,-0.00021576,0.0010697,,0.0307712,0.016624
0.0020068,0.70509,0.5,1.3518,-0.039763,-0.039593,1.0733,0.70509,0.5,1.3518,0.0025229,-0.00034143,0.0010426,0.000369,-0.00021345,0.0011218,,0.0321088,0.0166816
0.0021188,0.71335,0.5,1.3518,-0.041488,-0.036852,1.0726,0.71335,0.5,1.3518,0.0025978,-0.00036109,0.0010926,0.00041539,-0.00018509,0.0012244,,0.0339008,0.0174816
0.0022664,0.7216,0.5,1.3518,-0.043149,-0.033067,1.0719,0.7216,0.5,1.3518,0.002635,-0.00040187,0.0011648,0.00047354,-0.00016851,0.0014244,,0.0362624,0.0186368
0.0024021,0.72986,0.5,1.3518,-0.044494,-0.029471,1.0706,0.72986,0.5,1.3518,0.0026196,-0.00047086,0.0012326,0.00054644,-0.00024836,0.0016381,,0.0384336,0.0197216
0.0024889,0.73811,0.5,1.3518,-0.045247,-0.026503,1.0689,0.73811,0.5,1.3518,0.0025506,-0.00058373,0.0012849,0.00065746,-0.00041128,0.0017698,,0.0398224,0.0205584
0.0025468,0.74637,0.5,1.3518,-0.045337,-0.024394,1.0676,0.74637,0.5,1.3518,0.0024471,-0.00072527,0.0013297,0.00081274,-0.00056673,0.0018337,,0.0407488,0.0212752
0.0026351,0.75463,0.5,1.3518,-0.044803,-0.023067,1.0654,0.75463,0.5,1.3518,0.0023313,-0.00086485,0.0013875,0.00099374,-0.00075291,0.0019451,,0.0421616,0.0222
0.0027947,0.76288,0.5,1.3518,-0.043705,-0.022313,1.0611,0.76288,0.5,1.3518,0.0022196,-0.00098292,0.0014772,0.0011945,-0.0009979,0.0021754,,0.0447152,0.0236352
0.0029427,0.77114,0.5,1.3518,-0.04209,-0.022004,1.0567,0.77114,0.5,1.3518,0.0021196,-0.0010859,0.0015208,0.0014158,-0.0012266,0.00235,,0.0470832,0.0243328
0.0030327,0.7794,0.5,1.3518,-0.039905,-0.022595,1.0535,0.7794,0.5,1.3518,0.0020246,-0.0011693,0.001468,0.0016519,-0.0013836,0.0023889,,0.0485232,0.023488
0.0031096,0.78765,0.5,1.3518,-0.037171,-0.024242,1.0511,0.78765,0.5,1.3518,0.0019288,-0.0012253,0.001363,0.0019197,-0.0014939,0.0023708,,0.0497536,0.021808
0.0032126,0.79591,0.5,1.3518,-0.034175,-0.026387,1.0488,0.79591,0.5,1.3518,0.001836,-0.0012431,0.0012455,0.0022213,-0.0015888,0.0023679,,0.0514016,0.019928
0.0033217,0.80416,0.5,1.3518,-0.031304,-0.028134,1.0465,0.80416,0.5,1.3518,0.0017546,-0.0012041,0.0011447,0.0024978,-0.0016895,0.002391,,0.0531472,0.0183152
0.0033899,0.81242,0.5,1.3518,-0.02873,-0.028907,1.0445,0.81242,0.5,1.3518,0.0016981,-0.0011002,0.001066,0.002679,-0.0017458,0.0024027,,0.0542384,0.017056
0.0033608,0.82068,0.5,1.3518,-0.026357,-0.028632,1.043,0.82068,0.5,1.3518,0.0016762,-0.00094402,0.00098938,0.0027301,-0.0016782,0.0023154,,0.0537728,0.01583008
0.0032681,0.82893,0.5,1.3518,-0.024026,-0.027478,1.0417,0.82893,0.5,1.3518,0.0016909,-0.00075821,0.00092573,0.0026761,-0.0015416,0.0021692,,0.0522896,0.01481168
0.0042512,0.030909,0.5,1.3897,0.00093277,0.010987,0.71864,0.030909,0.5,1.3897,0.00019743,0.00011373,-0.00046427,0.0022132,-0.00035831,0.0060919,,0.0680192,-0.00742832
0.0054676,0.066184,0.5,1.3897,0.0029591,0.011719,0.81805,0.066184,0.5,1.3897,0.00059061,0.00020045,-0.00064285,0.0022585,0.00088355,0.008086,,0.0874816,-0.0102856
0.0049118,0.10006,0.5,1.3897,0.0027645,-0.0036829,0.87357,0.10006,0.5,1.3897,0.00083704,0.00041692,-0.00014076,0.0020776,0.0018878,0.0069091,,0.0785888,-0.00225216
0.0044554,0.13258,0.5,1.3897,0.00027131,-0.018164,0.93132,0.13258,0.5,1.3897,0.00066846,0.00041215,-0.00031602,0.0017962,0.00047237,0.0064462,,0.0712864,-0.00505632
0.0040033,0.16379,0.5,1.3897,0.00015574,-0.014172,0.97631,0.16379,0.5,1.3897,0.0004282,0.00014051,-0.00061591,0.0012552,-0.00069315,0.0063231,,0.0640528,-0.00985456
0.0025063,0.19372,0.5,1.3897,-0.00063603,-0.0122,1.0161,0.19372,0.5,1.3897,0.00046709,0.00012884,-0.00011893,0.00099612,-0.00027583,0.0035495,,0.0401008,-0.00190288
0.0017546,0.22242,0.5,1.3897,-0.0030594,-0.013873,1.0368,0.22242,0.5,1.3897,0.00052642,0.00017862,0.00011827,0.00086697,0.00029024,0.0021157,,0.0280736,0.00189232
0.0016111,0.24993,0.5,1.3897,-0.0052566,-0.013802,1.0538,0.24993,0.5,1.3897,0.00049166,0.00014416,-2.53E-05,0.00099033,0.0001354,0.0017401,,0.0257776,-0.000405312
0.0014203,0.27629,0.5,1.3897,-0.0085541,-0.015824,1.0675,0.27629,0.5,1.3897,0.00047563,6.94E-05,-0.00021636,0.00082899,9.60E-05,0.001536,,0.0227248,-0.00346176
0.0013982,0.30154,0.5,1.3897,-0.011833,-0.01353,1.0631,0.30154,0.5,1.3897,0.00042988,3.98E-05,-0.00015034,0.00088288,0.0002785,0.0014836,,0.0223712,-0.00240544
0.0016207,0.32572,0.5,1.3897,-0.012215,-0.0075981,1.0566,0.32572,0.5,1.3897,0.00043111,0.00011757,-0.00023794,0.0011631,-0.000208,0.0016472,,0.0259312,-0.00380704
0.0019039,0.34887,0.5,1.3897,-0.011999,-0.0080126,1.0676,0.34887,0.5,1.3897,0.0005034,0.00023731,-0.00026178,0.0010043,-0.00053587,0.0023002,,0.0304624,-0.00418848
0.0017709,0.37102,0.5,1.3897,-0.015076,-0.012448,1.0709,0.37102,0.5,1.3897,0.00052835,0.00031015,-0.00026729,0.00070584,-0.00047984,0.0023077,,0.0283344,-0.00427664
0.0013851,0.39221,0.5,1.3897,-0.02,-0.017375,1.0707,0.39221,0.5,1.3897,0.00056332,0.00038829,-0.00037834,0.00070774,-0.00044241,0.0014992,,0.0221616,-0.00605344
0.0013991,0.41248,0.5,1.3897,-0.025001,-0.018852,1.0712,0.41248,0.5,1.3897,0.00067593,0.0004091,-0.00037326,0.00070633,-0.00038814,0.001416,,0.0223856,-0.00597216
0.0015831,0.43187,0.5,1.3897,-0.029719,-0.015841,1.0734,0.43187,0.5,1.3897,0.00081567,0.00023395,-0.00031089,0.00060681,-0.00046092,0.0017438,,0.0253296,-0.00497424
0.0017642,0.4504,0.5,1.3897,-0.032758,-0.01304,1.0769,0.4504,0.5,1.3897,0.00093693,3.26E-05,-5.65E-05,0.00059682,-0.00051474,0.0019947,,0.0282272,-0.000903888
0.001879,0.46812,0.5,1.3897,-0.033417,-0.012011,1.0724,0.46812,0.5,1.3897,0.0010115,-6.22E-05,-0.00017743,0.00058802,-0.00055614,0.0021586,,0.030064,-0.00283888
0.0018308,0.48504,0.5,1.3897,-0.032662,-0.010562,1.0718,0.48504,0.5,1.3897,0.0010366,-0.00011173,-0.00034923,0.00060782,-0.00058072,0.0020172,,0.0292928,-0.00558768
0.0016968,0.50122,0.5,1.3897,-0.0313,-0.010868,1.0721,0.50122,0.5,1.3897,0.0010565,-0.00012793,-0.00033372,0.00071625,-0.0005339,0.0016208,,0.0271488,-0.00533952
0.0015067,0.51667,0.5,1.3897,-0.030709,-0.013285,1.0776,0.51667,0.5,1.3897,0.0010855,-9.77E-05,-0.00021107,0.00076442,-0.00034714,0.0011635,,0.0241072,-0.00337712
0.0013984,0.53142,0.5,1.3897,-0.031957,-0.013968,1.081,0.53142,0.5,1.3897,0.0011108,-8.48E-05,-7.77E-05,0.00080877,-0.00017427,0.00087726,,0.0223744,-0.001242608
0.0014811,0.54551,0.5,1.3897,-0.033835,-0.012721,1.0798,0.54551,0.5,1.3897,0.001167,-9.34E-05,-0.0002668,0.0007948,-6.55E-05,0.0010003,,0.0236976,-0.0042688
0.0016819,0.55896,0.5,1.3897,-0.034931,-0.010283,1.0792,0.55896,0.5,1.3897,0.0012703,-0.00014159,-0.00030761,0.00088914,-0.00016784,0.0012044,,0.0269104,-0.00492176
0.0020211,0.5718,0.5,1.3897,-0.034932,-0.0085712,1.0763,0.5718,0.5,1.3897,0.0014026,-0.00023206,-0.00010246,0.001205,-0.00050578,0.0014346,,0.0323376,-0.00163936
0.0023078,0.58405,0.5,1.3897,-0.03408,-0.0091521,1.0759,0.58405,0.5,1.3897,0.0015092,-0.00024324,6.10E-05,0.0014948,-0.00068155,0.0016116,,0.0369248,0.000976768
0.0023478,0.59575,0.5,1.3897,-0.032998,-0.01115,1.0769,0.59575,0.5,1.3897,0.0015366,-0.0002114,0.00012519,0.0015673,-0.00058523,0.0015916,,0.0375648,0.00200304
0.0021655,0.6069,0.5,1.3897,-0.032227,-0.013862,1.0775,0.6069,0.5,1.3897,0.0015236,-0.0001824,3.93E-05,0.0014637,-0.00048834,0.0013438,,0.034648,0.000628176
0.0019184,0.61755,0.5,1.3897,-0.032046,-0.016058,1.078,0.61755,0.5,1.3897,0.001523,-0.00013982,8.54E-05,0.0013528,-0.00036696,0.00096112,,0.0306944,0.001366288
0.0017865,0.6277,0.5,1.3897,-0.032263,-0.018285,1.08,0.6277,0.5,1.3897,0.0015481,-0.0001123,0.00016999,0.0012916,-0.00028938,0.00073333,,0.028584,0.00271984
0.0017476,0.63738,0.5,1.3897,-0.032481,-0.021789,1.0803,0.63738,0.5,1.3897,0.0016088,-0.00010957,0.00025724,0.0012278,-0.00023272,0.00065856,,0.0279616,0.00411584
0.001766,0.64661,0.5,1.3897,-0.03257,-0.025795,1.0804,0.64661,0.5,1.3897,0.001693,-0.00015217,0.0004192,0.0010895,-0.00018582,0.00074967,,0.028256,0.0067072
0.0018321,0.65542,0.5,1.3897,-0.032756,-0.029523,1.0814,0.65542,0.5,1.3897,0.0017842,-0.00021072,0.00060803,0.00093228,-0.00019152,0.00094764,,0.0293136,0.00972848
0.0019079,0.66381,0.5,1.3897,-0.033405,-0.032056,1.0809,0.66381,0.5,1.3897,0.0018992,-0.0002672,0.0008085,0.00078611,-0.00015813,0.0011305,,0.0305264,0.012936
0.0019842,0.67207,0.5,1.3897,-0.034437,-0.034028,1.0791,0.67207,0.5,1.3897,0.0020506,-0.00032173,0.00095849,0.00065222,-0.00016925,0.0012656,,0.0317472,0.01533584
0.0019621,0.68032,0.5,1.3897,-0.035573,-0.03635,1.0765,0.68032,0.5,1.3897,0.0022241,-0.00035541,0.0010392,0.00051577,-0.00018625,0.0011843,,0.0313936,0.0166272
0.0019225,0.68858,0.5,1.3897,-0.036869,-0.038955,1.0756,0.68858,0.5,1.3897,0.0023888,-0.00035793,0.0010366,0.00040345,-0.0001972,0.0010528,,0.03076,0.0165856
0.0019712,0.69683,0.5,1.3897,-0.038418,-0.04035,1.0746,0.69683,0.5,1.3897,0.0025169,-0.00034177,0.0010378,0.00036932,-0.00019948,0.0010562,,0.0315392,0.0166048
0.0020632,0.70509,0.5,1.3897,-0.040105,-0.039291,1.0741,0.70509,0.5,1.3897,0.0026029,-0.00035336,0.0010548,0.0004008,-0.00017828,0.0011226,,0.0330112,0.0168768
0.0021764,0.71335,0.5,1.3897,-0.041828,-0.036189,1.0732,0.71335,0.5,1.3897,0.0026515,-0.00039602,0.001119,0.00044998,-0.00015299,0.0012513,,0.0348224,0.017904
0.002316,0.7216,0.5,1.3897,-0.043436,-0.032264,1.0721,0.7216,0.5,1.3897,0.0026594,-0.00044957,0.0011932,0.0004994,-0.00016647,0.0014731,,0.037056,0.0190912
0.0024249,0.72986,0.5,1.3897,-0.044636,-0.02858,1.0705,0.72986,0.5,1.3897,0.0026181,-0.00052496,0.0012591,0.00056472,-0.00027749,0.001667,,0.0387984,0.0201456
0.0024878,0.73811,0.5,1.3897,-0.045216,-0.025591,1.0687,0.73811,0.5,1.3897,0.0025291,-0.00063431,0.0012986,0.00067276,-0.00044584,0.0017737,,0.0398048,0.0207776
0.002549,0.74637,0.5,1.3897,-0.045158,-0.023582,1.0672,0.74637,0.5,1.3897,0.0024097,-0.00075784,0.0013417,0.00082608,-0.00060664,0.0018622,,0.040784,0.0214672
0.0026685,0.75463,0.5,1.3897,-0.044533,-0.022406,1.0645,0.75463,0.5,1.3897,0.0022809,-0.00087175,0.001421,0.0010091,-0.00081189,0.0020469,,0.042696,0.022736
0.0028316,0.76288,0.5,1.3897,-0.04342,-0.021764,1.0601,0.76288,0.5,1.3897,0.0021629,-0.0009676,0.0015087,0.0012148,-0.0010461,0.0022855,,0.0453056,0.0241392
0.0029469,0.77114,0.5,1.3897,-0.041794,-0.021621,1.0562,0.77114,0.5,1.3897,0.0020624,-0.0010535,0.0015193,0.0014397,-0.0012408,0.0023917,,0.0471504,0.0243088
0.0030181,0.7794,0.5,1.3897,-0.039532,-0.022495,1.0533,0.7794,0.5,1.3897,0.0019687,-0.0011227,0.0014453,0.0016794,-0.0013791,0.0023881,,0.0482896,0.0231248
0.0030966,0.78765,0.5,1.3897,-0.036721,-0.024359,1.0509,0.78765,0.5,1.3897,0.0018745,-0.0011704,0.0013346,0.0019533,-0.0014939,0.0023654,,0.0495456,0.0213536
0.0032086,0.79591,0.5,1.3897,-0.033733,-0.026516,1.0484,0.79591,0.5,1.3897,0.0017832,-0.0011859,0.0012197,0.0022552,-0.0016107,0.0023788,,0.0513376,0.0195152
0.0033217,0.80416,0.5,1.3897,-0.03095,-0.028131,1.0458,0.80416,0.5,1.3897,0.0017031,-0.0011476,0.0011236,0.0025215,-0.0017271,0.0024187,,0.0531472,0.0179776
0.0033784,0.81242,0.5,1.3897,-0.028497,-0.028765,1.0437,0.81242,0.5,1.3897,0.001649,-0.0010427,0.0010392,0.0026903,-0.0017716,0.0024174,,0.0540544,0.0166272
0.0033384,0.82068,0.5,1.3897,-0.026235,-0.028403,1.0421,0.82068,0.5,1.3897,0.0016319,-0.0008822,0.00095473,0.0027353,-0.0016891,0.0023097,,0.0534144,0.01527568
0.0032571,0.82893,0.5,1.3897,-0.023975,-0.027243,1.0406,0.82893,0.5,1.3897,0.0016528,-0.0006903,0.00088834,0.0026869,-0.0015572,0.0021745,,0.0521136,0.01421344
0.0042877,0.030909,0.5,1.4276,0.0009717,0.011132,0.71882,0.030909,0.5,1.4276,0.00019804,0.00010843,-0.00044913,0.0022733,-0.00035405,0.006104,,0.0686032,-0.00718608
0.0055346,0.066184,0.5,1.4276,0.0029874,0.011633,0.81877,0.066184,0.5,1.4276,0.00059627,0.00022452,-0.00062354,0.0023437,0.00090428,0.0081293,,0.0885536,-0.00997664
0.0049317,0.10006,0.5,1.4276,0.0027893,-0.0032844,0.87416,0.10006,0.5,1.4276,0.00083969,0.00044162,-0.0001312,0.002105,0.0018937,0.0069187,,0.0789072,-0.0020992
0.0044225,0.13258,0.5,1.4276,0.00044565,-0.017518,0.93119,0.13258,0.5,1.4276,0.00066885,0.00041281,-0.00029607,0.0017754,0.00045943,0.0064007,,0.07076,-0.00473712
0.004012,0.16379,0.5,1.4276,0.00039348,-0.01423,0.9768,0.16379,0.5,1.4276,0.00043157,0.00014851,-0.00061364,0.0012485,-0.00070291,0.006344,,0.064192,-0.00981824
0.0025046,0.19372,0.5,1.4276,-0.00053908,-0.012504,1.0169,0.19372,0.5,1.4276,0.00046908,0.00013225,-0.00013957,0.00099714,-0.00029769,0.003543,,0.0400736,-0.00223312
0.0017213,0.22242,0.5,1.4276,-0.0030898,-0.013966,1.0376,0.22242,0.5,1.4276,0.00053851,0.00018144,0.00011501,0.00088449,0.00027922,0.0020195,,0.0275408,0.00184016
0.0015963,0.24993,0.5,1.4276,-0.0053708,-0.013757,1.0546,0.24993,0.5,1.4276,0.00050927,0.00014819,-3.16E-05,0.0010061,0.00013991,0.0016771,,0.0255408,-0.000506288
0.0014336,0.27629,0.5,1.4276,-0.0086483,-0.015966,1.0676,0.27629,0.5,1.4276,0.00048289,6.47E-05,-0.00021825,0.00083291,0.0001157,0.0015514,,0.0229376,-0.003492
0.0013878,0.30154,0.5,1.4276,-0.011871,-0.013717,1.0635,0.30154,0.5,1.4276,0.00043245,3.70E-05,-0.00014412,0.0008832,0.00029066,0.00146,,0.0222048,-0.00230592
0.0015962,0.32572,0.5,1.4276,-0.012392,-0.0076256,1.057,0.32572,0.5,1.4276,0.00043382,0.00012401,-0.00024658,0.001157,-0.00021795,0.0016015,,0.0255392,-0.00394528
0.0019124,0.34887,0.5,1.4276,-0.012346,-0.0079654,1.0675,0.34887,0.5,1.4276,0.00049484,0.00024469,-0.00026936,0.0010086,-0.00054742,0.0023213,,0.0305984,-0.00430976
0.0017855,0.37102,0.5,1.4276,-0.015383,-0.012517,1.0708,0.37102,0.5,1.4276,0.00051702,0.00030995,-0.0002703,0.00073516,-0.00049037,0.0023188,,0.028568,-0.0043248
0.0014029,0.39221,0.5,1.4276,-0.020265,-0.017437,1.0707,0.39221,0.5,1.4276,0.00056537,0.00038647,-0.00039317,0.00072675,-0.00045455,0.0015138,,0.0224464,-0.00629072
0.0014333,0.41248,0.5,1.4276,-0.025384,-0.018539,1.0714,0.41248,0.5,1.4276,0.0006964,0.00041213,-0.00039545,0.00070597,-0.0003931,0.0014641,,0.0229328,-0.0063272
0.0016005,0.43187,0.5,1.4276,-0.030113,-0.01534,1.0734,0.43187,0.5,1.4276,0.00084282,0.00023498,-0.00031006,0.00059859,-0.00044218,0.0017596,,0.025608,-0.00496096
0.0017679,0.4504,0.5,1.4276,-0.032957,-0.012752,1.0765,0.4504,0.5,1.4276,0.00095123,4.31E-05,-6.00E-05,0.00059366,-0.00049435,0.0019909,,0.0282864,-0.000960608
0.0018879,0.46812,0.5,1.4276,-0.033453,-0.011745,1.0725,0.46812,0.5,1.4276,0.0010219,-5.49E-05,-0.00019393,0.00058303,-0.00055141,0.0021708,,0.0302064,-0.00310288
0.0018314,0.48504,0.5,1.4276,-0.03262,-0.010293,1.0718,0.48504,0.5,1.4276,0.0010548,-0.00011695,-0.00034481,0.00060557,-0.00058233,0.0020025,,0.0293024,-0.00551696
0.0016825,0.50122,0.5,1.4276,-0.031245,-0.010782,1.0719,0.50122,0.5,1.4276,0.0010704,-0.00012868,-0.00033674,0.00071584,-0.00053397,0.0015788,,0.02692,-0.00538784
0.0014951,0.51667,0.5,1.4276,-0.030752,-0.013234,1.0776,0.51667,0.5,1.4276,0.0010843,-9.58E-05,-0.00020969,0.00076303,-0.00035161,0.0011429,,0.0239216,-0.00335504
0.0014054,0.53142,0.5,1.4276,-0.032085,-0.013796,1.0813,0.53142,0.5,1.4276,0.0011142,-9.23E-05,-7.61E-05,0.00081467,-0.00017229,0.00088198,,0.0224864,-0.001218016
0.0015001,0.54551,0.5,1.4276,-0.033942,-0.012428,1.0802,0.54551,0.5,1.4276,0.0011902,-0.00010818,-0.00027914,0.00081606,-6.69E-05,0.00099386,,0.0240016,-0.00446624
0.0017243,0.55896,0.5,1.4276,-0.034964,-0.0099032,1.0788,0.55896,0.5,1.4276,0.001296,-0.0001498,-0.00029565,0.00093977,-0.00019655,0.0012129,,0.0275888,-0.0047304
0.0020537,0.5718,0.5,1.4276,-0.034863,-0.0083783,1.0754,0.5718,0.5,1.4276,0.0014099,-0.00022198,-9.22E-05,0.0012515,-0.00055134,0.001446,,0.0328592,-0.001475264
0.002283,0.58405,0.5,1.4276,-0.033918,-0.0092173,1.0754,0.58405,0.5,1.4276,0.0015034,-0.00021881,5.97E-05,0.0015101,-0.00070782,0.0015526,,0.036528,0.000955696
0.0023223,0.59575,0.5,1.4276,-0.032821,-0.011285,1.0772,0.59575,0.5,1.4276,0.0015359,-0.00018531,0.00012254,0.0015532,-0.00058398,0.0015556,,0.0371568,0.00196064
0.0021522,0.6069,0.5,1.4276,-0.032108,-0.014069,1.0777,0.6069,0.5,1.4276,0.0015339,-0.00016292,4.00E-05,0.0014248,-0.00048403,0.0013457,,0.0344352,0.00064016
0.0018906,0.61755,0.5,1.4276,-0.032004,-0.016398,1.0782,0.61755,0.5,1.4276,0.0015435,-0.00012528,9.13E-05,0.0012961,-0.00035911,0.00094166,,0.0302496,0.001461456
0.0017608,0.6277,0.5,1.4276,-0.032295,-0.018759,1.0801,0.6277,0.5,1.4276,0.0015701,-9.61E-05,0.00017834,0.0012266,-0.00026919,0.00072478,,0.0281728,0.00285344
0.0017301,0.63738,0.5,1.4276,-0.032569,-0.022329,1.0801,0.63738,0.5,1.4276,0.0016224,-0.00010086,0.00026837,0.0011659,-0.00019913,0.00067184,,0.0276816,0.00429392
0.0017594,0.64661,0.5,1.4276,-0.032723,-0.026318,1.0799,0.64661,0.5,1.4276,0.0017042,-0.00015173,0.00043799,0.0010366,-0.00014364,0.0007779,,0.0281504,0.00700784
0.0018458,0.65542,0.5,1.4276,-0.033056,-0.0299,1.0806,0.65542,0.5,1.4276,0.0018053,-0.00021789,0.00065255,0.00089494,-0.00015838,0.00099148,,0.0295328,0.0104408
0.001949,0.66381,0.5,1.4276,-0.033885,-0.032268,1.0801,0.66381,0.5,1.4276,0.0019304,-0.00028186,0.00085942,0.00075746,-0.00015031,0.0012102,,0.031184,0.01375072
0.0020029,0.67207,0.5,1.4276,-0.035012,-0.034252,1.0786,0.67207,0.5,1.4276,0.0020873,-0.00033078,0.00099263,0.0006179,-0.00017186,0.0013006,,0.0320464,0.01588208
0.0019438,0.68032,0.5,1.4276,-0.036174,-0.036677,1.0766,0.68032,0.5,1.4276,0.0022647,-0.00035042,0.0010305,0.00048081,-0.0001851,0.0011421,,0.0311008,0.016488
0.0019172,0.68858,0.5,1.4276,-0.037465,-0.039172,1.0762,0.68858,0.5,1.4276,0.002433,-0.00034295,0.0010029,0.0003847,-0.00018953,0.0010167,,0.0306752,0.0160464
0.0019979,0.69683,0.5,1.4276,-0.038976,-0.040095,1.0754,0.69683,0.5,1.4276,0.0025647,-0.00033297,0.0010184,0.0003739,-0.0001812,0.0010573,,0.0319664,0.0162944
0.0021087,0.70509,0.5,1.4276,-0.040617,-0.03853,1.0747,0.70509,0.5,1.4276,0.0026517,-0.00036184,0.0010675,0.00041709,-0.00015029,0.0011486,,0.0337392,0.01708
0.0022292,0.71335,0.5,1.4276,-0.042268,-0.035294,1.0736,0.71335,0.5,1.4276,0.0026932,-0.00041701,0.0011561,0.00046456,-0.00013339,0.0013006,,0.0356672,0.0184976
0.0023568,0.7216,0.5,1.4276,-0.043725,-0.031508,1.0723,0.7216,0.5,1.4276,0.0026859,-0.00047772,0.0012322,0.00050888,-0.00016977,0.0015188,,0.0377088,0.0197152
0.0024453,0.72986,0.5,1.4276,-0.044707,-0.027981,1.0705,0.72986,0.5,1.4276,0.0026261,-0.00055723,0.0012932,0.00057604,-0.00029505,0.0016886,,0.0391248,0.0206912
0.0024974,0.73811,0.5,1.4276,-0.045077,-0.025182,1.0686,0.73811,0.5,1.4276,0.0025187,-0.0006627,0.0013216,0.00068808,-0.000465,0.0017879,,0.0399584,0.0211456
0.0025725,0.74637,0.5,1.4276,-0.044847,-0.023367,1.0667,0.74637,0.5,1.4276,0.0023806,-0.0007755,0.0013675,0.00084357,-0.00065161,0.0019209,,0.04116,0.02188
0.0027144,0.75463,0.5,1.4276,-0.044072,-0.022259,1.0635,0.75463,0.5,1.4276,0.002234,-0.00087789,0.001457,0.0010306,-0.00089045,0.0021643,,0.0434304,0.023312
0.0028592,0.76288,0.5,1.4276,-0.042827,-0.021548,1.0592,0.76288,0.5,1.4276,0.0021027,-0.00096418,0.0015214,0.0012397,-0.0011166,0.0023759,,0.0457472,0.0243424
0.0029329,0.77114,0.5,1.4276,-0.041085,-0.021383,1.0558,0.77114,0.5,1.4276,0.0019931,-0.0010373,0.0014924,0.0014624,-0.001286,0.0024102,,0.0469264,0.0238784
0.0029855,0.7794,0.5,1.4276,-0.038762,-0.022356,1.0531,0.7794,0.5,1.4276,0.0018947,-0.00109,0.0014026,0.0016966,-0.0014123,0.0023797,,0.047768,0.0224416
0.0030667,0.78765,0.5,1.4276,-0.035994,-0.024299,1.0506,0.78765,0.5,1.4276,0.0018033,-0.0011237,0.0012926,0.0019637,-0.0015306,0.0023664,,0.0490672,0.0206816
0.0031904,0.79591,0.5,1.4276,-0.03316,-0.026445,1.0479,0.79591,0.5,1.4276,0.0017218,-0.0011302,0.0011854,0.0022534,-0.001658,0.0024056,,0.0510464,0.0189664
0.0033097,0.80416,0.5,1.4276,-0.030594,-0.028015,1.0451,0.80416,0.5,1.4276,0.0016541,-0.0010879,0.0010943,0.0025104,-0.0017704,0.0024549,,0.0529552,0.0175088
0.0033619,0.81242,0.5,1.4276,-0.028336,-0.028617,1.043,0.81242,0.5,1.4276,0.0016102,-0.00097995,0.001007,0.0026826,-0.001791,0.002431,,0.0537904,0.016112
0.0033221,0.82068,0.5,1.4276,-0.026174,-0.02821,1.0412,0.82068,0.5,1.4276,0.0015988,-0.00081383,0.00092139,0.0027408,-0.0016914,0.0023045,,0.0531536,0.01474224
0.0032523,0.82893,0.5,1.4276,-0.02394,-0.027031,1.0397,0.82893,0.5,1.4276,0.0016218,-0.00061686,0.00085665,0.0027057,-0.0015618,0.0021771,,0.0520368,0.0137064
0.0042969,0.030909,0.5,1.4654,0.00099692,0.011236,0.71912,0.030909,0.5,1.4654,0.00019272,0.00010868,-0.00041972,0.0023062,-0.00036041,0.0060948,,0.0687504,-0.00671552
0.0055822,0.066184,0.5,1.4654,0.0029801,0.011532,0.81958,0.066184,0.5,1.4654,0.00058877,0.00024602,-0.0005984,0.0024147,0.00092847,0.0081608,,0.0893152,-0.0095744
0.0049757,0.10006,0.5,1.4654,0.002792,-0.0028763,0.87473,0.10006,0.5,1.4654,0.00084179,0.0004553,-0.00012811,0.0021669,0.0019031,0.0069428,,0.0796112,-0.00204976
0.0044248,0.13258,0.5,1.4654,0.00062173,-0.016831,0.93093,0.13258,0.5,1.4654,0.00067639,0.00040871,-0.00028164,0.0018077,0.0004484,0.0063656,,0.0707968,-0.00450624
0.0040407,0.16379,0.5,1.4654,0.00060315,-0.014276,0.97716,0.16379,0.5,1.4654,0.00043059,0.00015733,-0.00061379,0.0012875,-0.00070511,0.0063633,,0.0646512,-0.00982064
0.0025224,0.19372,0.5,1.4654,-0.00047431,-0.012821,1.0177,0.19372,0.5,1.4654,0.00047515,0.00013337,-0.00016104,0.0010294,-0.00032616,0.0035403,,0.0403584,-0.00257664
0.0017131,0.22242,0.5,1.4654,-0.0031203,-0.01403,1.0385,0.22242,0.5,1.4654,0.00056352,0.00017722,0.00010865,0.00093078,0.00024344,0.0019319,,0.0274096,0.0017384
0.0015917,0.24993,0.5,1.4654,-0.0054747,-0.013714,1.0553,0.24993,0.5,1.4654,0.00052527,0.00014393,-3.95E-05,0.0010447,0.00012834,0.0016135,,0.0254672,-0.000631376
0.0014368,0.27629,0.5,1.4654,-0.0087331,-0.016136,1.0677,0.27629,0.5,1.4654,0.00047798,5.54E-05,-0.00022208,0.0008379,0.00013165,0.0015578,,0.0229888,-0.00355328
0.0013582,0.30154,0.5,1.4654,-0.011904,-0.013935,1.064,0.30154,0.5,1.4654,0.00042045,3.89E-05,-0.00013547,0.00086656,0.0002943,0.0014294,,0.0217312,-0.00216752
0.001538,0.32572,0.5,1.4654,-0.01257,-0.0077154,1.0575,0.32572,0.5,1.4654,0.00041919,0.00014255,-0.00024947,0.0011155,-0.0002284,0.0015414,,0.024608,-0.00399152
0.0018863,0.34887,0.5,1.4654,-0.01271,-0.0079673,1.0674,0.34887,0.5,1.4654,0.00047914,0.00026102,-0.00026611,0.00099247,-0.00055719,0.002301,,0.0301808,-0.00425776
0.0017805,0.37102,0.5,1.4654,-0.015737,-0.012593,1.0707,0.37102,0.5,1.4654,0.00051336,0.00030922,-0.0002803,0.00075338,-0.00050569,0.0022942,,0.028488,-0.0044848
0.0014094,0.39221,0.5,1.4654,-0.020592,-0.017496,1.0707,0.39221,0.5,1.4654,0.00057563,0.00038033,-0.00042436,0.00072248,-0.0004681,0.0015207,,0.0225504,-0.00678976
0.0014439,0.41248,0.5,1.4654,-0.025812,-0.018211,1.0716,0.41248,0.5,1.4654,0.00070877,0.00040366,-0.00041658,0.00067756,-0.00039399,0.0015015,,0.0231024,-0.00666528
0.0015997,0.43187,0.5,1.4654,-0.030519,-0.01485,1.0733,0.43187,0.5,1.4654,0.00085284,0.00022643,-0.00031116,0.00056675,-0.00042711,0.0017798,,0.0255952,-0.00497856
0.001761,0.4504,0.5,1.4654,-0.033154,-0.01247,1.0762,0.4504,0.5,1.4654,0.00096212,5.37E-05,-7.41E-05,0.00057815,-0.00047432,0.0019817,,0.028176,-0.001185248
0.0018878,0.46812,0.5,1.4654,-0.033497,-0.011437,1.0726,0.46812,0.5,1.4654,0.0010392,-3.87E-05,-0.00021945,0.0005795,-0.00054477,0.0021568,,0.0302048,-0.0035112
0.0018352,0.48504,0.5,1.4654,-0.032587,-0.010014,1.0717,0.48504,0.5,1.4654,0.0010785,-0.00010702,-0.00034997,0.00061168,-0.00058109,0.0019802,,0.0293632,-0.00559952
0.0016822,0.50122,0.5,1.4654,-0.031202,-0.010711,1.0718,0.50122,0.5,1.4654,0.0010912,-0.00011783,-0.00033866,0.00072589,-0.00053054,0.0015472,,0.0269152,-0.00541856
0.0014871,0.51667,0.5,1.4654,-0.030817,-0.013166,1.0777,0.51667,0.5,1.4654,0.0010963,-9.20E-05,-0.00019781,0.00076461,-0.00036227,0.0011133,,0.0237936,-0.00316496
0.0014094,0.53142,0.5,1.4654,-0.032241,-0.013577,1.0817,0.53142,0.5,1.4654,0.00113,-0.00010663,-7.41E-05,0.00081454,-0.00017822,0.00087437,,0.0225504,-0.001186368
0.0015122,0.54551,0.5,1.4654,-0.034063,-0.012109,1.0806,0.54551,0.5,1.4654,0.0012141,-0.00013214,-0.00028631,0.00082835,-8.47E-05,0.00098192,,0.0241952,-0.00458096
0.0017587,0.55896,0.5,1.4654,-0.034999,-0.0095507,1.0783,0.55896,0.5,1.4654,0.001319,-0.0001649,-0.00028481,0.00097205,-0.00023458,0.0012264,,0.0281392,-0.00455696
0.0021039,0.5718,0.5,1.4654,-0.034818,-0.0082212,1.0744,0.5718,0.5,1.4654,0.0014277,-0.000214,-9.05E-05,0.0012806,-0.00057156,0.0014993,,0.0336624,-0.001447824
0.0022747,0.58405,0.5,1.4654,-0.033812,-0.0092741,1.0751,0.58405,0.5,1.4654,0.001512,-0.00019745,3.90E-05,0.0015149,-0.00071544,0.0015224,,0.0363952,0.000623472
0.0022851,0.59575,0.5,1.4654,-0.032711,-0.011389,1.0775,0.59575,0.5,1.4654,0.0015432,-0.00016635,9.39E-05,0.0015247,-0.0005974,0.0015023,,0.0365616,0.001502976
0.0021294,0.6069,0.5,1.4654,-0.032047,-0.014268,1.078,0.6069,0.5,1.4654,0.0015499,-0.00014804,3.64E-05,0.0013723,-0.00049588,0.0013365,,0.0340704,0.000582448
0.0018811,0.61755,0.5,1.4654,-0.031992,-0.016767,1.0784,0.61755,0.5,1.4654,0.0015695,-0.00011053,0.00010351,0.0012475,-0.00035253,0.00094518,,0.0300976,0.00165616
0.0017665,0.6277,0.5,1.4654,-0.032318,-0.019244,1.0803,0.6277,0.5,1.4654,0.0016057,-8.37E-05,0.00019807,0.0011889,-0.00024983,0.00073827,,0.028264,0.00316912
0.0017422,0.63738,0.5,1.4654,-0.032625,-0.022822,1.0799,0.63738,0.5,1.4654,0.0016574,-0.00010453,0.00029126,0.0011276,-0.00018829,0.00069949,,0.0278752,0.00466016
0.0017776,0.64661,0.5,1.4654,-0.032848,-0.026765,1.0794,0.64661,0.5,1.4654,0.0017322,-0.0001652,0.00046112,0.0010018,-0.00013057,0.00082124,,0.0284416,0.00737792
0.0018677,0.65542,0.5,1.4654,-0.033335,-0.030192,1.0798,0.65542,0.5,1.4654,0.0018333,-0.00023321,0.00068554,0.00086836,-0.00013504,0.0010337,,0.0298832,0.01096864
0.0019764,0.66381,0.5,1.4654,-0.034324,-0.032439,1.0794,0.66381,0.5,1.4654,0.0019609,-0.0002989,0.00088529,0.0007278,-0.00013844,0.0012642,,0.0316224,0.01416464
0.0020048,0.67207,0.5,1.4654,-0.03552,-0.034527,1.0783,0.67207,0.5,1.4654,0.002121,-0.00034311,0.00099426,0.0005772,-0.00016682,0.0013114,,0.0320768,0.01590816
0.0019254,0.68032,0.5,1.4654,-0.036673,-0.037135,1.0771,0.68032,0.5,1.4654,0.0023072,-0.00035533,0.00099806,0.00044009,-0.00017952,0.0011036,,0.0308064,0.01596896
0.0019202,0.68858,0.5,1.4654,-0.037911,-0.039551,1.0769,0.68858,0.5,1.4654,0.0024864,-0.00034706,0.00097018,0.0003598,-0.00018528,0.00099423,,0.0307232,0.01552288
0.0020243,0.69683,0.5,1.4654,-0.039361,-0.040045,1.076,0.69683,0.5,1.4654,0.0026255,-0.00035326,0.0010121,0.00036869,-0.00018099,0.0010544,,0.0323888,0.0161936
0.0021491,0.70509,0.5,1.4654,-0.040957,-0.038056,1.0752,0.70509,0.5,1.4654,0.0027123,-0.00039999,0.0010906,0.00042179,-0.0001545,0.0011642,,0.0343856,0.0174496
0.0022678,0.71335,0.5,1.4654,-0.042552,-0.034654,1.0738,0.71335,0.5,1.4654,0.0027417,-0.00045728,0.0011903,0.00046898,-0.00014585,0.0013249,,0.0362848,0.0190448
0.0023733,0.7216,0.5,1.4654,-0.043892,-0.030793,1.0724,0.7216,0.5,1.4654,0.0027095,-0.00051285,0.0012588,0.00051169,-0.00019394,0.0015255,,0.0379728,0.0201408
0.0024458,0.72986,0.5,1.4654,-0.044699,-0.027177,1.0704,0.72986,0.5,1.4654,0.00262,-0.00058302,0.0013156,0.00058362,-0.00031736,0.001688,,0.0391328,0.0210496
0.0025031,0.73811,0.5,1.4654,-0.04489,-0.024372,1.0684,0.73811,0.5,1.4654,0.002492,-0.00067633,0.001339,0.00070611,-0.00048229,0.0018082,,0.0400496,0.021424
0.002608,0.74637,0.5,1.4654,-0.044522,-0.022609,1.0661,0.74637,0.5,1.4654,0.0023454,-0.00078281,0.0013944,0.00087624,-0.00069677,0.0019943,,0.041728,0.0223104
0.0027666,0.75463,0.5,1.4654,-0.043704,-0.021561,1.0626,0.75463,0.5,1.4654,0.002195,-0.0008851,0.0014879,0.0010777,-0.00096265,0.0022606,,0.0442656,0.0238064
0.0028788,0.76288,0.5,1.4654,-0.0425,-0.020963,1.0587,0.76288,0.5,1.4654,0.0020574,-0.00096917,0.0015217,0.0012907,-0.0011784,0.0024096,,0.0460608,0.0243472
0.0029159,0.77114,0.5,1.4654,-0.040774,-0.021051,1.0556,0.77114,0.5,1.4654,0.0019369,-0.0010307,0.0014624,0.0015049,-0.0013344,0.0023899,,0.0466544,0.0233984
0.0029613,0.7794,0.5,1.4654,-0.038407,-0.022324,1.0529,0.7794,0.5,1.4654,0.0018273,-0.0010679,0.0013657,0.0017268,-0.0014648,0.0023685,,0.0473808,0.0218512
0.0030517,0.78765,0.5,1.4654,-0.035621,-0.024414,1.0503,0.78765,0.5,1.4654,0.0017291,-0.0010895,0.0012566,0.001983,-0.0015964,0.0023914,,0.0488272,0.0201056
0.0031857,0.79591,0.5,1.4654,-0.032843,-0.026523,1.0472,0.79591,0.5,1.4654,0.0016475,-0.0010865,0.0011547,0.0022596,-0.0017305,0.0024644,,0.0509712,0.0184752
0.0033013,0.80416,0.5,1.4654,-0.030374,-0.027979,1.0444,0.80416,0.5,1.4654,0.0015866,-0.0010394,0.0010624,0.0025086,-0.001824,0.0025075,,0.0528208,0.0169984
0.0033439,0.81242,0.5,1.4654,-0.028204,-0.028491,1.0423,0.81242,0.5,1.4654,0.0015524,-0.0009322,0.00096849,0.0026877,-0.0018107,0.0024476,,0.0535024,0.01549584
0.0033062,0.82068,0.5,1.4654,-0.026105,-0.028035,1.0404,0.82068,0.5,1.4654,0.0015496,-0.00076832,0.00088089,0.0027619,-0.0016912,0.0023009,,0.0528992,0.01409424
0.0032427,0.82893,0.5,1.4654,-0.023926,-0.026857,1.0389,0.82893,0.5,1.4654,0.0015807,-0.00057396,0.00081727,0.0027338,-0.0015584,0.002171,,0.0518832,0.01307632
0.0043005,0.030909,0.5,1.5031,0.0010644,0.011283,0.71956,0.030909,0.5,1.5031,0.00019747,0.00010021,-0.0003998,0.0023338,-0.0003662,0.0060697,,0.068808,-0.0063968
0.0056343,0.066184,0.5,1.5031,0.0030263,0.011374,0.8205,0.066184,0.5,1.5031,0.00059123,0.00025026,-0.0005841,0.0024831,0.00094329,0.0081944,,0.0901488,-0.0093456
0.0050322,0.10006,0.5,1.5031,0.0028155,-0.0024764,0.87526,0.10006,0.5,1.5031,0.00083355,0.00045509,-0.00013187,0.0022375,0.0018965,0.0069934,,0.0805152,-0.00210992
0.0044386,0.13258,0.5,1.5031,0.0008027,-0.016088,0.93057,0.13258,0.5,1.5031,0.0006684,0.00039617,-0.00026711,0.0018481,0.00044415,0.0063607,,0.0710176,-0.00427376
0.004084,0.16379,0.5,1.5031,0.00082115,-0.014292,0.97741,0.16379,0.5,1.5031,0.00043006,0.00015127,-0.00061335,0.0013369,-0.00068708,0.006401,,0.065344,-0.0098136
0.0025504,0.19372,0.5,1.5031,-0.00040104,-0.013173,1.0185,0.19372,0.5,1.5031,0.00048556,0.00011899,-0.00018775,0.0010647,-0.00035055,0.0035505,,0.0408064,-0.003004
0.0017036,0.22242,0.5,1.5031,-0.0031304,-0.014096,1.0395,0.22242,0.5,1.5031,0.00058321,0.00016724,0.00010006,0.00095709,0.00019539,0.0018669,,0.0272576,0.00160096
0.00158,0.24993,0.5,1.5031,-0.0055558,-0.01367,1.056,0.24993,0.5,1.5031,0.0005335,0.00013932,-4.47E-05,0.0010759,0.00010494,0.0015506,,0.02528,-0.000715872
0.0014385,0.27629,0.5,1.5031,-0.0088241,-0.016301,1.0678,0.27629,0.5,1.5031,0.00047231,5.10E-05,-0.00022096,0.00085763,0.00013808,0.001547,,0.023016,-0.00353536
0.001344,0.30154,0.5,1.5031,-0.011979,-0.014109,1.0645,0.30154,0.5,1.5031,0.00042023,4.80E-05,-0.00012458,0.00087115,0.00028529,0.0013966,,0.021504,-0.00199328
0.0015103,0.32572,0.5,1.5031,-0.012802,-0.0077969,1.058,0.32572,0.5,1.5031,0.00042622,0.000159,-0.00026152,0.0010949,-0.00024275,0.0014994,,0.0241648,-0.00418432
0.0018787,0.34887,0.5,1.5031,-0.013119,-0.0079824,1.0674,0.34887,0.5,1.5031,0.00049042,0.00027027,-0.00027833,0.00098185,-0.00055706,0.002285,,0.0300592,-0.00445328
0.0017725,0.37102,0.5,1.5031,-0.016135,-0.01268,1.0706,0.37102,0.5,1.5031,0.00052824,0.00031521,-0.00029894,0.00075148,-0.00051514,0.0022654,,0.02836,-0.00478304
0.0014044,0.39221,0.5,1.5031,-0.020951,-0.017552,1.0708,0.39221,0.5,1.5031,0.00059027,0.0003797,-0.0004509,0.0007002,-0.00047812,0.0015184,,0.0224704,-0.0072144
0.0014493,0.41248,0.5,1.5031,-0.026257,-0.01789,1.0718,0.41248,0.5,1.5031,0.0007217,0.00039001,-0.00042912,0.00065241,-0.00039011,0.0015245,,0.0231888,-0.00686592
0.0016012,0.43187,0.5,1.5031,-0.030937,-0.014418,1.0732,0.43187,0.5,1.5031,0.00086646,0.00021803,-0.00031773,0.00054519,-0.0004239,0.0017909,,0.0256192,-0.00508368
0.0017551,0.4504,0.5,1.5031,-0.033365,-0.012221,1.0759,0.4504,0.5,1.5031,0.00097485,6.21E-05,-9.15E-05,0.00056623,-0.00047107,0.0019691,,0.0280816,-0.001464032
0.0018936,0.46812,0.5,1.5031,-0.033553,-0.011106,1.0727,0.46812,0.5,1.5031,0.0010473,-2.87E-05,-0.00024225,0.00058577,-0.00054871,0.0021541,,0.0302976,-0.003876
0.0018331,0.48504,0.5,1.5031,-0.032564,-0.0097229,1.0716,0.48504,0.5,1.5031,0.0010829,-0.00010213,-0.00035911,0.000632,-0.0005853,0.0019512,,0.0293296,-0.00574576
0.001675,0.50122,0.5,1.5031,-0.031188,-0.010633,1.0717,0.50122,0.5,1.5031,0.0010965,-0.00011082,-0.00034615,0.00075022,-0.00052633,0.0015032,,0.0268,-0.0055384
0.0014812,0.51667,0.5,1.5031,-0.030928,-0.013063,1.078,0.51667,0.5,1.5031,0.0011078,-9.51E-05,-0.00019343,0.00078679,-0.0003654,0.0010677,,0.0236992,-0.00309488
0.001417,0.53142,0.5,1.5031,-0.032439,-0.013328,1.0821,0.53142,0.5,1.5031,0.0011495,-0.00012967,-8.67E-05,0.00083124,-0.00017206,0.00085328,,0.022672,-0.001386832
0.0015265,0.54551,0.5,1.5031,-0.03422,-0.011793,1.0809,0.54551,0.5,1.5031,0.0012417,-0.00016409,-0.0002958,0.00084761,-9.68E-05,0.00096365,,0.024424,-0.0047328
0.0017873,0.55896,0.5,1.5031,-0.035064,-0.0092393,1.0777,0.55896,0.5,1.5031,0.001348,-0.000191,-0.00028078,0.0010012,-0.00027646,0.0012255,,0.0285968,-0.00449248
0.0021616,0.5718,0.5,1.5031,-0.034796,-0.0081144,1.0736,0.5718,0.5,1.5031,0.0014524,-0.00021696,-9.48E-05,0.0013097,-0.00057724,0.0015611,,0.0345856,-0.001516464
0.0023065,0.58405,0.5,1.5031,-0.033736,-0.0093499,1.0749,0.58405,0.5,1.5031,0.0015278,-0.00018653,2.71E-05,0.0015375,-0.00069353,0.0015478,,0.036904,0.000433088
0.0022778,0.59575,0.5,1.5031,-0.032643,-0.011498,1.0779,0.59575,0.5,1.5031,0.0015537,-0.00015851,7.15E-05,0.0015285,-0.00060154,0.0014732,,0.0364448,0.001143952
0.0021152,0.6069,0.5,1.5031,-0.032016,-0.014478,1.0782,0.6069,0.5,1.5031,0.0015654,-0.00013884,4.48E-05,0.0013535,-0.00051509,0.0013116,,0.0338432,0.000716544
0.001884,0.61755,0.5,1.5031,-0.032003,-0.017147,1.0787,0.61755,0.5,1.5031,0.0015937,-9.29E-05,0.0001262,0.0012341,-0.00034959,0.00094026,,0.030144,0.0020192
0.0017871,0.6277,0.5,1.5031,-0.03237,-0.019714,1.0804,0.6277,0.5,1.5031,0.0016452,-6.47E-05,0.00023204,0.0011813,-0.00021797,0.00074761,,0.0285936,0.00371264
0.0017702,0.63738,0.5,1.5031,-0.032723,-0.023268,1.0796,0.63738,0.5,1.5031,0.0017087,-0.00010024,0.00033508,0.0010975,-0.00017098,0.0007341,,0.0283232,0.00536128
0.0018131,0.64661,0.5,1.5031,-0.033058,-0.027154,1.0787,0.64661,0.5,1.5031,0.0017828,-0.00017302,0.0004967,0.00095649,-0.00013473,0.00088683,,0.0290096,0.0079472
0.0019007,0.65542,0.5,1.5031,-0.033745,-0.030436,1.0791,0.65542,0.5,1.5031,0.0018818,-0.00024343,0.00070406,0.00082622,-0.00013431,0.0010934,,0.0304112,0.01126496
0.001995,0.66381,0.5,1.5031,-0.034904,-0.032635,1.079,0.66381,0.5,1.5031,0.0020104,-0.00030436,0.00087626,0.0006868,-0.00013693,0.0012928,,0.03192,0.01402016
0.0019921,0.67207,0.5,1.5031,-0.036155,-0.03488,1.0784,0.67207,0.5,1.5031,0.0021712,-0.00034059,0.00095986,0.0005398,-0.00016548,0.0012733,,0.0318736,0.01535776
0.0019093,0.68032,0.5,1.5031,-0.037305,-0.037572,1.0778,0.68032,0.5,1.5031,0.0023559,-0.00034955,0.00094578,0.00041925,-0.00018133,0.0010434,,0.0305488,0.01513248
0.0019283,0.68858,0.5,1.5031,-0.038521,-0.039655,1.0776,0.68858,0.5,1.5031,0.0025274,-0.00034795,0.00093704,0.0003604,-0.00018579,0.00096883,,0.0308528,0.01499264
0.0020369,0.69683,0.5,1.5031,-0.039934,-0.039528,1.0765,0.69683,0.5,1.5031,0.0026518,-0.00037744,0.0010078,0.00038215,-0.00018527,0.0010399,,0.0325904,0.0161248
0.0021627,0.70509,0.5,1.5031,-0.041476,-0.03718,1.0755,0.70509,0.5,1.5031,0.0027232,-0.00044278,0.0011012,0.00043507,-0.00016452,0.0011672,,0.0346032,0.0176192
0.0022738,0.71335,0.5,1.5031,-0.042954,-0.033811,1.0739,0.71335,0.5,1.5031,0.002739,-0.00049975,0.001196,0.00047498,-0.00016101,0.0013336,,0.0363808,0.019136
0.0023633,0.7216,0.5,1.5031,-0.044082,-0.030107,1.0723,0.7216,0.5,1.5031,0.0026927,-0.00054865,0.0012608,0.0005142,-0.00021876,0.0015197,,0.0378128,0.0201728
0.0024326,0.72986,0.5,1.5031,-0.044647,-0.026669,1.0703,0.72986,0.5,1.5031,0.0025908,-0.00060521,0.0013219,0.00058978,-0.0003348,0.0016846,,0.0389216,0.0211504
0.0025065,0.73811,0.5,1.5031,-0.044649,-0.024055,1.0682,0.73811,0.5,1.5031,0.0024548,-0.00067989,0.0013483,0.00072416,-0.00049217,0.0018339,,0.040104,0.0215728
0.0026436,0.74637,0.5,1.5031,-0.044152,-0.022408,1.0654,0.74637,0.5,1.5031,0.0023058,-0.00077403,0.0014172,0.00091444,-0.00072794,0.0020669,,0.0422976,0.0226752
0.0028091,0.75463,0.5,1.5031,-0.04322,-0.021385,1.0618,0.75463,0.5,1.5031,0.0021581,-0.00087402,0.0015063,0.0011366,-0.0010035,0.0023234,,0.0449456,0.0241008
0.0028918,0.76288,0.5,1.5031,-0.041875,-0.020812,1.0583,0.76288,0.5,1.5031,0.0020206,-0.00095816,0.0015104,0.0013579,-0.0012071,0.0024051,,0.0462688,0.0241664
0.0029116,0.77114,0.5,1.5031,-0.040013,-0.02099,1.0554,0.77114,0.5,1.5031,0.0018914,-0.0010123,0.0014314,0.0015651,-0.0013625,0.0023668,,0.0465856,0.0229024
0.0029613,0.7794,0.5,1.5031,-0.037606,-0.022316,1.0526,0.7794,0.5,1.5031,0.0017705,-0.00104,0.0013315,0.001773,-0.0015024,0.0023792,,0.0473808,0.021304
0.0030624,0.78765,0.5,1.5031,-0.034919,-0.024362,1.0497,0.78765,0.5,1.5031,0.0016663,-0.0010568,0.0012273,0.0020097,-0.0016454,0.0024489,,0.0489984,0.0196368
0.0031994,0.79591,0.5,1.5031,-0.032343,-0.026393,1.0465,0.79591,0.5,1.5031,0.0015859,-0.0010523,0.0011337,0.0022655,-0.0017803,0.0025474,,0.0511904,0.0181392
0.0033034,0.80416,0.5,1.5031,-0.030112,-0.027799,1.0437,0.80416,0.5,1.5031,0.0015325,-0.0010069,0.0010394,0.0025091,-0.0018518,0.0025653,,0.0528544,0.0166304
0.0033386,0.81242,0.5,1.5031,-0.02813,-0.028298,1.0417,0.81242,0.5,1.5031,0.0015091,-0.00090433,0.00093827,0.0027041,-0.0018139,0.0024641,,0.0534176,0.01501232
0.0033093,0.82068,0.5,1.5031,-0.026122,-0.027834,1.0398,0.82068,0.5,1.5031,0.0015189,-0.00074556,0.00084716,0.0027994,-0.0016896,0.0023004,,0.0529488,0.01355456
0.0032486,0.82893,0.5,1.5031,-0.023987,-0.026663,1.0383,0.82893,0.5,1.5031,0.0015654,-0.00055801,0.00078244,0.0027716,-0.001559,0.0021603,,0.0519776,0.01251904
0.0043414,0.030909,0.5,1.5407,0.0011478,0.011301,0.72012,0.030909,0.5,1.5407,0.00021093,0.00010149,-0.00039203,0.0024068,-0.00037413,0.006065,,0.0694624,-0.00627248
0.0056985,0.066184,0.5,1.5407,0.0030899,0.011149,0.82153,0.066184,0.5,1.5407,0.00060739,0.00026085,-0.00057495,0.0025768,0.00094145,0.0082128,,0.091176,-0.0091992
0.0050698,0.10006,0.5,1.5407,0.0028272,-0.0020931,0.87584,0.10006,0.5,1.5407,0.00083464,0.00046018,-0.00012859,0.0022879,0.0018728,0.0070172,,0.0811168,-0.00205744
0.0044559,0.13258,0.5,1.5407,0.00095253,-0.015284,0.93015,0.13258,0.5,1.5407,0.00066372,0.00039085,-0.0002527,0.001855,0.00044219,0.006393,,0.0712944,-0.0040432
0.0041311,0.16379,0.5,1.5407,0.0010272,-0.014248,0.97752,0.16379,0.5,1.5407,0.00042982,0.00013716,-0.00061296,0.0013519,-0.00065693,0.0064805,,0.0660976,-0.00980736
0.0025736,0.19372,0.5,1.5407,-0.00031829,-0.013489,1.0191,0.19372,0.5,1.5407,0.00049186,9.11E-05,-0.00020467,0.0010755,-0.00036391,0.0035798,,0.0411776,-0.00327472
0.001689,0.22242,0.5,1.5407,-0.0031233,-0.014163,1.0404,0.22242,0.5,1.5407,0.00058726,0.00015433,9.79E-05,0.00095365,0.00015902,0.0018371,,0.027024,0.00156632
0.0015584,0.24993,0.5,1.5407,-0.0056241,-0.013651,1.0567,0.24993,0.5,1.5407,0.00053498,0.00014831,-4.10E-05,0.0010826,8.42E-05,0.0014993,,0.0249344,-0.000655872
0.0014391,0.27629,0.5,1.5407,-0.0089198,-0.01646,1.0678,0.27629,0.5,1.5407,0.000481,5.99E-05,-0.00020878,0.00087951,0.00013537,0.0015177,,0.0230256,-0.00334048
0.0013506,0.30154,0.5,1.5407,-0.012076,-0.014242,1.065,0.30154,0.5,1.5407,0.00044172,5.02E-05,-0.0001132,0.0008991,0.00027352,0.0013604,,0.0216096,-0.0018112
0.0015306,0.32572,0.5,1.5407,-0.013076,-0.0078853,1.0586,0.32572,0.5,1.5407,0.00045523,0.00015626,-0.00027452,0.0011138,-0.00025323,0.0014922,,0.0244896,-0.00439232
0.0019101,0.34887,0.5,1.5407,-0.01358,-0.0080367,1.0673,0.34887,0.5,1.5407,0.00051925,0.00027173,-0.00029414,0.00099143,-0.00055051,0.0023094,,0.0305616,-0.00470624
0.0017905,0.37102,0.5,1.5407,-0.016578,-0.012776,1.0705,0.37102,0.5,1.5407,0.00054762,0.00033591,-0.00030978,0.00076478,-0.00052206,0.0022686,,0.028648,-0.00495648
0.0014217,0.39221,0.5,1.5407,-0.021344,-0.01756,1.0709,0.39221,0.5,1.5407,0.00059683,0.00039448,-0.00046692,0.00070954,-0.00049054,0.001537,,0.0227472,-0.00747072
0.00147,0.41248,0.5,1.5407,-0.02672,-0.017533,1.072,0.41248,0.5,1.5407,0.0007298,0.00038468,-0.000435,0.00066728,-0.00038954,0.0015429,,0.02352,-0.00696
0.0016185,0.43187,0.5,1.5407,-0.031361,-0.014017,1.073,0.43187,0.5,1.5407,0.00088406,0.00022058,-0.00031823,0.00056507,-0.00042608,0.0017878,,0.025896,-0.00509168
0.0017748,0.4504,0.5,1.5407,-0.033585,-0.011995,1.0757,0.4504,0.5,1.5407,0.0010013,7.79E-05,-0.0001067,0.00058153,-0.00047704,0.0019667,,0.0283968,-0.0017072
0.0019299,0.46812,0.5,1.5407,-0.033617,-0.010753,1.0727,0.46812,0.5,1.5407,0.0010741,-2.19E-05,-0.00025386,0.00060342,-0.00056021,0.0021823,,0.0308784,-0.00406176
0.0018391,0.48504,0.5,1.5407,-0.032542,-0.0094428,1.0714,0.48504,0.5,1.5407,0.0010951,-0.00010452,-0.00036038,0.00065312,-0.00059988,0.0019299,,0.0294256,-0.00576608
0.001666,0.50122,0.5,1.5407,-0.031188,-0.010587,1.0717,0.50122,0.5,1.5407,0.0010998,-0.00010472,-0.00036019,0.00077459,-0.00053054,0.0014576,,0.026656,-0.00576304
0.0014851,0.51667,0.5,1.5407,-0.031064,-0.012966,1.0782,0.51667,0.5,1.5407,0.0011156,-9.56E-05,-0.00019822,0.00082139,-0.00035464,0.0010331,,0.0237616,-0.00317152
0.0014329,0.53142,0.5,1.5407,-0.032656,-0.013087,1.0827,0.53142,0.5,1.5407,0.0011643,-0.00014276,-0.00010529,0.00086013,-0.00014809,0.00084144,,0.0229264,-0.00168464
0.0015502,0.54551,0.5,1.5407,-0.034387,-0.011491,1.0811,0.54551,0.5,1.5407,0.0012715,-0.00018194,-0.00030674,0.00087327,-9.37E-05,0.00095575,,0.0248032,-0.00490784
0.0018174,0.55896,0.5,1.5407,-0.035126,-0.0089594,1.0771,0.55896,0.5,1.5407,0.0013846,-0.00020837,-0.00026766,0.001041,-0.00032253,0.0012091,,0.0290784,-0.00428256
0.0021978,0.5718,0.5,1.5407,-0.03477,-0.0080424,1.0728,0.5718,0.5,1.5407,0.0014765,-0.0002134,-9.17E-05,0.0013525,-0.00061384,0.0015665,,0.0351648,-0.0014676
0.0023414,0.58405,0.5,1.5407,-0.033682,-0.0094336,1.0747,0.58405,0.5,1.5407,0.0015412,-0.00016532,2.24E-05,0.001583,-0.00067843,0.0015585,,0.0374624,0.00035768
0.0023,0.59575,0.5,1.5407,-0.032618,-0.011614,1.0781,0.59575,0.5,1.5407,0.0015677,-0.00013609,6.53E-05,0.001566,-0.00058892,0.0014662,,0.0368,0.001044944
0.0021216,0.6069,0.5,1.5407,-0.032025,-0.014704,1.0783,0.6069,0.5,1.5407,0.0015883,-0.00012047,6.38E-05,0.0013655,-0.00051491,0.0012895,,0.0339456,0.001020944
0.0018862,0.61755,0.5,1.5407,-0.032054,-0.017531,1.0789,0.61755,0.5,1.5407,0.0016251,-8.03E-05,0.00014731,0.0012334,-0.00033783,0.00091392,,0.0301792,0.00235696
0.0017962,0.6277,0.5,1.5407,-0.032461,-0.020153,1.0805,0.6277,0.5,1.5407,0.0016847,-5.17E-05,0.00026333,0.0011694,-0.0001782,0.00073836,,0.0287392,0.00421328
0.0017965,0.63738,0.5,1.5407,-0.032851,-0.023675,1.0792,0.63738,0.5,1.5407,0.001762,-8.42E-05,0.00038573,0.0010594,-0.00012785,0.00077154,,0.028744,0.00617168
0.0018606,0.64661,0.5,1.5407,-0.033292,-0.027522,1.0781,0.64661,0.5,1.5407,0.0018478,-0.00015925,0.00054157,0.00089922,-0.00011773,0.00097421,,0.0297696,0.00866512
0.0019472,0.65542,0.5,1.5407,-0.034153,-0.0307,1.0785,0.65542,0.5,1.5407,0.0019538,-0.00023362,0.00072291,0.00077052,-0.00012923,0.00117,,0.0311552,0.01156656
0.0020097,0.66381,0.5,1.5407,-0.035419,-0.032905,1.0789,0.66381,0.5,1.5407,0.0020882,-0.00028891,0.00086807,0.00064071,-0.00013732,0.0012905,,0.0321552,0.01388912
0.0019752,0.67207,0.5,1.5407,-0.036669,-0.035292,1.0788,0.67207,0.5,1.5407,0.0022526,-0.00031649,0.00093048,0.00051287,-0.0001711,0.0011848,,0.0316032,0.01488768
0.0019116,0.68032,0.5,1.5407,-0.037777,-0.038027,1.0785,0.68032,0.5,1.5407,0.0024345,-0.00032632,0.00091143,0.00042159,-0.00019263,0.00096703,,0.0305856,0.01458288
0.0019667,0.68858,0.5,1.5407,-0.038931,-0.039802,1.0781,0.68858,0.5,1.5407,0.0025909,-0.00034027,0.0009358,0.00038602,-0.00018594,0.0009565,,0.0314672,0.0149728
0.0020791,0.69683,0.5,1.5407,-0.040284,-0.039225,1.0769,0.69683,0.5,1.5407,0.0026921,-0.00039842,0.0010314,0.00041616,-0.00017213,0.00105,,0.0332656,0.0165024
0.0022047,0.70509,0.5,1.5407,-0.041769,-0.0367,1.0757,0.70509,0.5,1.5407,0.0027402,-0.00048248,0.0011301,0.00046333,-0.0001506,0.001206,,0.0352752,0.0180816
0.0023031,0.71335,0.5,1.5407,-0.043157,-0.033301,1.074,0.71335,0.5,1.5407,0.0027362,-0.00054513,0.0012167,0.00049383,-0.0001647,0.0013762,,0.0368496,0.0194672
0.0023715,0.7216,0.5,1.5407,-0.04415,-0.02952,1.0722,0.7216,0.5,1.5407,0.0026752,-0.00059657,0.0012777,0.00053024,-0.00024635,0.0015376,,0.037944,0.0204432
0.0024313,0.72986,0.5,1.5407,-0.044568,-0.026021,1.0701,0.72986,0.5,1.5407,0.0025633,-0.00064619,0.0013357,0.00060798,-0.00036821,0.0016914,,0.0389008,0.0213712
0.0025199,0.73811,0.5,1.5407,-0.044426,-0.023368,1.0679,0.73811,0.5,1.5407,0.0024183,-0.00070481,0.0013654,0.00075236,-0.00053145,0.001869,,0.0403184,0.0218464
0.0026822,0.74637,0.5,1.5407,-0.043809,-0.021664,1.0647,0.74637,0.5,1.5407,0.0022605,-0.0007811,0.0014461,0.0009587,-0.00077944,0.0021452,,0.0429152,0.0231376
0.0028367,0.75463,0.5,1.5407,-0.042835,-0.020653,1.0612,0.75463,0.5,1.5407,0.0021061,-0.00086552,0.0015163,0.0011941,-0.0010421,0.0023732,,0.0453872,0.0242608
0.0028909,0.76288,0.5,1.5407,-0.041501,-0.020268,1.0581,0.76288,0.5,1.5407,0.0019628,-0.00093568,0.001491,0.0014175,-0.0012275,0.0024015,,0.0462544,0.023856
0.0029092,0.77114,0.5,1.5407,-0.039635,-0.020767,1.0552,0.77114,0.5,1.5407,0.0018304,-0.00097702,0.001403,0.0016178,-0.0013813,0.0023702,,0.0465472,0.022448
0.0029705,0.7794,0.5,1.5407,-0.037223,-0.022339,1.0523,0.7794,0.5,1.5407,0.0017117,-0.00099732,0.0013054,0.0018158,-0.0015258,0.0024134,,0.047528,0.0208864
0.0030832,0.78765,0.5,1.5407,-0.034583,-0.024442,1.0492,0.78765,0.5,1.5407,0.001615,-0.001013,0.0012083,0.0020389,-0.0016777,0.0025126,,0.0493312,0.0193328
0.00322,0.79591,0.5,1.5407,-0.03211,-0.026388,1.0458,0.79591,0.5,1.5407,0.001546,-0.0010112,0.0011206,0.0022787,-0.0018105,0.0026154,,0.05152,0.0179296
0.0033098,0.80416,0.5,1.5407,-0.02999,-0.027673,1.0433,0.80416,0.5,1.5407,0.0015073,-0.00097072,0.0010217,0.0025148,-0.0018601,0.0025975,,0.0529568,0.0163472
0.0033402,0.81242,0.5,1.5407,-0.028089,-0.028094,1.0413,0.81242,0.5,1.5407,0.0015006,-0.00087321,0.0009139,0.002718,-0.0018047,0.0024618,,0.0534432,0.0146224
0.0033226,0.82068,0.5,1.5407,-0.026148,-0.027608,1.0393,0.82068,0.5,1.5407,0.0015262,-0.00071793,0.00082024,0.0028272,-0.0016817,0.0022917,,0.0531616,0.01312384
0.0032607,0.82893,0.5,1.5407,-0.024096,-0.02647,1.0379,0.82893,0.5,1.5407,0.0015847,-0.00053555,0.00075528,0.0027924,-0.0015515,0.0021444,,0.0521712,0.01208448
0.0044072,0.030909,0.5,1.5782,0.0011798,0.011346,0.72073,0.030909,0.5,1.5782,0.00022425,9.87E-05,-0.00038787,0.0025097,-0.000389,0.0060805,,0.0705152,-0.00620592
0.0057505,0.066184,0.5,1.5782,0.0030528,0.010919,0.82263,0.066184,0.5,1.5782,0.00062894,0.00028071,-0.00055773,0.0026712,0.00092496,0.0082009,,0.092008,-0.00892368
0.0050763,0.10006,0.5,1.5782,0.0027409,-0.0016985,0.87653,0.10006,0.5,1.5782,0.00084656,0.00048265,-0.00011421,0.0023156,0.0018355,0.0069905,,0.0812208,-0.00182736
0.0044717,0.13258,0.5,1.5782,0.0010465,-0.014461,0.92972,0.13258,0.5,1.5782,0.0006663,0.00039399,-0.00024211,0.0018485,0.00043952,0.0064286,,0.0715472,-0.00387376
0.004162,0.16379,0.5,1.5782,0.0011943,-0.014194,0.97748,0.16379,0.5,1.5782,0.00042442,0.00013821,-0.00060647,0.0013276,-0.00062224,0.006572,,0.066592,-0.00970352
0.002582,0.19372,0.5,1.5782,-0.00026991,-0.013751,1.0196,0.19372,0.5,1.5782,0.00048859,7.67E-05,-0.00020751,0.001064,-0.00037822,0.0036114,,0.041312,-0.00332016
0.0016854,0.22242,0.5,1.5782,-0.0031177,-0.014201,1.0411,0.22242,0.5,1.5782,0.00059058,0.0001451,9.68E-05,0.000957,0.00012828,0.0018233,,0.0269664,0.001548144
0.0015412,0.24993,0.5,1.5782,-0.0056772,-0.013619,1.0572,0.24993,0.5,1.5782,0.00053982,0.00016089,-3.90E-05,0.0010756,7.04E-05,0.001467,,0.0246592,-0.000624352
0.0014355,0.27629,0.5,1.5782,-0.0090078,-0.016577,1.0678,0.27629,0.5,1.5782,0.00049253,6.89E-05,-0.00019933,0.00087478,0.00013605,0.0015037,,0.022968,-0.00318928
0.0013559,0.30154,0.5,1.5782,-0.01216,-0.014333,1.0656,0.30154,0.5,1.5782,0.00046452,4.31E-05,-0.00010502,0.0009081,0.00026725,0.0013392,,0.0216944,-0.00168032
0.0015499,0.32572,0.5,1.5782,-0.013352,-0.0079825,1.0592,0.32572,0.5,1.5782,0.00047576,0.00014422,-0.00027463,0.0011349,-0.0002632,0.0014891,,0.0247984,-0.00439408
0.0019403,0.34887,0.5,1.5782,-0.014053,-0.0081373,1.0672,0.34887,0.5,1.5782,0.00052572,0.00027327,-0.0003033,0.001014,-0.00055395,0.0023408,,0.0310448,-0.0048528
0.0018182,0.37102,0.5,1.5782,-0.017032,-0.01288,1.0703,0.37102,0.5,1.5782,0.00054784,0.00035485,-0.00031527,0.00080515,-0.00053409,0.0022835,,0.0290912,-0.00504432
0.0014642,0.39221,0.5,1.5782,-0.021779,-0.017531,1.0709,0.39221,0.5,1.5782,0.0006006,0.00040822,-0.00047523,0.00074648,-0.00050116,0.0015813,,0.0234272,-0.00760368
0.0015114,0.41248,0.5,1.5782,-0.027225,-0.017172,1.0721,0.41248,0.5,1.5782,0.00075011,0.00038625,-0.00044108,0.00069502,-0.00039295,0.0015778,,0.0241824,-0.00705728
0.0016503,0.43187,0.5,1.5782,-0.031783,-0.013666,1.0728,0.43187,0.5,1.5782,0.00091072,0.00022746,-0.00031086,0.00059849,-0.00042541,0.0017915,,0.0264048,-0.00497376
0.0017986,0.4504,0.5,1.5782,-0.033784,-0.011794,1.0755,0.4504,0.5,1.5782,0.0010198,9.44E-05,-0.00011812,0.00060468,-0.00047515,0.0019727,,0.0287776,-0.00188992
0.0019588,0.46812,0.5,1.5782,-0.033669,-0.010395,1.0727,0.46812,0.5,1.5782,0.0010865,-1.57E-05,-0.00025736,0.00061428,-0.00056162,0.0022169,,0.0313408,-0.00411776
0.0018445,0.48504,0.5,1.5782,-0.03252,-0.0091974,1.0712,0.48504,0.5,1.5782,0.0011003,-0.0001075,-0.00035478,0.00066368,-0.00060821,0.0019249,,0.029512,-0.00567648
0.0016554,0.50122,0.5,1.5782,-0.031206,-0.010575,1.0716,0.50122,0.5,1.5782,0.0010997,-0.00010226,-0.00037184,0.0007837,-0.00053678,0.0014273,,0.0264864,-0.00594944
0.0014862,0.51667,0.5,1.5782,-0.03124,-0.012872,1.0785,0.51667,0.5,1.5782,0.0011163,-0.00010116,-0.00019619,0.00083436,-0.00034268,0.0010217,,0.0237792,-0.00313904
0.001445,0.53142,0.5,1.5782,-0.032926,-0.012857,1.0832,0.53142,0.5,1.5782,0.0011739,-0.00015441,-0.0001149,0.00086974,-0.00012715,0.00084637,,0.02312,-0.0018384
0.0015747,0.54551,0.5,1.5782,-0.034598,-0.011214,1.0813,0.54551,0.5,1.5782,0.0012926,-0.00019505,-0.00030802,0.00089352,-9.14E-05,0.00096323,,0.0251952,-0.00492832
0.0018503,0.55896,0.5,1.5782,-0.035205,-0.0087412,1.0764,0.55896,0.5,1.5782,0.0014098,-0.00021991,-0.00023526,0.0010864,-0.00036925,0.0012044,,0.0296048,-0.00376416
0.0021993,0.5718,0.5,1.5782,-0.034751,-0.0080448,1.0721,0.5718,0.5,1.5782,0.0014916,-0.00020631,-8.03E-05,0.0013905,-0.00067117,0.0015164,,0.0351888,-0.001285296
0.0023259,0.58405,0.5,1.5782,-0.033649,-0.0095677,1.0746,0.58405,0.5,1.5782,0.001549,-0.00014303,7.19E-06,0.0016041,-0.00068411,0.0014986,,0.0372144,0.00011507
0.0023044,0.59575,0.5,1.5782,-0.032635,-0.011763,1.0782,0.59575,0.5,1.5782,0.0015858,-0.00010693,5.43E-05,0.0015708,-0.00057092,0.0014522,,0.0368704,0.000868896
0.0021295,0.6069,0.5,1.5782,-0.032085,-0.014922,1.0784,0.6069,0.5,1.5782,0.0016219,-9.25E-05,7.35E-05,0.0013556,-0.00048334,0.0012815,,0.034072,0.001175808
0.001883,0.61755,0.5,1.5782,-0.032143,-0.017874,1.0793,0.61755,0.5,1.5782,0.0016623,-6.59E-05,0.00015957,0.001212,-0.00030689,0.00089178,,0.030128,0.00255312
0.0017884,0.6277,0.5,1.5782,-0.032595,-0.020579,1.0805,0.6277,0.5,1.5782,0.0017122,-4.30E-05,0.00028612,0.0011309,-0.00014752,0.00073372,,0.0286144,0.00457792
0.0018012,0.63738,0.5,1.5782,-0.03306,-0.024105,1.0788,0.63738,0.5,1.5782,0.0017875,-6.60E-05,0.00042921,0.0010048,-8.87E-05,0.00081006,,0.0288192,0.00686736
0.0018889,0.64661,0.5,1.5782,-0.03365,-0.027877,1.0775,0.64661,0.5,1.5782,0.0018843,-0.00013674,0.00058228,0.00083594,-9.44E-05,0.0010576,,0.0302224,0.00931648
0.001972,0.65542,0.5,1.5782,-0.034695,-0.030945,1.0782,0.65542,0.5,1.5782,0.0020013,-0.00021516,0.00073805,0.00071355,-0.0001229,0.0012293,,0.031552,0.0118088
0.0019934,0.66381,0.5,1.5782,-0.036054,-0.033213,1.079,0.66381,0.5,1.5782,0.002143,-0.00026553,0.00085246,0.0006,-0.00013928,0.0012439,,0.0318944,0.01363936
0.0019376,0.67207,0.5,1.5782,-0.037301,-0.035737,1.0794,0.67207,0.5,1.5782,0.0023104,-0.00028406,0.00088243,0.00049212,-0.00017219,0.0010727,,0.0310016,0.01411888
0.0019081,0.68032,0.5,1.5782,-0.038371,-0.038375,1.0792,0.68032,0.5,1.5782,0.0024851,-0.00029499,0.00086942,0.00042438,-0.00019184,0.00090665,,0.0305296,0.01391072
0.0020041,0.68858,0.5,1.5782,-0.039483,-0.039633,1.0784,0.68858,0.5,1.5782,0.0026268,-0.00032482,0.00094198,0.00040704,-0.00017407,0.00097442,,0.0320656,0.01507168
0.0021301,0.69683,0.5,1.5782,-0.040798,-0.038519,1.0771,0.69683,0.5,1.5782,0.0027138,-0.00040349,0.0010686,0.00044477,-0.00014313,0.0011016,,0.0340816,0.0170976
0.0022583,0.70509,0.5,1.5782,-0.04221,-0.035858,1.0758,0.70509,0.5,1.5782,0.0027484,-0.00049866,0.001181,0.00048725,-0.00011999,0.0012809,,0.0361328,0.018896
0.0023383,0.71335,0.5,1.5782,-0.043447,-0.032516,1.074,0.71335,0.5,1.5782,0.0027309,-0.00056986,0.0012606,0.00051019,-0.00015509,0.0014356,,0.0374128,0.0201696
0.002382,0.7216,0.5,1.5782,-0.044227,-0.028859,1.0721,0.7216,0.5,1.5782,0.002658,-0.00062605,0.0013103,0.00054247,-0.00025781,0.0015635,,0.038112,0.0209648
0.0024305,0.72986,0.5,1.5782,-0.044424,-0.025577,1.0699,0.72986,0.5,1.5782,0.0025343,-0.00066996,0.0013561,0.00061634,-0.00039074,0.0017103,,0.038888,0.0216976
0.0025299,0.73811,0.5,1.5782,-0.044107,-0.023113,1.0674,0.73811,0.5,1.5782,0.0023739,-0.00071898,0.0013871,0.00076369,-0.00057406,0.0019222,,0.0404784,0.0221936
0.0027019,0.74637,0.5,1.5782,-0.043375,-0.021493,1.064,0.74637,0.5,1.5782,0.0021988,-0.00078342,0.0014669,0.00098012,-0.00083341,0.0022249,,0.0432304,0.0234704
0.0028329,0.75463,0.5,1.5782,-0.042293,-0.020546,1.0608,0.75463,0.5,1.5782,0.002029,-0.00085046,0.0015059,0.001224,-0.0010773,0.0024128,,0.0453264,0.0240944
0.0028653,0.76288,0.5,1.5782,-0.040805,-0.020281,1.0579,0.76288,0.5,1.5782,0.0018741,-0.00089995,0.0014537,0.0014499,-0.0012486,0.0024066,,0.0458448,0.0232592
0.0028882,0.77114,0.5,1.5782,-0.038809,-0.020891,1.0549,0.77114,0.5,1.5782,0.0017396,-0.00092633,0.001359,0.0016479,-0.0014035,0.0023888,,0.0462112,0.021744
0.0029596,0.7794,0.5,1.5782,-0.036414,-0.022424,1.0518,0.7794,0.5,1.5782,0.0016323,-0.00094315,0.0012644,0.0018381,-0.0015534,0.0024489,,0.0473536,0.0202304
0.003081,0.78765,0.5,1.5782,-0.033943,-0.024366,1.0486,0.78765,0.5,1.5782,0.0015552,-0.00096197,0.0011754,0.002046,-0.0017094,0.0025609,,0.049296,0.0188064
0.003216,0.79591,0.5,1.5782,-0.031712,-0.026174,1.0453,0.79591,0.5,1.5782,0.0015056,-0.0009642,0.0010921,0.0022721,-0.0018308,0.0026543,,0.051456,0.0174736
0.0032959,0.80416,0.5,1.5782,-0.029822,-0.027409,1.043,0.80416,0.5,1.5782,0.0014829,-0.0009275,0.00099092,0.0025085,-0.0018569,0.0026003,,0.0527344,0.01585472
0.0033274,0.81242,0.5,1.5782,-0.028076,-0.027852,1.0411,0.81242,0.5,1.5782,0.0014895,-0.0008309,0.00088269,0.002726,-0.0017868,0.0024394,,0.0532384,0.01412304
0.0033185,0.82068,0.5,1.5782,-0.026198,-0.027405,1.0391,0.82068,0.5,1.5782,0.0015265,-0.00067461,0.00079104,0.0028446,-0.0016617,0.0022659,,0.053096,0.01265664
0.0032445,0.82893,0.5,1.5782,-0.024192,-0.026306,1.0376,0.82893,0.5,1.5782,0.0015912,-0.00049689,0.00072954,0.0027887,-0.0015271,0.002109,,0.051912,0.01167264
0.0044494,0.030909,0.5,1.6157,0.0012037,0.011366,0.72131,0.030909,0.5,1.6157,0.00024128,9.15E-05,-0.00040448,0.0025602,-0.00039595,0.0060972,,0.0711904,-0.00647168
0.0057605,0.066184,0.5,1.6157,0.0030136,0.010627,0.82375,0.066184,0.5,1.6157,0.0006545,0.00029786,-0.00055646,0.0027163,0.00090672,0.0081501,,0.092168,-0.00890336
0.0050593,0.10006,0.5,1.6157,0.002655,-0.0013498,0.87731,0.10006,0.5,1.6157,0.00084513,0.00051346,-9.30E-05,0.0023365,0.0017881,0.0069369,,0.0809488,-0.001488528
0.0045118,0.13258,0.5,1.6157,0.0011217,-0.013644,0.92933,0.13258,0.5,1.6157,0.00065309,0.00040835,-0.00021482,0.0018665,0.00043794,0.0065039,,0.0721888,-0.00343712
0.0042101,0.16379,0.5,1.6157,0.0013258,-0.014169,0.97735,0.16379,0.5,1.6157,0.00042027,0.00016203,-0.00059738,0.0013184,-0.00058639,0.0066815,,0.0673616,-0.00955808
0.0025868,0.19372,0.5,1.6157,-0.00026486,-0.014018,1.0199,0.19372,0.5,1.6157,0.00048696,8.67E-05,-0.0002199,0.0010596,-0.00040314,0.003627,,0.0413888,-0.0035184
0.0016874,0.22242,0.5,1.6157,-0.0031378,-0.01424,1.0418,0.22242,0.5,1.6157,0.00059216,0.00014032,8.98E-05,0.00098385,8.51E-05,0.0017988,,0.0269984,0.001437344
0.0015306,0.24993,0.5,1.6157,-0.0057271,-0.013569,1.0576,0.24993,0.5,1.6157,0.00053588,0.00016419,-4.28E-05,0.0010803,5.66E-05,0.0014451,,0.0244896,-0.000684224
0.0014238,0.27629,0.5,1.6157,-0.009089,-0.016648,1.0677,0.27629,0.5,1.6157,0.00048275,6.78E-05,-0.0001919,0.00085209,0.00015143,0.0015127,,0.0227808,-0.0030704
0.0013383,0.30154,0.5,1.6157,-0.012233,-0.014393,1.0662,0.30154,0.5,1.6157,0.00046549,3.55E-05,-9.33E-05,0.00088274,0.00026842,0.0013284,,0.0214128,-0.001492864
0.0015267,0.32572,0.5,1.6157,-0.013594,-0.0080826,1.0598,0.32572,0.5,1.6157,0.0004776,0.0001359,-0.00025848,0.0011233,-0.00027487,0.0014525,,0.0244272,-0.00413568
0.0019338,0.34887,0.5,1.6157,-0.014491,-0.0082604,1.0671,0.34887,0.5,1.6157,0.00050615,0.00027383,-0.00029928,0.0010271,-0.00056561,0.0023344,,0.0309408,-0.00478848
0.0018294,0.37102,0.5,1.6157,-0.017488,-0.012964,1.0702,0.37102,0.5,1.6157,0.00053198,0.00036141,-0.0003266,0.00083932,-0.00055395,0.0022876,,0.0292704,-0.0052256
0.0015078,0.39221,0.5,1.6157,-0.022244,-0.017462,1.071,0.39221,0.5,1.6157,0.00062319,0.0004147,-0.00049737,0.00075715,-0.00050635,0.0016352,,0.0241248,-0.00795792
0.001556,0.41248,0.5,1.6157,-0.027721,-0.016824,1.0722,0.41248,0.5,1.6157,0.00079766,0.00038688,-0.0004476,0.00068148,-0.00038858,0.0016329,,0.024896,-0.0071616
0.0016725,0.43187,0.5,1.6157,-0.032139,-0.01337,1.0726,0.43187,0.5,1.6157,0.00093384,0.000229,-0.00029659,0.00059892,-0.00041935,0.0018123,,0.02676,-0.00474544
0.0017983,0.4504,0.5,1.6157,-0.033919,-0.011606,1.0753,0.4504,0.5,1.6157,0.0010087,0.00010464,-0.00014537,0.00061087,-0.00047266,0.001977,,0.0287728,-0.00232592
0.0019579,0.46812,0.5,1.6157,-0.033694,-0.010043,1.0727,0.46812,0.5,1.6157,0.0010745,-1.08E-05,-0.00028349,0.00061606,-0.00056207,0.0022251,,0.0313264,-0.00453584
0.0018474,0.48504,0.5,1.6157,-0.032495,-0.0090102,1.0709,0.48504,0.5,1.6157,0.0011031,-0.00010455,-0.00035767,0.00067591,-0.00061094,0.0019158,,0.0295584,-0.00572272
0.0016507,0.50122,0.5,1.6157,-0.031235,-0.010611,1.0715,0.50122,0.5,1.6157,0.0011072,-9.71E-05,-0.0003752,0.00078958,-0.00054398,0.0014046,,0.0264112,-0.0060032
0.0014802,0.51667,0.5,1.6157,-0.031442,-0.012795,1.0787,0.51667,0.5,1.6157,0.0011228,-0.00010703,-0.00018335,0.0008279,-0.00034035,0.0010097,,0.0236832,-0.0029336
0.0014516,0.53142,0.5,1.6157,-0.033229,-0.01263,1.0837,0.53142,0.5,1.6157,0.0011842,-0.00016795,-0.00010889,0.00086681,-0.00011727,0.00085214,,0.0232256,-0.00174224
0.0015987,0.54551,0.5,1.6157,-0.034836,-0.010923,1.0813,0.54551,0.5,1.6157,0.0013012,-0.00020959,-0.00028973,0.00091778,-0.00010039,0.00097841,,0.0255792,-0.00463568
0.001893,0.55896,0.5,1.6157,-0.035306,-0.0085572,1.0756,0.55896,0.5,1.6157,0.0014194,-0.00022946,-0.00020014,0.0011312,-0.00040146,0.0012355,,0.030288,-0.00320224
0.0022032,0.5718,0.5,1.6157,-0.034752,-0.0081014,1.0715,0.5718,0.5,1.6157,0.0015029,-0.00019976,-7.92E-05,0.0014127,-0.00069073,0.0014908,,0.0352512,-0.00126728
0.0022857,0.58405,0.5,1.6157,-0.033653,-0.0097236,1.0745,0.58405,0.5,1.6157,0.0015596,-0.00012792,-3.03E-05,0.0015886,-0.00068698,0.0014233,,0.0365712,-0.000484192
0.0022806,0.59575,0.5,1.6157,-0.032707,-0.011943,1.0782,0.59575,0.5,1.6157,0.001611,-8.74E-05,2.08E-05,0.0015277,-0.00057119,0.0014224,,0.0364896,0.000333168
0.0021248,0.6069,0.5,1.6157,-0.032185,-0.015197,1.0784,0.6069,0.5,1.6157,0.0016674,-6.26E-05,6.92E-05,0.0013102,-0.00045998,0.0012719,,0.0339968,0.001107776
0.0018839,0.61755,0.5,1.6157,-0.032232,-0.018259,1.0795,0.61755,0.5,1.6157,0.0017126,-4.05E-05,0.00017689,0.001164,-0.00027773,0.00089125,,0.0301424,0.00283024
0.0017843,0.6277,0.5,1.6157,-0.032703,-0.021036,1.0804,0.6277,0.5,1.6157,0.0017483,-3.41E-05,0.00031969,0.001063,-0.00013765,0.0007573,,0.0285488,0.00511504
0.0017965,0.63738,0.5,1.6157,-0.033254,-0.024534,1.0783,0.63738,0.5,1.6157,0.0018125,-6.31E-05,0.00047001,0.0009313,-8.90E-05,0.00084915,,0.028744,0.00752016
0.0019056,0.64661,0.5,1.6157,-0.033992,-0.028175,1.0771,0.64661,0.5,1.6157,0.0019176,-0.00013328,0.00061365,0.00078167,-9.46E-05,0.0011119,,0.0304896,0.0098184
0.0019831,0.65542,0.5,1.6157,-0.035167,-0.031162,1.0781,0.65542,0.5,1.6157,0.0020462,-0.00021151,0.00073889,0.00068013,-0.00012178,0.0012399,,0.0317296,0.01182224
0.0019624,0.66381,0.5,1.6157,-0.036559,-0.033552,1.0793,0.66381,0.5,1.6157,0.0021916,-0.00025837,0.00081245,0.00057981,-0.00013638,0.0011533,,0.0313984,0.0129992
0.0019051,0.67207,0.5,1.6157,-0.037763,-0.036178,1.0801,0.67207,0.5,1.6157,0.0023558,-0.00027531,0.00081888,0.00047861,-0.00016466,0.00097586,,0.0304816,0.01310208
0.0019143,0.68032,0.5,1.6157,-0.038772,-0.038649,1.0797,0.68032,0.5,1.6157,0.0025243,-0.00029691,0.00083531,0.00042146,-0.00018605,0.00088284,,0.0306288,0.01336496
0.0020449,0.68858,0.5,1.6157,-0.039838,-0.039479,1.0786,0.68858,0.5,1.6157,0.0026669,-0.00034924,0.00095603,0.00042053,-0.00017486,0.0010024,,0.0327184,0.01529648
0.0021864,0.69683,0.5,1.6157,-0.041106,-0.038077,1.0773,0.69683,0.5,1.6157,0.0027619,-0.00044149,0.0011073,0.00046565,-0.00014086,0.0011451,,0.0349824,0.0177168
0.0023068,0.70509,0.5,1.6157,-0.042441,-0.03541,1.0759,0.70509,0.5,1.6157,0.0027957,-0.00053367,0.0012297,0.00050332,-0.00012194,0.0013145,,0.0369088,0.0196752
0.0023622,0.71335,0.5,1.6157,-0.043556,-0.032049,1.074,0.71335,0.5,1.6157,0.0027604,-0.00059957,0.001299,0.00052113,-0.00017197,0.0014429,,0.0377952,0.020784
0.0023899,0.7216,0.5,1.6157,-0.044183,-0.028352,1.072,0.7216,0.5,1.6157,0.0026605,-0.00064804,0.0013384,0.00055242,-0.00028159,0.001567,,0.0382384,0.0214144
0.0024373,0.72986,0.5,1.6157,-0.044216,-0.025047,1.0697,0.72986,0.5,1.6157,0.0025122,-0.00068332,0.0013722,0.00062881,-0.0004229,0.0017335,,0.0389968,0.0219552
0.0025491,0.73811,0.5,1.6157,-0.043742,-0.022512,1.0668,0.73811,0.5,1.6157,0.0023343,-0.0007296,0.0014015,0.00078425,-0.0006299,0.0019796,,0.0407856,0.022424
0.0027185,0.74637,0.5,1.6157,-0.042906,-0.020832,1.0633,0.74637,0.5,1.6157,0.0021457,-0.00078954,0.0014717,0.0010076,-0.00090038,0.0022837,,0.043496,0.0235472
0.0028204,0.75463,0.5,1.6157,-0.041796,-0.019949,1.0604,0.75463,0.5,1.6157,0.0019644,-0.00084229,0.0014802,0.0012527,-0.0011284,0.0024238,,0.0451264,0.0236832
0.0028418,0.76288,0.5,1.6157,-0.040331,-0.019891,1.0576,0.76288,0.5,1.6157,0.0018012,-0.00087265,0.0014132,0.0014783,-0.0012907,0.0024041,,0.0454688,0.0226112
0.0028723,0.77114,0.5,1.6157,-0.038397,-0.020746,1.0545,0.77114,0.5,1.6157,0.0016654,-0.00088585,0.0013197,0.0016746,-0.0014476,0.0024046,,0.0459568,0.0211152
0.0029489,0.7794,0.5,1.6157,-0.036104,-0.022417,1.0513,0.7794,0.5,1.6157,0.001564,-0.00089918,0.0012308,0.0018565,-0.0016033,0.0024772,,0.0471824,0.0196928
0.0030722,0.78765,0.5,1.6157,-0.033762,-0.024368,1.048,0.78765,0.5,1.6157,0.0014948,-0.00091986,0.0011482,0.0020507,-0.0017595,0.0025989,,0.0491552,0.0183712
0.0031979,0.79591,0.5,1.6157,-0.031658,-0.026109,1.0449,0.79591,0.5,1.6157,0.0014521,-0.00092476,0.0010649,0.0022666,-0.0018605,0.0026771,,0.0511664,0.0170384
0.0032645,0.80416,0.5,1.6157,-0.029848,-0.027269,1.0428,0.80416,0.5,1.6157,0.0014353,-0.00088883,0.00096138,0.002505,-0.0018569,0.0025889,,0.052232,0.01538208
0.003294,0.81242,0.5,1.6157,-0.028127,-0.027675,1.041,0.81242,0.5,1.6157,0.0014462,-0.00079,0.00085562,0.0027347,-0.0017661,0.0024073,,0.052704,0.01368992
0.0032834,0.82068,0.5,1.6157,-0.026274,-0.027219,1.0389,0.82068,0.5,1.6157,0.0014849,-0.00063353,0.00076865,0.0028561,-0.0016318,0.0022259,,0.0525344,0.0122984
0.0031843,0.82893,0.5,1.6157,-0.024344,-0.026145,1.0375,0.82893,0.5,1.6157,0.001549,-0.00046506,0.00071369,0.0027689,-0.0014899,0.0020507,,0.0509488,0.01141904
0.004439,0.030909,0.5,1.653,0.0012379,0.011342,0.72185,0.030909,0.5,1.653,0.00023907,7.35E-05,-0.00038865,0.0025494,-0.00038363,0.0060896,,0.071024,-0.0062184
0.0057228,0.066184,0.5,1.653,0.0029981,0.010258,0.82489,0.066184,0.5,1.653,0.00064897,0.00029231,-0.00052967,0.0027429,0.0008884,0.0080536,,0.0915648,-0.00847472
0.0050547,0.10006,0.5,1.653,0.0025901,-0.0010831,0.8782,0.10006,0.5,1.653,0.00083732,0.00054034,-6.94E-05,0.0023846,0.0017368,0.0068874,,0.0808752,-0.00110968
0.0045905,0.13258,0.5,1.653,0.0011813,-0.012851,0.92901,0.13258,0.5,1.653,0.00064862,0.00043466,-0.00018545,0.0019005,0.00045308,0.0066319,,0.073448,-0.0029672
0.0042849,0.16379,0.5,1.653,0.0014083,-0.014151,0.97718,0.16379,0.5,1.653,0.0004223,0.00017795,-0.00058219,0.0013445,-0.00054081,0.0068029,,0.0685584,-0.00931504
0.0025956,0.19372,0.5,1.653,-0.00030659,-0.01429,1.0201,0.19372,0.5,1.653,0.00049361,8.57E-05,-0.00022741,0.0010688,-0.00042374,0.0036288,,0.0415296,-0.00363856
0.0016873,0.22242,0.5,1.653,-0.0031889,-0.014263,1.0423,0.22242,0.5,1.653,0.00059898,0.00012858,8.45E-05,0.0010031,3.09E-05,0.0017726,,0.0269968,0.001351232
0.0015315,0.24993,0.5,1.653,-0.0057945,-0.013511,1.058,0.24993,0.5,1.653,0.00052455,0.00015633,-4.33E-05,0.0011009,3.54E-05,0.0014376,,0.024504,-0.000692992
0.0014159,0.27629,0.5,1.653,-0.0091795,-0.016728,1.0676,0.27629,0.5,1.653,0.00046152,6.22E-05,-0.00019143,0.0008438,0.00018032,0.0015265,,0.0226544,-0.00306288
0.0013235,0.30154,0.5,1.653,-0.012303,-0.01445,1.0668,0.30154,0.5,1.653,0.0004666,2.93E-05,-8.68E-05,0.00085951,0.00027794,0.0013208,,0.021176,-0.001389296
0.0014952,0.32572,0.5,1.653,-0.013807,-0.0082015,1.0603,0.32572,0.5,1.653,0.00048531,0.00013719,-0.00024598,0.0011026,-0.00028915,0.0014024,,0.0239232,-0.00393568
0.0019157,0.34887,0.5,1.653,-0.014906,-0.0083999,1.067,0.34887,0.5,1.653,0.00048938,0.00028171,-0.00029781,0.0010311,-0.0005757,0.0023109,,0.0306512,-0.00476496
0.0018318,0.37102,0.5,1.653,-0.017975,-0.013006,1.0701,0.37102,0.5,1.653,0.00051262,0.00036345,-0.0003456,0.00084727,-0.00057576,0.0023036,,0.0293088,-0.0055296
0.0015234,0.39221,0.5,1.653,-0.022752,-0.01735,1.0711,0.39221,0.5,1.653,0.00063585,0.00040892,-0.00052953,0.00072518,-0.0005081,0.0016858,,0.0243744,-0.00847248
0.0015672,0.41248,0.5,1.653,-0.028195,-0.016485,1.0722,0.41248,0.5,1.653,0.00082807,0.00037226,-0.00044989,0.00063361,-0.00036971,0.0016727,,0.0250752,-0.00719824
0.0016831,0.43187,0.5,1.653,-0.03243,-0.013094,1.0723,0.43187,0.5,1.653,0.00094975,0.0002219,-0.00028079,0.00057511,-0.00041532,0.0018413,,0.0269296,-0.00449264
0.0017927,0.4504,0.5,1.653,-0.034019,-0.011376,1.0753,0.4504,0.5,1.653,0.0010053,0.000103,-0.00017118,0.00060206,-0.00047969,0.0019781,,0.0286832,-0.00273888
0.0019411,0.46812,0.5,1.653,-0.033716,-0.0096619,1.0727,0.46812,0.5,1.653,0.0010669,-1.52E-05,-0.00030821,0.00061703,-0.00057079,0.0021982,,0.0310576,-0.00493136
0.0018451,0.48504,0.5,1.653,-0.032472,-0.0088526,1.0707,0.48504,0.5,1.653,0.0011025,-0.00010155,-0.00036171,0.00069816,-0.00062156,0.0018896,,0.0295216,-0.00578736
0.0016497,0.50122,0.5,1.653,-0.031272,-0.010651,1.0715,0.50122,0.5,1.653,0.0011116,-9.76E-05,-0.00037909,0.0008115,-0.00055099,0.0013762,,0.0263952,-0.00606544
0.0014795,0.51667,0.5,1.653,-0.031659,-0.012694,1.0791,0.51667,0.5,1.653,0.0011356,-0.00012303,-0.00018599,0.00084298,-0.00034286,0.0009804,,0.023672,-0.00297584
0.0014783,0.53142,0.5,1.653,-0.033534,-0.012398,1.0842,0.53142,0.5,1.653,0.0012096,-0.00019019,-0.00011116,0.00088925,-0.00011269,0.00085774,,0.0236528,-0.00177856
0.0016386,0.54551,0.5,1.653,-0.03507,-0.01065,1.0812,0.54551,0.5,1.653,0.0013286,-0.00023224,-0.0002636,0.00095895,-0.00011814,0.00098957,,0.0262176,-0.0042176
0.0019436,0.55896,0.5,1.653,-0.035419,-0.0084327,1.0749,0.55896,0.5,1.653,0.0014405,-0.00024444,-0.00017072,0.0011734,-0.00043287,0.0012733,,0.0310976,-0.00273152
0.0022339,0.5718,0.5,1.653,-0.034775,-0.008223,1.071,0.5718,0.5,1.653,0.0015196,-0.00019547,-8.20E-05,0.0014274,-0.00067528,0.0015208,,0.0357424,-0.001311808
0.0022689,0.58405,0.5,1.653,-0.033694,-0.0099237,1.0745,0.58405,0.5,1.653,0.0015721,-0.00011859,-5.53E-05,0.0015655,-0.00066942,0.0014003,,0.0363024,-0.000885152
0.0022505,0.59575,0.5,1.653,-0.032838,-0.012188,1.0782,0.59575,0.5,1.653,0.0016258,-8.12E-05,-9.50E-08,0.0014786,-0.00058302,0.0013967,,0.036008,-1.51971E-06
0.0021025,0.6069,0.5,1.653,-0.032359,-0.015542,1.0783,0.6069,0.5,1.653,0.0016945,-4.47E-05,7.56E-05,0.0012616,-0.00046647,0.0012488,,0.03364,0.001208912
0.0018833,0.61755,0.5,1.653,-0.032397,-0.018648,1.0796,0.61755,0.5,1.653,0.0017508,-1.76E-05,0.00021555,0.0011126,-0.00026379,0.00090312,,0.0301328,0.0034488
0.001796,0.6277,0.5,1.653,-0.03288,-0.021466,1.0801,0.6277,0.5,1.653,0.0017849,-2.43E-05,0.00037427,0.00099643,-0.00012576,0.00081061,,0.028736,0.00598832
0.001801,0.63738,0.5,1.653,-0.033527,-0.024957,1.0778,0.63738,0.5,1.653,0.0018404,-6.55E-05,0.00050464,0.00086535,-9.22E-05,0.00089631,,0.028816,0.00807424
0.0019123,0.64661,0.5,1.653,-0.034423,-0.028471,1.0769,0.64661,0.5,1.653,0.0019461,-0.00013818,0.00061673,0.0007389,-8.90E-05,0.0011397,,0.0305968,0.00986768
0.0019736,0.65542,0.5,1.653,-0.035717,-0.031392,1.0783,0.65542,0.5,1.653,0.0020795,-0.000214,0.00070386,0.00065096,-0.00010979,0.0012167,,0.0315776,0.01126176
0.0019187,0.66381,0.5,1.653,-0.037123,-0.033908,1.0799,0.66381,0.5,1.653,0.0022228,-0.00025961,0.00074349,0.00055164,-0.00013056,0.0010629,,0.0306992,0.01189584
0.001882,0.67207,0.5,1.653,-0.038278,-0.03658,1.0807,0.67207,0.5,1.653,0.0023775,-0.00027964,0.00075659,0.00045691,-0.00015926,0.00092949,,0.030112,0.01210544
0.0019255,0.68032,0.5,1.653,-0.039261,-0.038748,1.0799,0.68032,0.5,1.653,0.002534,-0.00031186,0.0008236,0.00041746,-0.00018154,0.0008994,,0.030808,0.0131776
0.0020641,0.68858,0.5,1.653,-0.04034,-0.039033,1.0786,0.68858,0.5,1.653,0.002671,-0.00038158,0.00097429,0.00043563,-0.00018669,0.0010215,,0.0330256,0.01558864
0.0021993,0.69683,0.5,1.653,-0.041594,-0.037301,1.0775,0.69683,0.5,1.653,0.0027673,-0.00048083,0.001122,0.00048212,-0.00016466,0.0011492,,0.0351888,0.017952
0.0022976,0.70509,0.5,1.653,-0.042816,-0.034587,1.0761,0.70509,0.5,1.653,0.002795,-0.00056494,0.001234,0.00051077,-0.00015583,0.0012894,,0.0367616,0.019744
0.0023367,0.71335,0.5,1.653,-0.043717,-0.031245,1.0741,0.71335,0.5,1.653,0.0027405,-0.00061862,0.0012951,0.0005231,-0.0002133,0.0014098,,0.0373872,0.0207216
0.0023678,0.7216,0.5,1.653,-0.044089,-0.027687,1.0719,0.7216,0.5,1.653,0.0026178,-0.00065074,0.0013394,0.00055446,-0.00031501,0.0015633,,0.0378848,0.0214304
0.0024243,0.72986,0.5,1.653,-0.043909,-0.02458,1.0694,0.72986,0.5,1.653,0.0024548,-0.00067138,0.0013682,0.00063851,-0.00045304,0.0017553,,0.0387888,0.0218912
0.0025494,0.73811,0.5,1.653,-0.043307,-0.022198,1.0662,0.73811,0.5,1.653,0.0022719,-0.00071161,0.0013978,0.00080673,-0.00067586,0.0020202,,0.0407904,0.0223648
0.0027123,0.74637,0.5,1.653,-0.042406,-0.020676,1.0628,0.74637,0.5,1.653,0.0020847,-0.00076878,0.0014582,0.0010361,-0.00095169,0.0023038,,0.0433968,0.0233312
0.002796,0.75463,0.5,1.653,-0.041218,-0.019979,1.0602,0.75463,0.5,1.653,0.001906,-0.00081515,0.0014466,0.0012804,-0.0011681,0.0024056,,0.044736,0.0231456
0.0028215,0.76288,0.5,1.653,-0.039634,-0.020075,1.0573,0.76288,0.5,1.653,0.0017436,-0.00083601,0.0013758,0.0015033,-0.0013301,0.0023961,,0.045144,0.0220128
0.0028637,0.77114,0.5,1.653,-0.037641,-0.020959,1.0541,0.77114,0.5,1.653,0.0016095,-0.00084369,0.0012866,0.0016951,-0.0014908,0.0024228,,0.0458192,0.0205856
0.0029481,0.7794,0.5,1.653,-0.035435,-0.022492,1.0507,0.7794,0.5,1.653,0.0015129,-0.00085853,0.0012066,0.0018688,-0.0016482,0.0025145,,0.0471696,0.0193056
0.003071,0.78765,0.5,1.653,-0.033296,-0.024244,1.0474,0.78765,0.5,1.653,0.0014486,-0.00088356,0.0011298,0.0020528,-0.0017955,0.0026407,,0.049136,0.0180768
0.003183,0.79591,0.5,1.653,-0.031425,-0.025867,1.0446,0.79591,0.5,1.653,0.0014082,-0.00089278,0.0010439,0.0022667,-0.0018735,0.0026911,,0.050928,0.0167024
0.0032349,0.80416,0.5,1.653,-0.029808,-0.027012,1.0428,0.80416,0.5,1.653,0.0013899,-0.00086094,0.00093493,0.0025186,-0.0018472,0.0025613,,0.0517584,0.01495888
0.0032586,0.81242,0.5,1.653,-0.028205,-0.027454,1.0409,0.81242,0.5,1.653,0.0013955,-0.0007669,0.00082741,0.0027635,-0.001745,0.0023582,,0.0521376,0.01323856
0.0032344,0.82068,0.5,1.653,-0.026413,-0.027025,1.0388,0.82068,0.5,1.653,0.0014277,-0.00062037,0.00074235,0.0028717,-0.0016065,0.0021693,,0.0517504,0.0118776
0.0031025,0.82893,0.5,1.653,-0.024555,-0.025985,1.0375,0.82893,0.5,1.653,0.0014887,-0.00046905,0.00069464,0.0027381,-0.0014532,0.0019783,,0.04964,0.01111424
0.0044274,0.030909,0.5,1.6903,0.0013288,0.011286,0.72238,0.030909,0.5,1.6903,0.00024593,4.12E-05,-0.00038479,0.0025533,-0.00034453,0.0060556,,0.0708384,-0.00615664
0.0056982,0.066184,0.5,1.6903,0.0030394,0.0098485,0.8261,0.066184,0.5,1.6903,0.00066452,0.00026843,-0.00051812,0.0028101,0.0008686,0.0079218,,0.0911712,-0.00828992
0.0050672,0.10006,0.5,1.6903,0.0025141,-0.00084739,0.87925,0.10006,0.5,1.6903,0.00083997,0.00054966,-5.17E-05,0.0024612,0.0016867,0.0068333,,0.0810752,-0.000827024
0.004667,0.13258,0.5,1.6903,0.0012114,-0.012054,0.92876,0.13258,0.5,1.6903,0.00064221,0.00044509,-0.00016371,0.0019149,0.00049799,0.0067768,,0.074672,-0.00261936
0.0043632,0.16379,0.5,1.6903,0.0014893,-0.014118,0.97696,0.16379,0.5,1.6903,0.00042695,0.000174,-0.00057624,0.0013705,-0.00046981,0.0069289,,0.0698112,-0.00921984
0.0026049,0.19372,0.5,1.6903,-0.00033186,-0.01458,1.0202,0.19372,0.5,1.6903,0.00050189,7.10E-05,-0.00024748,0.0010871,-0.00041135,0.0036208,,0.0416784,-0.00395968
0.0016899,0.22242,0.5,1.6903,-0.0032187,-0.014266,1.0427,0.22242,0.5,1.6903,0.0006129,0.00012023,7.37E-05,0.00099838,-8.38E-06,0.0017686,,0.0270384,0.001178832
0.0015574,0.24993,0.5,1.6903,-0.0058379,-0.013419,1.0583,0.24993,0.5,1.6903,0.00053097,0.00014837,-3.76E-05,0.0011139,1.31E-05,0.00147,,0.0249184,-0.000601392
0.0014338,0.27629,0.5,1.6903,-0.0092598,-0.016807,1.0675,0.27629,0.5,1.6903,0.00045707,5.44E-05,-0.00019411,0.00086473,0.0002083,0.0015458,,0.0229408,-0.00310576
0.0013325,0.30154,0.5,1.6903,-0.012382,-0.014477,1.0674,0.30154,0.5,1.6903,0.00047452,2.92E-05,-8.64E-05,0.00086925,0.00028314,0.0013213,,0.02132,-0.001383152
0.001489,0.32572,0.5,1.6903,-0.014003,-0.008308,1.0608,0.32572,0.5,1.6903,0.00049484,0.00014798,-0.00024202,0.0010996,-0.00031245,0.0013836,,0.023824,-0.00387232
0.0019164,0.34887,0.5,1.6903,-0.015301,-0.0085286,1.0668,0.34887,0.5,1.6903,0.00048904,0.0002926,-0.00029852,0.0010348,-0.00058133,0.0023089,,0.0306624,-0.00477632
0.0018431,0.37102,0.5,1.6903,-0.018489,-0.013022,1.0699,0.37102,0.5,1.6903,0.00050724,0.00036557,-0.00035392,0.00085007,-0.00058659,0.0023288,,0.0294896,-0.00566272
0.0015266,0.39221,0.5,1.6903,-0.023283,-0.017227,1.0712,0.39221,0.5,1.6903,0.00062581,0.00039416,-0.00055646,0.00070268,-0.0005113,0.0017247,,0.0244256,-0.00890336
0.0015519,0.41248,0.5,1.6903,-0.028639,-0.016171,1.0721,0.41248,0.5,1.6903,0.00081618,0.00034177,-0.00046124,0.00060628,-0.00035567,0.0016813,,0.0248304,-0.00737984
0.0016845,0.43187,0.5,1.6903,-0.032683,-0.01282,1.0721,0.43187,0.5,1.6903,0.00094666,0.00020391,-0.00027159,0.00056489,-0.00042511,0.0018575,,0.026952,-0.00434544
0.0017937,0.4504,0.5,1.6903,-0.034122,-0.011088,1.0753,0.4504,0.5,1.6903,0.0010111,9.26E-05,-0.00017512,0.00059983,-0.00048982,0.0019765,,0.0286992,-0.00280192
0.0019398,0.46812,0.5,1.6903,-0.033764,-0.0092606,1.0726,0.46812,0.5,1.6903,0.0010767,-2.22E-05,-0.00031178,0.00063047,-0.00057578,0.0021724,,0.0310368,-0.00498848
0.0018542,0.48504,0.5,1.6903,-0.032482,-0.0086927,1.0704,0.48504,0.5,1.6903,0.0011085,-9.93E-05,-0.00035228,0.00072952,-0.00063967,0.0018704,,0.0296672,-0.00563648
0.0016516,0.50122,0.5,1.6903,-0.031357,-0.01064,1.0716,0.50122,0.5,1.6903,0.0011052,-0.00010576,-0.00037244,0.00084783,-0.00055771,0.0013501,,0.0264256,-0.00595904
0.0014847,0.51667,0.5,1.6903,-0.031927,-0.012546,1.0795,0.51667,0.5,1.6903,0.0011291,-0.00014524,-0.00019584,0.00089287,-0.00034333,0.0009475,,0.0237552,-0.00313344
0.0015152,0.53142,0.5,1.6903,-0.033855,-0.01216,1.0846,0.53142,0.5,1.6903,0.0012162,-0.00021041,-0.00012393,0.00094644,-0.00011029,0.00086768,,0.0242432,-0.00198288
0.0016816,0.54551,0.5,1.6903,-0.035283,-0.010404,1.081,0.54551,0.5,1.6903,0.0013512,-0.00025166,-0.0002333,0.0010169,-0.00014127,0.00099502,,0.0269056,-0.0037328
0.001981,0.55896,0.5,1.6903,-0.035514,-0.0083594,1.0743,0.55896,0.5,1.6903,0.0014641,-0.00025979,-0.00013819,0.0012233,-0.00048785,0.0012746,,0.031696,-0.00221104
0.002264,0.5718,0.5,1.6903,-0.034809,-0.0083621,1.0707,0.5718,0.5,1.6903,0.0015316,-0.00019034,-8.76E-05,0.0014539,-0.00068186,0.0015426,,0.036224,-0.00140128
0.0022785,0.58405,0.5,1.6903,-0.033764,-0.010113,1.0745,0.58405,0.5,1.6903,0.0015777,-0.00010421,-6.98E-05,0.0015678,-0.00065026,0.0014115,,0.036456,-0.00111712
0.0022444,0.59575,0.5,1.6903,-0.033002,-0.012465,1.0781,0.59575,0.5,1.6903,0.0016336,-7.24E-05,-5.37E-06,0.0014674,-0.00058012,0.0013879,,0.0359104,-8.59568E-05
0.0020898,0.6069,0.5,1.6903,-0.03256,-0.015955,1.0782,0.6069,0.5,1.6903,0.0017107,-3.86E-05,9.25E-05,0.001245,-0.00047104,0.0012238,,0.0334368,0.001480048
0.0018923,0.61755,0.5,1.6903,-0.032578,-0.019085,1.0796,0.61755,0.5,1.6903,0.0017829,-1.43E-05,0.00026267,0.0010851,-0.00025207,0.00091645,,0.0302768,0.00420272
0.0018361,0.6277,0.5,1.6903,-0.033059,-0.02191,1.0798,0.6277,0.5,1.6903,0.001835,-2.55E-05,0.00044336,0.00095941,-9.83E-05,0.00087788,,0.0293776,0.00709376
0.0018378,0.63738,0.5,1.6903,-0.033783,-0.02537,1.0774,0.63738,0.5,1.6903,0.0018979,-7.21E-05,0.00054409,0.00082758,-7.45E-05,0.00095014,,0.0294048,0.00870544
0.0019294,0.64661,0.5,1.6903,-0.034811,-0.028755,1.0768,0.64661,0.5,1.6903,0.0020057,-0.00014624,0.00060567,0.00070869,-6.67E-05,0.0011444,,0.0308704,0.00969072
0.0019712,0.65542,0.5,1.6903,-0.036179,-0.03163,1.0787,0.65542,0.5,1.6903,0.0021409,-0.00021624,0.00065612,0.00062096,-9.16E-05,0.0011805,,0.0315392,0.01049792
0.0019048,0.66381,0.5,1.6903,-0.037553,-0.034262,1.0804,0.66381,0.5,1.6903,0.0022807,-0.00025744,0.00068249,0.00052128,-0.00013569,0.0010077,,0.0304768,0.01091984
0.0019023,0.67207,0.5,1.6903,-0.038643,-0.036922,1.081,0.67207,0.5,1.6903,0.0024214,-0.000281,0.00072764,0.00044545,-0.00016754,0.00093774,,0.0304368,0.01164224
0.00197,0.68032,0.5,1.6903,-0.039606,-0.038755,1.0799,0.68032,0.5,1.6903,0.0025565,-0.00032699,0.00084915,0.0004326,-0.00017335,0.00095091,,0.03152,0.0135864
0.0020931,0.68858,0.5,1.6903,-0.040705,-0.038653,1.0787,0.68858,0.5,1.6903,0.002676,-0.00041508,0.0010038,0.00046656,-0.00017716,0.0010436,,0.0334896,0.0160608
0.002209,0.69683,0.5,1.6903,-0.041923,-0.036846,1.0777,0.69683,0.5,1.6903,0.0027612,-0.00051739,0.0011272,0.00050877,-0.00016443,0.001148,,0.035344,0.0180352
0.0022885,0.70509,0.5,1.6903,-0.042992,-0.034202,1.0763,0.70509,0.5,1.6903,0.0027765,-0.00059198,0.0012288,0.00052864,-0.00017484,0.0012719,,0.036616,0.0196608
0.0023234,0.71335,0.5,1.6903,-0.043681,-0.030855,1.0741,0.71335,0.5,1.6903,0.0027053,-0.00063653,0.0012938,0.00053797,-0.00025173,0.0014036,,0.0371744,0.0207008
0.0023617,0.7216,0.5,1.6903,-0.043865,-0.027293,1.0717,0.7216,0.5,1.6903,0.0025666,-0.00065961,0.0013436,0.00057149,-0.00035379,0.0015854,,0.0377872,0.0214976
0.0024261,0.72986,0.5,1.6903,-0.043547,-0.024115,1.0691,0.72986,0.5,1.6903,0.0023931,-0.00067444,0.001365,0.00066951,-0.00049301,0.0017895,,0.0388176,0.02184
0.002558,0.73811,0.5,1.6903,-0.04284,-0.02162,1.0657,0.73811,0.5,1.6903,0.0022065,-0.00070996,0.0013947,0.00085496,-0.00072262,0.0020545,,0.040928,0.0223152
0.0027063,0.74637,0.5,1.6903,-0.04187,-0.020097,1.0624,0.74637,0.5,1.6903,0.002021,-0.00075818,0.0014387,0.0010896,-0.00098841,0.002302,,0.0433008,0.0230192
0.0027791,0.75463,0.5,1.6903,-0.040659,-0.019536,1.06,0.75463,0.5,1.6903,0.0018475,-0.00079293,0.0014121,0.0013292,-0.0011922,0.0023814,,0.0444656,0.0225936
0.0028179,0.76288,0.5,1.6903,-0.039131,-0.019827,1.057,0.76288,0.5,1.6903,0.0016932,-0.00080478,0.0013451,0.0015424,-0.0013557,0.0024001,,0.0450864,0.0215216
0.0028752,0.77114,0.5,1.6903,-0.037283,-0.020866,1.0536,0.77114,0.5,1.6903,0.0015686,-0.0008097,0.0012646,0.0017233,-0.0015156,0.0024584,,0.0460032,0.0202336
0.0029679,0.7794,0.5,1.6903,-0.035248,-0.022454,1.0501,0.7794,0.5,1.6903,0.0014795,-0.00082546,0.0011946,0.0018868,-0.0016674,0.0025695,,0.0474864,0.0191136
0.0030835,0.78765,0.5,1.6903,-0.033251,-0.024197,1.0469,0.78765,0.5,1.6903,0.0014196,-0.00085108,0.0011215,0.0020628,-0.0017992,0.0026845,,0.049336,0.017944
0.0031739,0.79591,0.5,1.6903,-0.031472,-0.025784,1.0444,0.79591,0.5,1.6903,0.0013816,-0.00086087,0.0010315,0.0022776,-0.0018533,0.0026886,,0.0507824,0.016504
0.0032088,0.80416,0.5,1.6903,-0.029887,-0.026883,1.0429,0.80416,0.5,1.6903,0.0013649,-0.00083041,0.00091563,0.0025418,-0.0018088,0.0025109,,0.0513408,0.01465008
0.0032271,0.81242,0.5,1.6903,-0.028289,-0.027285,1.041,0.81242,0.5,1.6903,0.0013721,-0.00074044,0.00080459,0.0027931,-0.001702,0.0022891,,0.0516336,0.01287344
0.0031909,0.82068,0.5,1.6903,-0.026554,-0.026842,1.0387,0.82068,0.5,1.6903,0.0014064,-0.00060679,0.00072186,0.0028773,-0.0015648,0.0020981,,0.0510544,0.01154976
0.0030327,0.82893,0.5,1.6903,-0.024829,-0.025862,1.0376,0.82893,0.5,1.6903,0.0014704,-0.00047584,0.00068492,0.0026947,-0.0014024,0.0019003,,0.0485232,0.01095872
0.0044643,0.030909,0.5,1.7275,0.0014341,0.01123,0.72291,0.030909,0.5,1.7275,0.00026982,2.50E-05,-0.00040597,0.0026231,-0.00030744,0.0060357,,0.0714288,-0.00649552
0.0056953,0.066184,0.5,1.7275,0.0030725,0.0094139,0.82743,0.066184,0.5,1.7275,0.00071808,0.00025672,-0.00052663,0.0029084,0.0008385,0.0077642,,0.0911248,-0.00842608
0.0050563,0.10006,0.5,1.7275,0.0024109,-0.00063493,0.88053,0.10006,0.5,1.7275,0.00087828,0.00055195,-3.42E-05,0.0025151,0.0016363,0.0067192,,0.0809008,-0.000546768
0.0047302,0.13258,0.5,1.7275,0.0012408,-0.011252,0.9286,0.13258,0.5,1.7275,0.00064972,0.00044139,-0.00015586,0.0019042,0.00055673,0.0069066,,0.0756832,-0.00249376
0.0044375,0.16379,0.5,1.7275,0.0015819,-0.014087,0.9767,0.16379,0.5,1.7275,0.00042867,0.00015978,-0.0005821,0.001377,-0.00038336,0.0070693,,0.071,-0.0093136
0.0026079,0.19372,0.5,1.7275,-0.00033306,-0.014882,1.0203,0.19372,0.5,1.7275,0.00050259,5.73E-05,-0.00027399,0.0011098,-0.00037599,0.0036034,,0.0417264,-0.00438384
0.0016935,0.22242,0.5,1.7275,-0.0032155,-0.014276,1.043,0.22242,0.5,1.7275,0.00062202,0.00012174,5.63E-05,0.00098224,-2.06E-05,0.0017827,,0.027096,0.000900512
0.0015941,0.24993,0.5,1.7275,-0.0058551,-0.013326,1.0584,0.24993,0.5,1.7275,0.00055349,0.00015048,-2.83E-05,0.0010938,2.61E-06,0.001541,,0.0255056,-0.000453472
0.0014586,0.27629,0.5,1.7275,-0.0093221,-0.016854,1.0673,0.27629,0.5,1.7275,0.00047513,4.66E-05,-0.00019557,0.00088014,0.00021956,0.001562,,0.0233376,-0.00312912
0.0013362,0.30154,0.5,1.7275,-0.012443,-0.014483,1.0679,0.30154,0.5,1.7275,0.00048284,2.60E-05,-8.67E-05,0.00087337,0.00026776,0.0013163,,0.0213792,-0.001387424
0.0014892,0.32572,0.5,1.7275,-0.014183,-0.0084291,1.0612,0.32572,0.5,1.7275,0.00049862,0.00015111,-0.00022863,0.0010893,-0.00034405,0.0013904,,0.0238272,-0.00365808
0.0019329,0.34887,0.5,1.7275,-0.015691,-0.0086595,1.0665,0.34887,0.5,1.7275,0.00050173,0.00030074,-0.00029322,0.0010407,-0.00059187,0.0023233,,0.0309264,-0.00469152
0.0018726,0.37102,0.5,1.7275,-0.018981,-0.013017,1.0698,0.37102,0.5,1.7275,0.00052973,0.00037677,-0.00035673,0.00087889,-0.0005955,0.0023366,,0.0299616,-0.00570768
0.0015508,0.39221,0.5,1.7275,-0.02377,-0.017069,1.0713,0.39221,0.5,1.7275,0.00062841,0.00038735,-0.00057051,0.00073041,-0.00051744,0.0017428,,0.0248128,-0.00912816
0.0015493,0.41248,0.5,1.7275,-0.029045,-0.015854,1.072,0.41248,0.5,1.7275,0.00079806,0.00031804,-0.00047308,0.00061932,-0.00035656,0.0016812,,0.0247888,-0.00756928
0.0016884,0.43187,0.5,1.7275,-0.032912,-0.012568,1.0719,0.43187,0.5,1.7275,0.00094369,0.00019146,-0.00027242,0.00057437,-0.00044191,0.0018587,,0.0270144,-0.00435872
0.0018039,0.4504,0.5,1.7275,-0.034212,-0.010816,1.0753,0.4504,0.5,1.7275,0.0010334,9.26E-05,-0.00018721,0.00060709,-0.00049015,0.0019673,,0.0288624,-0.00299536
0.0019577,0.46812,0.5,1.7275,-0.033795,-0.0089119,1.0725,0.46812,0.5,1.7275,0.0011042,-1.45E-05,-0.00031652,0.00065392,-0.0005664,0.0021573,,0.0313232,-0.00506432
0.0018799,0.48504,0.5,1.7275,-0.032487,-0.0085844,1.0702,0.48504,0.5,1.7275,0.0011258,-8.43E-05,-0.0003336,0.00076352,-0.00065049,0.0018705,,0.0300784,-0.0053376
0.0016714,0.50122,0.5,1.7275,-0.031466,-0.010636,1.0718,0.50122,0.5,1.7275,0.0011173,-0.00010091,-0.00035637,0.00088009,-0.00055462,0.0013454,,0.0267424,-0.00570192
0.0015016,0.51667,0.5,1.7275,-0.032221,-0.012398,1.08,0.51667,0.5,1.7275,0.0011393,-0.00015604,-0.00019337,0.00093905,-0.00033235,0.00092477,,0.0240256,-0.00309392
0.0015454,0.53142,0.5,1.7275,-0.034198,-0.01192,1.0849,0.53142,0.5,1.7275,0.0012235,-0.00022307,-0.0001323,0.00099864,-0.00011926,0.0008686,,0.0247264,-0.0021168
0.0017265,0.54551,0.5,1.7275,-0.035519,-0.010157,1.0807,0.54551,0.5,1.7275,0.001373,-0.000265,-0.00020285,0.0010791,-0.00018008,0.0010009,,0.027624,-0.0032456
0.0020179,0.55896,0.5,1.7275,-0.035622,-0.0083299,1.0738,0.55896,0.5,1.7275,0.0014957,-0.0002756,-9.25E-05,0.0012916,-0.00056182,0.0012486,,0.0322864,-0.001479296
0.0022768,0.5718,0.5,1.7275,-0.034857,-0.0085529,1.0706,0.5718,0.5,1.7275,0.0015463,-0.00018952,-8.57E-05,0.0014965,-0.00072905,0.0015107,,0.0364288,-0.001371424
0.0022822,0.58405,0.5,1.7275,-0.033867,-0.010327,1.0745,0.58405,0.5,1.7275,0.0015824,-8.77E-05,-8.47E-05,0.0015785,-0.00064956,0.0014035,,0.0365152,-0.001354864
0.002245,0.59575,0.5,1.7275,-0.033191,-0.012771,1.0779,0.59575,0.5,1.7275,0.0016441,-5.68E-05,-2.89E-06,0.0014637,-0.00055789,0.0013822,,0.03592,-4.62224E-05
0.0020831,0.6069,0.5,1.7275,-0.03277,-0.016372,1.0779,0.6069,0.5,1.7275,0.0017229,-3.55E-05,0.00011548,0.0012345,-0.00044824,0.0012088,,0.0333296,0.00184768
0.001897,0.61755,0.5,1.7275,-0.032764,-0.019493,1.0794,0.61755,0.5,1.7275,0.0017997,-2.32E-05,0.00030323,0.0010668,-0.00023584,0.00092745,,0.030352,0.00485168
0.0018745,0.6277,0.5,1.7275,-0.03325,-0.022315,1.0794,0.6277,0.5,1.7275,0.0018702,-3.30E-05,0.00051127,0.00094137,-7.53E-05,0.00093739,,0.029992,0.00818032
0.0018809,0.63738,0.5,1.7275,-0.034071,-0.025751,1.0772,0.63738,0.5,1.7275,0.0019543,-7.44E-05,0.00058974,0.0008096,-5.40E-05,0.00099786,,0.0300944,0.00943584
0.0019373,0.64661,0.5,1.7275,-0.035241,-0.029038,1.0771,0.64661,0.5,1.7275,0.0020725,-0.0001413,0.00059785,0.00068339,-4.31E-05,0.0011187,,0.0309968,0.0095656
0.0019522,0.65542,0.5,1.7275,-0.036683,-0.031879,1.0793,0.65542,0.5,1.7275,0.0022083,-0.0002011,0.00060427,0.00058265,-7.24E-05,0.0011135,,0.0312352,0.00966832
0.0018952,0.66381,0.5,1.7275,-0.038026,-0.034589,1.0809,0.66381,0.5,1.7275,0.0023409,-0.00023846,0.00061954,0.00048553,-0.0001393,0.00096397,,0.0303232,0.00991264
0.0019327,0.67207,0.5,1.7275,-0.039063,-0.037153,1.081,0.67207,0.5,1.7275,0.0024666,-0.00026703,0.00070661,0.00043715,-0.00017652,0.00096161,,0.0309232,0.01130576
0.0020198,0.68032,0.5,1.7275,-0.040039,-0.038571,1.0798,0.68032,0.5,1.7275,0.002584,-0.00032561,0.00087653,0.0004513,-0.00016339,0.0010044,,0.0323168,0.01402448
0.0021195,0.68858,0.5,1.7275,-0.041185,-0.038066,1.0788,0.68858,0.5,1.7275,0.0026851,-0.00042576,0.0010257,0.00049169,-0.00015183,0.0010622,,0.033912,0.0164112
0.0022127,0.69683,0.5,1.7275,-0.042364,-0.036144,1.078,0.69683,0.5,1.7275,0.0027496,-0.00052848,0.0011298,0.00052425,-0.00014031,0.0011515,,0.0354032,0.0180768
0.0022808,0.70509,0.5,1.7275,-0.043255,-0.033463,1.0764,0.70509,0.5,1.7275,0.0027446,-0.00060258,0.0012312,0.00053841,-0.00017194,0.0012787,,0.0364928,0.0196992
0.0023194,0.71335,0.5,1.7275,-0.043692,-0.030101,1.074,0.71335,0.5,1.7275,0.0026569,-0.00064946,0.0013031,0.00055134,-0.00027081,0.0014306,,0.0371104,0.0208496
0.0023678,0.7216,0.5,1.7275,-0.043635,-0.02665,1.0714,0.7216,0.5,1.7275,0.0025076,-0.0006726,0.0013528,0.00059282,-0.00038084,0.001635,,0.0378848,0.0216448
0.002441,0.72986,0.5,1.7275,-0.04314,-0.023608,1.0688,0.72986,0.5,1.7275,0.0023292,-0.00068639,0.0013672,0.00070644,-0.00053324,0.0018463,,0.039056,0.0218752
0.0025738,0.73811,0.5,1.7275,-0.042337,-0.021287,1.0652,0.73811,0.5,1.7275,0.0021426,-0.00071442,0.0013925,0.00090487,-0.00076684,0.0021002,,0.0411808,0.02228
0.0027052,0.74637,0.5,1.7275,-0.04132,-0.020023,1.0622,0.74637,0.5,1.7275,0.001959,-0.00074608,0.0014139,0.0011401,-0.0010135,0.0023113,,0.0432832,0.0226224
0.0027697,0.75463,0.5,1.7275,-0.040055,-0.019721,1.0598,0.75463,0.5,1.7275,0.0017871,-0.00076384,0.001374,0.0013715,-0.0012037,0.0023809,,0.0443152,0.021984
0.0028178,0.76288,0.5,1.7275,-0.038467,-0.020153,1.0566,0.76288,0.5,1.7275,0.0016382,-0.00076867,0.0013122,0.0015729,-0.0013662,0.0024246,,0.0450848,0.0209952
0.0028864,0.77114,0.5,1.7275,-0.036622,-0.021147,1.0531,0.77114,0.5,1.7275,0.0015253,-0.00077832,0.001243,0.0017448,-0.0015191,0.0025026,,0.0461824,0.019888
0.0029858,0.7794,0.5,1.7275,-0.034697,-0.022525,1.0496,0.7794,0.5,1.7275,0.001449,-0.00080259,0.0011842,0.0019041,-0.0016571,0.0026184,,0.0477728,0.0189472
0.0030946,0.78765,0.5,1.7275,-0.032883,-0.024038,1.0466,0.78765,0.5,1.7275,0.0013984,-0.00083282,0.001114,0.0020801,-0.0017699,0.0027106,,0.0495136,0.017824
0.0031701,0.79591,0.5,1.7275,-0.031291,-0.025504,1.0444,0.79591,0.5,1.7275,0.0013671,-0.00084252,0.0010198,0.0023044,-0.001808,0.0026686,,0.0507216,0.0163168
0.0031976,0.80416,0.5,1.7275,-0.029853,-0.026615,1.0431,0.80416,0.5,1.7275,0.0013589,-0.00080959,0.00089991,0.0025844,-0.0017566,0.0024519,,0.0511616,0.01439856
0.0032147,0.81242,0.5,1.7275,-0.028365,-0.027092,1.0411,0.81242,0.5,1.7275,0.0013783,-0.00071936,0.00079074,0.0028339,-0.0016506,0.0022173,,0.0514352,0.01265184
0.0031653,0.82068,0.5,1.7275,-0.026729,-0.026727,1.0388,0.82068,0.5,1.7275,0.0014246,-0.00059295,0.00071523,0.0028787,-0.0015131,0.0020274,,0.0506448,0.01144368
0.0029825,0.82893,0.5,1.7275,-0.025129,-0.025845,1.0376,0.82893,0.5,1.7275,0.0014939,-0.0004725,0.00068941,0.0026419,-0.0013437,0.0018291,,0.04772,0.01103056
0.0045098,0.030909,0.5,1.7646,0.0014502,0.011207,0.72343,0.030909,0.5,1.7646,0.00028532,8.57E-06,-0.00041913,0.0026934,-0.00028546,0.0060409,,0.0721568,-0.00670608
0.0056575,0.066184,0.5,1.7646,0.0029807,0.0090114,0.82888,0.066184,0.5,1.7646,0.00076143,0.00025197,-0.00052522,0.0029512,0.0007868,0.0076024,,0.09052,-0.00840352
0.0049971,0.10006,0.5,1.7646,0.0022708,-0.00044734,0.88201,0.10006,0.5,1.7646,0.00092243,0.00056117,-3.00E-05,0.002505,0.0015672,0.0065668,,0.0799536,-0.000479744
0.0047899,0.13258,0.5,1.7646,0.001297,-0.010514,0.92853,0.13258,0.5,1.7646,0.00066028,0.00043214,-0.00015806,0.0018993,0.00061502,0.0070202,,0.0766384,-0.00252896
0.0045065,0.16379,0.5,1.7646,0.0016627,-0.014084,0.97644,0.16379,0.5,1.7646,0.0004208,0.0001499,-0.00056876,0.0013826,-0.0002944,0.0072097,,0.072104,-0.00910016
0.0026068,0.19372,0.5,1.7646,-0.0003593,-0.015155,1.0203,0.19372,0.5,1.7646,0.0004996,5.45E-05,-0.00028548,0.0011256,-0.00035041,0.0035884,,0.0417088,-0.00456768
0.0016996,0.22242,0.5,1.7646,-0.0032004,-0.014281,1.0432,0.22242,0.5,1.7646,0.00063488,0.0001222,3.23E-05,0.00096971,-2.74E-05,0.0017945,,0.0271936,0.000517248
0.0016163,0.24993,0.5,1.7646,-0.0058415,-0.013259,1.0585,0.24993,0.5,1.7646,0.00057661,0.00015566,-2.19E-05,0.0010507,1.69E-06,0.0016053,,0.0258608,-0.000350432
0.0014566,0.27629,0.5,1.7646,-0.0093628,-0.016887,1.0672,0.27629,0.5,1.7646,0.00048687,4.64E-05,-0.00018579,0.00085823,0.00022456,0.0015681,,0.0233056,-0.00297264
0.001323,0.30154,0.5,1.7646,-0.012486,-0.014485,1.0685,0.30154,0.5,1.7646,0.00049319,2.28E-05,-8.50E-05,0.0008444,0.00024789,0.0013084,,0.021168,-0.001359712
0.0014747,0.32572,0.5,1.7646,-0.01434,-0.0085693,1.0615,0.32572,0.5,1.7646,0.00051325,0.00014325,-0.00020468,0.0010606,-0.00036958,0.0013756,,0.0235952,-0.00327488
0.0019372,0.34887,0.5,1.7646,-0.01606,-0.0088196,1.0662,0.34887,0.5,1.7646,0.00051394,0.00029876,-0.00028567,0.0010409,-0.00061146,0.0023197,,0.0309952,-0.00457072
0.0018999,0.37102,0.5,1.7646,-0.019444,-0.013016,1.0697,0.37102,0.5,1.7646,0.0005545,0.00038986,-0.00037508,0.0009124,-0.00061851,0.002333,,0.0303984,-0.00600128
0.0015871,0.39221,0.5,1.7646,-0.024227,-0.016883,1.0714,0.39221,0.5,1.7646,0.00065921,0.00039836,-0.00058288,0.00077175,-0.00052775,0.0017432,,0.0253936,-0.00932608
0.0015694,0.41248,0.5,1.7646,-0.029434,-0.01554,1.0719,0.41248,0.5,1.7646,0.00081523,0.00032147,-0.0004726,0.00063632,-0.00035995,0.0016873,,0.0251104,-0.0075616
0.0016902,0.43187,0.5,1.7646,-0.033126,-0.012343,1.0717,0.43187,0.5,1.7646,0.000951,0.0001981,-0.00026974,0.00057564,-0.00045075,0.0018539,,0.0270432,-0.00431584
0.0017926,0.4504,0.5,1.7646,-0.034269,-0.010579,1.0754,0.4504,0.5,1.7646,0.0010356,0.00010261,-0.00021499,0.00060625,-0.00048814,0.0019433,,0.0286816,-0.00343984
0.0019499,0.46812,0.5,1.7646,-0.033793,-0.0086183,1.0724,0.46812,0.5,1.7646,0.0011007,-1.05E-06,-0.00033721,0.00067534,-0.00055846,0.0021238,,0.0311984,-0.00539536
0.0018947,0.48504,0.5,1.7646,-0.032501,-0.0085057,1.0699,0.48504,0.5,1.7646,0.0011307,-6.75E-05,-0.00032698,0.00079826,-0.00064881,0.0018605,,0.0303152,-0.00523168
0.0016872,0.50122,0.5,1.7646,-0.031623,-0.010636,1.072,0.50122,0.5,1.7646,0.0011406,-9.49E-05,-0.00033989,0.00089592,-0.00053498,0.0013379,,0.0269952,-0.00543824
0.0015063,0.51667,0.5,1.7646,-0.032545,-0.012279,1.0805,0.51667,0.5,1.7646,0.0011647,-0.00016735,-0.00017058,0.00093933,-0.00030325,0.00090868,,0.0241008,-0.00272928
0.0015445,0.53142,0.5,1.7646,-0.034537,-0.01172,1.0851,0.53142,0.5,1.7646,0.0012322,-0.00024275,-0.0001215,0.00099762,-0.00013157,0.00085913,,0.024712,-0.001944
0.0017417,0.54551,0.5,1.7646,-0.03574,-0.0099375,1.0802,0.54551,0.5,1.7646,0.0013688,-0.00028182,-0.00017043,0.001106,-0.0002287,0.0010087,,0.0278672,-0.00272688
0.0020362,0.55896,0.5,1.7646,-0.035698,-0.0083323,1.0733,0.55896,0.5,1.7646,0.001496,-0.00028625,-5.02E-05,0.0013305,-0.00061249,0.0012459,,0.0325792,-0.000803648
0.0022596,0.5718,0.5,1.7646,-0.034887,-0.0087573,1.0706,0.5718,0.5,1.7646,0.0015475,-0.00018655,-8.28E-05,0.0015056,-0.00076567,0.001466,,0.0361536,-0.001325376
0.0022599,0.58405,0.5,1.7646,-0.033988,-0.010506,1.0745,0.58405,0.5,1.7646,0.001585,-7.14E-05,-0.00010555,0.0015558,-0.00066207,0.0013789,,0.0361584,-0.0016888
0.0022384,0.59575,0.5,1.7646,-0.033395,-0.013046,1.0775,0.59575,0.5,1.7646,0.001663,-3.48E-05,-1.19E-05,0.0014354,-0.00053697,0.0013785,,0.0358144,-0.00019048
0.0020819,0.6069,0.5,1.7646,-0.03296,-0.016766,1.0775,0.6069,0.5,1.7646,0.0017518,-2.21E-05,0.00012599,0.0012114,-0.00040624,0.0012007,,0.0333104,0.00201584
0.0019003,0.61755,0.5,1.7646,-0.032916,-0.019908,1.079,0.61755,0.5,1.7646,0.0018275,-2.25E-05,0.00033435,0.0010363,-0.00021445,0.00093684,,0.0304048,0.0053496
0.0018938,0.6277,0.5,1.7646,-0.033422,-0.02274,1.079,0.6277,0.5,1.7646,0.0019087,-3.51E-05,0.00056912,0.00090414,-7.08E-05,0.00097483,,0.0303008,0.00910592
0.0019083,0.63738,0.5,1.7646,-0.034345,-0.026113,1.0773,0.63738,0.5,1.7646,0.0020178,-7.62E-05,0.0006313,0.00077035,-5.81E-05,0.0010284,,0.0305328,0.0101008
0.0019333,0.64661,0.5,1.7646,-0.035625,-0.029287,1.0777,0.64661,0.5,1.7646,0.0021542,-0.00013623,0.0005829,0.00064027,-4.73E-05,0.0010722,,0.0309328,0.0093264
0.0019225,0.65542,0.5,1.7646,-0.037079,-0.032096,1.0801,0.65542,0.5,1.7646,0.0022947,-0.00018602,0.00053235,0.00053411,-7.20E-05,0.0010162,,0.03076,0.0085176
0.0018924,0.66381,0.5,1.7646,-0.038338,-0.034851,1.0812,0.66381,0.5,1.7646,0.0024218,-0.00022432,0.00055155,0.0004503,-0.00014734,0.00091278,,0.0302784,0.0088248
0.0019671,0.67207,0.5,1.7646,-0.039305,-0.037263,1.0808,0.67207,0.5,1.7646,0.0025361,-0.00026562,0.00069408,0.0004306,-0.00019325,0.00096761,,0.0314736,0.01110528
0.0020652,0.68032,0.5,1.7646,-0.040289,-0.038302,1.0798,0.68032,0.5,1.7646,0.002639,-0.00034096,0.0008994,0.0004655,-0.0001762,0.0010259,,0.0330432,0.0143904
0.00214,0.68858,0.5,1.7646,-0.041437,-0.037589,1.0791,0.68858,0.5,1.7646,0.002718,-0.00044778,0.0010378,0.00050533,-0.00015045,0.0010568,,0.03424,0.0166048
0.0022066,0.69683,0.5,1.7646,-0.042504,-0.03573,1.0782,0.69683,0.5,1.7646,0.0027492,-0.00054608,0.0011307,0.00052864,-0.00013763,0.0011354,,0.0353056,0.0180912
0.0022639,0.70509,0.5,1.7646,-0.043194,-0.033092,1.0763,0.70509,0.5,1.7646,0.0027104,-0.00061884,0.0012336,0.00054252,-0.00018681,0.0012749,,0.0362224,0.0197376
0.0023093,0.71335,0.5,1.7646,-0.04344,-0.029732,1.0737,0.71335,0.5,1.7646,0.0026004,-0.00066481,0.0013068,0.00056522,-0.00029704,0.0014531,,0.0369488,0.0209088
0.0023726,0.7216,0.5,1.7646,-0.043254,-0.026281,1.0712,0.7216,0.5,1.7646,0.002444,-0.00068507,0.0013537,0.0006235,-0.00041439,0.0016777,,0.0379616,0.0216592
0.0024586,0.72986,0.5,1.7646,-0.042678,-0.023169,1.0684,0.72986,0.5,1.7646,0.0022695,-0.00069501,0.0013649,0.00075503,-0.00058422,0.0018926,,0.0393376,0.0218384
0.0025913,0.73811,0.5,1.7646,-0.04181,-0.020818,1.0648,0.73811,0.5,1.7646,0.0020891,-0.00071185,0.0013877,0.00095967,-0.00082008,0.0021339,,0.0414608,0.0222032
0.0027083,0.74637,0.5,1.7646,-0.040735,-0.019634,1.062,0.74637,0.5,1.7646,0.0019073,-0.00072547,0.0013909,0.0011895,-0.0010501,0.0023197,,0.0433328,0.0222544
0.0027691,0.75463,0.5,1.7646,-0.039465,-0.019463,1.0596,0.75463,0.5,1.7646,0.0017341,-0.00072927,0.0013444,0.0014112,-0.0012304,0.0023928,,0.0443056,0.0215104
0.002822,0.76288,0.5,1.7646,-0.037996,-0.020012,1.0562,0.76288,0.5,1.7646,0.0015871,-0.00073213,0.0012862,0.0016039,-0.0013884,0.0024529,,0.045152,0.0205792
0.0028928,0.77114,0.5,1.7646,-0.036363,-0.021047,1.0526,0.77114,0.5,1.7646,0.0014814,-0.00075038,0.0012208,0.0017719,-0.0015315,0.0025324,,0.0462848,0.0195328
0.0029899,0.7794,0.5,1.7646,-0.034639,-0.022407,1.0491,0.7794,0.5,1.7646,0.001413,-0.00078513,0.0011638,0.0019322,-0.0016534,0.0026345,,0.0478384,0.0186208
0.0030907,0.78765,0.5,1.7646,-0.032953,-0.023915,1.0464,0.78765,0.5,1.7646,0.0013677,-0.00082046,0.0010907,0.002113,-0.001743,0.0027007,,0.0494512,0.0174512
0.0031589,0.79591,0.5,1.7646,-0.031407,-0.025401,1.0446,0.79591,0.5,1.7646,0.0013403,-0.00082953,0.00099209,0.0023471,-0.0017612,0.0026304,,0.0505424,0.01587344
0.003184,0.80416,0.5,1.7646,-0.029949,-0.026538,1.0433,0.80416,0.5,1.7646,0.0013374,-0.0007925,0.0008714,0.0026358,-0.0016979,0.0023949,,0.050944,0.0139424
0.0031967,0.81242,0.5,1.7646,-0.028442,-0.027036,1.0412,0.81242,0.5,1.7646,0.001365,-0.0007012,0.00076879,0.0028721,-0.001587,0.0021564,,0.0511472,0.01230064
0.0031289,0.82068,0.5,1.7646,-0.02688,-0.026703,1.0388,0.82068,0.5,1.7646,0.001421,-0.00058441,0.00070407,0.0028724,-0.0014495,0.0019644,,0.0500624,0.01126512
0.0029221,0.82893,0.5,1.7646,-0.025446,-0.025897,1.0376,0.82893,0.5,1.7646,0.0014966,-0.00047761,0.00069023,0.0025844,-0.0012837,0.0017633,,0.0467536,0.01104368
0.0045122,0.030909,0.5,1.8016,0.0014296,0.011232,0.72395,0.030909,0.5,1.8016,0.00029004,-9.27E-06,-0.00044728,0.0026632,-0.00025849,0.006071,,0.0721952,-0.00715648
0.005564,0.066184,0.5,1.8016,0.0028921,0.0086743,0.83038,0.066184,0.5,1.8016,0.00077366,0.00025063,-0.00053885,0.0028958,0.00072241,0.0074586,,0.089024,-0.0086216
0.0049098,0.10006,0.5,1.8016,0.0022128,-0.00027209,0.8836,0.10006,0.5,1.8016,0.00092941,0.00057625,-3.44E-05,0.0024597,0.0014748,0.0064304,,0.0785568,-0.000550176
0.0048742,0.13258,0.5,1.8016,0.0013981,-0.0098635,0.9285,0.13258,0.5,1.8016,0.00065537,0.00043056,-0.00015627,0.0019207,0.00065386,0.0071723,,0.0779872,-0.00250032
0.004603,0.16379,0.5,1.8016,0.0017243,-0.01412,0.97621,0.16379,0.5,1.8016,0.000419,0.00016112,-0.00055543,0.001427,-0.0002292,0.0073601,,0.073648,-0.00888688
0.0026143,0.19372,0.5,1.8016,-0.00041863,-0.015424,1.0203,0.19372,0.5,1.8016,0.00050058,6.67E-05,-0.00029797,0.0011424,-0.00034639,0.0035855,,0.0418288,-0.00476752
0.0017009,0.22242,0.5,1.8016,-0.0031914,-0.014318,1.0433,0.22242,0.5,1.8016,0.00063939,0.00011538,6.99E-06,0.00095891,-3.87E-05,0.0018036,,0.0272144,0.000111821
0.0016234,0.24993,0.5,1.8016,-0.005777,-0.013227,1.0586,0.24993,0.5,1.8016,0.00058226,0.0001535,-2.07E-05,0.0010273,5.01E-06,0.0016372,,0.0259744,-0.000331296
0.001446,0.27629,0.5,1.8016,-0.0093531,-0.016929,1.0671,0.27629,0.5,1.8016,0.00048624,5.08E-05,-0.00017272,0.00083142,0.00023827,0.0015744,,0.023136,-0.00276352
0.0013189,0.30154,0.5,1.8016,-0.012494,-0.014482,1.069,0.30154,0.5,1.8016,0.00050621,2.32E-05,-9.29E-05,0.00081889,0.00024799,0.0013128,,0.0211024,-0.001486544
0.0014506,0.32572,0.5,1.8016,-0.014436,-0.0086929,1.0619,0.32572,0.5,1.8016,0.00053887,0.0001368,-0.00018654,0.0010464,-0.0003741,0.001316,,0.0232096,-0.00298464
0.0019196,0.34887,0.5,1.8016,-0.016374,-0.0089975,1.0659,0.34887,0.5,1.8016,0.00052158,0.00030011,-0.0002787,0.0010429,-0.00063005,0.0022746,,0.0307136,-0.0044592
0.001918,0.37102,0.5,1.8016,-0.019889,-0.013004,1.0696,0.37102,0.5,1.8016,0.00055404,0.00041204,-0.00040634,0.00092812,-0.00065851,0.0023538,,0.030688,-0.00650144
0.0016071,0.39221,0.5,1.8016,-0.024673,-0.016658,1.0716,0.39221,0.5,1.8016,0.00067648,0.00042294,-0.00060301,0.00077613,-0.00053956,0.0017615,,0.0257136,-0.00964816
0.0015829,0.41248,0.5,1.8016,-0.029789,-0.015227,1.0718,0.41248,0.5,1.8016,0.00083378,0.00033826,-0.00045951,0.00062423,-0.00034752,0.0017079,,0.0253264,-0.00735216
0.0016944,0.43187,0.5,1.8016,-0.033303,-0.012114,1.0717,0.43187,0.5,1.8016,0.00095666,0.00021653,-0.00026145,0.00057037,-0.00044577,0.0018617,,0.0271104,-0.0041832
0.0017751,0.4504,0.5,1.8016,-0.034309,-0.010318,1.0755,0.4504,0.5,1.8016,0.001032,0.00010982,-0.00023525,0.00060905,-0.00049271,0.0019093,,0.0284016,-0.003764
0.0019263,0.46812,0.5,1.8016,-0.033797,-0.0083463,1.0722,0.46812,0.5,1.8016,0.0010915,1.95E-07,-0.00034947,0.00069337,-0.00057145,0.0020677,,0.0308208,-0.00559152
0.0018902,0.48504,0.5,1.8016,-0.032545,-0.0084478,1.0697,0.48504,0.5,1.8016,0.0011309,-5.75E-05,-0.00033554,0.00082581,-0.00065859,0.0018237,,0.0302432,-0.00536864
0.0016777,0.50122,0.5,1.8016,-0.031813,-0.010624,1.0723,0.50122,0.5,1.8016,0.0011527,-8.95E-05,-0.00034033,0.00089663,-0.00052301,0.001306,,0.0268432,-0.00544528
0.0015007,0.51667,0.5,1.8016,-0.032865,-0.012151,1.081,0.51667,0.5,1.8016,0.0011856,-0.0001725,-0.00016582,0.00091384,-0.0002725,0.00090186,,0.0240112,-0.00265312
0.0015403,0.53142,0.5,1.8016,-0.034823,-0.011507,1.0852,0.53142,0.5,1.8016,0.0012525,-0.00025719,-0.00010668,0.00096661,-0.00013192,0.00086158,,0.0246448,-0.00170688
0.001743,0.54551,0.5,1.8016,-0.035912,-0.0097082,1.0796,0.54551,0.5,1.8016,0.0013675,-0.00029632,-0.00013751,0.0010984,-0.00027308,0.0010201,,0.027888,-0.00220016
0.0020466,0.55896,0.5,1.8016,-0.035779,-0.0083324,1.0728,0.55896,0.5,1.8016,0.0014928,-0.00028699,-3.18E-05,0.0013305,-0.00062691,0.00127,,0.0327456,-0.00050832
0.002246,0.5718,0.5,1.8016,-0.034944,-0.0089592,1.0707,0.5718,0.5,1.8016,0.0015589,-0.0001814,-7.82E-05,0.0014885,-0.00075838,0.0014446,,0.035936,-0.001250848
0.0022505,0.58405,0.5,1.8016,-0.03414,-0.010713,1.0745,0.58405,0.5,1.8016,0.0016001,-6.93E-05,-0.00010829,0.001529,-0.00067215,0.0013719,,0.036008,-0.00173264
0.0022458,0.59575,0.5,1.8016,-0.033623,-0.013384,1.0771,0.59575,0.5,1.8016,0.0016862,-2.80E-05,-1.08E-05,0.0014183,-0.0005242,0.0013871,,0.0359328,-0.000173168
0.0020938,0.6069,0.5,1.8016,-0.033162,-0.017181,1.0772,0.6069,0.5,1.8016,0.0017859,-1.75E-05,0.00014392,0.0011989,-0.00035855,0.0012029,,0.0335008,0.00230272
0.0019103,0.61755,0.5,1.8016,-0.033102,-0.020296,1.0787,0.61755,0.5,1.8016,0.0018638,-2.89E-05,0.00036747,0.00099646,-0.0001833,0.00096043,,0.0305648,0.00587952
0.0018916,0.6277,0.5,1.8016,-0.033675,-0.023122,1.0787,0.6277,0.5,1.8016,0.0019497,-4.62E-05,0.00060715,0.00084062,-6.59E-05,0.00099284,,0.0302656,0.0097144
0.0019029,0.63738,0.5,1.8016,-0.034723,-0.026433,1.0777,0.63738,0.5,1.8016,0.0020725,-8.47E-05,0.00064187,0.00070251,-6.28E-05,0.0010308,,0.0304464,0.01026992
0.0019123,0.64661,0.5,1.8016,-0.036095,-0.02954,1.0787,0.64661,0.5,1.8016,0.0022197,-0.00013334,0.00053655,0.0005766,-5.13E-05,0.0010283,,0.0305968,0.0085848
0.0018925,0.65542,0.5,1.8016,-0.037535,-0.032318,1.0809,0.65542,0.5,1.8016,0.0023608,-0.00017176,0.00044777,0.00047817,-7.15E-05,0.00094594,,0.03028,0.00716432
0.0018941,0.66381,0.5,1.8016,-0.038709,-0.035037,1.0812,0.66381,0.5,1.8016,0.0024817,-0.0002132,0.00050778,0.00041188,-0.00014976,0.00089465,,0.0303056,0.00812448
0.0019897,0.67207,0.5,1.8016,-0.039633,-0.037214,1.0805,0.67207,0.5,1.8016,0.0025858,-0.00027065,0.00071291,0.00041379,-0.00020549,0.0009799,,0.0318352,0.01140656
0.0020878,0.68032,0.5,1.8016,-0.040642,-0.037884,1.0797,0.68032,0.5,1.8016,0.0026757,-0.00036141,0.00093126,0.00046456,-0.00019941,0.0010353,,0.0334048,0.01490016
0.0021469,0.68858,0.5,1.8016,-0.041779,-0.036976,1.0795,0.68858,0.5,1.8016,0.0027368,-0.00047104,0.001052,0.00050772,-0.00017272,0.0010493,,0.0343504,0.016832
0.0021962,0.69683,0.5,1.8016,-0.042727,-0.035058,1.0784,0.69683,0.5,1.8016,0.0027421,-0.00056653,0.0011348,0.00052929,-0.00016743,0.0011211,,0.0351392,0.0181568
0.0022471,0.70509,0.5,1.8016,-0.043232,-0.032316,1.0762,0.70509,0.5,1.8016,0.0026772,-0.00063794,0.0012315,0.00054452,-0.00023121,0.0012726,,0.0359536,0.019704
0.0022955,0.71335,0.5,1.8016,-0.043289,-0.028937,1.0735,0.71335,0.5,1.8016,0.0025501,-0.00067823,0.0012991,0.00057446,-0.00033957,0.0014664,,0.036728,0.0207856
0.0023637,0.7216,0.5,1.8016,-0.042945,-0.02558,1.071,0.7216,0.5,1.8016,0.002388,-0.00069016,0.0013382,0.00064985,-0.00045615,0.0016895,,0.0378192,0.0214112
0.0024582,0.72986,0.5,1.8016,-0.042254,-0.022619,1.0681,0.72986,0.5,1.8016,0.0022164,-0.00069037,0.0013468,0.00079948,-0.00063384,0.0019004,,0.0393312,0.0215488
0.0025932,0.73811,0.5,1.8016,-0.041309,-0.020544,1.0644,0.73811,0.5,1.8016,0.0020418,-0.00069329,0.0013701,0.0010081,-0.00086441,0.0021364,,0.0414912,0.0219216
0.0027007,0.74637,0.5,1.8016,-0.040188,-0.019694,1.0618,0.74637,0.5,1.8016,0.0018646,-0.00069292,0.0013657,0.0012261,-0.0010796,0.0023107,,0.0432112,0.0218512
0.0027615,0.75463,0.5,1.8016,-0.038903,-0.019766,1.0592,0.75463,0.5,1.8016,0.0016949,-0.0006906,0.0013252,0.0014284,-0.0012545,0.0023998,,0.044184,0.0212032
0.0028172,0.76288,0.5,1.8016,-0.037443,-0.020381,1.0557,0.76288,0.5,1.8016,0.0015542,-0.00069792,0.0012743,0.0016041,-0.0014104,0.0024761,,0.0450752,0.0203888
0.0028853,0.77114,0.5,1.8016,-0.035852,-0.021287,1.0521,0.77114,0.5,1.8016,0.0014578,-0.00072776,0.0012121,0.0017649,-0.0015436,0.0025478,,0.0461648,0.0193936
0.0029762,0.7794,0.5,1.8016,-0.03422,-0.022419,1.0487,0.7794,0.5,1.8016,0.0013982,-0.00077475,0.0011538,0.0019287,-0.0016476,0.0026255,,0.0476192,0.0184608
0.0030722,0.78765,0.5,1.8016,-0.032668,-0.023738,1.0463,0.78765,0.5,1.8016,0.0013571,-0.00081799,0.0010775,0.0021233,-0.0017159,0.002664,,0.0491552,0.01724
0.0031399,0.79591,0.5,1.8016,-0.031251,-0.025159,1.0448,0.79591,0.5,1.8016,0.0013281,-0.00082905,0.00097698,0.0023778,-0.0017187,0.002574,,0.0502384,0.01563168
0.0031654,0.80416,0.5,1.8016,-0.0299,-0.02636,1.0435,0.80416,0.5,1.8016,0.0013198,-0.00078968,0.00085734,0.0026768,-0.0016463,0.0023343,,0.0506464,0.01371744
0.0031671,0.81242,0.5,1.8016,-0.028505,-0.026956,1.0412,0.81242,0.5,1.8016,0.0013424,-0.00069993,0.00075958,0.0028926,-0.0015277,0.0020993,,0.0506736,0.01215328
0.0030738,0.82068,0.5,1.8016,-0.027081,-0.026688,1.0387,0.82068,0.5,1.8016,0.0013971,-0.00059546,0.000701,0.0028465,-0.0013836,0.001904,,0.0491808,0.011216
0.0028463,0.82893,0.5,1.8016,-0.025799,-0.025932,1.0376,0.82893,0.5,1.8016,0.0014743,-0.00050377,0.00069366,0.0025194,-0.0012151,0.0016989,,0.0455408,0.01109856
0.0044628,0.030909,0.5,1.8386,0.0014292,0.011253,0.72449,0.030909,0.5,1.8386,0.00027383,-3.45E-05,-0.00043587,0.0025552,-0.00021382,0.0060965,,0.0714048,-0.00697392
0.0054516,0.066184,0.5,1.8386,0.0028905,0.0083895,0.83188,0.066184,0.5,1.8386,0.00075307,0.00024263,-0.00052066,0.0028254,0.00065512,0.0073248,,0.0872256,-0.00833056
0.004854,0.10006,0.5,1.8386,0.0022751,-4.84E-05,0.88524,0.10006,0.5,1.8386,0.00093457,0.00059749,-3.17E-05,0.0024583,0.0013771,0.0063151,,0.077664,-0.000506512
0.00498,0.13258,0.5,1.8386,0.0015332,-0.0092426,0.92854,0.13258,0.5,1.8386,0.0006675,0.00044489,-0.00014594,0.0019564,0.00067947,0.0073362,,0.07968,-0.00233504
0.0046992,0.16379,0.5,1.8386,0.0017368,-0.014187,0.97602,0.16379,0.5,1.8386,0.00041985,0.00017136,-0.00052651,0.0014885,-0.0001856,0.00749,,0.0751872,-0.00842416
0.0026127,0.19372,0.5,1.8386,-0.00056134,-0.015699,1.0202,0.19372,0.5,1.8386,0.00049223,7.22E-05,-0.00028473,0.0011548,-0.00034518,0.0035784,,0.0418032,-0.00455568
0.0016955,0.22242,0.5,1.8386,-0.0032536,-0.014406,1.0432,0.22242,0.5,1.8386,0.00062963,0.00010607,-1.08E-05,0.00093656,-4.98E-05,0.0018248,,0.027128,-0.000172864
0.0016406,0.24993,0.5,1.8386,-0.0057275,-0.013256,1.0585,0.24993,0.5,1.8386,0.00058691,0.00014278,-2.28E-05,0.0010321,1.06E-05,0.0016622,,0.0262496,-0.00036504
0.001458,0.27629,0.5,1.8386,-0.0093227,-0.016993,1.067,0.27629,0.5,1.8386,0.00049779,5.51E-05,-0.00016403,0.00083726,0.00025605,0.001581,,0.023328,-0.00262448
0.0013291,0.30154,0.5,1.8386,-0.012468,-0.014482,1.0695,0.30154,0.5,1.8386,0.00051401,2.85E-05,-0.0001116,0.00082277,0.00025397,0.0013214,,0.0212656,-0.0017856
0.0014286,0.32572,0.5,1.8386,-0.014475,-0.0088174,1.0622,0.32572,0.5,1.8386,0.00055257,0.00014529,-0.00018948,0.0010573,-0.00037532,0.0012472,,0.0228576,-0.00303168
0.0018998,0.34887,0.5,1.8386,-0.016623,-0.0091944,1.0657,0.34887,0.5,1.8386,0.00052682,0.00031821,-0.00028188,0.0010534,-0.00064468,0.0022193,,0.0303968,-0.00451008
0.0019417,0.37102,0.5,1.8386,-0.020312,-0.012973,1.0695,0.37102,0.5,1.8386,0.00053399,0.00043291,-0.00042882,0.00092803,-0.00069939,0.0024214,,0.0310672,-0.00686112
0.0016124,0.39221,0.5,1.8386,-0.02512,-0.016397,1.0716,0.39221,0.5,1.8386,0.0006591,0.00043056,-0.00062347,0.00074429,-0.00054508,0.0018215,,0.0257984,-0.00997552
0.0015865,0.41248,0.5,1.8386,-0.030121,-0.014917,1.0717,0.41248,0.5,1.8386,0.00083527,0.00033378,-0.00045899,0.00059626,-0.00032908,0.0017414,,0.025384,-0.00734384
0.0017182,0.43187,0.5,1.8386,-0.033456,-0.011869,1.0716,0.43187,0.5,1.8386,0.0009717,0.00021456,-0.00025642,0.00058026,-0.00043843,0.0018845,,0.0274912,-0.00410272
0.0017769,0.4504,0.5,1.8386,-0.034353,-0.010019,1.0756,0.4504,0.5,1.8386,0.0010475,9.83E-05,-0.00022834,0.00062629,-0.00048506,0.0018802,,0.0284304,-0.00365344
0.0019181,0.46812,0.5,1.8386,-0.033822,-0.0080953,1.0719,0.46812,0.5,1.8386,0.0010953,-9.63E-06,-0.00034004,0.0007068,-0.00058404,0.002034,,0.0306896,-0.00544064
0.0018891,0.48504,0.5,1.8386,-0.032612,-0.0084324,1.0694,0.48504,0.5,1.8386,0.0011336,-5.34E-05,-0.00034343,0.00084226,-0.00068488,0.0018022,,0.0302256,-0.00549488
0.0016686,0.50122,0.5,1.8386,-0.032013,-0.010624,1.0726,0.50122,0.5,1.8386,0.0011618,-9.71E-05,-0.00034394,0.00090081,-0.00052936,0.0012747,,0.0266976,-0.00550304
0.0015098,0.51667,0.5,1.8386,-0.033181,-0.01203,1.0815,0.51667,0.5,1.8386,0.0012041,-0.0001862,-0.00017772,0.00091375,-0.00026408,0.00090179,,0.0241568,-0.00284352
0.0015625,0.53142,0.5,1.8386,-0.035079,-0.011299,1.0852,0.53142,0.5,1.8386,0.0012789,-0.00026404,-9.48E-05,0.00095803,-0.00012884,0.00088802,,0.025,-0.001516672
0.0017546,0.54551,0.5,1.8386,-0.036042,-0.0094922,1.079,0.54551,0.5,1.8386,0.0013818,-0.0003065,-9.83E-05,0.0010914,-0.00030356,0.0010359,,0.0280736,-0.001573376
0.0020505,0.55896,0.5,1.8386,-0.03584,-0.0083504,1.0725,0.55896,0.5,1.8386,0.0014889,-0.00028522,-2.59E-05,0.0013308,-0.00063519,0.0012813,,0.032808,-0.000413744
0.0022355,0.5718,0.5,1.8386,-0.034994,-0.0091446,1.0708,0.5718,0.5,1.8386,0.0015568,-0.00017302,-8.53E-05,0.0014801,-0.00073525,0.0014342,,0.035768,-0.00136472
0.0022444,0.58405,0.5,1.8386,-0.034287,-0.010932,1.0745,0.58405,0.5,1.8386,0.0016054,-7.71E-05,-0.00010233,0.001513,-0.00067819,0.0013704,,0.0359104,-0.00163728
0.0022449,0.59575,0.5,1.8386,-0.033863,-0.013777,1.0766,0.59575,0.5,1.8386,0.0016929,-3.61E-05,9.65E-06,0.0014082,-0.00052755,0.0013887,,0.0359184,0.000154355
0.0021053,0.6069,0.5,1.8386,-0.033403,-0.017595,1.0767,0.6069,0.5,1.8386,0.0018047,-2.05E-05,0.00017826,0.0011886,-0.00032818,0.0012173,,0.0336848,0.00285216
0.0019369,0.61755,0.5,1.8386,-0.033338,-0.020665,1.0783,0.61755,0.5,1.8386,0.0019019,-3.56E-05,0.0004075,0.00095961,-0.00014773,0.0010123,,0.0309904,0.00652
0.0018985,0.6277,0.5,1.8386,-0.03397,-0.023548,1.0786,0.6277,0.5,1.8386,0.0020023,-5.18E-05,0.00062683,0.00078609,-4.12E-05,0.0010086,,0.030376,0.01002928
0.0018875,0.63738,0.5,1.8386,-0.035118,-0.02683,1.0784,0.63738,0.5,1.8386,0.002135,-8.14E-05,0.00061774,0.00064314,-3.79E-05,0.00099675,,0.0302,0.00988384
0.0018892,0.64661,0.5,1.8386,-0.036529,-0.029859,1.0798,0.64661,0.5,1.8386,0.0022817,-0.0001206,0.00046608,0.00051541,-3.41E-05,0.00098119,,0.0302272,0.00745728
0.0018849,0.65542,0.5,1.8386,-0.037891,-0.03256,1.0814,0.65542,0.5,1.8386,0.0024115,-0.00015587,0.00037204,0.00042621,-7.05E-05,0.00093214,,0.0301584,0.00595264
0.001917,0.66381,0.5,1.8386,-0.038953,-0.035174,1.0808,0.66381,0.5,1.8386,0.0025197,-0.0002038,0.0004947,0.00037841,-0.00015618,0.00093598,,0.030672,0.0079152
0.0020164,0.67207,0.5,1.8386,-0.039854,-0.037095,1.08,0.67207,0.5,1.8386,0.0026134,-0.00027683,0.00074614,0.00040077,-0.00021262,0.0010186,,0.0322624,0.01193824
0.0021074,0.68032,0.5,1.8386,-0.040895,-0.037476,1.0799,0.68032,0.5,1.8386,0.0026933,-0.00038073,0.00095706,0.00046719,-0.00021186,0.0010542,,0.0337184,0.01531296
0.0021623,0.68858,0.5,1.8386,-0.041982,-0.036474,1.0799,0.68858,0.5,1.8386,0.0027422,-0.00049182,0.0010662,0.00051751,-0.00019036,0.0010649,,0.0345968,0.0170592
0.0022102,0.69683,0.5,1.8386,-0.042755,-0.034578,1.0784,0.69683,0.5,1.8386,0.0027334,-0.0005822,0.0011531,0.00054274,-0.00019999,0.0011442,,0.0353632,0.0184496
0.0022618,0.70509,0.5,1.8386,-0.043054,-0.031842,1.0759,0.70509,0.5,1.8386,0.0026554,-0.00064422,0.001249,0.0005616,-0.00027115,0.0013066,,0.0361888,0.019984
0.0023069,0.71335,0.5,1.8386,-0.042958,-0.028512,1.0733,0.71335,0.5,1.8386,0.0025196,-0.00067131,0.0013084,0.00059682,-0.00036745,0.0014974,,0.0369104,0.0209344
0.0023676,0.7216,0.5,1.8386,-0.042528,-0.025193,1.0708,0.7216,0.5,1.8386,0.0023533,-0.00067226,0.0013338,0.00068248,-0.00048292,0.0016993,,0.0378816,0.0213408
0.0024604,0.72986,0.5,1.8386,-0.041786,-0.022239,1.0678,0.72986,0.5,1.8386,0.002179,-0.00066302,0.0013334,0.00083927,-0.00066665,0.0019024,,0.0393664,0.0213344
0.0025901,0.73811,0.5,1.8386,-0.040791,-0.020238,1.0641,0.73811,0.5,1.8386,0.002002,-0.00065567,0.0013487,0.001041,-0.00089117,0.0021373,,0.0414416,0.0215792
0.0026891,0.74637,0.5,1.8386,-0.039634,-0.019489,1.0615,0.74637,0.5,1.8386,0.0018255,-0.00064874,0.0013366,0.0012413,-0.0010978,0.0023115,,0.0430256,0.0213856
0.0027547,0.75463,0.5,1.8386,-0.038393,-0.019627,1.0588,0.75463,0.5,1.8386,0.0016612,-0.00064642,0.001305,0.0014249,-0.0012729,0.0024233,,0.0440752,0.02088
0.0028137,0.76288,0.5,1.8386,-0.037105,-0.020249,1.0552,0.76288,0.5,1.8386,0.0015292,-0.00065912,0.0012618,0.0015856,-0.0014272,0.0025124,,0.0450192,0.0201888
0.0028724,0.77114,0.5,1.8386,-0.035745,-0.021104,1.0516,0.77114,0.5,1.8386,0.001441,-0.00069489,0.001201,0.0017374,-0.001548,0.0025663,,0.0459584,0.019216
0.0029474,0.7794,0.5,1.8386,-0.034292,-0.022189,1.0485,0.7794,0.5,1.8386,0.0013855,-0.0007437,0.0011384,0.0019004,-0.0016319,0.0026088,,0.0471584,0.0182144
0.003029,0.78765,0.5,1.8386,-0.03282,-0.023529,1.0464,0.78765,0.5,1.8386,0.0013441,-0.000785,0.0010569,0.0021014,-0.0016797,0.0026125,,0.048464,0.0169104
0.0030882,0.79591,0.5,1.8386,-0.0314,-0.025027,1.045,0.79591,0.5,1.8386,0.0013104,-0.00079356,0.00095333,0.0023637,-0.0016708,0.0025022,,0.0494112,0.01525328
0.0031081,0.80416,0.5,1.8386,-0.03001,-0.02631,1.0436,0.80416,0.5,1.8386,0.0012946,-0.00075606,0.00083436,0.0026574,-0.0015925,0.0022642,,0.0497296,0.01334976
0.003095,0.81242,0.5,1.8386,-0.02862,-0.026937,1.0412,0.81242,0.5,1.8386,0.0013105,-0.0006792,0.00074077,0.0028427,-0.0014683,0.0020369,,0.04952,0.01185232
0.0029826,0.82068,0.5,1.8386,-0.027301,-0.02666,1.0386,0.82068,0.5,1.8386,0.0013635,-0.00059803,0.00068962,0.0027559,-0.0013179,0.0018457,,0.0477216,0.01103392
0.0027471,0.82893,0.5,1.8386,-0.026187,-0.025897,1.0376,0.82893,0.5,1.8386,0.0014432,-0.00052616,0.00068968,0.0024071,-0.0011425,0.0016439,,0.0439536,0.01103488
0.0043944,0.030909,0.5,1.8755,0.0015253,0.011124,0.72506,0.030909,0.5,1.8755,0.00026485,-7.82E-05,-0.00041525,0.0024573,-0.00013528,0.0060666,,0.0703104,-0.006644
0.005376,0.066184,0.5,1.8755,0.0030327,0.0080798,0.83337,0.066184,0.5,1.8755,0.00075663,0.00021893,-0.00051011,0.0028071,0.00060269,0.0071883,,0.086016,-0.00816176
0.0048452,0.10006,0.5,1.8755,0.0024179,0.00026582,0.88692,0.10006,0.5,1.8755,0.00096168,0.0006153,-3.96E-05,0.0025197,0.0012909,0.0062091,,0.0775232,-0.0006328
0.0050687,0.13258,0.5,1.8755,0.0016829,-0.0085703,0.92871,0.13258,0.5,1.8755,0.00068797,0.00045717,-0.00014452,0.0019926,0.00071528,0.0074568,,0.0810992,-0.00231232
0.004768,0.16379,0.5,1.8755,0.0017353,-0.014225,0.9759,0.16379,0.5,1.8755,0.00042495,0.000178,-0.00051358,0.0015246,-0.00014224,0.0075865,,0.076288,-0.00821728
0.0026123,0.19372,0.5,1.8755,-0.00075304,-0.015946,1.0202,0.19372,0.5,1.8755,0.00049206,7.93E-05,-0.00027129,0.0011725,-0.00032905,0.00356,,0.0417968,-0.00434064
0.0017081,0.22242,0.5,1.8755,-0.0033735,-0.014496,1.0431,0.22242,0.5,1.8755,0.00063091,0.00010795,-2.38E-05,0.00091935,-5.45E-05,0.001866,,0.0273296,-0.000380848
0.0016699,0.24993,0.5,1.8755,-0.005714,-0.013315,1.0584,0.24993,0.5,1.8755,0.00059655,0.00013575,-2.49E-05,0.001034,1.27E-05,0.0017092,,0.0267184,-0.000397712
0.0014753,0.27629,0.5,1.8755,-0.0093028,-0.017056,1.067,0.27629,0.5,1.8755,0.00051137,5.46E-05,-0.00015244,0.00085916,0.00026583,0.0015801,,0.0236048,-0.00243904
0.0013324,0.30154,0.5,1.8755,-0.012441,-0.014471,1.07,0.30154,0.5,1.8755,0.0005152,3.14E-05,-0.00012141,0.00082536,0.00023575,0.0013243,,0.0213184,-0.00194256
0.0014116,0.32572,0.5,1.8755,-0.014505,-0.0089446,1.0624,0.32572,0.5,1.8755,0.00055166,0.00015434,-0.00019706,0.0010547,-0.00040035,0.0012169,,0.0225856,-0.00315296
0.0018876,0.34887,0.5,1.8755,-0.01684,-0.009398,1.0655,0.34887,0.5,1.8755,0.00053701,0.00033015,-0.00028834,0.0010551,-0.00065793,0.0021831,,0.0302016,-0.00461344
0.0019818,0.37102,0.5,1.8755,-0.020709,-0.012936,1.0694,0.37102,0.5,1.8755,0.00054214,0.00043603,-0.00044266,0.00092614,-0.00072764,0.0024953,,0.0317088,-0.00708256
0.0016389,0.39221,0.5,1.8755,-0.025571,-0.016118,1.0716,0.39221,0.5,1.8755,0.0006629,0.00041554,-0.00064856,0.0007203,-0.00055069,0.0018946,,0.0262224,-0.01037696
0.0015889,0.41248,0.5,1.8755,-0.030453,-0.014608,1.0715,0.41248,0.5,1.8755,0.00083737,0.00030157,-0.00047362,0.0005784,-0.00032545,0.001762,,0.0254224,-0.00757792
0.0017336,0.43187,0.5,1.8755,-0.033616,-0.011626,1.0716,0.43187,0.5,1.8755,0.00097293,0.00018504,-0.00026447,0.00059197,-0.00044528,0.0019023,,0.0277376,-0.00423152
0.0017794,0.4504,0.5,1.8755,-0.034421,-0.0097141,1.0757,0.4504,0.5,1.8755,0.0010567,8.13E-05,-0.00023775,0.00063738,-0.00046712,0.0018648,,0.0284704,-0.003804
0.0019271,0.46812,0.5,1.8755,-0.03387,-0.0078737,1.0716,0.46812,0.5,1.8755,0.0011059,-1.17E-05,-0.00033657,0.00071504,-0.00057311,0.0020332,,0.0308336,-0.00538512
0.0019037,0.48504,0.5,1.8755,-0.032699,-0.0084561,1.0692,0.48504,0.5,1.8755,0.0011336,-5.24E-05,-0.0003365,0.00085691,-0.00069837,0.0018168,,0.0304592,-0.005384
0.0016751,0.50122,0.5,1.8755,-0.032223,-0.010645,1.0729,0.50122,0.5,1.8755,0.0011619,-0.00011741,-0.00033324,0.00092173,-0.00053086,0.0012665,,0.0268016,-0.00533184
0.0015322,0.51667,0.5,1.8755,-0.033493,-0.011946,1.082,0.51667,0.5,1.8755,0.0012127,-0.00020946,-0.00018246,0.00095631,-0.00027399,0.00089547,,0.0245152,-0.00291936
0.0016122,0.53142,0.5,1.8755,-0.035323,-0.011132,1.085,0.53142,0.5,1.8755,0.0012979,-0.00027012,-8.67E-05,0.0010077,-0.00013298,0.00091873,,0.0257952,-0.001387376
0.0018082,0.54551,0.5,1.8755,-0.036159,-0.0092984,1.0785,0.54551,0.5,1.8755,0.0014123,-0.00031953,-5.46E-05,0.0011406,-0.00031838,0.0010635,,0.0289312,-0.00087328
0.0020876,0.55896,0.5,1.8755,-0.035893,-0.0083902,1.0722,0.55896,0.5,1.8755,0.0015084,-0.00029982,-1.04E-05,0.0013781,-0.00065909,0.0012887,,0.0334016,-0.000166928
0.0022422,0.5718,0.5,1.8755,-0.03505,-0.0093107,1.071,0.5718,0.5,1.8755,0.0015625,-0.00017606,-9.98E-05,0.0014939,-0.00072495,0.001428,,0.0358752,-0.001596816
0.0022218,0.58405,0.5,1.8755,-0.03443,-0.011146,1.0745,0.58405,0.5,1.8755,0.0016134,-8.74E-05,-9.90E-05,0.0014831,-0.00067611,0.0013471,,0.0355488,-0.0015836
0.0022046,0.59575,0.5,1.8755,-0.034101,-0.014219,1.0761,0.59575,0.5,1.8755,0.0017009,-4.92E-05,3.27E-05,0.0013607,-0.00054191,0.0013476,,0.0352736,0.000522736
0.0020888,0.6069,0.5,1.8755,-0.033685,-0.018012,1.0763,0.6069,0.5,1.8755,0.0018167,-2.93E-05,0.0002187,0.0011481,-0.0003243,0.0012127,,0.0334208,0.0034992
0.0019653,0.61755,0.5,1.8755,-0.033649,-0.020984,1.0779,0.61755,0.5,1.8755,0.0019305,-4.44E-05,0.000453,0.00092577,-0.0001302,0.0010743,,0.0314448,0.007248
0.0019278,0.6277,0.5,1.8755,-0.034335,-0.023919,1.0787,0.6277,0.5,1.8755,0.0020504,-5.82E-05,0.00063408,0.00076529,-2.25E-05,0.0010399,,0.0308448,0.01014528
0.0018817,0.63738,0.5,1.8755,-0.03555,-0.027166,1.0795,0.63738,0.5,1.8755,0.0021932,-7.67E-05,0.00058059,0.00063221,-1.20E-05,0.00093795,,0.0301072,0.00928944
0.0018706,0.64661,0.5,1.8755,-0.03697,-0.030111,1.081,0.64661,0.5,1.8755,0.0023329,-0.00010547,0.00040552,0.00050445,-2.17E-05,0.00090387,,0.0299296,0.00648832
0.0018986,0.65542,0.5,1.8755,-0.038262,-0.032736,1.0816,0.65542,0.5,1.8755,0.0024413,-0.00014189,0.00032722,0.00042035,-8.65E-05,0.00093551,,0.0303776,0.00523552
0.0019576,0.66381,0.5,1.8755,-0.03926,-0.035213,1.08,0.66381,0.5,1.8755,0.0025305,-0.00019895,0.00050042,0.00038545,-0.00017752,0.00099929,,0.0313216,0.00800672
0.0020474,0.67207,0.5,1.8755,-0.040173,-0.03687,1.0796,0.67207,0.5,1.8755,0.0026198,-0.00028667,0.00076663,0.00041997,-0.00021903,0.0010551,,0.0327584,0.01226608
0.0021214,0.68032,0.5,1.8755,-0.041238,-0.037,1.0801,0.68032,0.5,1.8755,0.0027003,-0.00040066,0.00096006,0.0004868,-0.00020527,0.0010557,,0.0339424,0.01536096
0.0021724,0.68858,0.5,1.8755,-0.042252,-0.035885,1.0802,0.68858,0.5,1.8755,0.002744,-0.00051203,0.0010656,0.00053301,-0.00018577,0.0010677,,0.0347584,0.0170496
0.0022284,0.69683,0.5,1.8755,-0.042862,-0.033897,1.0783,0.69683,0.5,1.8755,0.0027239,-0.00059886,0.0011647,0.000563,-0.00021432,0.0011698,,0.0356544,0.0186352
0.0022875,0.70509,0.5,1.8755,-0.04299,-0.031053,1.0757,0.70509,0.5,1.8755,0.0026335,-0.00065571,0.0012628,0.00059337,-0.00029506,0.0013483,,0.0366,0.0202048
0.0023356,0.71335,0.5,1.8755,-0.042754,-0.027722,1.0731,0.71335,0.5,1.8755,0.0024894,-0.00067646,0.0013161,0.00064028,-0.00038949,0.0015414,,0.0373696,0.0210576
0.0023947,0.7216,0.5,1.8755,-0.042204,-0.024502,1.0706,0.7216,0.5,1.8755,0.0023186,-0.00067376,0.0013323,0.00073622,-0.00051519,0.0017346,,0.0383152,0.0213168
0.0024834,0.72986,0.5,1.8755,-0.041354,-0.021766,1.0674,0.72986,0.5,1.8755,0.0021404,-0.00065959,0.0013245,0.00089668,-0.00070469,0.0019298,,0.0397344,0.021192
0.0026012,0.73811,0.5,1.8755,-0.040284,-0.020117,1.0638,0.73811,0.5,1.8755,0.001961,-0.00064196,0.0013298,0.0010879,-0.00091816,0.0021535,,0.0416192,0.0212768
0.0026904,0.74637,0.5,1.8755,-0.039127,-0.019704,1.0612,0.74637,0.5,1.8755,0.0017869,-0.00062569,0.0013144,0.0012693,-0.0011136,0.0023246,,0.0430464,0.0210304
0.0027615,0.75463,0.5,1.8755,-0.037954,-0.020014,1.0583,0.75463,0.5,1.8755,0.001632,-0.00062044,0.0012951,0.0014357,-0.0012873,0.0024553,,0.044184,0.0207216
0.0028239,0.76288,0.5,1.8755,-0.036727,-0.020599,1.0547,0.76288,0.5,1.8755,0.0015141,-0.000637,0.0012596,0.0015855,-0.0014349,0.0025482,,0.0451824,0.0201536
0.0028737,0.77114,0.5,1.8755,-0.03539,-0.021268,1.0512,0.77114,0.5,1.8755,0.001437,-0.00067698,0.0011997,0.0017318,-0.0015374,0.0025787,,0.0459792,0.0191952
0.0029301,0.7794,0.5,1.8755,-0.033966,-0.022131,1.0483,0.7794,0.5,1.8755,0.001385,-0.00072553,0.001131,0.0018912,-0.001601,0.0025841,,0.0468816,0.018096
0.0029927,0.78765,0.5,1.8755,-0.032554,-0.02331,1.0465,0.78765,0.5,1.8755,0.0013402,-0.00076389,0.001042,0.002093,-0.0016373,0.0025522,,0.0478832,0.016672
0.0030409,0.79591,0.5,1.8755,-0.031212,-0.024779,1.0452,0.79591,0.5,1.8755,0.0013011,-0.0007704,0.00093506,0.0023577,-0.0016262,0.002423,,0.0486544,0.01496096
0.0030543,0.80416,0.5,1.8755,-0.029929,-0.02616,1.0437,0.80416,0.5,1.8755,0.0012821,-0.00073679,0.00081829,0.002639,-0.0015462,0.0021876,,0.0488688,0.01309264
0.0030295,0.81242,0.5,1.8755,-0.028701,-0.02689,1.041,0.81242,0.5,1.8755,0.0012999,-0.00067357,0.00073033,0.0027879,-0.0014156,0.0019711,,0.048472,0.01168528
0.0029065,0.82068,0.5,1.8755,-0.027567,-0.026637,1.0384,0.82068,0.5,1.8755,0.0013582,-0.00060819,0.00068794,0.0026629,-0.0012582,0.0017919,,0.046504,0.01100704
0.0026709,0.82893,0.5,1.8755,-0.026603,-0.02583,1.0375,0.82893,0.5,1.8755,0.0014406,-0.00054061,0.00069669,0.0023018,-0.0010797,0.0015995,,0.0427344,0.01114704
0.0043451,0.030909,0.5,1.9123,0.0016959,0.010878,0.72558,0.030909,0.5,1.9123,0.00026689,-0.00010199,-0.00043421,0.0024121,-3.65E-05,0.0060112,,0.0695216,-0.00694736
0.005333,0.066184,0.5,1.9123,0.0032618,0.0077243,0.83477,0.066184,0.5,1.9123,0.00077585,0.00020272,-0.00053839,0.0028214,0.00058217,0.0070688,,0.085328,-0.00861424
0.0048389,0.10006,0.5,1.9123,0.0025996,0.00059731,0.88861,0.10006,0.5,1.9123,0.00098941,0.00062173,-4.59E-05,0.0025882,0.0012293,0.0061002,,0.0774224,-0.00073416
0.0051304,0.13258,0.5,1.9123,0.0018486,-0.0078713,0.929,0.13258,0.5,1.9123,0.00070431,0.00046516,-0.00014881,0.0020267,0.00076255,0.0075298,,0.0820864,-0.00238096
0.0048182,0.16379,0.5,1.9123,0.0017313,-0.014249,0.97587,0.16379,0.5,1.9123,0.00043083,0.00018321,-0.00051643,0.0015385,-8.34E-05,0.0076669,,0.0770912,-0.00826288
0.0026261,0.19372,0.5,1.9123,-0.00095436,-0.016194,1.0202,0.19372,0.5,1.9123,0.00049797,8.49E-05,-0.00026546,0.00121,-0.00029463,0.0035442,,0.0420176,-0.00424736
0.0017439,0.22242,0.5,1.9123,-0.0034981,-0.014594,1.0428,0.22242,0.5,1.9123,0.00063729,0.00011247,-3.76E-05,0.00092435,-4.97E-05,0.0019261,,0.0279024,-0.000601408
0.0016943,0.24993,0.5,1.9123,-0.0057088,-0.013396,1.0582,0.24993,0.5,1.9123,0.00060129,0.00013145,-2.64E-05,0.001009,1.71E-05,0.0017784,,0.0271088,-0.000421936
0.0014771,0.27629,0.5,1.9123,-0.0093075,-0.017096,1.0671,0.27629,0.5,1.9123,0.00052484,5.44E-05,-0.00014404,0.00085627,0.00026704,0.0015731,,0.0236336,-0.00230464
0.0013299,0.30154,0.5,1.9123,-0.012439,-0.014433,1.0705,0.30154,0.5,1.9123,0.00053563,3.10E-05,-0.00012343,0.00080629,0.00019913,0.001318,,0.0212784,-0.00197488
0.0014133,0.32572,0.5,1.9123,-0.014551,-0.0090759,1.0626,0.32572,0.5,1.9123,0.0005707,0.00014536,-0.00018781,0.0010324,-0.00043907,0.0012234,,0.0226128,-0.00300496
0.0018846,0.34887,0.5,1.9123,-0.017057,-0.0095953,1.0653,0.34887,0.5,1.9123,0.00056047,0.00032273,-0.00029472,0.0010485,-0.00068087,0.0021603,,0.0301536,-0.00471552
0.0020165,0.37102,0.5,1.9123,-0.02108,-0.012874,1.0695,0.37102,0.5,1.9123,0.00058043,0.00042873,-0.00046471,0.00094003,-0.00075225,0.0025125,,0.032264,-0.00743536
0.0016762,0.39221,0.5,1.9123,-0.025984,-0.015815,1.0717,0.39221,0.5,1.9123,0.00069938,0.00039895,-0.00066574,0.00073193,-0.00055853,0.001921,,0.0268192,-0.01065184
0.0015986,0.41248,0.5,1.9123,-0.03075,-0.014312,1.0714,0.41248,0.5,1.9123,0.00085135,0.00027581,-0.00048199,0.00058108,-0.00032724,0.0017648,,0.0255776,-0.00771184
0.0017353,0.43187,0.5,1.9123,-0.033769,-0.011413,1.0717,0.43187,0.5,1.9123,0.0009673,0.00016375,-0.0002815,0.00059096,-0.00045524,0.0019122,,0.0277648,-0.004504
0.0017623,0.4504,0.5,1.9123,-0.034501,-0.0094352,1.0757,0.4504,0.5,1.9123,0.0010517,7.52E-05,-0.00026948,0.00062813,-0.00046056,0.0018447,,0.0281968,-0.00431168
0.0019253,0.46812,0.5,1.9123,-0.033909,-0.0076997,1.0712,0.46812,0.5,1.9123,0.0011084,4.55E-07,-0.00035,0.00072111,-0.00056248,0.002021,,0.0308048,-0.0056
0.0019222,0.48504,0.5,1.9123,-0.032778,-0.0085143,1.0689,0.48504,0.5,1.9123,0.0011367,-4.37E-05,-0.00033678,0.0008784,-0.00069587,0.0018293,,0.0307552,-0.00538848
0.0016906,0.50122,0.5,1.9123,-0.032445,-0.010676,1.0733,0.50122,0.5,1.9123,0.0011752,-0.00013588,-0.00033346,0.0009486,-0.00051466,0.0012574,,0.0270496,-0.00533536
0.0015525,0.51667,0.5,1.9123,-0.033814,-0.011886,1.0824,0.51667,0.5,1.9123,0.0012368,-0.0002433,-0.00018161,0.00099906,-0.00028011,0.00086925,,0.02484,-0.00290576
0.0016597,0.53142,0.5,1.9123,-0.035578,-0.010999,1.0847,0.53142,0.5,1.9123,0.001321,-0.0003004,-7.26E-05,0.0010756,-0.00015465,0.00092269,,0.0265552,-0.001162144
0.0018783,0.54551,0.5,1.9123,-0.036286,-0.0091343,1.0779,0.54551,0.5,1.9123,0.0014431,-0.00034191,-1.40E-05,0.0012217,-0.00033324,0.0010917,,0.0300528,-0.000224224
0.0021404,0.55896,0.5,1.9123,-0.035935,-0.0084935,1.0721,0.55896,0.5,1.9123,0.0015348,-0.00031065,3.06E-05,0.0014383,-0.00067273,0.0013076,,0.0342464,0.000489344
0.0022551,0.5718,0.5,1.9123,-0.03509,-0.0095205,1.0712,0.5718,0.5,1.9123,0.0015632,-0.00016416,-8.09E-05,0.0015053,-0.00071388,0.0014417,,0.0360816,-0.00129496
0.0021928,0.58405,0.5,1.9123,-0.034563,-0.011342,1.0745,0.58405,0.5,1.9123,0.0016081,-6.65E-05,-9.07E-05,0.0014415,-0.00065256,0.0013361,,0.0350848,-0.001451472
0.002143,0.59575,0.5,1.9123,-0.03431,-0.014629,1.0757,0.59575,0.5,1.9123,0.0017036,-3.81E-05,4.28E-05,0.0012975,-0.00053839,0.0012849,,0.034288,0.000684176
0.002046,0.6069,0.5,1.9123,-0.033921,-0.0184,1.0758,0.6069,0.5,1.9123,0.0018269,-2.74E-05,0.00024822,0.0010946,-0.00032808,0.0011704,,0.032736,0.00397152
0.0019789,0.61755,0.5,1.9123,-0.033928,-0.021306,1.0776,0.61755,0.5,1.9123,0.0019595,-4.50E-05,0.00048616,0.00088841,-0.00012643,0.0011098,,0.0316624,0.00777856
0.0019653,0.6277,0.5,1.9123,-0.034669,-0.024332,1.079,0.6277,0.5,1.9123,0.0021,-5.91E-05,0.00062327,0.00074762,-1.41E-05,0.001083,,0.0314448,0.00997232
0.0018823,0.63738,0.5,1.9123,-0.035908,-0.027551,1.0807,0.63738,0.5,1.9123,0.0022503,-7.10E-05,0.00053381,0.00062797,1.97E-06,0.00088642,,0.0301168,0.00854096
0.0018509,0.64661,0.5,1.9123,-0.037273,-0.030374,1.0822,0.64661,0.5,1.9123,0.0023809,-9.22E-05,0.00036209,0.0005034,-2.24E-05,0.00081746,,0.0296144,0.00579344
0.0019153,0.65542,0.5,1.9123,-0.038463,-0.032879,1.0815,0.65542,0.5,1.9123,0.0024691,-0.00013474,0.00031352,0.00042212,-0.00012016,0.00093931,,0.0306448,0.00501632
0.0019981,0.66381,0.5,1.9123,-0.039413,-0.035191,1.0793,0.66381,0.5,1.9123,0.0025452,-0.00020687,0.0005096,0.00039693,-0.00021413,0.001054,,0.0319696,0.0081536
0.0020742,0.67207,0.5,1.9123,-0.040359,-0.036606,1.0795,0.67207,0.5,1.9123,0.0026386,-0.00031123,0.00075811,0.00043951,-0.0002326,0.0010702,,0.0331872,0.01212976
0.0021262,0.68032,0.5,1.9123,-0.041422,-0.036564,1.0805,0.68032,0.5,1.9123,0.0027233,-0.00043137,0.00093479,0.00050298,-0.00019871,0.0010261,,0.0340192,0.01495664
0.0021646,0.68858,0.5,1.9123,-0.042306,-0.035405,1.0804,0.68858,0.5,1.9123,0.0027518,-0.00053826,0.0010464,0.00054548,-0.00018363,0.001032,,0.0346336,0.0167424
0.0022199,0.69683,0.5,1.9123,-0.042711,-0.033396,1.0782,0.69683,0.5,1.9123,0.0027043,-0.00062086,0.0011548,0.00058001,-0.0002345,0.0011555,,0.0355184,0.0184768
0.0022846,0.70509,0.5,1.9123,-0.042664,-0.030564,1.0754,0.70509,0.5,1.9123,0.002593,-0.00067469,0.0012496,0.00061837,-0.00032417,0.0013579,,0.0365536,0.0199936
0.0023467,0.71335,0.5,1.9123,-0.042318,-0.02732,1.0729,0.71335,0.5,1.9123,0.0024437,-0.00069031,0.0013016,0.00067517,-0.00041971,0.0015746,,0.0375472,0.0208256
0.0024212,0.7216,0.5,1.9123,-0.041703,-0.024184,1.0704,0.7216,0.5,1.9123,0.0022797,-0.00068094,0.0013227,0.0007815,-0.00055445,0.0017812,,0.0387392,0.0211632
0.0025138,0.72986,0.5,1.9123,-0.040817,-0.021561,1.067,0.72986,0.5,1.9123,0.0021111,-0.00065427,0.0013177,0.00094056,-0.00074396,0.0019759,,0.0402208,0.0210832
0.0026183,0.73811,0.5,1.9123,-0.039742,-0.020064,1.0634,0.73811,0.5,1.9123,0.0019393,-0.00062134,0.0013149,0.0011158,-0.00094343,0.0021815,,0.0418928,0.0210384
0.0026975,0.74637,0.5,1.9123,-0.038629,-0.019717,1.0608,0.74637,0.5,1.9123,0.0017704,-0.00059772,0.0012987,0.001279,-0.0011264,0.0023457,,0.04316,0.0207792
0.002771,0.75463,0.5,1.9123,-0.037571,-0.019968,1.0578,0.75463,0.5,1.9123,0.0016202,-0.00059553,0.0012903,0.001433,-0.0012953,0.0024887,,0.044336,0.0206448
0.0028328,0.76288,0.5,1.9123,-0.036533,-0.020437,1.0542,0.76288,0.5,1.9123,0.001506,-0.00062184,0.0012574,0.0015809,-0.0014333,0.0025787,,0.0453248,0.0201184
0.0028753,0.77114,0.5,1.9123,-0.03539,-0.021011,1.0509,0.77114,0.5,1.9123,0.0014287,-0.00066998,0.0011931,0.0017341,-0.0015198,0.0025879,,0.0460048,0.0190896
0.0029199,0.7794,0.5,1.9123,-0.034087,-0.021846,1.0482,0.7794,0.5,1.9123,0.0013718,-0.00071856,0.0011131,0.0019013,-0.0015696,0.0025667,,0.0467184,0.0178096
0.0029682,0.78765,0.5,1.9123,-0.032703,-0.023088,1.0466,0.78765,0.5,1.9123,0.0013213,-0.00074961,0.0010138,0.0021063,-0.0015962,0.0025088,,0.0474912,0.0162208
0.0030066,0.79591,0.5,1.9123,-0.031325,-0.024682,1.0453,0.79591,0.5,1.9123,0.0012807,-0.00074919,0.00090372,0.0023671,-0.0015807,0.0023655,,0.0481056,0.01445952
0.0030132,0.80416,0.5,1.9123,-0.030011,-0.02618,1.0437,0.80416,0.5,1.9123,0.0012666,-0.00071825,0.00079359,0.0026286,-0.0014999,0.0021312,,0.0482112,0.01269744
0.002976,0.81242,0.5,1.9123,-0.028826,-0.026954,1.0408,0.81242,0.5,1.9123,0.0012932,-0.00066999,0.00071668,0.0027393,-0.0013689,0.0019194,,0.047616,0.01146688
0.0028426,0.82068,0.5,1.9123,-0.027823,-0.026666,1.0381,0.82068,0.5,1.9123,0.0013578,-0.00061983,0.0006848,0.002579,-0.0012152,0.0017483,,0.0454816,0.0109568
0.0026061,0.82893,0.5,1.9123,-0.027012,-0.025752,1.0373,0.82893,0.5,1.9123,0.0014384,-0.00055249,0.00069979,0.002212,-0.0010424,0.0015617,,0.0416976,0.01119664
0.0043221,0.030909,0.5,1.949,0.0018053,0.010622,0.72602,0.030909,0.5,1.949,0.00025657,-0.00010794,-0.00046971,0.0023829,4.97E-05,0.0060047,,0.0691536,-0.00751536
0.0052931,0.066184,0.5,1.949,0.0033957,0.007405,0.83601,0.066184,0.5,1.949,0.00076324,0.00019397,-0.00057477,0.0028161,0.00057345,0.0070069,,0.0846896,-0.00919632
0.0048039,0.10006,0.5,1.949,0.0027438,0.00094905,0.89025,0.10006,0.5,1.949,0.00098904,0.00061974,-5.51E-05,0.0026139,0.0011818,0.0060047,,0.0768624,-0.000881248
0.0051665,0.13258,0.5,1.949,0.0020269,-0.0071766,0.92941,0.13258,0.5,1.949,0.00070945,0.00047307,-0.00014838,0.0020583,0.00080583,0.0075651,,0.082664,-0.00237408
0.0048584,0.16379,0.5,1.949,0.0017282,-0.014264,0.97596,0.16379,0.5,1.949,0.00043195,0.00018486,-0.00050066,0.0015638,-1.78E-05,0.007721,,0.0777344,-0.00801056
0.0026523,0.19372,0.5,1.949,-0.00115,-0.016443,1.0203,0.19372,0.5,1.949,0.0004978,7.72E-05,-0.0002606,0.0012567,-0.00026011,0.0035501,,0.0424368,-0.0041696
0.0017947,0.22242,0.5,1.949,-0.0036133,-0.01469,1.0425,0.22242,0.5,1.949,0.0006448,9.96E-05,-5.96E-05,0.0009408,-4.69E-05,0.0020038,,0.0287152,-0.00095336
0.0017178,0.24993,0.5,1.949,-0.0057041,-0.013486,1.058,0.24993,0.5,1.949,0.00060905,0.00011983,-2.95E-05,0.00097,3.02E-05,0.0018565,,0.0274848,-0.000471696
0.0014681,0.27629,0.5,1.949,-0.0093456,-0.017133,1.0672,0.27629,0.5,1.949,0.0005274,6.01E-05,-0.00013109,0.00082855,0.00027719,0.0015803,,0.0234896,-0.00209744
0.0013281,0.30154,0.5,1.949,-0.012482,-0.014371,1.071,0.30154,0.5,1.949,0.00055196,3.23E-05,-0.00012627,0.00079057,0.00018072,0.0013137,,0.0212496,-0.00202032
0.0014258,0.32572,0.5,1.949,-0.014615,-0.0092124,1.0628,0.32572,0.5,1.949,0.00060153,0.00013041,-0.00017497,0.0010194,-0.0004623,0.0012307,,0.0228128,-0.00279952
0.0018886,0.34887,0.5,1.949,-0.01728,-0.0098208,1.0652,0.34887,0.5,1.949,0.00058562,0.00031447,-0.0003025,0.0010467,-0.00071459,0.002145,,0.0302176,-0.00484
0.0020333,0.37102,0.5,1.949,-0.021432,-0.012802,1.0696,0.37102,0.5,1.949,0.00060813,0.00043215,-0.00049913,0.00097129,-0.00078119,0.0024871,,0.0325328,-0.00798608
0.0017028,0.39221,0.5,1.949,-0.026341,-0.015507,1.0719,0.39221,0.5,1.949,0.00073044,0.00040312,-0.00067985,0.0007693,-0.0005621,0.0019059,,0.0272448,-0.0108776
0.0016166,0.41248,0.5,1.949,-0.03099,-0.014033,1.0714,0.41248,0.5,1.949,0.00086751,0.00027678,-0.00047971,0.00059828,-0.00031505,0.0017673,,0.0258656,-0.00767536
0.0017352,0.43187,0.5,1.949,-0.0339,-0.011195,1.0717,0.43187,0.5,1.949,0.00096639,0.00016606,-0.00028005,0.00059218,-0.00044501,0.0019119,,0.0277632,-0.0044808
0.0017437,0.4504,0.5,1.949,-0.034583,-0.0091435,1.0757,0.4504,0.5,1.949,0.0010448,7.74E-05,-0.00028151,0.00062691,-0.00046673,0.0018157,,0.0278992,-0.00450416
0.0019105,0.46812,0.5,1.949,-0.033957,-0.0075438,1.0708,0.46812,0.5,1.949,0.0011044,9.43E-06,-0.00036341,0.00073621,-0.00057527,0.0019805,,0.030568,-0.00581456
0.0019192,0.48504,0.5,1.949,-0.032884,-0.0085651,1.0688,0.48504,0.5,1.949,0.0011341,-3.95E-05,-0.00034513,0.00089858,-0.00069646,0.0018056,,0.0307072,-0.00552208
0.0016763,0.50122,0.5,1.949,-0.032706,-0.010694,1.0737,0.50122,0.5,1.949,0.0011713,-0.00015458,-0.00034255,0.00095635,-0.00049448,0.0012249,,0.0268208,-0.0054808
0.0015399,0.51667,0.5,1.949,-0.034133,-0.011835,1.0828,0.51667,0.5,1.949,0.0012384,-0.00027373,-0.00018664,0.00099622,-0.00027085,0.00084517,,0.0246384,-0.00298624
0.0016577,0.53142,0.5,1.949,-0.035782,-0.010886,1.0842,0.53142,0.5,1.949,0.001325,-0.00033369,-5.67E-05,0.0010881,-0.0001938,0.00090224,,0.0265232,-0.000906928
0.0018888,0.54551,0.5,1.949,-0.036364,-0.0090055,1.0774,0.54551,0.5,1.949,0.0014443,-0.00035444,3.32E-06,0.0012489,-0.00037346,0.0010843,,0.0302208,5.31776E-05
0.0021506,0.55896,0.5,1.949,-0.035957,-0.0086305,1.0721,0.55896,0.5,1.949,0.0015421,-0.00029392,5.80E-05,0.0014494,-0.00067467,0.0013098,,0.0344096,0.000927376
0.0022636,0.5718,0.5,1.949,-0.035153,-0.0097533,1.0714,0.5718,0.5,1.949,0.0015747,-0.00013265,-4.28E-05,0.0014966,-0.00070904,0.001456,,0.0362176,-0.000684576
0.0021999,0.58405,0.5,1.949,-0.034747,-0.011558,1.0744,0.58405,0.5,1.949,0.0016212,-2.85E-05,-6.60E-05,0.0014156,-0.00062417,0.0013631,,0.0351984,-0.001055968
0.0021284,0.59575,0.5,1.949,-0.034547,-0.015046,1.0752,0.59575,0.5,1.949,0.0017218,-1.21E-05,5.91E-05,0.0012648,-0.00050109,0.0012702,,0.0340544,0.000944944
0.0020225,0.6069,0.5,1.949,-0.034167,-0.018797,1.0755,0.6069,0.5,1.949,0.001859,-2.23E-05,0.00026272,0.0010559,-0.00030406,0.0011301,,0.03236,0.00420352
0.0019762,0.61755,0.5,1.949,-0.034217,-0.02165,1.0775,0.61755,0.5,1.949,0.0020124,-4.78E-05,0.00048864,0.00084235,-0.00010598,0.0010975,,0.0316192,0.00781824
0.0019813,0.6277,0.5,1.949,-0.035018,-0.024735,1.0797,0.6277,0.5,1.949,0.0021657,-6.75E-05,0.00058664,0.00070094,3.94E-06,0.0010959,,0.0317008,0.00938624
0.0018784,0.63738,0.5,1.949,-0.036278,-0.027898,1.0819,0.63738,0.5,1.949,0.0023142,-8.37E-05,0.00047701,0.00058533,1.59E-05,0.00085739,,0.0300544,0.00763216
0.0018411,0.64661,0.5,1.949,-0.037585,-0.03058,1.083,0.64661,0.5,1.949,0.0024363,-9.99E-05,0.00033284,0.0004671,-2.02E-05,0.00077887,,0.0294576,0.00532544
0.0019419,0.65542,0.5,1.949,-0.038704,-0.032937,1.0811,0.65542,0.5,1.949,0.0025212,-0.00014064,0.0003324,0.00039261,-0.00013779,0.00096991,,0.0310704,0.0053184
0.0020444,0.66381,0.5,1.949,-0.039669,-0.03505,1.0786,0.66381,0.5,1.949,0.0026003,-0.00022119,0.00054071,0.00037986,-0.00022901,0.0011086,,0.0327104,0.00865136
0.002108,0.67207,0.5,1.949,-0.040661,-0.036221,1.0796,0.67207,0.5,1.949,0.0026949,-0.00033872,0.00076075,0.00043286,-0.00023407,0.0010883,,0.033728,0.012172
0.0021406,0.68032,0.5,1.949,-0.041665,-0.036037,1.0809,0.68032,0.5,1.949,0.0027656,-0.00046121,0.00093215,0.00049888,-0.00019688,0.0010167,,0.0342496,0.0149144
0.0021622,0.68858,0.5,1.949,-0.042369,-0.034805,1.0805,0.68858,0.5,1.949,0.0027611,-0.00055984,0.0010543,0.00054608,-0.00019483,0.0010172,,0.0345952,0.0168688
0.0022086,0.69683,0.5,1.949,-0.042594,-0.032686,1.0779,0.69683,0.5,1.949,0.0026779,-0.00063643,0.0011579,0.00058943,-0.00026257,0.0011498,,0.0353376,0.0185264
0.0022739,0.70509,0.5,1.949,-0.04244,-0.02978,1.0752,0.70509,0.5,1.949,0.0025433,-0.00068772,0.001236,0.00063907,-0.00035637,0.0013654,,0.0363824,0.019776
0.0023466,0.71335,0.5,1.949,-0.042022,-0.026572,1.0728,0.71335,0.5,1.949,0.0023853,-0.00070197,0.0012813,0.00071368,-0.00045901,0.0015941,,0.0375456,0.0205008
0.0024377,0.7216,0.5,1.949,-0.041327,-0.023585,1.0702,0.7216,0.5,1.949,0.0022237,-0.00068864,0.0013096,0.00083909,-0.00060729,0.0018126,,0.0390032,0.0209536
0.0025387,0.72986,0.5,1.949,-0.040357,-0.02128,1.0666,0.72986,0.5,1.949,0.0020644,-0.00065062,0.0013118,0.00099829,-0.0007943,0.0020146,,0.0406192,0.0209888
0.0026335,0.73811,0.5,1.949,-0.039256,-0.020168,1.063,0.73811,0.5,1.949,0.0019048,-0.00060658,0.001309,0.0011511,-0.00097656,0.0022111,,0.042136,0.020944
0.002706,0.74637,0.5,1.949,-0.038218,-0.020063,1.0604,0.74637,0.5,1.949,0.0017484,-0.00058045,0.0013011,0.0012866,-0.0011475,0.0023771,,0.043296,0.0208176
0.0027828,0.75463,0.5,1.949,-0.037279,-0.020337,1.0572,0.75463,0.5,1.949,0.0016111,-0.00058358,0.0013028,0.0014222,-0.0013123,0.0025322,,0.0445248,0.0208448
0.0028456,0.76288,0.5,1.949,-0.036293,-0.020663,1.0538,0.76288,0.5,1.949,0.0015086,-0.00061847,0.0012696,0.0015694,-0.0014385,0.0026132,,0.0455296,0.0203136
0.0028887,0.77114,0.5,1.949,-0.035117,-0.021054,1.0507,0.77114,0.5,1.949,0.0014389,-0.00067296,0.0012017,0.0017364,-0.0015097,0.0026021,,0.0462192,0.0192272
0.0029358,0.7794,0.5,1.949,-0.033775,-0.021743,1.0482,0.7794,0.5,1.949,0.0013854,-0.00072337,0.0011156,0.0019222,-0.0015514,0.002564,,0.0469728,0.0178496
0.0029832,0.78765,0.5,1.949,-0.032401,-0.022908,1.0467,0.78765,0.5,1.949,0.0013355,-0.00075225,0.0010125,0.0021409,-0.0015727,0.00249,,0.0477312,0.0162
0.0030178,0.79591,0.5,1.949,-0.031089,-0.024519,1.0453,0.79591,0.5,1.949,0.0012943,-0.00074861,0.00090278,0.0023965,-0.0015539,0.0023448,,0.0482848,0.01444448
0.0030081,0.80416,0.5,1.949,-0.029912,-0.026111,1.0435,0.80416,0.5,1.949,0.0012807,-0.00071853,0.00079715,0.0026207,-0.0014657,0.0021149,,0.0481296,0.0127544
0.0029439,0.81242,0.5,1.949,-0.028931,-0.026962,1.0405,0.81242,0.5,1.949,0.0013088,-0.00067781,0.00072318,0.0026781,-0.0013255,0.0019009,,0.0471024,0.01157088
0.0027951,0.82068,0.5,1.949,-0.028122,-0.026664,1.0378,0.82068,0.5,1.949,0.0013719,-0.00063416,0.00068962,0.0024895,-0.0011716,0.0017288,,0.0447216,0.01103392
0.0025593,0.82893,0.5,1.949,-0.027418,-0.025626,1.0372,0.82893,0.5,1.949,0.0014452,-0.00056583,0.0006998,0.0021359,-0.0010051,0.0015375,,0.0409488,0.0111968
0.0043364,0.030909,0.5,1.9856,0.0018618,0.010396,0.72638,0.030909,0.5,1.9856,0.00024344,-0.00010948,-0.00051956,0.0023452,0.00010119,0.0060841,,0.0693824,-0.00831296
0.0052602,0.066184,0.5,1.9856,0.0034582,0.0071919,0.8371,0.066184,0.5,1.9856,0.00073447,0.00019296,-0.00062956,0.002791,0.00054285,0.0069949,,0.0841632,-0.01007296
0.004739,0.10006,0.5,1.9856,0.0028521,0.0013795,0.89179,0.10006,0.5,1.9856,0.00096444,0.00061936,-8.11E-05,0.0026032,0.0011324,0.0059103,,0.075824,-0.001298016
0.0052006,0.13258,0.5,1.9856,0.0021989,-0.0064817,0.92986,0.13258,0.5,1.9856,0.00070617,0.00047609,-0.00016018,0.0020911,0.00082783,0.007604,,0.0832096,-0.00256288
0.0049118,0.16379,0.5,1.9856,0.0017572,-0.014254,0.97613,0.16379,0.5,1.9856,0.00044319,0.00019043,-0.00050643,0.0016232,2.08E-05,0.0077572,,0.0785888,-0.00810288
0.0026663,0.19372,0.5,1.9856,-0.0013021,-0.016684,1.0206,0.19372,0.5,1.9856,0.00049765,7.31E-05,-0.00027417,0.001287,-0.0002476,0.0035479,,0.0426608,-0.00438672
0.0018322,0.22242,0.5,1.9856,-0.0037232,-0.014769,1.0422,0.22242,0.5,1.9856,0.00064562,8.41E-05,-7.73E-05,0.00094743,-5.43E-05,0.0020714,,0.0293152,-0.001237248
0.0017474,0.24993,0.5,1.9856,-0.0056908,-0.013554,1.0579,0.24993,0.5,1.9856,0.00062432,0.00010732,-3.08E-05,0.00094757,5.05E-05,0.001923,,0.0279584,-0.000493088
0.0014745,0.27629,0.5,1.9856,-0.0093671,-0.017186,1.0674,0.27629,0.5,1.9856,0.00053243,5.97E-05,-0.00012145,0.00080741,0.00029572,0.0016091,,0.023592,-0.0019432
0.0013328,0.30154,0.5,1.9856,-0.012535,-0.014294,1.0713,0.30154,0.5,1.9856,0.00054463,3.55E-05,-0.00014198,0.00078994,0.00017493,0.001331,,0.0213248,-0.00227168
0.0014247,0.32572,0.5,1.9856,-0.014692,-0.0093333,1.0629,0.32572,0.5,1.9856,0.00060433,0.00013534,-0.00017312,0.0010176,-0.00046957,0.0012274,,0.0227952,-0.00276992
0.0018956,0.34887,0.5,1.9856,-0.017505,-0.01006,1.065,0.34887,0.5,1.9856,0.00059632,0.00032694,-0.00030837,0.0010509,-0.00074124,0.0021441,,0.0303296,-0.00493392
0.0020475,0.37102,0.5,1.9856,-0.021777,-0.012749,1.0697,0.37102,0.5,1.9856,0.00061347,0.00044966,-0.00053331,0.00098868,-0.00080468,0.0024929,,0.03276,-0.00853296
0.0017088,0.39221,0.5,1.9856,-0.026678,-0.015218,1.072,0.39221,0.5,1.9856,0.00072868,0.00041426,-0.00068485,0.00077975,-0.00054694,0.0019092,,0.0273408,-0.0109576
0.0016228,0.41248,0.5,1.9856,-0.031216,-0.013743,1.0712,0.41248,0.5,1.9856,0.00086548,0.00027815,-0.00046273,0.00059918,-0.00028393,0.001781,,0.0259648,-0.00740368
0.0017429,0.43187,0.5,1.9856,-0.034048,-0.010936,1.0718,0.43187,0.5,1.9856,0.0009838,0.00017048,-0.00027009,0.00060315,-0.00041873,0.0018988,,0.0278864,-0.00432144
0.0017504,0.4504,0.5,1.9856,-0.034709,-0.0088168,1.0757,0.4504,0.5,1.9856,0.0010714,7.70E-05,-0.00027128,0.00065362,-0.00046983,0.0017757,,0.0280064,-0.00434048
0.0019098,0.46812,0.5,1.9856,-0.034047,-0.0073917,1.0705,0.46812,0.5,1.9856,0.0011137,9.24E-06,-0.00035647,0.00076469,-0.00060446,0.0019411,,0.0305568,-0.00570352
0.0019183,0.48504,0.5,1.9856,-0.033011,-0.0085923,1.0688,0.48504,0.5,1.9856,0.0011337,-3.01E-05,-0.00034585,0.00091691,-0.00071474,0.0017861,,0.0306928,-0.0055336
0.0016704,0.50122,0.5,1.9856,-0.032965,-0.010677,1.0742,0.50122,0.5,1.9856,0.0011763,-0.00015489,-0.00035281,0.00096526,-0.00048776,0.0011993,,0.0267264,-0.00564496
0.0015546,0.51667,0.5,1.9856,-0.034428,-0.011776,1.083,0.51667,0.5,1.9856,0.0012536,-0.00027598,-0.00020527,0.00099644,-0.0002533,0.00085915,,0.0248736,-0.00328432
0.001659,0.53142,0.5,1.9856,-0.035952,-0.010779,1.0836,0.53142,0.5,1.9856,0.0013434,-0.00033894,-3.31E-05,0.0010803,-0.0002232,0.00089419,,0.026544,-0.000530192
0.0018701,0.54551,0.5,1.9856,-0.036417,-0.0089213,1.0769,0.54551,0.5,1.9856,0.0014444,-0.00035509,2.29E-05,0.0012412,-0.00043261,0.0010546,,0.0299216,0.000366768
0.0021269,0.55896,0.5,1.9856,-0.035974,-0.0087741,1.072,0.55896,0.5,1.9856,0.0015335,-0.00027682,5.84E-05,0.0014394,-0.00068024,0.001281,,0.0340304,0.00093456
0.0022431,0.5718,0.5,1.9856,-0.035226,-0.0099789,1.0716,0.5718,0.5,1.9856,0.0015781,-0.00011855,-1.53E-05,0.0014846,-0.00070728,0.0014235,,0.0358896,-0.00024552
0.0022131,0.58405,0.5,1.9856,-0.034927,-0.011836,1.0743,0.58405,0.5,1.9856,0.0016278,-1.36E-05,-2.21E-05,0.001406,-0.00060664,0.0013923,,0.0354096,-0.000353264
0.0021534,0.59575,0.5,1.9856,-0.034779,-0.015496,1.0747,0.59575,0.5,1.9856,0.0017283,2.10E-06,9.69E-05,0.001261,-0.00044449,0.0013175,,0.0344544,0.001550064
0.0020264,0.6069,0.5,1.9856,-0.034417,-0.019188,1.0752,0.6069,0.5,1.9856,0.0018767,-2.68E-05,0.00027904,0.0010431,-0.0002529,0.0011329,,0.0324224,0.00446464
0.0019567,0.61755,0.5,1.9856,-0.034492,-0.022009,1.0777,0.61755,0.5,1.9856,0.0020505,-6.02E-05,0.00047393,0.00081259,-7.74E-05,0.0010504,,0.0313072,0.00758288
0.0019564,0.6277,0.5,1.9856,-0.035318,-0.02515,1.0806,0.6277,0.5,1.9856,0.0022183,-7.84E-05,0.00053367,0.00065681,2.58E-05,0.0010376,,0.0313024,0.00853872
0.0018609,0.63738,0.5,1.9856,-0.036577,-0.028282,1.0831,0.63738,0.5,1.9856,0.0023622,-9.11E-05,0.00041358,0.00053257,3.29E-05,0.00082711,,0.0297744,0.00661728
0.0018444,0.64661,0.5,1.9856,-0.037826,-0.030842,1.0833,0.64661,0.5,1.9856,0.0024793,-9.84E-05,0.00030581,0.00041678,-8.22E-06,0.00079267,,0.0295104,0.00489296
0.0019744,0.65542,0.5,1.9856,-0.038879,-0.03302,1.0804,0.65542,0.5,1.9856,0.0025743,-0.00013615,0.00035713,0.00035294,-0.00012912,0.0010214,,0.0315904,0.00571408
0.0020877,0.66381,0.5,1.9856,-0.03984,-0.034894,1.0782,0.66381,0.5,1.9856,0.0026629,-0.00022382,0.0005656,0.00035841,-0.00021593,0.0011541,,0.0334032,0.0090496
0.0021461,0.67207,0.5,1.9856,-0.040835,-0.035828,1.0799,0.67207,0.5,1.9856,0.0027466,-0.00035534,0.00076393,0.0004302,-0.00022271,0.0011154,,0.0343376,0.01222288
0.0021736,0.68032,0.5,1.9856,-0.041732,-0.035557,1.0811,0.68032,0.5,1.9856,0.0027862,-0.00048441,0.00094587,0.00050929,-0.00020543,0.0010516,,0.0347776,0.01513392
0.0021911,0.68858,0.5,1.9856,-0.042247,-0.03429,1.0804,0.68858,0.5,1.9856,0.0027469,-0.00057976,0.0010788,0.00056768,-0.00022396,0.0010675,,0.0350576,0.0172608
0.0022327,0.69683,0.5,1.9856,-0.042308,-0.032124,1.0777,0.69683,0.5,1.9856,0.0026398,-0.00064856,0.0011711,0.00061889,-0.00029429,0.0012068,,0.0357232,0.0187376
0.0022878,0.70509,0.5,1.9856,-0.042051,-0.029261,1.075,0.70509,0.5,1.9856,0.0024958,-0.00068815,0.0012258,0.00067513,-0.00037383,0.0014047,,0.0366048,0.0196128
0.0023551,0.71335,0.5,1.9856,-0.041562,-0.026194,1.0726,0.71335,0.5,1.9856,0.0023372,-0.00069158,0.00126,0.0007616,-0.00047746,0.0016114,,0.0376816,0.02016
0.0024497,0.7216,0.5,1.9856,-0.040812,-0.023394,1.0698,0.7216,0.5,1.9856,0.0021763,-0.00066753,0.0012903,0.00089274,-0.00063776,0.0018304,,0.0391952,0.0206448
0.0025456,0.72986,0.5,1.9856,-0.039835,-0.021329,1.066,0.72986,0.5,1.9856,0.0020188,-0.00061913,0.0012945,0.0010346,-0.00081695,0.0020379,,0.0407296,0.020712
0.0026247,0.73811,0.5,1.9856,-0.038792,-0.020373,1.0625,0.73811,0.5,1.9856,0.0018652,-0.00057331,0.0012937,0.0011549,-0.00098062,0.0022294,,0.0419952,0.0206992
0.0026928,0.74637,0.5,1.9856,-0.037854,-0.020214,1.0599,0.74637,0.5,1.9856,0.001719,-0.00055474,0.0012955,0.0012625,-0.0011441,0.0024039,,0.0430848,0.020728
0.0027728,0.75463,0.5,1.9856,-0.037041,-0.020285,1.0567,0.75463,0.5,1.9856,0.0015921,-0.00056747,0.0013004,0.0013849,-0.0013067,0.0025685,,0.0443648,0.0208064
0.0028293,0.76288,0.5,1.9856,-0.036199,-0.020413,1.0535,0.76288,0.5,1.9856,0.0014964,-0.00060699,0.0012589,0.001535,-0.0014208,0.0026271,,0.0452688,0.0201424
0.0028662,0.77114,0.5,1.9856,-0.035152,-0.020712,1.0506,0.77114,0.5,1.9856,0.0014305,-0.00065888,0.0011866,0.0017133,-0.0014797,0.0025886,,0.0458592,0.0189856
0.0029137,0.7794,0.5,1.9856,-0.033884,-0.021425,1.0482,0.7794,0.5,1.9856,0.0013808,-0.00070161,0.0011007,0.0019087,-0.0015141,0.0025379,,0.0466192,0.0176112
0.0029616,0.78765,0.5,1.9856,-0.032517,-0.02271,1.0467,0.78765,0.5,1.9856,0.001335,-0.00072177,0.0010028,0.0021268,-0.0015288,0.0024614,,0.0473856,0.0160448
0.0029943,0.79591,0.5,1.9856,-0.031184,-0.024473,1.0452,0.79591,0.5,1.9856,0.0012967,-0.00071472,0.00090174,0.0023646,-0.0015073,0.0023272,,0.0479088,0.01442784
0.0029735,0.80416,0.5,1.9856,-0.030018,-0.026158,1.0432,0.80416,0.5,1.9856,0.0012852,-0.000692,0.00080647,0.0025533,-0.0014167,0.0021084,,0.047576,0.01290352
0.0028935,0.81242,0.5,1.9856,-0.029103,-0.026995,1.0402,0.81242,0.5,1.9856,0.0013157,-0.00066631,0.00073875,0.0025723,-0.0012769,0.001899,,0.046296,0.01182
0.0027387,0.82068,0.5,1.9856,-0.028397,-0.026594,1.0375,0.82068,0.5,1.9856,0.0013809,-0.00063365,0.00070474,0.0023688,-0.0011265,0.0017277,,0.0438192,0.01127584
0.0025079,0.82893,0.5,1.9856,-0.027783,-0.025369,1.037,0.82893,0.5,1.9856,0.0014526,-0.00056714,0.00070859,0.0020338,-0.00096165,0.0015294,,0.0401264,0.01133744
0.00439,0.030909,0.5,2.0222,0.0018771,0.010199,0.72673,0.030909,0.5,2.0222,0.00023203,-0.00012044,-0.00053421,0.0023298,0.00012437,0.0062182,,0.07024,-0.00854736
0.0052444,0.066184,0.5,2.0222,0.0034712,0.0070928,0.83814,0.066184,0.5,2.0222,0.00071404,0.00019285,-0.00065655,0.0027993,0.00049847,0.0069756,,0.0839104,-0.0105048
0.0046666,0.10006,0.5,2.0222,0.0029182,0.0018858,0.89333,0.10006,0.5,2.0222,0.00095173,0.00062585,-0.00010144,0.0026111,0.0010905,0.0057705,,0.0746656,-0.00162304
0.0052398,0.13258,0.5,2.0222,0.0023297,-0.0058357,0.93031,0.13258,0.5,2.0222,0.00070234,0.00046819,-0.00016587,0.0021444,0.00083422,0.0076329,,0.0838368,-0.00265392
0.0049536,0.16379,0.5,2.0222,0.0017744,-0.014296,0.97633,0.16379,0.5,2.0222,0.0004455,0.00018637,-0.00049718,0.0017078,4.52E-05,0.0077538,,0.0792576,-0.00795488
0.0026326,0.19372,0.5,2.0222,-0.001468,-0.016972,1.0209,0.19372,0.5,2.0222,0.00048254,8.04E-05,-0.00026451,0.0012931,-0.00024302,0.0034896,,0.0421216,-0.00423216
0.0018368,0.22242,0.5,2.0222,-0.0038819,-0.014862,1.0419,0.22242,0.5,2.0222,0.00063105,9.22E-05,-8.78E-05,0.00093396,-7.30E-05,0.0021087,,0.0293888,-0.001404928
0.0017803,0.24993,0.5,2.0222,-0.0057067,-0.013624,1.0578,0.24993,0.5,2.0222,0.00064416,0.00010632,-3.27E-05,0.00094116,7.15E-05,0.0019753,,0.0284848,-0.00052352
0.001492,0.27629,0.5,2.0222,-0.0093627,-0.017248,1.0677,0.27629,0.5,2.0222,0.00054922,5.70E-05,-0.00010939,0.00080665,0.00030516,0.0016282,,0.023872,-0.00175024
0.0013363,0.30154,0.5,2.0222,-0.012578,-0.014219,1.0717,0.30154,0.5,2.0222,0.00052716,4.32E-05,-0.00015294,0.00079033,0.00014964,0.0013551,,0.0213808,-0.00244704
0.0014125,0.32572,0.5,2.0222,-0.014792,-0.0094667,1.063,0.32572,0.5,2.0222,0.00058207,0.00015606,-0.0001715,0.0010037,-0.00048104,0.0012393,,0.0226,-0.002744
0.0019016,0.34887,0.5,2.0222,-0.017749,-0.010291,1.0649,0.34887,0.5,2.0222,0.00059636,0.00035009,-0.000305,0.0010432,-0.00074761,0.0021636,,0.0304256,-0.00488
0.0020673,0.37102,0.5,2.0222,-0.022134,-0.012688,1.0698,0.37102,0.5,2.0222,0.0006137,0.00046363,-0.00055675,0.00096434,-0.00081753,0.0025566,,0.0330768,-0.008908
0.0017064,0.39221,0.5,2.0222,-0.027028,-0.014914,1.072,0.39221,0.5,2.0222,0.00072146,0.00041272,-0.0006872,0.00073941,-0.00053195,0.001952,,0.0273024,-0.0109952
0.0016215,0.41248,0.5,2.0222,-0.031454,-0.013408,1.0711,0.41248,0.5,2.0222,0.00087154,0.0002654,-0.00045717,0.00056996,-0.00026762,0.0018015,,0.025944,-0.00731472
0.0017391,0.43187,0.5,2.0222,-0.034203,-0.010643,1.072,0.43187,0.5,2.0222,0.0010063,0.00016351,-0.000279,0.00060101,-0.00040513,0.0018708,,0.0278256,-0.004464
0.0017411,0.4504,0.5,2.0222,-0.03483,-0.0084872,1.0757,0.4504,0.5,2.0222,0.0010867,7.61E-05,-0.00026475,0.00067259,-0.00046609,0.0017229,,0.0278576,-0.004236
0.0019196,0.46812,0.5,2.0222,-0.034121,-0.0072751,1.0701,0.46812,0.5,2.0222,0.001113,1.57E-05,-0.00034844,0.00078698,-0.00063222,0.0019392,,0.0307136,-0.00557504
0.0019349,0.48504,0.5,2.0222,-0.033117,-0.0086589,1.0687,0.48504,0.5,2.0222,0.0011346,-1.43E-05,-0.00034002,0.00094148,-0.00073099,0.0017938,,0.0309584,-0.00544032
0.0016859,0.50122,0.5,2.0222,-0.033193,-0.010695,1.0748,0.50122,0.5,2.0222,0.001188,-0.00015246,-0.00033871,0.0010047,-0.00047926,0.001179,,0.0269744,-0.00541936
0.0016052,0.51667,0.5,2.0222,-0.034697,-0.011736,1.083,0.51667,0.5,2.0222,0.001261,-0.00027199,-0.00020784,0.0010528,-0.00023669,0.0008966,,0.0256832,-0.00332544
0.0017086,0.53142,0.5,2.0222,-0.03611,-0.010637,1.0829,0.53142,0.5,2.0222,0.0013526,-0.00032576,-7.62E-06,0.001125,-0.00021664,0.00093971,,0.0273376,-0.000121901
0.0019048,0.54551,0.5,2.0222,-0.036461,-0.0088315,1.0765,0.54551,0.5,2.0222,0.0014634,-0.0003571,5.98E-05,0.0012755,-0.00046647,0.0010707,,0.0304768,0.00095616
0.002136,0.55896,0.5,2.0222,-0.035994,-0.0089206,1.072,0.55896,0.5,2.0222,0.0015436,-0.00028487,5.79E-05,0.0014614,-0.00067982,0.001267,,0.034176,0.00092584
0.0022233,0.5718,0.5,2.0222,-0.035312,-0.010185,1.0718,0.5718,0.5,2.0222,0.0015881,-0.00013289,-1.12E-05,0.0014811,-0.000698,0.0013775,,0.0355728,-0.000179744
0.0022159,0.58405,0.5,2.0222,-0.035102,-0.012154,1.0742,0.58405,0.5,2.0222,0.0016519,-3.38E-05,1.28E-05,0.0013927,-0.00062032,0.0013872,,0.0354544,0.000204256
0.0021792,0.59575,0.5,2.0222,-0.035001,-0.015977,1.0743,0.59575,0.5,2.0222,0.0017548,-1.11E-05,0.00014475,0.0012508,-0.00042245,0.0013528,,0.0348672,0.002316
0.0020452,0.6069,0.5,2.0222,-0.034703,-0.019579,1.0751,0.6069,0.5,2.0222,0.0018954,-3.85E-05,0.00031251,0.0010312,-0.00021854,0.0011639,,0.0327232,0.00500016
0.0019431,0.61755,0.5,2.0222,-0.034839,-0.022376,1.0781,0.61755,0.5,2.0222,0.0020715,-6.71E-05,0.0004628,0.00079771,-6.32E-05,0.001017,,0.0310896,0.0074048
0.0019158,0.6277,0.5,2.0222,-0.035668,-0.025551,1.0817,0.6277,0.5,2.0222,0.0022505,-7.15E-05,0.00047615,0.00063449,3.16E-05,0.00094655,,0.0306528,0.0076184
0.0018386,0.63738,0.5,2.0222,-0.036892,-0.028616,1.0841,0.63738,0.5,2.0222,0.0023978,-7.18E-05,0.00035179,0.00050058,3.15E-05,0.00077874,,0.0294176,0.00562864
0.0018635,0.64661,0.5,2.0222,-0.038094,-0.031015,1.0833,0.64661,0.5,2.0222,0.0025183,-7.46E-05,0.00028501,0.00039093,-1.05E-05,0.00081769,,0.029816,0.00456016
0.0020164,0.65542,0.5,2.0222,-0.039124,-0.032991,1.0798,0.65542,0.5,2.0222,0.0026261,-0.00011464,0.00037387,0.0003467,-0.00011834,0.0010601,,0.0322624,0.00598192
0.0021284,0.66381,0.5,2.0222,-0.040098,-0.034624,1.0781,0.66381,0.5,2.0222,0.0027224,-0.00020773,0.00056698,0.00037488,-0.00018967,0.0011595,,0.0340544,0.00907168
0.0021845,0.67207,0.5,2.0222,-0.041062,-0.035347,1.0802,0.67207,0.5,2.0222,0.0027937,-0.00035077,0.00075592,0.00046461,-0.00019947,0.0011107,,0.034952,0.01209472
0.0022157,0.68032,0.5,2.0222,-0.041817,-0.035017,1.0812,0.68032,0.5,2.0222,0.002806,-0.00049237,0.00095771,0.00054945,-0.0002114,0.0010759,,0.0354512,0.01532336
0.002239,0.68858,0.5,2.0222,-0.04215,-0.033699,1.0802,0.68858,0.5,2.0222,0.0027415,-0.00059883,0.0011037,0.00060696,-0.00025535,0.0011295,,0.035824,0.0176592
0.0022803,0.69683,0.5,2.0222,-0.042093,-0.031445,1.0775,0.69683,0.5,2.0222,0.0026222,-0.00067136,0.0011969,0.0006571,-0.00032795,0.0012814,,0.0364848,0.0191504
0.0023253,0.70509,0.5,2.0222,-0.041797,-0.028568,1.0749,0.70509,0.5,2.0222,0.002477,-0.00070432,0.0012402,0.00071871,-0.00039796,0.0014548,,0.0372048,0.0198432
0.0023891,0.71335,0.5,2.0222,-0.041276,-0.025589,1.0724,0.71335,0.5,2.0222,0.00232,-0.00069623,0.0012647,0.0008182,-0.00050999,0.00164,,0.0382256,0.0202352
0.0024848,0.7216,0.5,2.0222,-0.040469,-0.023014,1.0693,0.7216,0.5,2.0222,0.0021582,-0.00065923,0.0012889,0.00095044,-0.00068188,0.0018609,,0.0397568,0.0206224
0.002567,0.72986,0.5,2.0222,-0.03945,-0.021306,1.0654,0.72986,0.5,2.0222,0.0019968,-0.00060275,0.0012883,0.0010719,-0.00085139,0.0020654,,0.041072,0.0206128
0.0026292,0.73811,0.5,2.0222,-0.038441,-0.020642,1.062,0.73811,0.5,2.0222,0.0018412,-0.00055882,0.0012872,0.0011677,-0.00099945,0.0022495,,0.0420672,0.0205952
0.0026997,0.74637,0.5,2.0222,-0.037616,-0.020574,1.0593,0.74637,0.5,2.0222,0.0016994,-0.00054773,0.0012965,0.0012644,-0.0011587,0.0024356,,0.0431952,0.020744
0.0027852,0.75463,0.5,2.0222,-0.03691,-0.020573,1.0562,0.75463,0.5,2.0222,0.0015811,-0.0005673,0.0013001,0.0013913,-0.0013135,0.0025979,,0.0445632,0.0208016
0.0028317,0.76288,0.5,2.0222,-0.036077,-0.020562,1.0532,0.76288,0.5,2.0222,0.0014929,-0.00060862,0.0012475,0.0015518,-0.0014089,0.0026186,,0.0453072,0.01996
0.0028548,0.77114,0.5,2.0222,-0.034943,-0.020745,1.0504,0.77114,0.5,2.0222,0.0014305,-0.00065593,0.0011676,0.0017342,-0.0014554,0.002545,,0.0456768,0.0186816
0.0028957,0.7794,0.5,2.0222,-0.033589,-0.021394,1.0482,0.7794,0.5,2.0222,0.0013816,-0.00069066,0.0010782,0.0019265,-0.0014858,0.0024834,,0.0463312,0.0172512
0.0029405,0.78765,0.5,2.0222,-0.032204,-0.022657,1.0467,0.78765,0.5,2.0222,0.0013364,-0.00070303,0.00098344,0.002135,-0.0014971,0.0024096,,0.047048,0.01573504
0.0029637,0.79591,0.5,2.0222,-0.030943,-0.02443,1.045,0.79591,0.5,2.0222,0.0012995,-0.00069284,0.00089003,0.0023453,-0.001469,0.0022826,,0.0474192,0.01424048
0.0029245,0.80416,0.5,2.0222,-0.029947,-0.026141,1.0429,0.80416,0.5,2.0222,0.0012909,-0.00067477,0.00080365,0.0024858,-0.0013667,0.0020723,,0.046792,0.0128584
0.0028318,0.81242,0.5,2.0222,-0.029252,-0.026965,1.0398,0.81242,0.5,2.0222,0.0013252,-0.00065755,0.00074234,0.0024623,-0.0012233,0.0018762,,0.0453088,0.01187744
0.0026802,0.82068,0.5,2.0222,-0.028701,-0.026466,1.0373,0.82068,0.5,2.0222,0.0013927,-0.0006283,0.00071161,0.0022499,-0.0010817,0.0017179,,0.0428832,0.01138576
0.0024612,0.82893,0.5,2.0222,-0.028127,-0.025069,1.037,0.82893,0.5,2.0222,0.0014625,-0.00055897,0.00071314,0.0019361,-0.00093028,0.0015238,,0.0393792,0.01141024
0.0044559,0.030909,0.5,2.0587,0.0018882,0.0099375,0.7271,0.030909,0.5,2.0587,0.00023196,-0.00014416,-0.00052383,0.0023333,0.00014445,0.0063466,,0.0712944,-0.00838128
0.0052254,0.066184,0.5,2.0587,0.0034652,0.007022,0.83922,0.066184,0.5,2.0587,0.00071427,0.0001821,-0.00065941,0.0028304,0.00046646,0.0069061,,0.0836064,-0.01055056
0.0045851,0.10006,0.5,2.0587,0.002947,0.0024433,0.89493,0.10006,0.5,2.0587,0.00094629,0.00063089,-0.00010933,0.0026511,0.0010586,0.0055729,,0.0733616,-0.00174928
0.0052725,0.13258,0.5,2.0587,0.0024153,-0.0052342,0.93073,0.13258,0.5,2.0587,0.00068972,0.00046155,-0.00016467,0.0022153,0.00083971,0.00764,,0.08436,-0.00263472
0.0049888,0.16379,0.5,2.0587,0.0017468,-0.014378,0.97648,0.16379,0.5,2.0587,0.00044079,0.00018667,-0.00048184,0.0017922,8.68E-05,0.0077445,,0.0798208,-0.00770944
0.0026061,0.19372,0.5,2.0587,-0.0016794,-0.017275,1.0213,0.19372,0.5,2.0587,0.00047689,9.73E-05,-0.00024945,0.0013087,-0.00022114,0.0034266,,0.0416976,-0.0039912
0.0018405,0.22242,0.5,2.0587,-0.004093,-0.014959,1.0417,0.22242,0.5,2.0587,0.00062127,0.00011707,-0.00010254,0.00091692,-9.29E-05,0.0021428,,0.029448,-0.00164064
0.0018038,0.24993,0.5,2.0587,-0.0057643,-0.013709,1.0576,0.24993,0.5,2.0587,0.00063927,0.00011596,-3.74E-05,0.00093074,8.96E-05,0.0020376,,0.0288608,-0.000598048
0.0015012,0.27629,0.5,2.0587,-0.0093692,-0.017324,1.068,0.27629,0.5,2.0587,0.00055226,5.52E-05,-0.00010321,0.00081234,0.00030966,0.0016378,,0.0240192,-0.00165136
0.0013489,0.30154,0.5,2.0587,-0.012628,-0.014143,1.072,0.30154,0.5,2.0587,0.00053996,4.24E-05,-0.0001555,0.00078395,0.00011491,0.001374,,0.0215824,-0.002488
0.0014232,0.32572,0.5,2.0587,-0.01493,-0.0096131,1.0631,0.32572,0.5,2.0587,0.00058878,0.00016686,-0.00015888,0.00097871,-0.00050431,0.0012789,,0.0227712,-0.00254208
0.0019115,0.34887,0.5,2.0587,-0.018021,-0.010517,1.0648,0.34887,0.5,2.0587,0.00060024,0.00036519,-0.00029392,0.0010293,-0.00075196,0.0021934,,0.030584,-0.00470272
0.0020981,0.37102,0.5,2.0587,-0.022493,-0.012594,1.0699,0.37102,0.5,2.0587,0.00062256,0.00046965,-0.00057171,0.00093505,-0.0008331,0.0026386,,0.0335696,-0.00914736
0.0017153,0.39221,0.5,2.0587,-0.027371,-0.014566,1.072,0.39221,0.5,2.0587,0.00073222,0.00040903,-0.00069736,0.00069621,-0.00054263,0.0020021,,0.0274448,-0.01115776
0.0016141,0.41248,0.5,2.0587,-0.031673,-0.013029,1.0711,0.41248,0.5,2.0587,0.00087837,0.00025453,-0.00045958,0.00053841,-0.00027332,0.0018114,,0.0258256,-0.00735328
0.0017156,0.43187,0.5,2.0587,-0.03432,-0.010326,1.0722,0.43187,0.5,2.0587,0.0009992,0.00016244,-0.00029213,0.00058594,-0.00040117,0.0018461,,0.0274496,-0.00467408
0.0017146,0.4504,0.5,2.0587,-0.034923,-0.0081608,1.0756,0.4504,0.5,2.0587,0.0010693,8.97E-05,-0.00027223,0.00067312,-0.00046145,0.0016868,,0.0274336,-0.00435568
0.0019231,0.46812,0.5,2.0587,-0.034194,-0.0072021,1.0698,0.46812,0.5,2.0587,0.0010945,2.98E-05,-0.00034945,0.00080097,-0.0006421,0.0019507,,0.0307696,-0.0055912
0.0019362,0.48504,0.5,2.0587,-0.033232,-0.0087855,1.0688,0.48504,0.5,2.0587,0.0011184,-8.64E-06,-0.00033818,0.00097112,-0.00072202,0.0017829,,0.0309792,-0.00541088
0.0016918,0.50122,0.5,2.0587,-0.033413,-0.010775,1.0754,0.50122,0.5,2.0587,0.00119,-0.00016365,-0.00032092,0.0010493,-0.00046141,0.0011442,,0.0270688,-0.00513472
0.0016536,0.51667,0.5,2.0587,-0.034962,-0.01177,1.083,0.51667,0.5,2.0587,0.0012749,-0.00028667,-0.0001919,0.001121,-0.0002369,0.00091125,,0.0264576,-0.0030704
0.0017854,0.53142,0.5,2.0587,-0.036317,-0.010536,1.0821,0.53142,0.5,2.0587,0.0013677,-0.00032604,1.37E-05,0.0011933,-0.00019887,0.0010099,,0.0285664,0.0002188
0.0019826,0.54551,0.5,2.0587,-0.036566,-0.0087926,1.0762,0.54551,0.5,2.0587,0.0014916,-0.00036116,0.00010945,0.0013275,-0.00047215,0.0011461,,0.0317216,0.0017512
0.0021779,0.55896,0.5,2.0587,-0.036033,-0.0091661,1.072,0.55896,0.5,2.0587,0.0015663,-0.00028639,9.85E-05,0.00148,-0.00067159,0.0013096,,0.0348464,0.001576352
0.0022201,0.5718,0.5,2.0587,-0.035396,-0.010451,1.0719,0.5718,0.5,2.0587,0.0015952,-0.00013484,7.90E-06,0.0014583,-0.00066759,0.0013866,,0.0355216,0.000126398
0.0021867,0.58405,0.5,2.0587,-0.035259,-0.012516,1.0739,0.58405,0.5,2.0587,0.0016587,-5.68E-05,4.25E-05,0.0013536,-0.0006302,0.0013611,,0.0349872,0.000680432
0.0021513,0.59575,0.5,2.0587,-0.035184,-0.016481,1.0739,0.59575,0.5,2.0587,0.0017642,-4.02E-05,0.00018365,0.0012074,-0.00042844,0.0013309,,0.0344208,0.0029384
0.0020443,0.6069,0.5,2.0587,-0.034958,-0.019979,1.0752,0.6069,0.5,2.0587,0.0019028,-5.89E-05,0.00033798,0.00099404,-0.00020274,0.0011917,,0.0327088,0.00540768
0.0019448,0.61755,0.5,2.0587,-0.035172,-0.022804,1.0787,0.61755,0.5,2.0587,0.0020781,-7.30E-05,0.00043724,0.00077686,-4.57E-05,0.0010346,,0.0311168,0.00699584
0.0018956,0.6277,0.5,2.0587,-0.036008,-0.026021,1.0828,0.6277,0.5,2.0587,0.0022622,-5.95E-05,0.00041274,0.00062464,4.16E-05,0.0009044,,0.0303296,0.00660384
0.0018209,0.63738,0.5,2.0587,-0.037179,-0.028964,1.0848,0.63738,0.5,2.0587,0.0024103,-4.80E-05,0.00031401,0.0004941,2.97E-05,0.00073731,,0.0291344,0.00502416
0.001881,0.64661,0.5,2.0587,-0.038313,-0.03117,1.083,0.64661,0.5,2.0587,0.0025286,-5.19E-05,0.0003,0.00039821,-2.18E-05,0.00083522,,0.030096,0.0048
0.0020495,0.65542,0.5,2.0587,-0.039306,-0.032934,1.0791,0.65542,0.5,2.0587,0.0026388,-0.00010088,0.00040945,0.0003752,-0.00011806,0.001085,,0.032792,0.0065512
0.002148,0.66381,0.5,2.0587,-0.040249,-0.034323,1.0782,0.66381,0.5,2.0587,0.0027356,-0.00020381,0.0005688,0.00041937,-0.00017176,0.0011411,,0.034368,0.0091008
0.002194,0.67207,0.5,2.0587,-0.041119,-0.034852,1.0805,0.67207,0.5,2.0587,0.0027971,-0.00035388,0.00074015,0.00051166,-0.00018319,0.0010791,,0.035104,0.0118424
0.0022231,0.68032,0.5,2.0587,-0.0417,-0.03448,1.0811,0.68032,0.5,2.0587,0.0027917,-0.0005008,0.00094974,0.00059062,-0.00022189,0.0010639,,0.0355696,0.01519584
0.0022526,0.68858,0.5,2.0587,-0.041857,-0.033132,1.08,0.68858,0.5,2.0587,0.0027127,-0.00061465,0.0011004,0.0006487,-0.00029003,0.0011437,,0.0360416,0.0176064
0.002299,0.69683,0.5,2.0587,-0.041685,-0.03087,1.0773,0.69683,0.5,2.0587,0.0025879,-0.0006896,0.0011987,0.00070332,-0.00036752,0.0013067,,0.036784,0.0191792
0.0023473,0.70509,0.5,2.0587,-0.041313,-0.028112,1.0748,0.70509,0.5,2.0587,0.0024452,-0.00071629,0.0012409,0.00076869,-0.0004376,0.0014806,,0.0375568,0.0198544
0.0024193,0.71335,0.5,2.0587,-0.040729,-0.02536,1.072,0.71335,0.5,2.0587,0.0022972,-0.00069586,0.0012636,0.00086626,-0.0005586,0.0016752,,0.0387088,0.0202176
0.002516,0.7216,0.5,2.0587,-0.039901,-0.023073,1.0687,0.7216,0.5,2.0587,0.0021465,-0.00064427,0.0012892,0.0009788,-0.00072655,0.0019067,,0.040256,0.0206272
0.002584,0.72986,0.5,2.0587,-0.038959,-0.021615,1.0648,0.72986,0.5,2.0587,0.0019944,-0.00057845,0.0012875,0.0010742,-0.00087593,0.0020994,,0.041344,0.0206
0.0026429,0.73811,0.5,2.0587,-0.038101,-0.020986,1.0615,0.73811,0.5,2.0587,0.0018466,-0.00053367,0.0012869,0.0011606,-0.001011,0.0022785,,0.0422864,0.0205904
0.0027274,0.74637,0.5,2.0587,-0.037421,-0.020725,1.0588,0.74637,0.5,2.0587,0.0017109,-0.00052703,0.0013022,0.0012669,-0.0011684,0.002477,,0.0436384,0.0208352
0.0028154,0.75463,0.5,2.0587,-0.036824,-0.020448,1.0558,0.75463,0.5,2.0587,0.0015956,-0.00055447,0.0013001,0.001412,-0.0013139,0.0026232,,0.0450464,0.0208016
0.0028467,0.76288,0.5,2.0587,-0.036083,-0.020247,1.0531,0.76288,0.5,2.0587,0.0015048,-0.00060422,0.001235,0.0015861,-0.0013951,0.0026025,,0.0455472,0.01976
0.0028543,0.77114,0.5,2.0587,-0.035034,-0.020395,1.0503,0.77114,0.5,2.0587,0.0014346,-0.00065531,0.0011445,0.0017692,-0.0014379,0.0025049,,0.0456688,0.018312
0.0028836,0.7794,0.5,2.0587,-0.033732,-0.021124,1.0481,0.7794,0.5,2.0587,0.0013759,-0.00068805,0.0010455,0.0019534,-0.0014656,0.0024379,,0.0461376,0.016728
0.0029177,0.78765,0.5,2.0587,-0.032357,-0.022538,1.0465,0.78765,0.5,2.0587,0.0013235,-0.00069774,0.00095081,0.0021484,-0.0014684,0.0023635,,0.0466832,0.01521296
0.0029303,0.79591,0.5,2.0587,-0.031106,-0.024457,1.0447,0.79591,0.5,2.0587,0.0012856,-0.00069129,0.00086528,0.0023379,-0.0014304,0.002237,,0.0468848,0.01384448
0.0028794,0.80416,0.5,2.0587,-0.030153,-0.026223,1.0425,0.80416,0.5,2.0587,0.0012822,-0.00068386,0.00078971,0.0024513,-0.0013163,0.0020252,,0.0460704,0.01263536
0.0027828,0.81242,0.5,2.0587,-0.029519,-0.026967,1.0394,0.81242,0.5,2.0587,0.0013246,-0.00067528,0.00073573,0.0024033,-0.0011709,0.0018377,,0.0445248,0.01177168
0.0026367,0.82068,0.5,2.0587,-0.029024,-0.026292,1.037,0.82068,0.5,2.0587,0.0013978,-0.00064207,0.00070515,0.0021813,-0.0010365,0.0016944,,0.0421872,0.0112824
0.0024289,0.82893,0.5,2.0587,-0.028478,-0.024668,1.0369,0.82893,0.5,2.0587,0.0014673,-0.0005594,0.0007012,0.0018805,-0.00089576,0.00151,,0.0388624,0.0112192
0.0045113,0.030909,0.5,2.0951,0.0018912,0.009596,0.72749,0.030909,0.5,2.0951,0.00023119,-0.00014273,-0.00051711,0.0023326,0.00016183,0.0064587,,0.0721808,-0.00827376
0.0051587,0.066184,0.5,2.0951,0.0034498,0.0069186,0.84032,0.066184,0.5,2.0951,0.00069964,0.00018363,-0.00064799,0.0028266,0.00043863,0.0067912,,0.0825392,-0.01036784
0.0044665,0.10006,0.5,2.0951,0.0029769,0.0029804,0.89657,0.10006,0.5,2.0951,0.00092631,0.00062784,-9.60E-05,0.002673,0.001019,0.0053338,,0.071464,-0.001536448
0.0053049,0.13258,0.5,2.0951,0.0024884,-0.0046458,0.9311,0.13258,0.5,2.0951,0.00068427,0.00047059,-0.00017359,0.0022594,0.00084264,0.007666,,0.0848784,-0.00277744
0.0050344,0.16379,0.5,2.0951,0.0016758,-0.014414,0.97649,0.16379,0.5,2.0951,0.00044553,0.00020175,-0.00048833,0.0018286,0.00014683,0.0077946,,0.0805504,-0.00781328
0.0026212,0.19372,0.5,2.0951,-0.0019208,-0.017553,1.0218,0.19372,0.5,2.0951,0.0004832,0.00011242,-0.00024713,0.0013361,-0.00017643,0.0034232,,0.0419392,-0.00395408
0.0018684,0.22242,0.5,2.0951,-0.0043048,-0.015072,1.0413,0.22242,0.5,2.0951,0.00061694,0.00013183,-0.00011512,0.0009151,-9.16E-05,0.0022047,,0.0298944,-0.00184192
0.0018317,0.24993,0.5,2.0951,-0.0058239,-0.013824,1.0574,0.24993,0.5,2.0951,0.00062577,0.00011117,-4.45E-05,0.00091986,0.00012166,0.0021177,,0.0293072,-0.000712704
0.0015176,0.27629,0.5,2.0951,-0.0093916,-0.017405,1.0682,0.27629,0.5,2.0951,0.00055934,5.10E-05,-0.00011471,0.00081,0.0003242,0.0016658,,0.0242816,-0.00183536
0.0013782,0.30154,0.5,2.0951,-0.012682,-0.014051,1.0722,0.30154,0.5,2.0951,0.00058154,3.84E-05,-0.0001618,0.00077627,9.38E-05,0.0013985,,0.0220512,-0.0025888
0.001457,0.32572,0.5,2.0951,-0.015046,-0.0097592,1.0631,0.32572,0.5,2.0951,0.0006218,0.00016326,-0.00014381,0.00096848,-0.00052675,0.0013238,,0.023312,-0.00230096
0.0019335,0.34887,0.5,2.0951,-0.018276,-0.010734,1.0648,0.34887,0.5,2.0951,0.00061195,0.00036911,-0.00029356,0.001035,-0.00077986,0.0022201,,0.030936,-0.00469696
0.0021446,0.37102,0.5,2.0951,-0.022815,-0.012464,1.07,0.37102,0.5,2.0951,0.00064757,0.00047502,-0.00059036,0.00094642,-0.00086112,0.0026953,,0.0343136,-0.00944576
0.0017365,0.39221,0.5,2.0951,-0.027642,-0.014195,1.0721,0.39221,0.5,2.0951,0.00075806,0.00041292,-0.00070347,0.00069683,-0.00055037,0.0020181,,0.027784,-0.01125552
0.0016171,0.41248,0.5,2.0951,-0.031822,-0.012661,1.071,0.41248,0.5,2.0951,0.0008779,0.0002557,-0.00045774,0.00054082,-0.00026571,0.0018155,,0.0258736,-0.00732384
0.0017097,0.43187,0.5,2.0951,-0.034404,-0.010018,1.0723,0.43187,0.5,2.0951,0.0009834,0.00017217,-0.00029466,0.00059666,-0.0003817,0.0018394,,0.0273552,-0.00471456
0.001708,0.4504,0.5,2.0951,-0.035013,-0.0078446,1.0755,0.4504,0.5,2.0951,0.0010545,0.00011034,-0.00027042,0.0006976,-0.00045122,0.001664,,0.027328,-0.00432672
0.0019312,0.46812,0.5,2.0951,-0.034282,-0.007133,1.0695,0.46812,0.5,2.0951,0.0010802,4.97E-05,-0.0003496,0.00083243,-0.00064301,0.0019497,,0.0308992,-0.0055936
0.0019345,0.48504,0.5,2.0951,-0.033381,-0.0088832,1.0688,0.48504,0.5,2.0951,0.0011087,-3.47E-06,-0.00035587,0.0010027,-0.00070675,0.0017577,,0.030952,-0.00569392
0.0016849,0.50122,0.5,2.0951,-0.033656,-0.010836,1.076,0.50122,0.5,2.0951,0.0012035,-0.0001798,-0.0003253,0.0010654,-0.00044482,0.001101,,0.0269584,-0.0052048
0.001656,0.51667,0.5,2.0951,-0.035201,-0.01184,1.083,0.51667,0.5,2.0951,0.0013041,-0.00031498,-0.00016412,0.0011328,-0.00026378,0.0008751,,0.026496,-0.00262592
0.0018073,0.53142,0.5,2.0951,-0.036472,-0.010472,1.0814,0.53142,0.5,2.0951,0.0013707,-0.00033824,3.37E-05,0.001215,-0.00023081,0.001029,,0.0289168,0.000539408
0.0020143,0.54551,0.5,2.0951,-0.036628,-0.0087811,1.0758,0.54551,0.5,2.0951,0.0014772,-0.00034736,0.00013012,0.0013415,-0.00050084,0.0012099,,0.0322288,0.00208192
0.0021919,0.55896,0.5,2.0951,-0.036045,-0.0094496,1.0719,0.55896,0.5,2.0951,0.0015623,-0.00025224,0.0001437,0.0014596,-0.00067884,0.001362,,0.0350704,0.0022992
0.0022226,0.5718,0.5,2.0951,-0.03548,-0.010728,1.072,0.5718,0.5,2.0951,0.0015892,-0.00010118,5.45E-05,0.0014163,-0.00063364,0.0014396,,0.0355616,0.0008716
0.0021649,0.58405,0.5,2.0951,-0.035439,-0.012873,1.0737,0.58405,0.5,2.0951,0.0016509,-4.63E-05,8.10E-05,0.0013183,-0.00060154,0.0013607,,0.0346384,0.001295392
0.0021175,0.59575,0.5,2.0951,-0.035395,-0.016969,1.0736,0.59575,0.5,2.0951,0.0017752,-5.34E-05,0.00020506,0.0011698,-0.00042216,0.00129,,0.03388,0.00328096
0.0020467,0.6069,0.5,2.0951,-0.035226,-0.020363,1.0755,0.6069,0.5,2.0951,0.0019387,-7.89E-05,0.00034088,0.0009593,-0.00019039,0.0011954,,0.0327472,0.00545408
0.0019684,0.61755,0.5,2.0951,-0.035501,-0.023234,1.0794,0.61755,0.5,2.0951,0.0021219,-8.17E-05,0.00039604,0.00075279,-1.61E-05,0.0010621,,0.0314944,0.00633664
0.0019058,0.6277,0.5,2.0951,-0.036329,-0.02646,1.0838,0.6277,0.5,2.0951,0.0022946,-5.60E-05,0.00035679,0.00060137,7.14E-05,0.00091561,,0.0304928,0.00570864
0.0018138,0.63738,0.5,2.0951,-0.037443,-0.029218,1.085,0.63738,0.5,2.0951,0.0024233,-4.12E-05,0.00030113,0.00047266,4.36E-05,0.00073169,,0.0290208,0.00481808
0.0018865,0.64661,0.5,2.0951,-0.038531,-0.031201,1.0824,0.64661,0.5,2.0951,0.0025267,-5.16E-05,0.00033072,0.00039018,-3.33E-05,0.00085606,,0.030184,0.00529152
0.0020632,0.65542,0.5,2.0951,-0.039511,-0.032741,1.0786,0.65542,0.5,2.0951,0.0026316,-0.00011184,0.0004481,0.00038348,-0.00012922,0.0011112,,0.0330112,0.0071696
0.0021558,0.66381,0.5,2.0951,-0.040439,-0.033881,1.0784,0.66381,0.5,2.0951,0.0027306,-0.0002246,0.00056884,0.00043703,-0.00017972,0.0011441,,0.0344928,0.00910144
0.0021988,0.67207,0.5,2.0951,-0.04121,-0.034248,1.0806,0.67207,0.5,2.0951,0.0027943,-0.00037304,0.00072205,0.00052193,-0.00019688,0.0010813,,0.0351808,0.0115528
0.0022223,0.68032,0.5,2.0951,-0.04161,-0.033856,1.081,0.68032,0.5,2.0951,0.0027858,-0.00051028,0.0009347,0.00059738,-0.00024182,0.0010614,,0.0355568,0.0149552
0.0022537,0.68858,0.5,2.0951,-0.041607,-0.032488,1.0798,0.68858,0.5,2.0951,0.0027005,-0.00061753,0.0010884,0.0006716,-0.00031122,0.0011353,,0.0360592,0.0174144
0.0023078,0.69683,0.5,2.0951,-0.041364,-0.030223,1.0772,0.69683,0.5,2.0951,0.002568,-0.000689,0.001191,0.00074521,-0.00038811,0.0013025,,0.0369248,0.019056
0.0023681,0.70509,0.5,2.0951,-0.040987,-0.027551,1.0747,0.70509,0.5,2.0951,0.0024203,-0.00071407,0.0012317,0.0008195,-0.00047064,0.0014964,,0.0378896,0.0197072
0.0024506,0.71335,0.5,2.0951,-0.040408,-0.024979,1.0716,0.71335,0.5,2.0951,0.0022747,-0.00069363,0.0012596,0.00090923,-0.00061209,0.0017172,,0.0392096,0.0201536
0.0025412,0.7216,0.5,2.0951,-0.0396,-0.022968,1.068,0.7216,0.5,2.0951,0.0021331,-0.00064184,0.0012918,0.00099488,-0.0007767,0.0019544,,0.0406592,0.0206688
0.0025946,0.72986,0.5,2.0951,-0.038714,-0.021793,1.0643,0.72986,0.5,2.0951,0.0019934,-0.00057682,0.0012914,0.0010643,-0.00090652,0.0021315,,0.0415136,0.0206624
0.0026561,0.73811,0.5,2.0951,-0.037945,-0.021284,1.061,0.73811,0.5,2.0951,0.0018571,-0.00053235,0.0012947,0.0011445,-0.0010338,0.0023106,,0.0424976,0.0207152
0.0027525,0.74637,0.5,2.0951,-0.037363,-0.020964,1.0583,0.74637,0.5,2.0951,0.0017305,-0.00052311,0.0013153,0.0012599,-0.0011871,0.0025146,,0.04404,0.0210448
0.0028377,0.75463,0.5,2.0951,-0.036815,-0.020561,1.0555,0.75463,0.5,2.0951,0.0016207,-0.00054724,0.0013085,0.0014181,-0.0013153,0.0026365,,0.0454032,0.020936
0.0028623,0.76288,0.5,2.0951,-0.036014,-0.020264,1.0529,0.76288,0.5,2.0951,0.0015319,-0.00059444,0.0012382,0.0016009,-0.0013809,0.0025918,,0.0457968,0.0198112
0.0028727,0.77114,0.5,2.0951,-0.034825,-0.020397,1.0502,0.77114,0.5,2.0951,0.0014617,-0.00064453,0.001145,0.0017864,-0.0014244,0.0024972,,0.0459632,0.01832
0.0029032,0.7794,0.5,2.0951,-0.033405,-0.021164,1.0479,0.7794,0.5,2.0951,0.0014028,-0.00067899,0.0010428,0.0019697,-0.0014527,0.002434,,0.0464512,0.0166848
0.00293,0.78765,0.5,2.0951,-0.032009,-0.022613,1.0461,0.78765,0.5,2.0951,0.0013497,-0.00069256,0.00095035,0.0021517,-0.0014504,0.0023586,,0.04688,0.0152056
0.0029232,0.79591,0.5,2.0951,-0.030854,-0.024522,1.0442,0.79591,0.5,2.0951,0.0013117,-0.00069212,0.00086789,0.0023071,-0.0013994,0.0022275,,0.0467712,0.01388624
0.0028457,0.80416,0.5,2.0951,-0.0301,-0.026233,1.042,0.80416,0.5,2.0951,0.0013096,-0.0006914,0.00079422,0.0023792,-0.0012705,0.0020027,,0.0455312,0.01270752
0.0027372,0.81242,0.5,2.0951,-0.029684,-0.026871,1.0391,0.81242,0.5,2.0951,0.001351,-0.00068784,0.00073732,0.0023123,-0.0011268,0.0018111,,0.0437952,0.01179712
0.002598,0.82068,0.5,2.0951,-0.029317,-0.026033,1.0368,0.82068,0.5,2.0951,0.0014174,-0.00065596,0.00069582,0.0021064,-0.0010023,0.0016723,,0.041568,0.01113312
0.0024035,0.82893,0.5,2.0951,-0.028774,-0.02421,1.0369,0.82893,0.5,2.0951,0.0014749,-0.00057212,0.00067873,0.0018402,-0.00086754,0.001492,,0.038456,0.01085968
0.004556,0.030909,0.5,2.1315,0.0018311,0.0092421,0.72783,0.030909,0.5,2.1315,0.00021621,-0.0001194,-0.00050348,0.0023085,0.00016528,0.0065873,,0.072896,-0.00805568
0.0050661,0.066184,0.5,2.1315,0.0033611,0.0068085,0.84127,0.066184,0.5,2.1315,0.00065664,0.00020237,-0.00061527,0.0027758,0.00039788,0.0066996,,0.0810576,-0.00984432
0.004335,0.10006,0.5,2.1315,0.003014,0.003463,0.89813,0.10006,0.5,2.1315,0.00089442,0.00062547,-7.17E-05,0.0026611,0.00095563,0.0051145,,0.06936,-0.001147872
0.0053367,0.13258,0.5,2.1315,0.0026037,-0.0040562,0.93143,0.13258,0.5,2.1315,0.00069024,0.0004852,-0.00018979,0.0022648,0.00083022,0.0077184,,0.0853872,-0.00303664
0.0050716,0.16379,0.5,2.1315,0.0016166,-0.014367,0.97636,0.16379,0.5,2.1315,0.00045715,0.00021651,-0.00050312,0.0018113,0.00020224,0.0078747,,0.0811456,-0.00804992
0.0026419,0.19372,0.5,2.1315,-0.0021511,-0.017804,1.0221,0.19372,0.5,2.1315,0.00048781,0.00012005,-0.00024668,0.0013416,-0.00013173,0.0034545,,0.0422704,-0.00394688
0.0019216,0.22242,0.5,2.1315,-0.0045044,-0.015202,1.041,0.22242,0.5,2.1315,0.00062522,0.00013184,-0.00012325,0.0009217,-7.03E-05,0.0022962,,0.0307456,-0.001972
0.0018877,0.24993,0.5,2.1315,-0.005897,-0.013946,1.0573,0.24993,0.5,2.1315,0.00064183,8.98E-05,-5.53E-05,0.00092527,0.0001637,0.0022083,,0.0302032,-0.00088464
0.0015433,0.27629,0.5,2.1315,-0.0094434,-0.017465,1.0685,0.27629,0.5,2.1315,0.00057418,3.74E-05,-0.00012113,0.00080187,0.00033738,0.0017106,,0.0246928,-0.00193808
0.0013933,0.30154,0.5,2.1315,-0.01275,-0.013966,1.0723,0.30154,0.5,2.1315,0.00058833,3.43E-05,-0.00016742,0.00076576,8.01E-05,0.0014325,,0.0222928,-0.00267872
0.001477,0.32572,0.5,2.1315,-0.015156,-0.0099513,1.0632,0.32572,0.5,2.1315,0.00063058,0.00016005,-0.00014208,0.0009699,-0.0005343,0.0013536,,0.023632,-0.00227328
0.0019697,0.34887,0.5,2.1315,-0.018527,-0.010993,1.0648,0.34887,0.5,2.1315,0.00063997,0.00037418,-0.00031671,0.001049,-0.0008256,0.0022505,,0.0315152,-0.00506736
0.0021993,0.37102,0.5,2.1315,-0.02313,-0.012344,1.0702,0.37102,0.5,2.1315,0.00069752,0.00048543,-0.00062019,0.00097707,-0.00089282,0.0027241,,0.0351888,-0.00992304
0.0017613,0.39221,0.5,2.1315,-0.027869,-0.013833,1.0721,0.39221,0.5,2.1315,0.00079737,0.00041392,-0.00069995,0.00072079,-0.00052188,0.0020045,,0.0281808,-0.0111992
0.0016347,0.41248,0.5,2.1315,-0.03193,-0.012291,1.0709,0.41248,0.5,2.1315,0.00088387,0.00024871,-0.00045132,0.0005607,-0.00023733,0.0018248,,0.0261552,-0.00722112
0.0017125,0.43187,0.5,2.1315,-0.034476,-0.0096864,1.0725,0.43187,0.5,2.1315,0.00097265,0.00016876,-0.00028901,0.0006289,-0.00035409,0.0018234,,0.0274,-0.00462416
0.0017132,0.4504,0.5,2.1315,-0.035089,-0.0075424,1.0755,0.4504,0.5,2.1315,0.0010444,0.00012086,-0.00025693,0.0007472,-0.0004401,0.0016348,,0.0274112,-0.00411088
0.0019495,0.46812,0.5,2.1315,-0.034353,-0.0070774,1.0692,0.46812,0.5,2.1315,0.0010705,6.89E-05,-0.00033881,0.0008748,-0.00065317,0.0019537,,0.031192,-0.00542096
0.0019378,0.48504,0.5,2.1315,-0.033524,-0.0089385,1.0689,0.48504,0.5,2.1315,0.0010939,2.44E-06,-0.00036239,0.0010218,-0.00069795,0.0017599,,0.0310048,-0.00579824
0.0016718,0.50122,0.5,2.1315,-0.033885,-0.010849,1.0765,0.50122,0.5,2.1315,0.0011963,-0.00018915,-0.00033518,0.0010617,-0.00042637,0.0010857,,0.0267488,-0.00536288
0.0016417,0.51667,0.5,2.1315,-0.035383,-0.011854,1.0829,0.51667,0.5,2.1315,0.0013271,-0.00033278,-0.00015159,0.0011199,-0.00029147,0.00083634,,0.0262672,-0.00242544
0.0018047,0.53142,0.5,2.1315,-0.036571,-0.010379,1.0807,0.53142,0.5,2.1315,0.0014022,-0.00035736,3.91E-05,0.0012248,-0.00029777,0.00098257,,0.0288752,0.000625328
0.002019,0.54551,0.5,2.1315,-0.036696,-0.008763,1.0756,0.54551,0.5,2.1315,0.0014851,-0.00035226,0.00011909,0.0013553,-0.00056009,0.0011975,,0.032304,0.00190544
0.0021868,0.55896,0.5,2.1315,-0.036096,-0.0097055,1.0719,0.55896,0.5,2.1315,0.0015596,-0.00023898,0.00016652,0.0014483,-0.0007123,0.0013658,,0.0349888,0.00266432
0.0022272,0.5718,0.5,2.1315,-0.035591,-0.011026,1.0721,0.5718,0.5,2.1315,0.0015864,-8.14E-05,0.00011009,0.0013921,-0.00062383,0.0014759,,0.0356352,0.00176144
0.0021637,0.58405,0.5,2.1315,-0.035643,-0.013274,1.0736,0.58405,0.5,2.1315,0.0016447,-2.55E-05,0.00013133,0.0012987,-0.00054759,0.0013841,,0.0346192,0.00210128
0.0020905,0.59575,0.5,2.1315,-0.035642,-0.017468,1.0735,0.59575,0.5,2.1315,0.0017775,-4.59E-05,0.00021894,0.0011463,-0.00038701,0.0012572,,0.033448,0.00350304
0.0020237,0.6069,0.5,2.1315,-0.035504,-0.020755,1.076,0.6069,0.5,2.1315,0.0019687,-8.81E-05,0.00032895,0.00093078,-0.00017297,0.0011479,,0.0323792,0.0052632
0.0019555,0.61755,0.5,2.1315,-0.035779,-0.023677,1.0804,0.61755,0.5,2.1315,0.0021651,-9.30E-05,0.00035486,0.00071982,2.76E-06,0.001026,,0.031288,0.00567776
0.0019041,0.6277,0.5,2.1315,-0.036566,-0.026887,1.0846,0.6277,0.5,2.1315,0.0023251,-6.96E-05,0.00031027,0.00055392,8.75E-05,0.00092922,,0.0304656,0.00496432
0.0018165,0.63738,0.5,2.1315,-0.037641,-0.029444,1.0849,0.63738,0.5,2.1315,0.0024401,-6.04E-05,0.00028867,0.00042273,4.85E-05,0.00077012,,0.029064,0.00461872
0.0018868,0.64661,0.5,2.1315,-0.038707,-0.031241,1.0816,0.64661,0.5,2.1315,0.0025377,-7.68E-05,0.00034894,0.00034843,-4.49E-05,0.00088762,,0.0301888,0.00558304
0.002058,0.65542,0.5,2.1315,-0.039674,-0.032588,1.0783,0.65542,0.5,2.1315,0.0026455,-0.00014483,0.00046681,0.00035179,-0.00013597,0.0011186,,0.032928,0.00746896
0.0021556,0.66381,0.5,2.1315,-0.040549,-0.0335,1.0788,0.66381,0.5,2.1315,0.0027503,-0.00026727,0.0005651,0.0004151,-0.00019339,0.0011458,,0.0344896,0.0090416
0.0022105,0.67207,0.5,2.1315,-0.041173,-0.033742,1.0806,0.67207,0.5,2.1315,0.002811,-0.00041378,0.00072186,0.00049703,-0.00022821,0.0011129,,0.035368,0.01154976
0.0022309,0.68032,0.5,2.1315,-0.04137,-0.033325,1.0807,0.68032,0.5,2.1315,0.0027906,-0.00053418,0.00094511,0.00057525,-0.00027037,0.0010959,,0.0356944,0.01512176
0.0022606,0.68858,0.5,2.1315,-0.041217,-0.031922,1.0795,0.68858,0.5,2.1315,0.0026924,-0.00062336,0.001104,0.00066698,-0.00032411,0.0011619,,0.0361696,0.017664
0.0023194,0.69683,0.5,2.1315,-0.040912,-0.029693,1.0771,0.69683,0.5,2.1315,0.0025503,-0.00067839,0.0012013,0.00075895,-0.00039317,0.0013295,,0.0371104,0.0192208
0.0023911,0.70509,0.5,2.1315,-0.040493,-0.027188,1.0745,0.70509,0.5,2.1315,0.0023946,-0.00068942,0.0012377,0.00084415,-0.00048819,0.0015435,,0.0382576,0.0198032
0.0024776,0.71335,0.5,2.1315,-0.039886,-0.024894,1.0709,0.71335,0.5,2.1315,0.0022435,-0.00066125,0.0012716,0.00092909,-0.00064392,0.0017826,,0.0396416,0.0203456
0.0025503,0.7216,0.5,2.1315,-0.039133,-0.023207,1.0673,0.7216,0.5,2.1315,0.0021044,-0.00060916,0.0013003,0.00099261,-0.00079408,0.0020036,,0.0408048,0.0208048
0.002587,0.72986,0.5,2.1315,-0.038391,-0.022229,1.0637,0.72986,0.5,2.1315,0.0019739,-0.00055232,0.0012964,0.0010396,-0.00090353,0.0021604,,0.041392,0.0207424
0.0026493,0.73811,0.5,2.1315,-0.037779,-0.021643,1.0605,0.73811,0.5,2.1315,0.0018475,-0.00051754,0.0013022,0.0011092,-0.0010284,0.0023419,,0.0423888,0.0208352
0.0027456,0.74637,0.5,2.1315,-0.037297,-0.021046,1.0579,0.74637,0.5,2.1315,0.0017252,-0.00051104,0.001323,0.0012235,-0.0011801,0.0025425,,0.0439296,0.021168
0.0028177,0.75463,0.5,2.1315,-0.036784,-0.020352,1.0553,0.75463,0.5,2.1315,0.0016129,-0.00053045,0.0013072,0.0013856,-0.0012976,0.002637,,0.0450832,0.0209152
0.0028382,0.76288,0.5,2.1315,-0.036009,-0.01991,1.0527,0.76288,0.5,2.1315,0.0015192,-0.00056935,0.0012315,0.0015752,-0.0013595,0.0025822,,0.0454112,0.019704
0.0028597,0.77114,0.5,2.1315,-0.03488,-0.020078,1.05,0.77114,0.5,2.1315,0.0014496,-0.00061281,0.0011385,0.0017718,-0.0014067,0.0024981,,0.0457552,0.018216
0.0029005,0.7794,0.5,2.1315,-0.033519,-0.02098,1.0477,0.7794,0.5,2.1315,0.0013992,-0.00064499,0.0010422,0.0019601,-0.0014352,0.0024416,,0.046408,0.0166752
0.0029234,0.78765,0.5,2.1315,-0.032159,-0.022596,1.0457,0.78765,0.5,2.1315,0.0013583,-0.00066148,0.00096146,0.0021219,-0.0014262,0.0023668,,0.0467744,0.01538336
0.0028957,0.79591,0.5,2.1315,-0.031051,-0.024622,1.0437,0.79591,0.5,2.1315,0.001332,-0.00066948,0.00088813,0.0022318,-0.0013597,0.0022277,,0.0463312,0.01421008
0.0027953,0.80416,0.5,2.1315,-0.030344,-0.026316,1.0415,0.80416,0.5,2.1315,0.0013399,-0.00067949,0.00081701,0.0022581,-0.0012208,0.0019927,,0.0447248,0.01307216
0.0026813,0.81242,0.5,2.1315,-0.029943,-0.02679,1.0387,0.81242,0.5,2.1315,0.0013866,-0.00068229,0.000754,0.0021739,-0.0010867,0.0018022,,0.0429008,0.012064
0.0025509,0.82068,0.5,2.1315,-0.029568,-0.025722,1.0367,0.82068,0.5,2.1315,0.0014492,-0.00064917,0.00069853,0.0019883,-0.00097403,0.0016643,,0.0408144,0.01117648
0.0023701,0.82893,0.5,2.1315,-0.02901,-0.023677,1.037,0.82893,0.5,2.1315,0.001496,-0.00056279,0.00066719,0.001761,-0.00084613,0.0014833,,0.0379216,0.01067504
0.0046057,0.030909,0.5,2.1678,0.0017365,0.0089242,0.72809,0.030909,0.5,2.1678,0.00020221,-9.42E-05,-0.00050168,0.002249,0.00015208,0.0067601,,0.0736912,-0.00802688
0.0050215,0.066184,0.5,2.1678,0.0032404,0.0067185,0.84201,0.066184,0.5,2.1678,0.00061667,0.00022305,-0.00060469,0.0027144,0.00035119,0.0067119,,0.080344,-0.00967504
0.0042521,0.10006,0.5,2.1678,0.0030541,0.0039283,0.89951,0.10006,0.5,2.1678,0.00086546,0.00063306,-6.35E-05,0.002646,0.00087792,0.0049928,,0.0680336,-0.001016432
0.0053745,0.13258,0.5,2.1678,0.0027352,-0.0034241,0.93178,0.13258,0.5,2.1678,0.00069605,0.0004928,-0.00021555,0.00227,0.00079083,0.007783,,0.085992,-0.0034488
0.0050991,0.16379,0.5,2.1678,0.0015822,-0.014245,0.97618,0.16379,0.5,2.1678,0.00047141,0.0002145,-0.0005297,0.0017934,0.00023315,0.0079334,,0.0815856,-0.0084752
0.0026297,0.19372,0.5,2.1678,-0.0023411,-0.018036,1.0225,0.19372,0.5,2.1678,0.00049738,0.00012443,-0.00024931,0.0013091,-0.00010922,0.0034529,,0.0420752,-0.00398896
0.0019572,0.22242,0.5,2.1678,-0.0046663,-0.015325,1.0408,0.22242,0.5,2.1678,0.00063342,0.00013376,-0.00012259,0.00091221,-6.41E-05,0.0023688,,0.0313152,-0.00196144
0.0019462,0.24993,0.5,2.1678,-0.0059637,-0.014028,1.0572,0.24993,0.5,2.1678,0.00066501,8.05E-05,-6.35E-05,0.00093956,0.00018742,0.0022879,,0.0311392,-0.001015984
0.00158,0.27629,0.5,2.1678,-0.009504,-0.017523,1.0689,0.27629,0.5,2.1678,0.00059791,2.35E-05,-0.00012511,0.00080871,0.00033916,0.0017533,,0.02528,-0.00200176
0.0014082,0.30154,0.5,2.1678,-0.012855,-0.01391,1.0723,0.30154,0.5,2.1678,0.00056777,3.36E-05,-0.00017536,0.00077147,5.65E-05,0.0014771,,0.0225312,-0.00280576
0.0014813,0.32572,0.5,2.1678,-0.015344,-0.010137,1.0632,0.32572,0.5,2.1678,0.00061066,0.00017536,-0.00015442,0.00097043,-0.000542,0.0013816,,0.0237008,-0.00247072
0.0020037,0.34887,0.5,2.1678,-0.018841,-0.011258,1.0649,0.34887,0.5,2.1678,0.00067585,0.00038694,-0.0003523,0.0010386,-0.00086961,0.0022929,,0.0320592,-0.0056368
0.0022339,0.37102,0.5,2.1678,-0.023462,-0.012262,1.0702,0.37102,0.5,2.1678,0.00075192,0.00049012,-0.00065916,0.00096382,-0.00091559,0.0027522,,0.0357424,-0.01054656
0.0017627,0.39221,0.5,2.1678,-0.028085,-0.013501,1.072,0.39221,0.5,2.1678,0.00083589,0.00040353,-0.00069479,0.00069999,-0.00047648,0.0019896,,0.0282032,-0.01111664
0.0016348,0.41248,0.5,2.1678,-0.032027,-0.011895,1.0708,0.41248,0.5,2.1678,0.00090333,0.00022731,-0.0004382,0.00054206,-0.00021691,0.0018243,,0.0261568,-0.0070112
0.0016952,0.43187,0.5,2.1678,-0.034551,-0.0093305,1.0726,0.43187,0.5,2.1678,0.00097854,0.00015005,-0.00028339,0.0006275,-0.00034614,0.0017844,,0.0271232,-0.00453424
0.0017038,0.4504,0.5,2.1678,-0.035175,-0.0072746,1.0754,0.4504,0.5,2.1678,0.001038,0.00011901,-0.00025831,0.00076407,-0.00044491,0.0016055,,0.0272608,-0.00413296
0.0019561,0.46812,0.5,2.1678,-0.03443,-0.0070847,1.0688,0.46812,0.5,2.1678,0.0010534,8.17E-05,-0.00032581,0.00089405,-0.00068142,0.0019648,,0.0312976,-0.00521296
0.0019473,0.48504,0.5,2.1678,-0.033673,-0.0090236,1.069,0.48504,0.5,2.1678,0.00108,1.45E-05,-0.00034087,0.0010257,-0.00069697,0.001789,,0.0311568,-0.00545392
0.0016889,0.50122,0.5,2.1678,-0.034142,-0.010881,1.0768,0.50122,0.5,2.1678,0.001196,-0.0001791,-0.00033066,0.0010691,-0.00040829,0.0011127,,0.0270224,-0.00529056
0.0016672,0.51667,0.5,2.1678,-0.035611,-0.011857,1.0827,0.51667,0.5,2.1678,0.0013473,-0.00032717,-0.00014665,0.0011436,-0.00028846,0.00084344,,0.0266752,-0.0023464
0.0018263,0.53142,0.5,2.1678,-0.036684,-0.010273,1.0801,0.53142,0.5,2.1678,0.0014374,-0.00036758,5.56E-05,0.0012714,-0.00032461,0.0009438,,0.0292208,0.000888944
0.0020366,0.54551,0.5,2.1678,-0.036734,-0.0087515,1.0753,0.54551,0.5,2.1678,0.0015045,-0.00036812,0.00012068,0.001398,-0.00059901,0.0011708,,0.0325856,0.00193088
0.0021863,0.55896,0.5,2.1678,-0.03612,-0.009939,1.0718,0.55896,0.5,2.1678,0.0015652,-0.00025384,0.00016556,0.0014599,-0.00072943,0.0013475,,0.0349808,0.00264896
0.0022201,0.5718,0.5,2.1678,-0.035687,-0.011325,1.0722,0.5718,0.5,2.1678,0.0016011,-0.00010205,0.00014196,0.0013767,-0.00062764,0.0014624,,0.0355216,0.00227136
0.0021597,0.58405,0.5,2.1678,-0.035829,-0.013685,1.0735,0.58405,0.5,2.1678,0.0016641,-3.52E-05,0.00017172,0.0012708,-0.00050863,0.0013845,,0.0345552,0.00274752
0.0020697,0.59575,0.5,2.1678,-0.03589,-0.017942,1.0736,0.59575,0.5,2.1678,0.0018051,-4.81E-05,0.0002194,0.0011219,-0.00034361,0.0012124,,0.0331152,0.0035104
0.001991,0.6069,0.5,2.1678,-0.035804,-0.021125,1.0767,0.6069,0.5,2.1678,0.0020187,-9.73E-05,0.00030423,0.0009111,-0.00015386,0.0010523,,0.031856,0.00486768
0.0019326,0.61755,0.5,2.1678,-0.036096,-0.024084,1.0813,0.61755,0.5,2.1678,0.0022259,-0.00010175,0.00031795,0.00069975,6.00E-06,0.00093946,,0.0309216,0.0050872
0.0019245,0.6277,0.5,2.1678,-0.036865,-0.027236,1.0851,0.6277,0.5,2.1678,0.0023807,-7.95E-05,0.00027396,0.00052207,7.89E-05,0.00094628,,0.030792,0.00438336
0.0018639,0.63738,0.5,2.1678,-0.037903,-0.029595,1.0845,0.63738,0.5,2.1678,0.0024964,-7.41E-05,0.00027979,0.00038606,3.71E-05,0.00084535,,0.0298224,0.00447664
0.001919,0.64661,0.5,2.1678,-0.038948,-0.031215,1.0808,0.64661,0.5,2.1678,0.0026044,-9.37E-05,0.00035606,0.00031305,-5.43E-05,0.00092055,,0.030704,0.00569696
0.0020627,0.65542,0.5,2.1678,-0.039903,-0.032348,1.0783,0.65542,0.5,2.1678,0.002718,-0.00016581,0.00046518,0.00032157,-0.00013204,0.0010859,,0.0330032,0.00744288
0.0021512,0.66381,0.5,2.1678,-0.040704,-0.033041,1.0792,0.66381,0.5,2.1678,0.0028086,-0.00029517,0.00055984,0.00039576,-0.00018763,0.0010981,,0.0344192,0.00895744
0.0022212,0.67207,0.5,2.1678,-0.041166,-0.033212,1.0805,0.67207,0.5,2.1678,0.0028367,-0.0004429,0.00073324,0.00048572,-0.00024117,0.00112,,0.0355392,0.01173184
0.0022485,0.68032,0.5,2.1678,-0.041182,-0.032786,1.0803,0.68032,0.5,2.1678,0.0027847,-0.00055832,0.00095908,0.00057463,-0.00028614,0.0011377,,0.035976,0.01534528
0.0022858,0.68858,0.5,2.1678,-0.040925,-0.031358,1.0792,0.68858,0.5,2.1678,0.002671,-0.00064514,0.0011175,0.00068042,-0.0003305,0.0012203,,0.0365728,0.01788
0.0023537,0.69683,0.5,2.1678,-0.04059,-0.029198,1.0769,0.69683,0.5,2.1678,0.0025268,-0.00069205,0.0012145,0.00078503,-0.00039961,0.0013956,,0.0376592,0.019432
0.0024396,0.70509,0.5,2.1678,-0.040174,-0.026833,1.074,0.70509,0.5,2.1678,0.0023755,-0.00068978,0.0012575,0.00088205,-0.00050909,0.0016217,,0.0390336,0.02012
0.0025334,0.71335,0.5,2.1678,-0.039616,-0.02473,1.0702,0.71335,0.5,2.1678,0.002232,-0.00065203,0.0012999,0.00096851,-0.00067316,0.0018663,,0.0405344,0.0207984
0.0025893,0.7216,0.5,2.1678,-0.038963,-0.023272,1.0667,0.7216,0.5,2.1678,0.0021003,-0.00059812,0.0013236,0.0010175,-0.00080959,0.0020608,,0.0414288,0.0211776
0.0026111,0.72986,0.5,2.1678,-0.038316,-0.022445,1.0633,0.72986,0.5,2.1678,0.0019754,-0.00054907,0.0013148,0.001047,-0.00091308,0.0021998,,0.0417776,0.0210368
0.0026701,0.73811,0.5,2.1678,-0.037754,-0.021854,1.0601,0.73811,0.5,2.1678,0.0018504,-0.00052386,0.0013179,0.0011077,-0.0010475,0.0023821,,0.0427216,0.0210864
0.0027551,0.74637,0.5,2.1678,-0.037284,-0.021161,1.0575,0.74637,0.5,2.1678,0.0017217,-0.00051888,0.0013288,0.0012228,-0.0011975,0.0025656,,0.0440816,0.0212608
0.0028053,0.75463,0.5,2.1678,-0.036743,-0.020376,1.0551,0.75463,0.5,2.1678,0.0015964,-0.00052979,0.0012958,0.0013892,-0.0012986,0.0026249,,0.0448848,0.0207328
0.0028126,0.76288,0.5,2.1678,-0.035879,-0.019922,1.0525,0.76288,0.5,2.1678,0.0014906,-0.00055484,0.0012082,0.0015827,-0.001345,0.0025518,,0.0450016,0.0193312
0.0028329,0.77114,0.5,2.1678,-0.03462,-0.020166,1.0497,0.77114,0.5,2.1678,0.0014175,-0.00058646,0.0011121,0.0017829,-0.0013803,0.0024654,,0.0453264,0.0177936
0.0028767,0.7794,0.5,2.1678,-0.033166,-0.021166,1.0474,0.7794,0.5,2.1678,0.0013741,-0.00061193,0.0010232,0.0019673,-0.001399,0.0024121,,0.0460272,0.0163712
0.0028944,0.78765,0.5,2.1678,-0.031813,-0.022824,1.0452,0.78765,0.5,2.1678,0.0013464,-0.00062728,0.00095525,0.0021041,-0.0013792,0.0023382,,0.0463104,0.015284
0.0028486,0.79591,0.5,2.1678,-0.03082,-0.02478,1.0432,0.79591,0.5,2.1678,0.0013345,-0.00064096,0.00088996,0.0021688,-0.0012983,0.0021939,,0.0455776,0.01423936
0.0027359,0.80416,0.5,2.1678,-0.030306,-0.026318,1.0411,0.80416,0.5,2.1678,0.0013542,-0.00066084,0.00082055,0.0021531,-0.0011594,0.0019644,,0.0437744,0.0131288
0.0026291,0.81242,0.5,2.1678,-0.030079,-0.026608,1.0385,0.81242,0.5,2.1678,0.001408,-0.00066882,0.00075408,0.0020546,-0.0010463,0.0017956,,0.0420656,0.01206528
0.0025105,0.82068,0.5,2.1678,-0.029771,-0.025357,1.0367,0.82068,0.5,2.1678,0.0014724,-0.00063331,0.00069255,0.0018818,-0.00095436,0.0016667,,0.040168,0.0110808
0.0023379,0.82893,0.5,2.1678,-0.029179,-0.023146,1.0373,0.82893,0.5,2.1678,0.001516,-0.00054414,0.00065523,0.001674,-0.00084112,0.0014858,,0.0374064,0.01048368
0.0046577,0.030909,0.5,2.204,0.001645,0.0086415,0.72837,0.030909,0.5,2.204,0.00019035,-7.73E-05,-0.00049086,0.0021668,0.00013465,0.0069582,,0.0745232,-0.00785376
0.0050517,0.066184,0.5,2.204,0.0031445,0.0066198,0.84262,0.066184,0.5,2.204,0.00058544,0.00022469,-0.00060993,0.0026818,0.00032581,0.0068361,,0.0808272,-0.00975888
0.0042507,0.10006,0.5,2.204,0.0031049,0.0043655,0.90073,0.10006,0.5,2.204,0.00084361,0.00063257,-8.06E-05,0.0026638,0.00081995,0.0049941,,0.0680112,-0.001290192
0.0054058,0.13258,0.5,2.204,0.0028215,-0.0027935,0.93216,0.13258,0.5,2.204,0.00068156,0.00048641,-0.0002278,0.0023077,0.00073656,0.0078222,,0.0864928,-0.0036448
0.0051127,0.16379,0.5,2.204,0.0015086,-0.014129,0.97601,0.16379,0.5,2.204,0.00046328,0.00019273,-0.0005261,0.0018189,0.0002525,0.0079431,,0.0818032,-0.0084176
0.0025968,0.19372,0.5,2.204,-0.0025223,-0.01828,1.0228,0.19372,0.5,2.204,0.00050301,0.00012799,-0.00024822,0.0012757,-0.00010472,0.0034149,,0.0415488,-0.00397152
0.0019421,0.22242,0.5,2.204,-0.0047938,-0.015451,1.0406,0.22242,0.5,2.204,0.00063045,0.00014073,-0.00013781,0.0008809,-9.14E-05,0.0023728,,0.0310736,-0.00220496
0.0019563,0.24993,0.5,2.204,-0.0059961,-0.014116,1.0572,0.24993,0.5,2.204,0.00067275,8.96E-05,-7.50E-05,0.00092733,0.00019516,0.0023126,,0.0313008,-0.001200048
0.0016051,0.27629,0.5,2.204,-0.0095373,-0.017616,1.0692,0.27629,0.5,2.204,0.00061332,2.90E-05,-0.00012026,0.00083603,0.00034936,0.0017608,,0.0256816,-0.00192416
0.0014399,0.30154,0.5,2.204,-0.012973,-0.013885,1.0722,0.30154,0.5,2.204,0.00054864,3.78E-05,-0.00017656,0.00081264,3.64E-05,0.0015184,,0.0230384,-0.00282496
0.0014901,0.32572,0.5,2.204,-0.015601,-0.010283,1.0633,0.32572,0.5,2.204,0.00058722,0.00018828,-0.00016838,0.00096632,-0.00056775,0.0014266,,0.0238416,-0.00269408
0.0020171,0.34887,0.5,2.204,-0.019216,-0.011466,1.065,0.34887,0.5,2.204,0.00069184,0.00039186,-0.0003776,0.001007,-0.00090702,0.0023354,,0.0322736,-0.0060416
0.0022436,0.37102,0.5,2.204,-0.023816,-0.012172,1.0702,0.37102,0.5,2.204,0.00077461,0.00048939,-0.00069502,0.00091786,-0.00093779,0.0027947,,0.0358976,-0.01112032
0.0017407,0.39221,0.5,2.204,-0.028301,-0.013162,1.0719,0.39221,0.5,2.204,0.0008512,0.00039979,-0.00069508,0.00064136,-0.00046482,0.0019888,,0.0278512,-0.01112128
0.0016085,0.41248,0.5,2.204,-0.032117,-0.01149,1.0706,0.41248,0.5,2.204,0.00092466,0.00022227,-0.00042948,0.00048988,-0.00022066,0.0018025,,0.025736,-0.00687168
0.0016685,0.43187,0.5,2.204,-0.034601,-0.00898,1.0727,0.43187,0.5,2.204,0.00099905,0.00014841,-0.00027737,0.00058963,-0.00035265,0.0017484,,0.026696,-0.00443792
0.0016798,0.4504,0.5,2.204,-0.035225,-0.007032,1.0752,0.4504,0.5,2.204,0.0010344,0.00012067,-0.00025815,0.00074353,-0.00046015,0.0015817,,0.0268768,-0.0041304
0.0019405,0.46812,0.5,2.204,-0.034507,-0.0071492,1.0685,0.46812,0.5,2.204,0.0010278,8.82E-05,-0.00032429,0.00089561,-0.00071643,0.0019576,,0.031048,-0.00518864
0.0019431,0.48504,0.5,2.204,-0.033849,-0.0091682,1.0691,0.48504,0.5,2.204,0.0010649,1.81E-05,-0.00032764,0.0010349,-0.00069847,0.0017864,,0.0310896,-0.00524224
0.0016987,0.50122,0.5,2.204,-0.03441,-0.010955,1.0772,0.50122,0.5,2.204,0.0011879,-0.00017829,-0.00030514,0.0010941,-0.00040128,0.0011154,,0.0271792,-0.00488224
0.0016957,0.51667,0.5,2.204,-0.035835,-0.011848,1.0824,0.51667,0.5,2.204,0.0013277,-0.00031382,-0.00012493,0.0011862,-0.00027804,0.00087753,,0.0271312,-0.00199888
0.0018674,0.53142,0.5,2.204,-0.036817,-0.010113,1.0794,0.53142,0.5,2.204,0.0014277,-0.00035068,7.94E-05,0.0013184,-0.0003146,0.00098872,,0.0298784,0.001270768
0.0020815,0.54551,0.5,2.204,-0.036838,-0.0087354,1.075,0.54551,0.5,2.204,0.0015185,-0.00036037,0.0001427,0.0014298,-0.00060139,0.0012147,,0.033304,0.0022832
0.0021903,0.55896,0.5,2.204,-0.036237,-0.010193,1.0717,0.55896,0.5,2.204,0.0015912,-0.00026548,0.00017681,0.0014532,-0.00070799,0.0013363,,0.0350448,0.00282896
0.0021987,0.5718,0.5,2.204,-0.035857,-0.011662,1.0723,0.5718,0.5,2.204,0.001633,-0.00014105,0.0001743,0.0013461,-0.0006382,0.0014183,,0.0351792,0.0027888
0.002143,0.58405,0.5,2.204,-0.036048,-0.014166,1.0735,0.58405,0.5,2.204,0.0016993,-7.22E-05,0.00020233,0.0012388,-0.00050524,0.0013479,,0.034288,0.00323728
0.0020485,0.59575,0.5,2.204,-0.036141,-0.018423,1.0739,0.59575,0.5,2.204,0.0018399,-6.85E-05,0.00021167,0.0010994,-0.00030613,0.0011576,,0.032776,0.00338672
0.0019578,0.6069,0.5,2.204,-0.036086,-0.021497,1.0774,0.6069,0.5,2.204,0.0020513,-0.00010959,0.00026792,0.00089398,-0.0001278,0.00097036,,0.0313248,0.00428672
0.0019085,0.61755,0.5,2.204,-0.036381,-0.024533,1.0822,0.61755,0.5,2.204,0.0022534,-0.00010173,0.00027661,0.0006861,2.67E-05,0.00087758,,0.030536,0.00442576
0.0019477,0.6277,0.5,2.204,-0.037141,-0.027587,1.0854,0.6277,0.5,2.204,0.0023975,-7.50E-05,0.00025006,0.00050807,8.15E-05,0.00098989,,0.0311632,0.00400096
0.0019073,0.63738,0.5,2.204,-0.038168,-0.029726,1.0838,0.63738,0.5,2.204,0.0025142,-7.15E-05,0.00027951,0.00037737,2.94E-05,0.00092303,,0.0305168,0.00447216
0.0019502,0.64661,0.5,2.204,-0.039182,-0.031179,1.0801,0.64661,0.5,2.204,0.002634,-9.21E-05,0.0003611,0.0003164,-5.69E-05,0.00094988,,0.0312032,0.0057776
0.0020685,0.65542,0.5,2.204,-0.040054,-0.032112,1.0783,0.65542,0.5,2.204,0.0027479,-0.00016577,0.00046298,0.00033838,-0.00011887,0.0010507,,0.033096,0.00740768
0.0021416,0.66381,0.5,2.204,-0.040686,-0.032628,1.0794,0.66381,0.5,2.204,0.0028167,-0.00029585,0.00055807,0.00042758,-0.00016025,0.001039,,0.0342656,0.00892912
0.00223,0.67207,0.5,2.204,-0.040944,-0.032762,1.0802,0.67207,0.5,2.204,0.0028107,-0.00044417,0.00073442,0.00053774,-0.00022663,0.0011115,,0.03568,0.01175072
0.0022714,0.68032,0.5,2.204,-0.040825,-0.032304,1.0799,0.68032,0.5,2.204,0.0027338,-0.00056735,0.00094007,0.00064737,-0.00028473,0.0011616,,0.0363424,0.01504112
0.0023221,0.68858,0.5,2.204,-0.040519,-0.030851,1.0789,0.68858,0.5,2.204,0.0026165,-0.00066609,0.0011013,0.00076241,-0.00034218,0.0012654,,0.0371536,0.0176208
0.0024024,0.69683,0.5,2.204,-0.040165,-0.028811,1.0765,0.69683,0.5,2.204,0.0024859,-0.00071341,0.001223,0.00086187,-0.0004331,0.0014569,,0.0384384,0.019568
0.0025027,0.70509,0.5,2.204,-0.039737,-0.02667,1.0734,0.70509,0.5,2.204,0.0023554,-0.00070068,0.001289,0.00094679,-0.00055815,0.0017032,,0.0400432,0.020624
0.0025976,0.71335,0.5,2.204,-0.039213,-0.024861,1.0695,0.71335,0.5,2.204,0.0022295,-0.00064834,0.0013383,0.0010122,-0.0007131,0.0019534,,0.0415616,0.0214128
0.0026361,0.7216,0.5,2.204,-0.038663,-0.023668,1.0662,0.7216,0.5,2.204,0.0021095,-0.000584,0.0013541,0.001039,-0.00082192,0.0021237,,0.0421776,0.0216656
0.0026543,0.72986,0.5,2.204,-0.038146,-0.022902,1.0628,0.72986,0.5,2.204,0.0019923,-0.00053496,0.0013413,0.0010599,-0.00091878,0.0022564,,0.0424688,0.0214608
0.0027152,0.73811,0.5,2.204,-0.037681,-0.022154,1.0597,0.73811,0.5,2.204,0.0018717,-0.00051648,0.0013411,0.0011223,-0.0010594,0.0024364,,0.0434432,0.0214576
0.002787,0.74637,0.5,2.204,-0.037237,-0.021201,1.0573,0.74637,0.5,2.204,0.001744,-0.00051882,0.0013451,0.0012416,-0.0012051,0.0025886,,0.044592,0.0215216
0.0028162,0.75463,0.5,2.204,-0.03667,-0.02018,1.055,0.75463,0.5,2.204,0.0016149,-0.00053461,0.0013021,0.00141,-0.0012985,0.0026074,,0.0450592,0.0208336
0.0028118,0.76288,0.5,2.204,-0.035811,-0.019644,1.0523,0.76288,0.5,2.204,0.0015021,-0.00056041,0.0012065,0.0016039,-0.0013435,0.0025176,,0.0449888,0.019304
0.002828,0.77114,0.5,2.204,-0.034627,-0.01997,1.0495,0.77114,0.5,2.204,0.0014212,-0.00058815,0.0011041,0.0018068,-0.0013753,0.0024281,,0.045248,0.0176656
0.0028702,0.7794,0.5,2.204,-0.033266,-0.021114,1.047,0.7794,0.5,2.204,0.0013711,-0.00060722,0.001015,0.0019914,-0.0013832,0.0023778,,0.0459232,0.01624
0.002882,0.78765,0.5,2.204,-0.031993,-0.022889,1.0448,0.78765,0.5,2.204,0.0013413,-0.0006198,0.00094843,0.0021195,-0.0013453,0.0023031,,0.046112,0.01517488
0.0028246,0.79591,0.5,2.204,-0.031076,-0.024873,1.0428,0.79591,0.5,2.204,0.0013329,-0.00063988,0.00088147,0.0021704,-0.0012437,0.002146,,0.0451936,0.01410352
0.0027107,0.80416,0.5,2.204,-0.030587,-0.026318,1.0409,0.80416,0.5,2.204,0.0013562,-0.00066974,0.00081184,0.0021426,-0.0011045,0.0019226,,0.0433712,0.01298944
0.0026146,0.81242,0.5,2.204,-0.030309,-0.026409,1.0383,0.81242,0.5,2.204,0.001409,-0.0006791,0.00074154,0.00204,-0.0010093,0.0017802,,0.0418336,0.01186464
0.0025035,0.82068,0.5,2.204,-0.029923,-0.024923,1.0367,0.82068,0.5,2.204,0.0014684,-0.00063439,0.00067318,0.0018725,-0.00092806,0.001666,,0.040056,0.01077088
0.0023354,0.82893,0.5,2.204,-0.029263,-0.02254,1.0375,0.82893,0.5,2.204,0.0015069,-0.00053777,0.00063196,0.0016739,-0.00082441,0.0014901,,0.0373664,0.01011136
0.0047158,0.030909,0.5,2.2401,0.0015948,0.0083338,0.72876,0.030909,0.5,2.2401,0.00018015,-7.67E-05,-0.00046837,0.0021078,0.00011723,0.0071437,,0.0754528,-0.00749392
0.0051292,0.066184,0.5,2.2401,0.0031319,0.0064839,0.84321,0.066184,0.5,2.2401,0.00055692,0.00019427,-0.00062512,0.0026967,0.00032468,0.0070048,,0.0820672,-0.01000192
0.0042956,0.10006,0.5,2.2401,0.0032057,0.0047975,0.90183,0.10006,0.5,2.2401,0.00081483,0.0006076,-0.00011442,0.0027185,0.0007979,0.0050579,,0.0687296,-0.00183072
0.0054137,0.13258,0.5,2.2401,0.0028629,-0.0022129,0.93252,0.13258,0.5,2.2401,0.00064819,0.00048359,-0.00022468,0.0023563,0.0006934,0.007823,,0.0866192,-0.00359488
0.0051273,0.16379,0.5,2.2401,0.0013871,-0.014048,0.97577,0.16379,0.5,2.2401,0.00044541,0.00017588,-0.00051471,0.0018601,0.00028406,0.0079492,,0.0820368,-0.00823536
0.0026026,0.19372,0.5,2.2401,-0.0027084,-0.018482,1.0231,0.19372,0.5,2.2401,0.00051056,0.00012154,-0.00025884,0.0012711,-8.73E-05,0.0034235,,0.0416416,-0.00414144
0.0019095,0.22242,0.5,2.2401,-0.0049345,-0.015592,1.0403,0.22242,0.5,2.2401,0.00062083,0.00014546,-0.00017013,0.00086426,-0.00011243,0.0023338,,0.030552,-0.00272208
0.0019122,0.24993,0.5,2.2401,-0.0060375,-0.014256,1.0572,0.24993,0.5,2.2401,0.00065238,0.00010032,-9.27E-05,0.0008935,0.00020783,0.0022786,,0.0305952,-0.001483152
0.0015874,0.27629,0.5,2.2401,-0.0095654,-0.017728,1.0696,0.27629,0.5,2.2401,0.00060162,3.76E-05,-0.00011984,0.00084363,0.00036208,0.0017295,,0.0253984,-0.00191744
0.0014606,0.30154,0.5,2.2401,-0.013108,-0.013857,1.0721,0.30154,0.5,2.2401,0.00054439,4.07E-05,-0.00018545,0.00084457,3.27E-05,0.0015323,,0.0233696,-0.0029672
0.0015061,0.32572,0.5,2.2401,-0.015901,-0.010429,1.0633,0.32572,0.5,2.2401,0.0005699,0.00018929,-0.00018376,0.00095437,-0.00059457,0.001488,,0.0240976,-0.00294016
0.0020213,0.34887,0.5,2.2401,-0.019632,-0.011647,1.0652,0.34887,0.5,2.2401,0.00066949,0.0003886,-0.00039284,0.00098981,-0.00094068,0.0023833,,0.0323408,-0.00628544
0.0022569,0.37102,0.5,2.2401,-0.024187,-0.012033,1.0702,0.37102,0.5,2.2401,0.00076431,0.00048829,-0.00070648,0.0008999,-0.00096867,0.0028495,,0.0361104,-0.01130368
0.0017297,0.39221,0.5,2.2401,-0.02852,-0.012795,1.0717,0.39221,0.5,2.2401,0.00084803,0.00040439,-0.00067813,0.00060574,-0.00048256,0.0020057,,0.0276752,-0.01085008
0.0015828,0.41248,0.5,2.2401,-0.032203,-0.011091,1.0705,0.41248,0.5,2.2401,0.00093082,0.00023589,-0.00042467,0.00045854,-0.00021937,0.0017763,,0.0253248,-0.00679472
0.0016616,0.43187,0.5,2.2401,-0.034619,-0.008626,1.0728,0.43187,0.5,2.2401,0.001009,0.00017084,-0.00027365,0.00057778,-0.00034085,0.0017364,,0.0265856,-0.0043784
0.0016785,0.4504,0.5,2.2401,-0.035227,-0.0067865,1.0751,0.4504,0.5,2.2401,0.0010303,0.00014032,-0.00024542,0.00075419,-0.00046744,0.0015725,,0.026856,-0.00392672
0.0019304,0.46812,0.5,2.2401,-0.034547,-0.0072135,1.0683,0.46812,0.5,2.2401,0.0010083,9.90E-05,-0.00034383,0.00092031,-0.00073579,0.0019321,,0.0308864,-0.00550128
0.0019259,0.48504,0.5,2.2401,-0.033996,-0.0093003,1.0694,0.48504,0.5,2.2401,0.0010541,6.72E-06,-0.00035908,0.0010676,-0.00069377,0.00173,,0.0308144,-0.00574528
0.0016911,0.50122,0.5,2.2401,-0.034636,-0.011032,1.0776,0.50122,0.5,2.2401,0.0011918,-0.00021051,-0.00028742,0.0011275,-0.00040974,0.0010628,,0.0270576,-0.00459872
0.0017169,0.51667,0.5,2.2401,-0.036042,-0.011873,1.082,0.51667,0.5,2.2401,0.0013274,-0.00033485,-9.42E-05,0.0012105,-0.00029498,0.0008959,,0.0274704,-0.001507024
0.0019079,0.53142,0.5,2.2401,-0.036991,-0.0099684,1.0787,0.53142,0.5,2.2401,0.0014153,-0.00034673,0.00010497,0.0013289,-0.00031677,0.0010717,,0.0305264,0.00167952
0.0021132,0.54551,0.5,2.2401,-0.036982,-0.0087626,1.0746,0.54551,0.5,2.2401,0.001503,-0.00033238,0.00017916,0.0014192,-0.00059363,0.0013043,,0.0338112,0.00286656
0.0021733,0.55896,0.5,2.2401,-0.036359,-0.010486,1.0715,0.55896,0.5,2.2401,0.0015865,-0.000235,0.00020165,0.0014155,-0.00066954,0.0013446,,0.0347728,0.0032264
0.0021699,0.5718,0.5,2.2401,-0.036026,-0.012052,1.0723,0.5718,0.5,2.2401,0.0016438,-0.00014058,0.00020527,0.0013094,-0.00062742,0.0013867,,0.0347184,0.00328432
0.0021203,0.58405,0.5,2.2401,-0.036263,-0.014746,1.0735,0.58405,0.5,2.2401,0.0017178,-8.52E-05,0.00022598,0.0012203,-0.00050234,0.0013025,,0.0339248,0.00361568
0.0020349,0.59575,0.5,2.2401,-0.036376,-0.018912,1.0744,0.59575,0.5,2.2401,0.0018602,-7.67E-05,0.00020179,0.0010852,-0.00026897,0.0011243,,0.0325584,0.00322864
0.001944,0.6069,0.5,2.2401,-0.036348,-0.021857,1.0782,0.6069,0.5,2.2401,0.0020715,-0.00011365,0.00022957,0.00087381,-8.95E-05,0.00094273,,0.031104,0.00367312
0.001894,0.61755,0.5,2.2401,-0.036652,-0.024973,1.083,0.61755,0.5,2.2401,0.0022677,-9.41E-05,0.00023875,0.0006643,7.02E-05,0.00085612,,0.030304,0.00382
0.0019586,0.6277,0.5,2.2401,-0.037432,-0.027869,1.0855,0.6277,0.5,2.2401,0.0023979,-6.43E-05,0.00023123,0.00049182,0.00010636,0.0010274,,0.0313376,0.00369968
0.0019216,0.63738,0.5,2.2401,-0.038467,-0.029786,1.0831,0.63738,0.5,2.2401,0.0025037,-6.58E-05,0.0002723,0.0003764,3.44E-05,0.00096317,,0.0307456,0.0043568
0.0019707,0.64661,0.5,2.2401,-0.039438,-0.031074,1.0794,0.64661,0.5,2.2401,0.0026203,-9.33E-05,0.0003618,0.00033651,-5.13E-05,0.00098454,,0.0315312,0.0057888
0.0020848,0.65542,0.5,2.2401,-0.04021,-0.031786,1.0783,0.65542,0.5,2.2401,0.002733,-0.00017349,0.00045964,0.00037314,-0.00010901,0.0010635,,0.0333568,0.00735424
0.0021492,0.66381,0.5,2.2401,-0.040685,-0.032133,1.0795,0.66381,0.5,2.2401,0.0027954,-0.0002975,0.00054973,0.00046806,-0.00014485,0.001035,,0.0343872,0.00879568
0.0022502,0.67207,0.5,2.2401,-0.040786,-0.032233,1.0799,0.67207,0.5,2.2401,0.0027802,-0.00043488,0.0007161,0.00058888,-0.00021743,0.0011312,,0.0360032,0.0114576
0.002297,0.68032,0.5,2.2401,-0.040577,-0.031736,1.0795,0.68032,0.5,2.2401,0.002702,-0.00055692,0.00090234,0.00071341,-0.00028777,0.0011785,,0.036752,0.01443744
0.0023584,0.68858,0.5,2.2401,-0.040243,-0.030296,1.0784,0.68858,0.5,2.2401,0.0025959,-0.00065773,0.0010844,0.00083253,-0.00036873,0.0012884,,0.0377344,0.0173504
0.0024535,0.69683,0.5,2.2401,-0.039886,-0.028431,1.076,0.69683,0.5,2.2401,0.002481,-0.00070268,0.0012434,0.00092183,-0.00048673,0.0015042,,0.039256,0.0198944
0.0025669,0.70509,0.5,2.2401,-0.039499,-0.02654,1.0727,0.70509,0.5,2.2401,0.0023603,-0.00068627,0.0013333,0.00098598,-0.00061824,0.0017876,,0.0410704,0.0213328
0.0026464,0.71335,0.5,2.2401,-0.039092,-0.024985,1.0688,0.71335,0.5,2.2401,0.0022377,-0.00063072,0.00138,0.0010213,-0.00075164,0.0020338,,0.0423424,0.02208
0.0026604,0.7216,0.5,2.2401,-0.038685,-0.023923,1.0657,0.7216,0.5,2.2401,0.0021186,-0.00056855,0.0013813,0.0010265,-0.00083553,0.0021758,,0.0425664,0.0221008
0.0026797,0.72986,0.5,2.2401,-0.038246,-0.02311,1.0625,0.72986,0.5,2.2401,0.0020026,-0.00052784,0.0013616,0.0010482,-0.00093614,0.0023086,,0.0428752,0.0217856
0.0027476,0.73811,0.5,2.2401,-0.037774,-0.022238,1.0594,0.73811,0.5,2.2401,0.0018866,-0.00051851,0.0013534,0.0011243,-0.0010821,0.0024843,,0.0439616,0.0216544
0.0028144,0.74637,0.5,2.2401,-0.037274,-0.021185,1.0571,0.74637,0.5,2.2401,0.001767,-0.00052688,0.0013458,0.0012577,-0.001219,0.0026041,,0.0450304,0.0215328
0.0028372,0.75463,0.5,2.2401,-0.036631,-0.020135,1.0548,0.75463,0.5,2.2401,0.0016477,-0.00054261,0.0012959,0.0014306,-0.0013046,0.0025962,,0.0453952,0.0207344
0.0028358,0.76288,0.5,2.2401,-0.03566,-0.019677,1.052,0.76288,0.5,2.2401,0.0015447,-0.0005623,0.0012021,0.0016162,-0.0013494,0.0025108,,0.0453728,0.0192336
0.0028572,0.77114,0.5,2.2401,-0.034334,-0.02016,1.0491,0.77114,0.5,2.2401,0.0014723,-0.00058205,0.0011021,0.0018064,-0.0013753,0.0024357,,0.0457152,0.0176336
0.0029044,0.7794,0.5,2.2401,-0.032882,-0.021428,1.0465,0.7794,0.5,2.2401,0.0014276,-0.00059616,0.0010166,0.0019799,-0.00137,0.0024014,,0.0464704,0.0162656
0.002911,0.78765,0.5,2.2401,-0.031642,-0.023198,1.0442,0.78765,0.5,2.2401,0.0014011,-0.00061125,0.00094856,0.0020986,-0.0013111,0.0023224,,0.046576,0.01517696
0.0028369,0.79591,0.5,2.2401,-0.03086,-0.025023,1.0424,0.79591,0.5,2.2401,0.0013936,-0.00064129,0.00087423,0.0021425,-0.0011897,0.0021378,,0.0453904,0.01398768
0.002715,0.80416,0.5,2.2401,-0.030534,-0.026244,1.0406,0.80416,0.5,2.2401,0.0014111,-0.00067902,0.00080095,0.0021137,-0.0010549,0.0019052,,0.04344,0.0128152
0.0026204,0.81242,0.5,2.2401,-0.030377,-0.02613,1.0383,0.81242,0.5,2.2401,0.0014478,-0.00068733,0.00072436,0.0020212,-0.00097539,0.0017718,,0.0419264,0.01158976
0.0025074,0.82068,0.5,2.2401,-0.030013,-0.024467,1.0369,0.82068,0.5,2.2401,0.0014842,-0.00063577,0.00064302,0.0018723,-0.00089578,0.0016583,,0.0401184,0.01028832
0.0023383,0.82893,0.5,2.2401,-0.029286,-0.021942,1.0379,0.82893,0.5,2.2401,0.0014985,-0.00053404,0.0005931,0.0016915,-0.00078855,0.0014867,,0.0374128,0.0094896
0.0048054,0.030909,0.5,2.2762,0.0015794,0.0080143,0.72927,0.030909,0.5,2.2762,0.00017481,-8.25E-05,-0.00044938,0.0021135,0.00010891,0.0073224,,0.0768864,-0.00719008
0.0052004,0.066184,0.5,2.2762,0.0031873,0.0063553,0.84381,0.066184,0.5,2.2762,0.0005352,0.00016161,-0.00064445,0.0027349,0.00032381,0.0071308,,0.0832064,-0.0103112
0.004309,0.10006,0.5,2.2762,0.0033455,0.0052481,0.90289,0.10006,0.5,2.2762,0.00079359,0.00058005,-0.00014425,0.0027561,0.00078543,0.0050683,,0.068944,-0.002308
0.0054133,0.13258,0.5,2.2762,0.0028814,-0.0016432,0.93283,0.13258,0.5,2.2762,0.0006347,0.0004984,-0.00022439,0.0023682,0.00066036,0.0078237,,0.0866128,-0.00359024
0.005147,0.16379,0.5,2.2762,0.0012548,-0.013919,0.97544,0.16379,0.5,2.2762,0.00044391,0.00017635,-0.00052174,0.001856,0.00031049,0.0079942,,0.082352,-0.00834784
0.0026357,0.19372,0.5,2.2762,-0.0028698,-0.018629,1.0232,0.19372,0.5,2.2762,0.00051314,0.00010713,-0.00026927,0.0012667,-4.56E-05,0.0034916,,0.0421712,-0.00430832
0.0019039,0.22242,0.5,2.2762,-0.0050727,-0.015761,1.04,0.22242,0.5,2.2762,0.00060687,0.00014756,-0.00017863,0.00088712,-8.45E-05,0.0023138,,0.0304624,-0.00285808
0.0018828,0.24993,0.5,2.2762,-0.0060973,-0.014414,1.0573,0.24993,0.5,2.2762,0.00064555,8.93E-05,-0.00010933,0.000877,0.00023248,0.0022431,,0.0301248,-0.00174928
0.0015484,0.27629,0.5,2.2762,-0.0095935,-0.017826,1.0699,0.27629,0.5,2.2762,0.00060543,2.61E-05,-0.00013433,0.00080095,0.00034284,0.0016904,,0.0247744,-0.00214928
0.0014405,0.30154,0.5,2.2762,-0.013229,-0.013817,1.0719,0.30154,0.5,2.2762,0.00053835,4.60E-05,-0.0001967,0.00082703,2.20E-05,0.0015156,,0.023048,-0.0031472
0.0015242,0.32572,0.5,2.2762,-0.016203,-0.010577,1.0634,0.32572,0.5,2.2762,0.00053533,0.00019238,-0.00020348,0.00094905,-0.00059686,0.001564,,0.0243872,-0.00325568
0.0020521,0.34887,0.5,2.2762,-0.020071,-0.011786,1.0653,0.34887,0.5,2.2762,0.00064027,0.00038362,-0.00040752,0.00099793,-0.0009653,0.002466,,0.0328336,-0.00652032
0.0023048,0.37102,0.5,2.2762,-0.024561,-0.011847,1.0701,0.37102,0.5,2.2762,0.00078183,0.0004809,-0.00069398,0.00091082,-0.00099525,0.0029169,,0.0368768,-0.01110368
0.0017559,0.39221,0.5,2.2762,-0.028713,-0.012436,1.0715,0.39221,0.5,2.2762,0.0008759,0.00039571,-0.00063695,0.00060727,-0.00047838,0.0020286,,0.0280944,-0.0101912
0.0015895,0.41248,0.5,2.2762,-0.032281,-0.010705,1.0704,0.41248,0.5,2.2762,0.00093341,0.00022821,-0.00041134,0.00046314,-0.00019777,0.0017824,,0.025432,-0.00658144
0.0016776,0.43187,0.5,2.2762,-0.034659,-0.0082865,1.0729,0.43187,0.5,2.2762,0.00099776,0.00017913,-0.00028341,0.00060766,-0.00031861,0.0017498,,0.0268416,-0.00453456
0.0017054,0.4504,0.5,2.2762,-0.03525,-0.0065748,1.0749,0.4504,0.5,2.2762,0.0010227,0.00016495,-0.00023982,0.00081282,-0.00047232,0.0015753,,0.0272864,-0.00383712
0.0019492,0.46812,0.5,2.2762,-0.034596,-0.0072884,1.0681,0.46812,0.5,2.2762,0.0010023,0.00011758,-0.00035414,0.00096923,-0.00073732,0.0019268,,0.0311872,-0.00566624
0.0019232,0.48504,0.5,2.2762,-0.034142,-0.0094098,1.0696,0.48504,0.5,2.2762,0.0010525,-3.30E-06,-0.00039633,0.0011037,-0.0006768,0.0016901,,0.0307712,-0.00634128
0.0016952,0.50122,0.5,2.2762,-0.034824,-0.011097,1.0779,0.50122,0.5,2.2762,0.0012114,-0.00024708,-0.00028964,0.0011587,-0.00041632,0.0010204,,0.0271232,-0.00463424
0.0017401,0.51667,0.5,2.2762,-0.036155,-0.011909,1.0817,0.51667,0.5,2.2762,0.0013587,-0.00037372,-7.31E-05,0.0012308,-0.0003338,0.00089065,,0.0278416,-0.001170352
0.0019363,0.53142,0.5,2.2762,-0.037076,-0.009843,1.0781,0.53142,0.5,2.2762,0.0014255,-0.00036313,0.00011516,0.001346,-0.00035033,0.0011011,,0.0309808,0.00184256
0.0021362,0.54551,0.5,2.2762,-0.037104,-0.0088237,1.0742,0.54551,0.5,2.2762,0.0014877,-0.00030948,0.00018997,0.0014202,-0.00060472,0.0013644,,0.0341792,0.00303952
0.0021672,0.55896,0.5,2.2762,-0.036515,-0.010779,1.0713,0.55896,0.5,2.2762,0.0015644,-0.00018788,0.00021253,0.0014007,-0.0006412,0.0013693,,0.0346752,0.00340048
0.0021483,0.5718,0.5,2.2762,-0.036228,-0.012464,1.0723,0.5718,0.5,2.2762,0.0016228,-0.0001059,0.00022892,0.0012943,-0.00058103,0.0013795,,0.0343728,0.00366272
0.0020915,0.58405,0.5,2.2762,-0.036494,-0.015375,1.0737,0.58405,0.5,2.2762,0.0017057,-6.84E-05,0.00024023,0.0012179,-0.0004846,0.0012594,,0.033464,0.00384368
0.0020171,0.59575,0.5,2.2762,-0.036635,-0.019379,1.075,0.59575,0.5,2.2762,0.0018618,-7.29E-05,0.00019106,0.001085,-0.00024178,0.0010875,,0.0322736,0.00305696
0.0019333,0.6069,0.5,2.2762,-0.036623,-0.022206,1.0791,0.6069,0.5,2.2762,0.0020703,-0.00011444,0.00021058,0.00085866,-5.89E-05,0.0009376,,0.0309328,0.00336928
0.0018655,0.61755,0.5,2.2762,-0.036905,-0.025412,1.0837,0.61755,0.5,2.2762,0.0022525,-8.64E-05,0.00020761,0.00063557,9.60E-05,0.000843,,0.029848,0.00332176
0.0019257,0.6277,0.5,2.2762,-0.037678,-0.028114,1.0855,0.6277,0.5,2.2762,0.0023745,-5.41E-05,0.00019658,0.00045845,0.00011297,0.0010186,,0.0308112,0.00314528
0.0018924,0.63738,0.5,2.2762,-0.038714,-0.029806,1.0823,0.63738,0.5,2.2762,0.0024755,-5.97E-05,0.00024107,0.00035242,2.59E-05,0.00095685,,0.0302784,0.00385712
0.001961,0.64661,0.5,2.2762,-0.039642,-0.030928,1.0789,0.64661,0.5,2.2762,0.0025922,-9.41E-05,0.00034491,0.00032573,-5.19E-05,0.0010042,,0.031376,0.00551856
0.0020794,0.65542,0.5,2.2762,-0.040299,-0.031461,1.0783,0.65542,0.5,2.2762,0.0027079,-0.00018122,0.00045621,0.00036488,-0.0001121,0.001086,,0.0332704,0.00729936
0.0021406,0.66381,0.5,2.2762,-0.040597,-0.031729,1.0794,0.66381,0.5,2.2762,0.0027707,-0.00030052,0.00055727,0.00045309,-0.00015585,0.0010574,,0.0342496,0.00891632
0.002247,0.67207,0.5,2.2762,-0.040536,-0.031814,1.0795,0.67207,0.5,2.2762,0.0027544,-0.00042667,0.0007235,0.00057425,-0.00023473,0.0011653,,0.035952,0.011576
0.0022952,0.68032,0.5,2.2762,-0.04025,-0.031262,1.0791,0.68032,0.5,2.2762,0.0026776,-0.00054189,0.00090648,0.00071225,-0.00031091,0.0012005,,0.0367232,0.01450368
0.0023721,0.68858,0.5,2.2762,-0.039892,-0.02985,1.0778,0.68858,0.5,2.2762,0.0025761,-0.00063504,0.0011126,0.00084191,-0.00041041,0.0013263,,0.0379536,0.0178016
0.0024896,0.69683,0.5,2.2762,-0.039519,-0.028181,1.0752,0.69683,0.5,2.2762,0.0024652,-0.00067406,0.0012962,0.00093314,-0.00055091,0.0015808,,0.0398336,0.0207392
0.0026126,0.70509,0.5,2.2762,-0.039146,-0.026578,1.0718,0.70509,0.5,2.2762,0.0023475,-0.00065911,0.0013929,0.00098845,-0.00068464,0.0018893,,0.0418016,0.0222864
0.0026686,0.71335,0.5,2.2762,-0.038811,-0.025318,1.0682,0.71335,0.5,2.2762,0.0022295,-0.00060962,0.0014236,0.0010046,-0.00079222,0.0021031,,0.0426976,0.0227776
0.002662,0.7216,0.5,2.2762,-0.038503,-0.024387,1.0654,0.7216,0.5,2.2762,0.0021139,-0.00055582,0.0014072,0.00099744,-0.00085351,0.0022126,,0.042592,0.0225152
0.0026836,0.72986,0.5,2.2762,-0.038155,-0.023486,1.0622,0.72986,0.5,2.2762,0.0019976,-0.0005225,0.0013791,0.0010241,-0.00095056,0.0023454,,0.0429376,0.0220656
0.0027515,0.73811,0.5,2.2762,-0.037747,-0.022412,1.0592,0.73811,0.5,2.2762,0.0018776,-0.00051557,0.0013589,0.0011162,-0.0010851,0.0025091,,0.044024,0.0217424
0.0028107,0.74637,0.5,2.2762,-0.037249,-0.021145,1.0569,0.74637,0.5,2.2762,0.0017534,-0.00052237,0.0013337,0.0012657,-0.0012054,0.0026023,,0.0449712,0.0213392
0.0028307,0.75463,0.5,2.2762,-0.036564,-0.019955,1.0545,0.75463,0.5,2.2762,0.0016329,-0.00053462,0.0012735,0.0014438,-0.0012855,0.0025848,,0.0452912,0.020376
0.0028374,0.76288,0.5,2.2762,-0.03559,-0.01951,1.0516,0.76288,0.5,2.2762,0.0015369,-0.00055076,0.0011813,0.0016249,-0.0013336,0.0025129,,0.0453984,0.0189008
0.0028723,0.77114,0.5,2.2762,-0.034336,-0.020122,1.0485,0.77114,0.5,2.2762,0.0014796,-0.00056752,0.0010904,0.0018033,-0.0013615,0.0024616,,0.0459568,0.0174464
0.0029276,0.7794,0.5,2.2762,-0.032982,-0.021512,1.0458,0.7794,0.5,2.2762,0.001454,-0.00057933,0.0010183,0.0019515,-0.0013499,0.0024498,,0.0468416,0.0162928
0.0029219,0.78765,0.5,2.2762,-0.031833,-0.023319,1.0436,0.78765,0.5,2.2762,0.001446,-0.00059467,0.00096053,0.0020329,-0.0012731,0.002365,,0.0467504,0.01536848
0.0028249,0.79591,0.5,2.2762,-0.031113,-0.02509,1.042,0.79591,0.5,2.2762,0.0014547,-0.00062811,0.00088741,0.0020426,-0.0011406,0.0021526,,0.0451984,0.01419856
0.0026952,0.80416,0.5,2.2762,-0.030758,-0.026179,1.0403,0.80416,0.5,2.2762,0.0014846,-0.00067022,0.00080993,0.0020009,-0.0010199,0.0019048,,0.0431232,0.01295888
0.0026067,0.81242,0.5,2.2762,-0.030476,-0.025863,1.0382,0.81242,0.5,2.2762,0.0015255,-0.00068339,0.00072465,0.0019239,-0.00096115,0.0017638,,0.0417072,0.0115944
0.0024987,0.82068,0.5,2.2762,-0.029988,-0.023996,1.0371,0.82068,0.5,2.2762,0.0015531,-0.00063641,0.00062731,0.0018069,-0.00088871,0.0016375,,0.0399792,0.01003696
0.0023343,0.82893,0.5,2.2762,-0.029187,-0.02135,1.0382,0.82893,0.5,2.2762,0.0015447,-0.00053416,0.00056482,0.0016571,-0.00078149,0.0014669,,0.0373488,0.00903712
0.0049237,0.030909,0.5,2.3122,0.0015364,0.0076969,0.72984,0.030909,0.5,2.3122,0.00017332,-8.23E-05,-0.00042929,0.0021601,0.00013391,0.0075139,,0.0787792,-0.00686864
0.0052243,0.066184,0.5,2.3122,0.0032066,0.0062549,0.84444,0.066184,0.5,2.3122,0.00052604,0.00016692,-0.00064379,0.0027443,0.00031868,0.0071783,,0.0835888,-0.01030064
0.0042544,0.10006,0.5,2.3122,0.0034687,0.0056622,0.90399,0.10006,0.5,2.3122,0.00079086,0.000582,-0.00015284,0.0027401,0.0007445,0.0049778,,0.0680704,-0.00244544
0.0054187,0.13258,0.5,2.3122,0.0028859,-0.0010988,0.9331,0.13258,0.5,2.3122,0.00063898,0.00051488,-0.0002073,0.0023494,0.00061779,0.0078491,,0.0866992,-0.0033168
0.0051431,0.16379,0.5,2.3122,0.0011131,-0.01375,0.97504,0.16379,0.5,2.3122,0.00043829,0.00018624,-0.00051089,0.0018042,0.00030455,0.0080438,,0.0822896,-0.00817424
0.0026329,0.19372,0.5,2.3122,-0.0030232,-0.018788,1.0233,0.19372,0.5,2.3122,0.0004977,0.00010295,-0.00026523,0.0012363,-1.74E-05,0.0035317,,0.0421264,-0.00424368
0.0019253,0.22242,0.5,2.3122,-0.0052173,-0.015926,1.0398,0.22242,0.5,2.3122,0.00060523,0.00015304,-0.00016901,0.00091678,-3.97E-05,0.0023286,,0.0308048,-0.00270416
0.0019079,0.24993,0.5,2.3122,-0.0061839,-0.014533,1.0573,0.24993,0.5,2.3122,0.00067239,6.78E-05,-0.00011793,0.00089017,0.00026257,0.0022533,,0.0305264,-0.00188688
0.0015285,0.27629,0.5,2.3122,-0.0096063,-0.017883,1.0702,0.27629,0.5,2.3122,0.00063171,-2.29E-06,-0.0001311,0.0007579,0.00030283,0.0016673,,0.024456,-0.0020976
0.0014128,0.30154,0.5,2.3122,-0.013285,-0.013799,1.0717,0.30154,0.5,2.3122,0.00053263,4.17E-05,-0.00018806,0.00079688,-1.15E-05,0.0014961,,0.0226048,-0.00300896
0.0015592,0.32572,0.5,2.3122,-0.016496,-0.010774,1.0635,0.32572,0.5,2.3122,0.00051494,0.00020295,-0.00022363,0.00096166,-0.00058247,0.0016418,,0.0249472,-0.00357808
0.0021215,0.34887,0.5,2.3122,-0.020572,-0.011903,1.0654,0.34887,0.5,2.3122,0.00065713,0.00039193,-0.00042604,0.0010169,-0.00098396,0.002569,,0.033944,-0.00681664
0.0023731,0.37102,0.5,2.3122,-0.024977,-0.011632,1.0699,0.37102,0.5,2.3122,0.00084241,0.00047239,-0.00068386,0.00092314,-0.0010129,0.0029806,,0.0379696,-0.01094176
0.0017914,0.39221,0.5,2.3122,-0.028908,-0.01207,1.0713,0.39221,0.5,2.3122,0.00093241,0.00037202,-0.00059679,0.00061704,-0.00044973,0.0020333,,0.0286624,-0.00954864
0.0016267,0.41248,0.5,2.3122,-0.032365,-0.010296,1.0704,0.41248,0.5,2.3122,0.00095239,0.00019645,-0.00038517,0.00046967,-0.00018146,0.0018313,,0.0260272,-0.00616272
0.0016948,0.43187,0.5,2.3122,-0.034727,-0.0079598,1.0729,0.43187,0.5,2.3122,0.00099075,0.00015955,-0.00029248,0.00062819,-0.0003124,0.0017706,,0.0271168,-0.00467968
0.0017203,0.4504,0.5,2.3122,-0.035315,-0.0064187,1.0747,0.4504,0.5,2.3122,0.0010078,0.00017175,-0.000234,0.00086321,-0.0004849,0.0015696,,0.0275248,-0.003744
0.001982,0.46812,0.5,2.3122,-0.034684,-0.0073888,1.0679,0.46812,0.5,2.3122,0.00098498,0.00012877,-0.00032554,0.0010118,-0.00073828,0.0019672,,0.031712,-0.00520864
0.0019334,0.48504,0.5,2.3122,-0.034319,-0.0095071,1.0698,0.48504,0.5,2.3122,0.0010335,-5.29E-06,-0.00038258,0.0011201,-0.00064805,0.0017134,,0.0309344,-0.00612128
0.0017148,0.50122,0.5,2.3122,-0.035032,-0.011156,1.0781,0.50122,0.5,2.3122,0.0012076,-0.00025779,-0.00028067,0.0011816,-0.000406,0.0010405,,0.0274368,-0.00449072
0.0017756,0.51667,0.5,2.3122,-0.036277,-0.011931,1.0814,0.51667,0.5,2.3122,0.0013847,-0.00039563,-5.52E-05,0.0012694,-0.00036974,0.00089706,,0.0284096,-0.000882656
0.0019523,0.53142,0.5,2.3122,-0.037162,-0.0097459,1.0778,0.53142,0.5,2.3122,0.001456,-0.00038813,0.00012467,0.0013894,-0.00039178,0.0010592,,0.0312368,0.00199472
0.0021419,0.54551,0.5,2.3122,-0.037194,-0.00896,1.0739,0.54551,0.5,2.3122,0.0014876,-0.00031606,0.00019803,0.0014479,-0.00063136,0.0013484,,0.0342704,0.00316848
0.0021743,0.55896,0.5,2.3122,-0.036601,-0.011107,1.071,0.55896,0.5,2.3122,0.0015304,-0.00016907,0.00023622,0.0014205,-0.00063329,0.0013977,,0.0347888,0.00377952
0.0021398,0.5718,0.5,2.3122,-0.036358,-0.01287,1.0724,0.5718,0.5,2.3122,0.0015885,-8.03E-05,0.00024522,0.0013,-0.00052247,0.001391,,0.0342368,0.00392352
0.0020649,0.58405,0.5,2.3122,-0.036679,-0.015956,1.074,0.58405,0.5,2.3122,0.0017039,-5.52E-05,0.00022781,0.0012149,-0.00044749,0.001211,,0.0330384,0.00364496
0.001995,0.59575,0.5,2.3122,-0.036854,-0.019788,1.0757,0.59575,0.5,2.3122,0.0018878,-7.41E-05,0.00017105,0.0010824,-0.00022136,0.0010197,,0.03192,0.0027368
0.0019379,0.6069,0.5,2.3122,-0.03687,-0.022531,1.0799,0.6069,0.5,2.3122,0.002096,-0.00011668,0.00020353,0.00084481,-4.49E-05,0.00093498,,0.0310064,0.00325648
0.0018613,0.61755,0.5,2.3122,-0.037184,-0.025792,1.0844,0.61755,0.5,2.3122,0.0022672,-8.15E-05,0.00018252,0.00060659,9.27E-05,0.00084873,,0.0297808,0.00292032
0.0018998,0.6277,0.5,2.3122,-0.037992,-0.028248,1.0854,0.6277,0.5,2.3122,0.0023945,-4.72E-05,0.00016476,0.0004161,8.87E-05,0.00098907,,0.0303968,0.00263616
0.0018753,0.63738,0.5,2.3122,-0.039026,-0.029743,1.0815,0.63738,0.5,2.3122,0.0025129,-5.16E-05,0.00021832,0.0003097,7.94E-07,0.00092804,,0.0300048,0.00349312
0.0019494,0.64661,0.5,2.3122,-0.039885,-0.030719,1.0784,0.64661,0.5,2.3122,0.0026399,-8.82E-05,0.00033391,0.00028697,-5.72E-05,0.00097178,,0.0311904,0.00534256
0.0020596,0.65542,0.5,2.3122,-0.0404,-0.031095,1.0784,0.65542,0.5,2.3122,0.0027478,-0.00018133,0.00046436,0.00032782,-0.00010986,0.0010436,,0.0329536,0.00742976
0.0021224,0.66381,0.5,2.3122,-0.040525,-0.031301,1.0793,0.66381,0.5,2.3122,0.00279,-0.00030194,0.0005832,0.0004204,-0.00016201,0.0010345,,0.0339584,0.0093312
0.0022344,0.67207,0.5,2.3122,-0.040344,-0.03133,1.0792,0.67207,0.5,2.3122,0.0027526,-0.0004269,0.00074895,0.00055022,-0.00025519,0.0011659,,0.0357504,0.0119832
0.0022948,0.68032,0.5,2.3122,-0.040021,-0.030723,1.0785,0.68032,0.5,2.3122,0.0026639,-0.00054191,0.00092925,0.00070183,-0.00034047,0.0012238,,0.0367168,0.014868
0.0024005,0.68858,0.5,2.3122,-0.039672,-0.029415,1.0769,0.68858,0.5,2.3122,0.0025629,-0.00062849,0.0011486,0.00083612,-0.00044918,0.001402,,0.038408,0.0183776
0.0025417,0.69683,0.5,2.3122,-0.039326,-0.027996,1.0742,0.69683,0.5,2.3122,0.0024634,-0.00065948,0.0013369,0.000925,-0.00059481,0.0016951,,0.0406672,0.0213904
0.0026663,0.70509,0.5,2.3122,-0.039025,-0.026655,1.071,0.70509,0.5,2.3122,0.0023629,-0.000643,0.0014322,0.00097322,-0.00072078,0.0019965,,0.0426608,0.0229152
0.0027035,0.71335,0.5,2.3122,-0.038812,-0.025577,1.0678,0.71335,0.5,2.3122,0.0022621,-0.00059725,0.0014527,0.00097952,-0.00080818,0.0021654,,0.043256,0.0232432
0.0026942,0.7216,0.5,2.3122,-0.038608,-0.024632,1.0651,0.7216,0.5,2.3122,0.0021599,-0.0005499,0.0014274,0.00097594,-0.00086267,0.0022525,,0.0431072,0.0228384
0.0027261,0.72986,0.5,2.3122,-0.038289,-0.023594,1.0619,0.72986,0.5,2.3122,0.0020484,-0.00052068,0.0013985,0.0010198,-0.00096224,0.0023839,,0.0436176,0.022376
0.0027878,0.73811,0.5,2.3122,-0.037833,-0.022408,1.059,0.73811,0.5,2.3122,0.0019204,-0.00051143,0.0013703,0.0011311,-0.0010858,0.0025242,,0.0446048,0.0219248
0.0028278,0.74637,0.5,2.3122,-0.037261,-0.021099,1.0567,0.74637,0.5,2.3122,0.0017747,-0.00051053,0.0013296,0.0012901,-0.0011899,0.0025908,,0.0452448,0.0212736
0.002827,0.75463,0.5,2.3122,-0.036515,-0.019959,1.0542,0.75463,0.5,2.3122,0.0016284,-0.00051359,0.0012546,0.0014638,-0.0012575,0.0025618,,0.045232,0.0200736
0.0028205,0.76288,0.5,2.3122,-0.035466,-0.019667,1.0512,0.76288,0.5,2.3122,0.0015139,-0.00052446,0.0011541,0.0016376,-0.0012987,0.0024896,,0.045128,0.0184656
0.002853,0.77114,0.5,2.3122,-0.034096,-0.020471,1.048,0.77114,0.5,2.3122,0.0014532,-0.00054271,0.0010655,0.0018063,-0.0013262,0.0024464,,0.045648,0.017048
0.0029051,0.7794,0.5,2.3122,-0.032661,-0.02197,1.0451,0.7794,0.5,2.3122,0.0014383,-0.00055885,0.0010057,0.0019301,-0.0013152,0.0024418,,0.0464816,0.0160912
0.0028834,0.78765,0.5,2.3122,-0.031528,-0.023709,1.043,0.78765,0.5,2.3122,0.001446,-0.00057549,0.00096196,0.0019712,-0.001231,0.0023497,,0.0461344,0.01539136
0.0027707,0.79591,0.5,2.3122,-0.030895,-0.025233,1.0416,0.79591,0.5,2.3122,0.0014673,-0.00060714,0.00089676,0.0019436,-0.0010935,0.0021305,,0.0443312,0.01434816
0.0026404,0.80416,0.5,2.3122,-0.030642,-0.026022,1.04,0.80416,0.5,2.3122,0.0015066,-0.00064688,0.00081642,0.0018875,-0.00098508,0.0018867,,0.0422464,0.01306272
0.0025579,0.81242,0.5,2.3122,-0.030421,-0.025487,1.0382,0.81242,0.5,2.3122,0.0015572,-0.0006589,0.00072137,0.0018153,-0.00094526,0.0017434,,0.0409264,0.01154192
0.0024558,0.82068,0.5,2.3122,-0.029907,-0.023522,1.0373,0.82068,0.5,2.3122,0.0015929,-0.00061317,0.00061307,0.0017082,-0.00089296,0.0016105,,0.0392928,0.00980912
0.0022965,0.82893,0.5,2.3122,-0.029009,-0.020857,1.0386,0.82893,0.5,2.3122,0.0015848,-0.00050985,0.00054117,0.001568,-0.00080447,0.0014402,,0.036744,0.00865872
0.0050287,0.030909,0.5,2.3482,0.0014318,0.0073674,0.73045,0.030909,0.5,2.3482,0.0001732,-6.40E-05,-0.00041308,0.002186,0.00017925,0.0076982,,0.0804592,-0.00660928
0.005194,0.066184,0.5,2.3482,0.0031342,0.0061802,0.84508,0.066184,0.5,2.3482,0.00051865,0.00020751,-0.0006206,0.0026882,0.00031462,0.0071812,,0.083104,-0.0099296
0.0041564,0.10006,0.5,2.3482,0.0035434,0.0060404,0.90512,0.10006,0.5,2.3482,0.0007937,0.0006202,-0.00013384,0.0026728,0.00067231,0.0048462,,0.0665024,-0.00214144
0.0054465,0.13258,0.5,2.3482,0.0028758,-0.00061893,0.93341,0.13258,0.5,2.3482,0.00064741,0.0005442,-0.00018369,0.0023408,0.00055847,0.0079048,,0.087144,-0.00293904
0.0051387,0.16379,0.5,2.3482,0.0009472,-0.013615,0.97461,0.16379,0.5,2.3482,0.00041805,0.00020412,-0.00048695,0.0017656,0.00027967,0.0080937,,0.0822192,-0.0077912
0.0025862,0.19372,0.5,2.3482,-0.003194,-0.018953,1.0235,0.19372,0.5,2.3482,0.00046997,0.00011236,-0.00025593,0.0011976,-2.84E-05,0.0035049,,0.0413792,-0.00409488
0.0019238,0.22242,0.5,2.3482,-0.0053679,-0.016048,1.0395,0.22242,0.5,2.3482,0.00059956,0.00015771,-0.00016801,0.00090682,-3.63E-05,0.0023411,,0.0307808,-0.00268816
0.0019386,0.24993,0.5,2.3482,-0.0062721,-0.014624,1.0574,0.24993,0.5,2.3482,0.00068109,5.57E-05,-0.00012848,0.00090217,0.00029194,0.0022939,,0.0310176,-0.00205568
0.0015463,0.27629,0.5,2.3482,-0.0096037,-0.017929,1.0704,0.27629,0.5,2.3482,0.00065577,-2.40E-05,-0.00012422,0.00077734,0.00029035,0.0016594,,0.0247408,-0.00198752
0.0014257,0.30154,0.5,2.3482,-0.013326,-0.01381,1.0716,0.30154,0.5,2.3482,0.0005508,3.45E-05,-0.00017534,0.00081106,-5.56E-05,0.0014896,,0.0228112,-0.00280544
0.0015898,0.32572,0.5,2.3482,-0.01681,-0.010995,1.0637,0.32572,0.5,2.3482,0.00051925,0.00021947,-0.000242,0.00097322,-0.00058687,0.0016871,,0.0254368,-0.003872
0.0021655,0.34887,0.5,2.3482,-0.021118,-0.012017,1.0656,0.34887,0.5,2.3482,0.00067928,0.00040368,-0.00045562,0.0010237,-0.0010035,0.0026279,,0.034648,-0.00728992
0.0024004,0.37102,0.5,2.3482,-0.025434,-0.01142,1.0697,0.37102,0.5,2.3482,0.00087744,0.00046014,-0.00070048,0.00091872,-0.0010269,0.0030046,,0.0384064,-0.01120768
0.0017943,0.39221,0.5,2.3482,-0.029142,-0.01171,1.071,0.39221,0.5,2.3482,0.0009724,0.00035403,-0.00058505,0.00060904,-0.00043197,0.0020072,,0.0287088,-0.0093608
0.001662,0.41248,0.5,2.3482,-0.032474,-0.0098714,1.0704,0.41248,0.5,2.3482,0.00099451,0.00017963,-0.00035939,0.00045984,-0.00018446,0.0018697,,0.026592,-0.00575024
0.0016982,0.43187,0.5,2.3482,-0.03479,-0.0076266,1.073,0.43187,0.5,2.3482,0.0010112,0.00013779,-0.00027817,0.00061896,-0.00032026,0.0017662,,0.0271712,-0.00445072
0.0017208,0.4504,0.5,2.3482,-0.035367,-0.0062814,1.0745,0.4504,0.5,2.3482,0.00099741,0.00016419,-0.00022818,0.00087946,-0.00050249,0.0015647,,0.0275328,-0.00365088
0.0020138,0.46812,0.5,2.3482,-0.034781,-0.0074974,1.0677,0.46812,0.5,2.3482,0.00097615,0.00012551,-0.00030672,0.0010414,-0.00075538,0.00201,,0.0322208,-0.00490752
0.0019424,0.48504,0.5,2.3482,-0.03452,-0.0096121,1.0701,0.48504,0.5,2.3482,0.0010362,-1.36E-05,-0.00033681,0.0011297,-0.0006299,0.0017188,,0.0310784,-0.00538896
0.0017342,0.50122,0.5,2.3482,-0.035282,-0.011222,1.0783,0.50122,0.5,2.3482,0.001196,-0.00025136,-0.00023544,0.0011956,-0.00039981,0.0010768,,0.0277472,-0.00376704
0.0017976,0.51667,0.5,2.3482,-0.03645,-0.011907,1.0811,0.51667,0.5,2.3482,0.001368,-0.00038157,-2.46E-05,0.0012981,-0.00040028,0.00092903,,0.0287616,-0.000393776
0.0019352,0.53142,0.5,2.3482,-0.037244,-0.0096387,1.0774,0.53142,0.5,2.3482,0.001453,-0.00037659,0.00014271,0.00141,-0.00043265,0.0010074,,0.0309632,0.00228336
0.0021188,0.54551,0.5,2.3482,-0.037236,-0.0091423,1.0736,0.54551,0.5,2.3482,0.0014904,-0.00030656,0.00020679,0.0014513,-0.00067262,0.0012959,,0.0339008,0.00330864
0.0021885,0.55896,0.5,2.3482,-0.036687,-0.011449,1.0708,0.55896,0.5,2.3482,0.0015394,-0.00017079,0.00026135,0.0014203,-0.00064878,0.0014172,,0.035016,0.0041816
0.0021572,0.5718,0.5,2.3482,-0.036537,-0.013274,1.0725,0.5718,0.5,2.3482,0.0016106,-8.96E-05,0.00026344,0.0012978,-0.00048378,0.0014059,,0.0345152,0.00421504
0.0020623,0.58405,0.5,2.3482,-0.03689,-0.016499,1.0745,0.58405,0.5,2.3482,0.0017398,-6.07E-05,0.0002091,0.0012014,-0.00039686,0.0011836,,0.0329968,0.0033456
0.0019824,0.59575,0.5,2.3482,-0.037079,-0.020161,1.0764,0.59575,0.5,2.3482,0.0019381,-7.80E-05,0.00014313,0.0010606,-0.00019363,0.00096603,,0.0317184,0.00229008
0.0019588,0.6069,0.5,2.3482,-0.037133,-0.022878,1.0808,0.6069,0.5,2.3482,0.002143,-0.00011802,0.0001927,0.00082101,-2.68E-05,0.00095356,,0.0313408,0.0030832
0.0018905,0.61755,0.5,2.3482,-0.037482,-0.026186,1.085,0.61755,0.5,2.3482,0.0022934,-8.32E-05,0.00017009,0.00058266,9.23E-05,0.00090492,,0.030248,0.00272144
0.0018989,0.6277,0.5,2.3482,-0.038306,-0.028404,1.0852,0.6277,0.5,2.3482,0.00241,-5.69E-05,0.00015833,0.0003893,6.68E-05,0.00099848,,0.0303824,0.00253328
0.0018663,0.63738,0.5,2.3482,-0.039302,-0.029716,1.0807,0.63738,0.5,2.3482,0.002531,-6.21E-05,0.00021297,0.00028321,-2.42E-05,0.00091842,,0.0298608,0.00340752
0.0019194,0.64661,0.5,2.3482,-0.04004,-0.030528,1.0781,0.64661,0.5,2.3482,0.0026546,-9.98E-05,0.00031783,0.00026493,-6.89E-05,0.00091924,,0.0307104,0.00508528
0.0020152,0.65542,0.5,2.3482,-0.040356,-0.030789,1.0784,0.65542,0.5,2.3482,0.0027403,-0.0001902,0.00045294,0.00031776,-0.00010006,0.00097232,,0.0322432,0.00724704
0.0020852,0.66381,0.5,2.3482,-0.040277,-0.030963,1.0792,0.66381,0.5,2.3482,0.0027548,-0.00030408,0.00058015,0.00042935,-0.00014917,0.00098625,,0.0333632,0.0092824
0.0022105,0.67207,0.5,2.3482,-0.039982,-0.030916,1.0789,0.67207,0.5,2.3482,0.0027033,-0.00042913,0.00073445,0.00057371,-0.00025228,0.001144,,0.035368,0.0117512
0.0023028,0.68032,0.5,2.3482,-0.039654,-0.030273,1.0779,0.68032,0.5,2.3482,0.0026183,-0.00054764,0.00091443,0.00073347,-0.00034922,0.0012538,,0.0368448,0.01463088
0.002449,0.68858,0.5,2.3482,-0.039345,-0.029119,1.0758,0.68858,0.5,2.3482,0.002534,-0.00063447,0.0011526,0.00086378,-0.00046972,0.0015003,,0.039184,0.0184416
0.0026056,0.69683,0.5,2.3482,-0.039049,-0.027945,1.0732,0.69683,0.5,2.3482,0.0024572,-0.000665,0.0013511,0.00094579,-0.00061422,0.0018082,,0.0416896,0.0216176
0.0027215,0.70509,0.5,2.3482,-0.038816,-0.026823,1.0704,0.70509,0.5,2.3482,0.0023791,-0.00065115,0.001456,0.00099085,-0.00073144,0.0020731,,0.043544,0.023296
0.0027531,0.71335,0.5,2.3482,-0.03867,-0.025893,1.0676,0.71335,0.5,2.3482,0.0022964,-0.00060913,0.0014767,0.0010013,-0.00081381,0.0022087,,0.0440496,0.0236272
0.0027608,0.7216,0.5,2.3482,-0.038501,-0.024954,1.065,0.7216,0.5,2.3482,0.0022044,-0.0005638,0.0014511,0.0010175,-0.0008796,0.0022996,,0.0441728,0.0232176
0.0028047,0.72986,0.5,2.3482,-0.038198,-0.023835,1.0618,0.72986,0.5,2.3482,0.0020973,-0.00053093,0.0014232,0.00108,-0.00098984,0.0024321,,0.0448752,0.0227712
0.0028542,0.73811,0.5,2.3482,-0.037743,-0.022532,1.0589,0.73811,0.5,2.3482,0.0019708,-0.0005139,0.0013922,0.0011931,-0.0011101,0.0025445,,0.0456672,0.0222752
0.0028723,0.74637,0.5,2.3482,-0.037137,-0.021091,1.0566,0.74637,0.5,2.3482,0.0018234,-0.00050637,0.0013491,0.0013389,-0.0012038,0.0025823,,0.0459568,0.0215856
0.0028528,0.75463,0.5,2.3482,-0.036349,-0.019872,1.054,0.75463,0.5,2.3482,0.0016702,-0.00050642,0.0012716,0.0014974,-0.001261,0.0025381,,0.0456448,0.0203456
0.0028328,0.76288,0.5,2.3482,-0.035327,-0.019616,1.0508,0.76288,0.5,2.3482,0.0015436,-0.00051826,0.0011667,0.0016654,-0.001296,0.0024566,,0.0453248,0.0186672
0.002852,0.77114,0.5,2.3482,-0.034078,-0.020535,1.0475,0.77114,0.5,2.3482,0.0014686,-0.00054017,0.0010728,0.0018279,-0.0013212,0.0024075,,0.045632,0.0171648
0.002884,0.7794,0.5,2.3482,-0.03279,-0.022111,1.0445,0.7794,0.5,2.3482,0.0014418,-0.00056029,0.0010062,0.0019349,-0.0013093,0.0023912,,0.046144,0.0160992
0.0028391,0.78765,0.5,2.3482,-0.031771,-0.023821,1.0426,0.78765,0.5,2.3482,0.0014391,-0.00057969,0.00095385,0.0019566,-0.0012161,0.0022826,,0.0454256,0.0152616
0.0027167,0.79591,0.5,2.3482,-0.031183,-0.025219,1.0412,0.79591,0.5,2.3482,0.0014437,-0.00060937,0.00088505,0.0019202,-0.0010686,0.0020696,,0.0434672,0.0141608
0.0025896,0.80416,0.5,2.3482,-0.030865,-0.025832,1.0398,0.80416,0.5,2.3482,0.0014603,-0.00063954,0.00079916,0.0018693,-0.00095753,0.0018497,,0.0414336,0.01278656
0.0025089,0.81242,0.5,2.3482,-0.030485,-0.025109,1.0382,0.81242,0.5,2.3482,0.0014942,-0.00063663,0.00069439,0.0018037,-0.00091485,0.00172,,0.0401424,0.01111024
0.002409,0.82068,0.5,2.3482,-0.029806,-0.023014,1.0375,0.82068,0.5,2.3482,0.0015288,-0.00057997,0.00058455,0.0016961,-0.00087315,0.0015932,,0.038544,0.0093528
0.0022579,0.82893,0.5,2.3482,-0.028797,-0.020347,1.0389,0.82893,0.5,2.3482,0.0015336,-0.00047845,0.00051742,0.0015548,-0.00081613,0.0014274,,0.0361264,0.00827872
0.0050864,0.030909,0.5,2.3841,0.0012779,0.0070349,0.73107,0.030909,0.5,2.3841,0.00017093,-3.37E-05,-0.0003936,0.0021697,0.00019947,0.0078322,,0.0813824,-0.0062976
0.0051477,0.066184,0.5,2.3841,0.0029873,0.0061438,0.84569,0.066184,0.5,2.3841,0.00051012,0.00024657,-0.00058229,0.0025985,0.00030447,0.0071867,,0.0823632,-0.00931664
0.0040758,0.10006,0.5,2.3841,0.0036031,0.0064515,0.90619,0.10006,0.5,2.3841,0.0008009,0.00066861,-0.00011111,0.0025926,0.00060906,0.004758,,0.0652128,-0.00177776
0.0054927,0.13258,0.5,2.3841,0.0028852,-0.00015899,0.93376,0.13258,0.5,2.3841,0.00065362,0.00059056,-0.00016984,0.0023516,0.00050641,0.0079802,,0.0878832,-0.00271744
0.0051726,0.16379,0.5,2.3841,0.00075397,-0.013515,0.97417,0.16379,0.5,2.3841,0.00039438,0.00022154,-0.00045289,0.0017783,0.00027329,0.0081725,,0.0827616,-0.00724624
0.0025605,0.19372,0.5,2.3841,-0.0033904,-0.019096,1.0235,0.19372,0.5,2.3841,0.00045595,0.00012592,-0.00025644,0.0011839,-4.51E-05,0.0034812,,0.040968,-0.00410304
0.001903,0.22242,0.5,2.3841,-0.0055045,-0.016118,1.0392,0.22242,0.5,2.3841,0.00059993,0.00016122,-0.00019724,0.00087011,-6.84E-05,0.0023359,,0.030448,-0.00315584
0.0019294,0.24993,0.5,2.3841,-0.0063368,-0.0147,1.0574,0.24993,0.5,2.3841,0.00067434,6.04E-05,-0.00015024,0.00087677,0.00030703,0.0023076,,0.0308704,-0.00240384
0.0015532,0.27629,0.5,2.3841,-0.009594,-0.018001,1.0706,0.27629,0.5,2.3841,0.00065718,-2.23E-05,-0.00012696,0.00081684,0.00030757,0.0016323,,0.0248512,-0.00203136
0.0014408,0.30154,0.5,2.3841,-0.013375,-0.01387,1.0714,0.30154,0.5,2.3841,0.00056101,3.27E-05,-0.00016743,0.00084907,-8.65E-05,0.0014715,,0.0230528,-0.00267888
0.0015802,0.32572,0.5,2.3841,-0.01711,-0.011175,1.064,0.32572,0.5,2.3841,0.00051498,0.0002204,-0.00026056,0.00095382,-0.00062081,0.0016917,,0.0252832,-0.00416896
0.0021435,0.34887,0.5,2.3841,-0.021619,-0.012076,1.0658,0.34887,0.5,2.3841,0.00066083,0.00039399,-0.0004991,0.0010034,-0.0010239,0.0026228,,0.034296,-0.0079856
0.0023697,0.37102,0.5,2.3841,-0.025859,-0.01122,1.0694,0.37102,0.5,2.3841,0.00085942,0.00044755,-0.0007286,0.00089932,-0.001033,0.0029806,,0.0379152,-0.0116576
0.0017654,0.39221,0.5,2.3841,-0.029375,-0.011396,1.0708,0.39221,0.5,2.3841,0.00097306,0.00034895,-0.00057887,0.00059187,-0.00042459,0.0019659,,0.0282464,-0.00926192
0.0016675,0.41248,0.5,2.3841,-0.032586,-0.0094805,1.0704,0.41248,0.5,2.3841,0.0010198,0.00018506,-0.00033934,0.00044987,-0.00018359,0.0018653,,0.02668,-0.00542944
0.0016909,0.43187,0.5,2.3841,-0.03483,-0.0073103,1.0731,0.43187,0.5,2.3841,0.0010274,0.0001417,-0.00025777,0.00061422,-0.00032842,0.0017402,,0.0270544,-0.00412432
0.0017183,0.4504,0.5,2.3841,-0.035385,-0.0061723,1.0742,0.4504,0.5,2.3841,0.00098529,0.00016891,-0.00022924,0.00089047,-0.00051613,0.0015609,,0.0274928,-0.00366784
0.0020119,0.46812,0.5,2.3841,-0.034861,-0.0076136,1.0675,0.46812,0.5,2.3841,0.0009672,0.00011699,-0.00032227,0.0010655,-0.00077642,0.0019912,,0.0321904,-0.00515632
0.0019213,0.48504,0.5,2.3841,-0.034681,-0.009735,1.0704,0.48504,0.5,2.3841,0.001051,-4.28E-05,-0.00032398,0.0011487,-0.00063553,0.0016429,,0.0307408,-0.00518368
0.0017365,0.50122,0.5,2.3841,-0.035461,-0.011291,1.0784,0.50122,0.5,2.3841,0.0012045,-0.00026489,-0.00019259,0.0012061,-0.00042042,0.0010623,,0.027784,-0.00308144
0.0018159,0.51667,0.5,2.3841,-0.036599,-0.011843,1.0809,0.51667,0.5,2.3841,0.0013605,-0.00036601,-6.60E-07,0.0013035,-0.00043194,0.00096768,,0.0290544,-1.05558E-05
0.00194,0.53142,0.5,2.3841,-0.03735,-0.0095507,1.0771,0.53142,0.5,2.3841,0.0014527,-0.0003518,0.00015563,0.001404,-0.00046355,0.0010233,,0.03104,0.00249008
0.0020959,0.54551,0.5,2.3841,-0.037287,-0.0093955,1.0732,0.54551,0.5,2.3841,0.0015007,-0.00028775,0.00021872,0.0014164,-0.00070372,0.0012747,,0.0335344,0.00349952
0.0021697,0.55896,0.5,2.3841,-0.036748,-0.011841,1.0707,0.55896,0.5,2.3841,0.0015606,-0.00017112,0.00028299,0.0013721,-0.00066048,0.0014066,,0.0347152,0.00452784
0.0021554,0.5718,0.5,2.3841,-0.036657,-0.013748,1.0728,0.5718,0.5,2.3841,0.0016347,-9.44E-05,0.00029376,0.0012739,-0.00046473,0.0014022,,0.0344864,0.00470016
0.0020607,0.58405,0.5,2.3841,-0.037055,-0.017039,1.0751,0.58405,0.5,2.3841,0.001756,-5.01E-05,0.00019942,0.0011808,-0.00034271,0.0011846,,0.0329712,0.00319072
0.0019621,0.59575,0.5,2.3841,-0.037301,-0.020475,1.077,0.59575,0.5,2.3841,0.001953,-6.72E-05,0.00011036,0.0010303,-0.00014312,0.00094079,,0.0313936,0.00176576
0.0019597,0.6069,0.5,2.3841,-0.037395,-0.023198,1.0816,0.6069,0.5,2.3841,0.0021609,-0.00010952,0.0001648,0.0007934,1.69E-05,0.00096516,,0.0313552,0.0026368
0.001926,0.61755,0.5,2.3841,-0.037768,-0.026503,1.0856,0.61755,0.5,2.3841,0.0023108,-8.39E-05,0.00015803,0.00056421,0.0001226,0.00097689,,0.030816,0.00252848
0.0019246,0.6277,0.5,2.3841,-0.038599,-0.028476,1.0848,0.6277,0.5,2.3841,0.0024189,-7.73E-05,0.00017048,0.00038412,8.02E-05,0.0010462,,0.0307936,0.00272768
0.0018799,0.63738,0.5,2.3841,-0.039541,-0.029635,1.0799,0.63738,0.5,2.3841,0.002527,-9.07E-05,0.00021596,0.00028649,-2.12E-05,0.00094633,,0.0300784,0.00345536
0.0019194,0.64661,0.5,2.3841,-0.040142,-0.030312,1.0777,0.64661,0.5,2.3841,0.0026401,-0.00013679,0.00030159,0.00027463,-6.43E-05,0.00092417,,0.0307104,0.00482544
0.0020144,0.65542,0.5,2.3841,-0.040275,-0.030477,1.0783,0.65542,0.5,2.3841,0.0027191,-0.00022791,0.00043883,0.00034285,-8.38E-05,0.00096692,,0.0322304,0.00702128
0.0021036,0.66381,0.5,2.3841,-0.040061,-0.030567,1.079,0.66381,0.5,2.3841,0.0027353,-0.00033454,0.00056618,0.00047723,-0.00013062,0.00099469,,0.0336576,0.00905888
0.0022521,0.67207,0.5,2.3841,-0.039732,-0.030396,1.0785,0.67207,0.5,2.3841,0.0026961,-0.00045549,0.0007111,0.00063959,-0.00023608,0.0011685,,0.0360336,0.0113776
0.0023791,0.68032,0.5,2.3841,-0.039431,-0.029728,1.077,0.68032,0.5,2.3841,0.0026298,-0.00056959,0.00090576,0.00080768,-0.00035005,0.0013207,,0.0380656,0.01449216
0.002556,0.68858,0.5,2.3841,-0.03917,-0.02875,1.0747,0.68858,0.5,2.3841,0.0025648,-0.00065022,0.0011716,0.00093105,-0.00049573,0.0016162,,0.040896,0.0187456
0.0027028,0.69683,0.5,2.3841,-0.038949,-0.027833,1.0723,0.69683,0.5,2.3841,0.0025056,-0.00067368,0.0013867,0.00099068,-0.0006396,0.0019094,,0.0432448,0.0221872
0.0027873,0.70509,0.5,2.3841,-0.038836,-0.026923,1.0699,0.70509,0.5,2.3841,0.0024393,-0.00065112,0.0014973,0.0010074,-0.00073866,0.0021279,,0.0445968,0.0239568
0.0028034,0.71335,0.5,2.3841,-0.038813,-0.026078,1.0675,0.71335,0.5,2.3841,0.0023554,-0.00059914,0.0015116,0.0010019,-0.00081233,0.0022494,,0.0448544,0.0241856
0.0028131,0.7216,0.5,2.3841,-0.038712,-0.025056,1.0649,0.7216,0.5,2.3841,0.0022528,-0.00054971,0.0014788,0.0010214,-0.00088467,0.0023518,,0.0450096,0.0236608
0.0028503,0.72986,0.5,2.3841,-0.0384,-0.023821,1.0617,0.72986,0.5,2.3841,0.0021359,-0.00051872,0.0014421,0.0010854,-0.0010024,0.0024793,,0.0456048,0.0230736
0.0028788,0.73811,0.5,2.3841,-0.037865,-0.022451,1.0589,0.73811,0.5,2.3841,0.0020065,-0.00050744,0.0014015,0.0011903,-0.0011226,0.0025608,,0.0460608,0.022424
0.0028816,0.74637,0.5,2.3841,-0.037156,-0.02102,1.0564,0.74637,0.5,2.3841,0.0018649,-0.00050597,0.0013553,0.0013241,-0.0012115,0.0025741,,0.0461056,0.0216848
0.0028602,0.75463,0.5,2.3841,-0.03629,-0.019918,1.0537,0.75463,0.5,2.3841,0.0017227,-0.00050663,0.0012839,0.0014746,-0.0012643,0.002523,,0.0457632,0.0205424
0.0028457,0.76288,0.5,2.3841,-0.03518,-0.019851,1.0504,0.76288,0.5,2.3841,0.0016057,-0.0005132,0.0011892,0.0016389,-0.0012956,0.0024468,,0.0455312,0.0190272
0.0028692,0.77114,0.5,2.3841,-0.033805,-0.020932,1.0469,0.77114,0.5,2.3841,0.0015368,-0.00052994,0.0010977,0.0017963,-0.0013175,0.0024053,,0.0459072,0.0175632
0.0028958,0.7794,0.5,2.3841,-0.032426,-0.022534,1.044,0.7794,0.5,2.3841,0.0015144,-0.00055295,0.0010196,0.0018994,-0.001301,0.0023778,,0.0463328,0.0163136
0.0028398,0.78765,0.5,2.3841,-0.031398,-0.024105,1.0422,0.78765,0.5,2.3841,0.0015107,-0.00058362,0.00094752,0.0019247,-0.0011979,0.0022441,,0.0454368,0.01516032
0.0027129,0.79591,0.5,2.3841,-0.030849,-0.025241,1.041,0.79591,0.5,2.3841,0.0015,-0.0006221,0.00086386,0.0019026,-0.0010431,0.0020233,,0.0434064,0.01382176
0.0025832,0.80416,0.5,2.3841,-0.030599,-0.025576,1.0397,0.80416,0.5,2.3841,0.0014834,-0.00064869,0.00076885,0.0018703,-0.00092726,0.0018128,,0.0413312,0.0123016
0.0024922,0.81242,0.5,2.3841,-0.030295,-0.024671,1.0383,0.81242,0.5,2.3841,0.0014745,-0.00063193,0.00065427,0.0018201,-0.00087174,0.0016898,,0.0398752,0.01046832
0.0023868,0.82068,0.5,2.3841,-0.02963,-0.022505,1.0378,0.82068,0.5,2.3841,0.001472,-0.00056096,0.00054351,0.0017243,-0.00082304,0.0015773,,0.0381888,0.00869616
0.002244,0.82893,0.5,2.3841,-0.028559,-0.019842,1.0391,0.82893,0.5,2.3841,0.0014584,-0.00045571,0.00048883,0.0015942,-0.0007799,0.0014354,,0.035904,0.00782128
0.0051269,0.030909,0.5,2.4199,0.0011107,0.006708,0.73174,0.030909,0.5,2.4199,0.0001666,-1.34E-05,-0.00038096,0.0021749,0.0001854,0.0079123,,0.0820304,-0.00609536
0.0051507,0.066184,0.5,2.4199,0.0028269,0.006099,0.84628,0.066184,0.5,2.4199,0.00050617,0.00025695,-0.00055963,0.0025827,0.00029285,0.0072126,,0.0824112,-0.00895408
0.0040558,0.10006,0.5,2.4199,0.0037033,0.0068818,0.90713,0.10006,0.5,2.4199,0.00081246,0.00069205,-0.0001049,0.0025676,0.00060347,0.0047315,,0.0648928,-0.0016784
0.005526,0.13258,0.5,2.4199,0.002968,0.00031861,0.93414,0.13258,0.5,2.4199,0.00065777,0.00062576,-0.0001506,0.0023513,0.00050086,0.0080429,,0.088416,-0.0024096
0.0052366,0.16379,0.5,2.4199,0.00055466,-0.013419,0.9738,0.16379,0.5,2.4199,0.00038513,0.00023231,-0.00041575,0.0018103,0.0002957,0.0082778,,0.0837856,-0.006652
0.0026034,0.19372,0.5,2.4199,-0.0036466,-0.019252,1.0235,0.19372,0.5,2.4199,0.00047089,0.0001378,-0.00027796,0.0012047,-2.65E-05,0.0035312,,0.0416544,-0.00444736
0.0018975,0.22242,0.5,2.4199,-0.0056741,-0.016209,1.039,0.22242,0.5,2.4199,0.00061343,0.00016747,-0.00023736,0.00085855,-8.43E-05,0.002323,,0.03036,-0.00379776
0.0018882,0.24993,0.5,2.4199,-0.0064099,-0.01478,1.0575,0.24993,0.5,2.4199,0.00066625,7.35E-05,-0.00015764,0.00083759,0.00029055,0.0022725,,0.0302112,-0.00252224
0.0015158,0.27629,0.5,2.4199,-0.0095789,-0.018067,1.0707,0.27629,0.5,2.4199,0.00064592,-8.70E-06,-0.00012306,0.00080631,0.00030325,0.0015794,,0.0242528,-0.00196896
0.0014229,0.30154,0.5,2.4199,-0.013408,-0.01395,1.0713,0.30154,0.5,2.4199,0.00056096,3.55E-05,-0.00016837,0.00085866,-0.00010083,0.0014261,,0.0227664,-0.00269392
0.0015623,0.32572,0.5,2.4199,-0.017365,-0.011341,1.0644,0.32572,0.5,2.4199,0.0005018,0.00021632,-0.0002867,0.00092944,-0.00066209,0.0016934,,0.0249968,-0.0045872
0.002105,0.34887,0.5,2.4199,-0.022053,-0.012087,1.0661,0.34887,0.5,2.4199,0.00061648,0.00038188,-0.00055041,0.00098659,-0.0010459,0.0026069,,0.03368,-0.00880656
0.0023275,0.37102,0.5,2.4199,-0.026228,-0.011006,1.069,0.37102,0.5,2.4199,0.00082994,0.00044441,-0.00074164,0.00088545,-0.0010285,0.0029396,,0.03724,-0.01186624
0.0017425,0.39221,0.5,2.4199,-0.029576,-0.011083,1.0705,0.39221,0.5,2.4199,0.00097027,0.00034521,-0.00054878,0.00058062,-0.00040709,0.0019341,,0.02788,-0.00878048
0.0016576,0.41248,0.5,2.4199,-0.032682,-0.009102,1.0705,0.41248,0.5,2.4199,0.0010223,0.00018801,-0.00032701,0.0004485,-0.00016934,0.0018444,,0.0265216,-0.00523216
0.0016816,0.43187,0.5,2.4199,-0.034859,-0.0070033,1.0732,0.43187,0.5,2.4199,0.0010194,0.00016145,-0.00025701,0.00062729,-0.00033962,0.0017165,,0.0269056,-0.00411216
0.0017122,0.4504,0.5,2.4199,-0.035381,-0.0060627,1.074,0.4504,0.5,2.4199,0.00096534,0.00019124,-0.00023015,0.00091317,-0.00052599,0.0015459,,0.0273952,-0.0036824
0.0019977,0.46812,0.5,2.4199,-0.034912,-0.0076902,1.0673,0.46812,0.5,2.4199,0.00095032,0.00012329,-0.00034315,0.0010901,-0.00077541,0.0019551,,0.0319632,-0.0054904
0.0019085,0.48504,0.5,2.4199,-0.034813,-0.009836,1.0707,0.48504,0.5,2.4199,0.0010649,-6.81E-05,-0.00035887,0.0011775,-0.00063082,0.0015747,,0.030536,-0.00574192
0.001743,0.50122,0.5,2.4199,-0.035606,-0.011373,1.0785,0.50122,0.5,2.4199,0.0012476,-0.00029702,-0.00017543,0.0012279,-0.00044686,0.0010105,,0.027888,-0.00280688
0.0018523,0.51667,0.5,2.4199,-0.036706,-0.011801,1.0808,0.51667,0.5,2.4199,0.0013909,-0.0003764,1.43E-05,0.0013203,-0.00045739,0.0009934,,0.0296368,0.000229104
0.0020017,0.53142,0.5,2.4199,-0.0374,-0.0094973,1.0767,0.53142,0.5,2.4199,0.0014624,-0.00034727,0.00016097,0.0014312,-0.00046257,0.0011099,,0.0320272,0.00257552
0.0021233,0.54551,0.5,2.4199,-0.037296,-0.0096627,1.0728,0.54551,0.5,2.4199,0.0015075,-0.00027887,0.00023368,0.0014179,-0.00070197,0.0013211,,0.0339728,0.00373888
0.0021547,0.55896,0.5,2.4199,-0.036806,-0.012234,1.0707,0.55896,0.5,2.4199,0.0015795,-0.00016752,0.00028019,0.001341,-0.00065062,0.0013889,,0.0344752,0.00448304
0.0021303,0.5718,0.5,2.4199,-0.036799,-0.01426,1.0732,0.5718,0.5,2.4199,0.0016621,-8.88E-05,0.00030535,0.0012457,-0.00045504,0.0013529,,0.0340848,0.0048856
0.0020314,0.58405,0.5,2.4199,-0.037256,-0.017541,1.0758,0.58405,0.5,2.4199,0.0017612,-2.75E-05,0.00019597,0.001148,-0.00031333,0.0011536,,0.0325024,0.00313552
0.0019089,0.59575,0.5,2.4199,-0.037565,-0.02069,1.0777,0.59575,0.5,2.4199,0.0019312,-4.40E-05,7.72E-05,0.00099392,-9.32E-05,0.00089271,,0.0305424,0.001234944
0.0019067,0.6069,0.5,2.4199,-0.037695,-0.023446,1.0823,0.6069,0.5,2.4199,0.0021374,-9.08E-05,0.00011171,0.00075984,6.42E-05,0.00091617,,0.0305072,0.00178736
0.0019107,0.61755,0.5,2.4199,-0.038051,-0.026723,1.0859,0.61755,0.5,2.4199,0.0022961,-7.63E-05,0.00012799,0.00053781,0.00015355,0.00098748,,0.0305712,0.00204784
0.001923,0.6277,0.5,2.4199,-0.038834,-0.028493,1.0843,0.6277,0.5,2.4199,0.0024067,-8.33E-05,0.00017042,0.00038058,9.84E-05,0.0010587,,0.030768,0.00272672
0.0018935,0.63738,0.5,2.4199,-0.039694,-0.029537,1.0793,0.63738,0.5,2.4199,0.0025104,-0.00010142,0.00021156,0.00030512,-1.99E-06,0.0009714,,0.030296,0.00338496
0.0019463,0.64661,0.5,2.4199,-0.040165,-0.030077,1.0774,0.64661,0.5,2.4199,0.002615,-0.00015458,0.00030115,0.00030441,-4.57E-05,0.00097315,,0.0311408,0.0048184
0.0020415,0.65542,0.5,2.4199,-0.040146,-0.030175,1.0782,0.65542,0.5,2.4199,0.0026918,-0.00024664,0.00044966,0.00038015,-7.48E-05,0.001011,,0.032664,0.00719456
0.0021446,0.66381,0.5,2.4199,-0.039824,-0.030221,1.0788,0.66381,0.5,2.4199,0.0027142,-0.00034863,0.00057791,0.00052313,-0.0001232,0.0010518,,0.0343136,0.00924656
0.0023076,0.67207,0.5,2.4199,-0.039457,-0.029962,1.078,0.67207,0.5,2.4199,0.0026863,-0.00046548,0.00072857,0.00069045,-0.00022847,0.0012384,,0.0369216,0.01165712
0.0024504,0.68032,0.5,2.4199,-0.03918,-0.029298,1.076,0.68032,0.5,2.4199,0.0026342,-0.00057416,0.00094755,0.00084948,-0.00036687,0.0014171,,0.0392064,0.0151608
0.0026338,0.68858,0.5,2.4199,-0.038984,-0.028513,1.0734,0.68858,0.5,2.4199,0.00258,-0.00064615,0.0012338,0.00094785,-0.00054009,0.0017398,,0.0421408,0.0197408
0.0027549,0.69683,0.5,2.4199,-0.038856,-0.027864,1.0714,0.69683,0.5,2.4199,0.0025278,-0.00066294,0.0014548,0.00097469,-0.00068044,0.0020074,,0.0440784,0.0232768
0.0028143,0.70509,0.5,2.4199,-0.038818,-0.027177,1.0695,0.70509,0.5,2.4199,0.0024675,-0.00063549,0.0015653,0.00096701,-0.00076736,0.002194,,0.0450288,0.0250448
0.0028272,0.71335,0.5,2.4199,-0.038802,-0.026406,1.0675,0.71335,0.5,2.4199,0.0023872,-0.00057944,0.001574,0.00096069,-0.00084034,0.0023065,,0.0452352,0.025184
0.0028421,0.7216,0.5,2.4199,-0.038664,-0.025311,1.0648,0.7216,0.5,2.4199,0.0022803,-0.00053218,0.0015332,0.00099611,-0.00091603,0.0024079,,0.0454736,0.0245312
0.0028701,0.72986,0.5,2.4199,-0.038326,-0.023976,1.0617,0.72986,0.5,2.4199,0.0021465,-0.00050832,0.0014774,0.0010764,-0.0010265,0.0025173,,0.0459216,0.0236384
0.0028775,0.73811,0.5,2.4199,-0.037777,-0.0225,1.0589,0.73811,0.5,2.4199,0.0019932,-0.0005047,0.0014089,0.001195,-0.0011276,0.0025668,,0.04604,0.0225424
0.0028669,0.74637,0.5,2.4199,-0.03704,-0.021002,1.0562,0.74637,0.5,2.4199,0.001835,-0.0005069,0.0013365,0.0013387,-0.0011975,0.0025601,,0.0458704,0.021384
0.0028448,0.75463,0.5,2.4199,-0.036139,-0.019929,1.0533,0.75463,0.5,2.4199,0.0016926,-0.00050682,0.001256,0.0014909,-0.0012376,0.0025061,,0.0455168,0.020096
0.002842,0.76288,0.5,2.4199,-0.035043,-0.019953,1.0499,0.76288,0.5,2.4199,0.0015892,-0.00051034,0.0011718,0.0016436,-0.0012647,0.0024512,,0.045472,0.0187488
0.0028759,0.77114,0.5,2.4199,-0.033768,-0.02109,1.0463,0.77114,0.5,2.4199,0.0015417,-0.00052271,0.0010927,0.0017748,-0.0012826,0.0024353,,0.0460144,0.0174832
0.0029015,0.7794,0.5,2.4199,-0.032509,-0.022646,1.0434,0.7794,0.5,2.4199,0.0015441,-0.0005435,0.0010205,0.0018459,-0.0012606,0.002413,,0.046424,0.016328
0.0028391,0.78765,0.5,2.4199,-0.031545,-0.024104,1.0418,0.78765,0.5,2.4199,0.0015661,-0.0005779,0.00094638,0.00185,-0.0011562,0.002262,,0.0454256,0.01514208
0.0027109,0.79591,0.5,2.4199,-0.030983,-0.025125,1.0408,0.79591,0.5,2.4199,0.001578,-0.00062336,0.00085532,0.0018252,-0.0010108,0.0020186,,0.0433744,0.01368512
0.0025823,0.80416,0.5,2.4199,-0.030624,-0.02535,1.0397,0.80416,0.5,2.4199,0.0015732,-0.00065527,0.00074689,0.0018044,-0.00090557,0.001787,,0.0413168,0.01195024
0.0024937,0.81242,0.5,2.4199,-0.030142,-0.024311,1.0385,0.81242,0.5,2.4199,0.0015578,-0.00064276,0.00061506,0.0017808,-0.00085071,0.0016488,,0.0398992,0.00984096
0.0024005,0.82068,0.5,2.4199,-0.029334,-0.022018,1.0382,0.82068,0.5,2.4199,0.0015294,-0.00057411,0.0004953,0.001723,-0.00080195,0.0015486,,0.038408,0.0079248
0.0022752,0.82893,0.5,2.4199,-0.028213,-0.019333,1.0394,0.82893,0.5,2.4199,0.0014795,-0.00046646,0.00044785,0.0016252,-0.00075871,0.0014458,,0.0364032,0.0071656
0.005193,0.030909,0.5,2.4556,0.00094165,0.0064575,0.73243,0.030909,0.5,2.4556,0.00016512,-1.09E-05,-0.00037371,0.0022424,0.00017962,0.0079784,,0.083088,-0.00597936
0.0052152,0.066184,0.5,2.4556,0.0026245,0.006022,0.8469,0.066184,0.5,2.4556,0.000509,0.00025242,-0.0005612,0.0026718,0.00028925,0.0072496,,0.0834432,-0.0089792
0.0040751,0.10006,0.5,2.4556,0.00375,0.0072369,0.90797,0.10006,0.5,2.4556,0.00082584,0.00069109,-0.00011316,0.0026018,0.00064614,0.0047226,,0.0652016,-0.00181056
0.0055293,0.13258,0.5,2.4556,0.0030851,0.00078154,0.93456,0.13258,0.5,2.4556,0.00066895,0.00063757,-0.00012057,0.0023169,0.00055069,0.0080728,,0.0884688,-0.00192912
0.0052869,0.16379,0.5,2.4556,0.00040441,-0.013308,0.97361,0.16379,0.5,2.4556,0.00039351,0.00023946,-0.00039405,0.0018202,0.00031683,0.00836,,0.0845904,-0.0063048
0.0026643,0.19372,0.5,2.4556,-0.0039264,-0.019422,1.0234,0.19372,0.5,2.4556,0.00048915,0.00014337,-0.00031167,0.0012303,3.23E-06,0.0036091,,0.0426288,-0.00498672
0.0018866,0.22242,0.5,2.4556,-0.0058808,-0.01634,1.0387,0.22242,0.5,2.4556,0.00062066,0.00016356,-0.0002604,0.00086141,-7.16E-05,0.0022911,,0.0301856,-0.0041664
0.001859,0.24993,0.5,2.4556,-0.0064883,-0.014871,1.0575,0.24993,0.5,2.4556,0.00067274,7.28E-05,-0.00014561,0.00082216,0.00025591,0.0022231,,0.029744,-0.00232976
0.0014823,0.27629,0.5,2.4556,-0.009543,-0.018116,1.0708,0.27629,0.5,2.4556,0.00065964,7.12E-06,-0.00010146,0.00076236,0.00025738,0.0015426,,0.0237168,-0.00162336
0.0013884,0.30154,0.5,2.4556,-0.013407,-0.014004,1.0711,0.30154,0.5,2.4556,0.00056317,4.37E-05,-0.00016435,0.00084167,-0.00012046,0.001372,,0.0222144,-0.0026296
0.0015759,0.32572,0.5,2.4556,-0.017583,-0.011499,1.0648,0.32572,0.5,2.4556,0.00048854,0.00021744,-0.0003114,0.00094375,-0.0006889,0.0017196,,0.0252144,-0.0049824
0.0021117,0.34887,0.5,2.4556,-0.022466,-0.012071,1.0664,0.34887,0.5,2.4556,0.00059652,0.00038275,-0.00059353,0.0010051,-0.0010712,0.0026218,,0.0337872,-0.00949648
0.0023244,0.37102,0.5,2.4556,-0.026583,-0.010769,1.0687,0.37102,0.5,2.4556,0.00084236,0.00044623,-0.00074552,0.00089717,-0.0010256,0.0029092,,0.0371904,-0.01192832
0.0017457,0.39221,0.5,2.4556,-0.029751,-0.010723,1.0703,0.39221,0.5,2.4556,0.00099652,0.00033103,-0.00049819,0.00058605,-0.00038441,0.0019089,,0.0279312,-0.00797104
0.0016506,0.41248,0.5,2.4556,-0.032754,-0.0087069,1.0707,0.41248,0.5,2.4556,0.0010198,0.00016896,-0.0003011,0.00045217,-0.00016551,0.0018292,,0.0264096,-0.0048176
0.0016779,0.43187,0.5,2.4556,-0.03488,-0.0067236,1.0733,0.43187,0.5,2.4556,0.001005,0.0001629,-0.00025472,0.00063593,-0.00036399,0.0017148,,0.0268464,-0.00407552
0.0017176,0.4504,0.5,2.4556,-0.035376,-0.0059881,1.0737,0.4504,0.5,2.4556,0.00096082,0.00020656,-0.00021543,0.00093608,-0.00054015,0.0015383,,0.0274816,-0.00344688
0.0020113,0.46812,0.5,2.4556,-0.034967,-0.0077875,1.0672,0.46812,0.5,2.4556,0.00094716,0.00013878,-0.00032482,0.0011225,-0.00075273,0.0019529,,0.0321808,-0.00519712
0.0019317,0.48504,0.5,2.4556,-0.034971,-0.0099515,1.0709,0.48504,0.5,2.4556,0.0010617,-6.33E-05,-0.00036897,0.0012135,-0.00059434,0.0015882,,0.0309072,-0.00590352
0.0017637,0.50122,0.5,2.4556,-0.035764,-0.011462,1.0786,0.50122,0.5,2.4556,0.0012629,-0.00030175,-0.00016167,0.0012592,-0.00045719,0.0010054,,0.0282192,-0.00258672
0.0018846,0.51667,0.5,2.4556,-0.03679,-0.011775,1.0808,0.51667,0.5,2.4556,0.0014162,-0.00038243,2.59E-05,0.0013433,-0.00048694,0.0010097,,0.0301536,0.00041504
0.0020679,0.53142,0.5,2.4556,-0.037442,-0.009483,1.0764,0.53142,0.5,2.4556,0.0014837,-0.00035038,0.0001613,0.0014705,-0.00045203,0.0011815,,0.0330864,0.0025808
0.0022017,0.54551,0.5,2.4556,-0.037341,-0.0099587,1.0725,0.54551,0.5,2.4556,0.0015263,-0.00028836,0.0002623,0.0014668,-0.0006854,0.0014103,,0.0352272,0.0041968
0.0021802,0.55896,0.5,2.4556,-0.036885,-0.012663,1.0708,0.55896,0.5,2.4556,0.0015875,-0.00018544,0.00028333,0.0013689,-0.0006315,0.0014041,,0.0348832,0.00453328
0.0020924,0.5718,0.5,2.4556,-0.036891,-0.014805,1.0736,0.5718,0.5,2.4556,0.0016605,-0.0001004,0.00029019,0.0012474,-0.00045086,0.0012769,,0.0334784,0.00464304
0.0019848,0.58405,0.5,2.4556,-0.037369,-0.018012,1.0766,0.58405,0.5,2.4556,0.001759,-2.61E-05,0.00017193,0.0011311,-0.00032245,0.0010795,,0.0317568,0.00275088
0.0018634,0.59575,0.5,2.4556,-0.037759,-0.020835,1.0785,0.59575,0.5,2.4556,0.0019253,-3.99E-05,3.87E-05,0.00097338,-6.40E-05,0.00082802,,0.0298144,0.00061888
0.001857,0.6069,0.5,2.4556,-0.037936,-0.023627,1.083,0.6069,0.5,2.4556,0.0021264,-8.75E-05,5.78E-05,0.00073855,9.08E-05,0.00084905,,0.029712,0.00092496
0.0018682,0.61755,0.5,2.4556,-0.038282,-0.026843,1.086,0.61755,0.5,2.4556,0.0022907,-7.94E-05,9.11E-05,0.00051116,0.00014762,0.00093455,,0.0298912,0.001458272
0.0018924,0.6277,0.5,2.4556,-0.039028,-0.028429,1.0838,0.6277,0.5,2.4556,0.0024139,-8.01E-05,0.00015387,0.0003655,7.72E-05,0.0010053,,0.0302784,0.00246192
0.0018881,0.63738,0.5,2.4556,-0.039796,-0.029388,1.0787,0.63738,0.5,2.4556,0.0025188,-8.16E-05,0.00020272,0.00031466,-1.13E-05,0.0009428,,0.0302096,0.00324352
0.0019542,0.64661,0.5,2.4556,-0.040125,-0.029812,1.0772,0.64661,0.5,2.4556,0.0026082,-0.00012769,0.00030796,0.00033172,-4.49E-05,0.00096845,,0.0312672,0.00492736
0.0020462,0.65542,0.5,2.4556,-0.039971,-0.029873,1.078,0.65542,0.5,2.4556,0.0026685,-0.00022033,0.00046525,0.00041353,-7.73E-05,0.0010104,,0.0327392,0.007444
0.0021534,0.66381,0.5,2.4556,-0.039581,-0.029857,1.0786,0.66381,0.5,2.4556,0.0026839,-0.00032933,0.00059739,0.0005551,-0.00012516,0.0010678,,0.0344544,0.00955824
0.0023243,0.67207,0.5,2.4556,-0.039232,-0.02949,1.0774,0.67207,0.5,2.4556,0.0026602,-0.00045374,0.0007606,0.00071789,-0.00024186,0.0012706,,0.0371888,0.0121696
0.0024836,0.68032,0.5,2.4556,-0.039014,-0.028853,1.0748,0.68032,0.5,2.4556,0.0026194,-0.00056496,0.001,0.00086584,-0.00041435,0.0014819,,0.0397376,0.016
0.0026746,0.68858,0.5,2.4556,-0.038903,-0.028266,1.0722,0.68858,0.5,2.4556,0.0025774,-0.00063808,0.0012928,0.00094849,-0.00061072,0.0018233,,0.0427936,0.0206848
0.002789,0.69683,0.5,2.4556,-0.03888,-0.027855,1.0707,0.69683,0.5,2.4556,0.0025359,-0.00066264,0.0015137,0.00096343,-0.00074652,0.0020785,,0.044624,0.0242192
0.0028445,0.70509,0.5,2.4556,-0.038932,-0.027356,1.0693,0.70509,0.5,2.4556,0.0024896,-0.00064267,0.0016244,0.00094745,-0.00082479,0.0022521,,0.045512,0.0259904
0.0028606,0.71335,0.5,2.4556,-0.038959,-0.026604,1.0675,0.71335,0.5,2.4556,0.002424,-0.00058978,0.0016302,0.00093786,-0.00089281,0.0023593,,0.0457696,0.0260832
0.0028795,0.7216,0.5,2.4556,-0.038808,-0.025369,1.0648,0.7216,0.5,2.4556,0.0023234,-0.0005424,0.0015867,0.00097557,-0.00096,0.0024602,,0.046072,0.0253872
0.0028978,0.72986,0.5,2.4556,-0.038415,-0.023892,1.0617,0.72986,0.5,2.4556,0.0021842,-0.00051644,0.0015164,0.0010646,-0.0010472,0.0025468,,0.0463648,0.0242624
0.002889,0.73811,0.5,2.4556,-0.037782,-0.022359,1.0588,0.73811,0.5,2.4556,0.0020147,-0.00050886,0.0014258,0.0011968,-0.0011169,0.0025666,,0.046224,0.0228128
0.0028628,0.74637,0.5,2.4556,-0.036981,-0.020953,1.0561,0.74637,0.5,2.4556,0.0018337,-0.00050282,0.0013286,0.0013488,-0.0011564,0.0025432,,0.0458048,0.0212576
0.002828,0.75463,0.5,2.4556,-0.036062,-0.020092,1.053,0.75463,0.5,2.4556,0.0016702,-0.00049394,0.0012288,0.0015006,-0.0011735,0.0024852,,0.045248,0.0196608
0.0028234,0.76288,0.5,2.4556,-0.03493,-0.020323,1.0493,0.76288,0.5,2.4556,0.0015537,-0.00049426,0.0011363,0.0016511,-0.0011925,0.002442,,0.0451744,0.0181808
0.0028587,0.77114,0.5,2.4556,-0.033555,-0.021547,1.0457,0.77114,0.5,2.4556,0.0015027,-0.00050798,0.0010601,0.0017751,-0.0012114,0.0024396,,0.0457392,0.0169616
0.0028795,0.7794,0.5,2.4556,-0.032194,-0.023045,1.0429,0.7794,0.5,2.4556,0.001512,-0.00052756,0.00099747,0.0018247,-0.0011943,0.0024223,,0.046072,0.01595952
0.0028115,0.78765,0.5,2.4556,-0.031182,-0.024343,1.0414,0.78765,0.5,2.4556,0.0015522,-0.00055544,0.00093532,0.0018021,-0.0010985,0.0022686,,0.044984,0.01496512
0.0026847,0.79591,0.5,2.4556,-0.030606,-0.025138,1.0406,0.79591,0.5,2.4556,0.001591,-0.00059424,0.00085054,0.001762,-0.00097133,0.0020164,,0.0429552,0.01360864
0.0025612,0.80416,0.5,2.4556,-0.030263,-0.025114,1.0398,0.80416,0.5,2.4556,0.0016159,-0.00062687,0.00073415,0.0017395,-0.00089102,0.001767,,0.0409792,0.0117464
0.0024774,0.81242,0.5,2.4556,-0.029815,-0.023898,1.0388,0.81242,0.5,2.4556,0.001622,-0.00062435,0.000588,0.0017226,-0.00085744,0.0016102,,0.0396384,0.009408
0.0023942,0.82068,0.5,2.4556,-0.028996,-0.021554,1.0385,0.82068,0.5,2.4556,0.0015962,-0.00056563,0.00046097,0.0016776,-0.00082484,0.0015145,,0.0383072,0.00737552
0.0022832,0.82893,0.5,2.4556,-0.02782,-0.018908,1.0395,0.82893,0.5,2.4556,0.0015289,-0.00045854,0.00041523,0.0015961,-0.00078319,0.0014413,,0.0365312,0.00664368
0.0052541,0.030909,0.5,2.4913,0.00074199,0.0062824,0.73305,0.030909,0.5,2.4913,0.00017064,-4.95E-06,-0.00036566,0.002291,0.00018882,0.0080466,,0.0840656,-0.00585056
0.0052794,0.066184,0.5,2.4913,0.0023321,0.0059386,0.84749,0.066184,0.5,2.4913,0.00051607,0.00026843,-0.00058061,0.0027612,0.00026966,0.0072815,,0.0844704,-0.00928976
0.004094,0.10006,0.5,2.4913,0.0036505,0.0074997,0.90871,0.10006,0.5,2.4913,0.00083037,0.00069449,-0.00011773,0.0026501,0.00066733,0.0047076,,0.065504,-0.00188368
0.0055301,0.13258,0.5,2.4913,0.003141,0.0011965,0.93494,0.13258,0.5,2.4913,0.00067909,0.00064612,-6.65E-05,0.0022803,0.00061898,0.0081008,,0.0884816,-0.001063504
0.0052982,0.16379,0.5,2.4913,0.00031795,-0.013183,0.97359,0.16379,0.5,2.4913,0.000406,0.00025234,-0.00037653,0.0017965,0.0003185,0.0083939,,0.0847712,-0.00602448
0.0026603,0.19372,0.5,2.4913,-0.0041572,-0.019567,1.0235,0.19372,0.5,2.4913,0.00048972,0.00013316,-0.0003331,0.0012088,-2.04E-08,0.0036222,,0.0425648,-0.0053296
0.0018354,0.22242,0.5,2.4913,-0.0060771,-0.016457,1.0385,0.22242,0.5,2.4913,0.00061413,0.00014204,-0.00027231,0.0008363,-6.23E-05,0.0022203,,0.0293664,-0.00435696
0.0018485,0.24993,0.5,2.4913,-0.0065474,-0.014972,1.0575,0.24993,0.5,2.4913,0.00067733,7.01E-05,-0.0001388,0.00083499,0.0002383,0.0021847,,0.029576,-0.0022208
0.0014831,0.27629,0.5,2.4913,-0.0094647,-0.018165,1.0708,0.27629,0.5,2.4913,0.00067198,2.61E-05,-6.82E-05,0.00074331,0.00021734,0.001551,,0.0237296,-0.00109136
0.0013663,0.30154,0.5,2.4913,-0.013354,-0.014056,1.0709,0.30154,0.5,2.4913,0.00056533,5.18E-05,-0.00015115,0.000821,-0.00015417,0.0013464,,0.0218608,-0.0024184
0.0016115,0.32572,0.5,2.4913,-0.017772,-0.011663,1.0653,0.32572,0.5,2.4913,0.0004881,0.00022588,-0.00032788,0.00097296,-0.00070462,0.001762,,0.025784,-0.00524608
0.0021475,0.34887,0.5,2.4913,-0.022888,-0.012024,1.0666,0.34887,0.5,2.4913,0.00061013,0.0003955,-0.00061538,0.0010356,-0.001098,0.0026493,,0.03436,-0.00984608
0.0023362,0.37102,0.5,2.4913,-0.026959,-0.010501,1.0682,0.37102,0.5,2.4913,0.00087192,0.00044144,-0.0007475,0.00092153,-0.0010297,0.0028789,,0.0373792,-0.01196
0.0017496,0.39221,0.5,2.4913,-0.029928,-0.010339,1.0702,0.39221,0.5,2.4913,0.0010307,0.00031055,-0.00045158,0.00059885,-0.00036552,0.0018697,,0.0279936,-0.00722528
0.0016644,0.41248,0.5,2.4913,-0.032813,-0.0083393,1.0709,0.41248,0.5,2.4913,0.0010456,0.00014665,-0.00027035,0.00045603,-0.00017981,0.0018271,,0.0266304,-0.0043256
0.0017041,0.43187,0.5,2.4913,-0.034883,-0.0065436,1.0734,0.43187,0.5,2.4913,0.001024,0.0001453,-0.00023384,0.00064224,-0.00039612,0.0017419,,0.0272656,-0.00374144
0.0017417,0.4504,0.5,2.4913,-0.035353,-0.0060276,1.0734,0.4504,0.5,2.4913,0.00096886,0.00020229,-0.00018021,0.00096284,-0.00056604,0.0015517,,0.0278672,-0.00288336
0.0020302,0.46812,0.5,2.4913,-0.034997,-0.0079715,1.0671,0.46812,0.5,2.4913,0.00094421,0.00014297,-0.00028381,0.0011677,-0.00074635,0.0019485,,0.0324832,-0.00454096
0.0019615,0.48504,0.5,2.4913,-0.035107,-0.010112,1.0711,0.48504,0.5,2.4913,0.0010497,-5.00E-05,-0.00033213,0.0012557,-0.00056293,0.0016175,,0.031384,-0.00531408
0.001802,0.50122,0.5,2.4913,-0.035939,-0.011555,1.0786,0.50122,0.5,2.4913,0.0012557,-0.00029013,-0.00013561,0.001291,-0.00044626,0.0010573,,0.028832,-0.00216976
0.0018999,0.51667,0.5,2.4913,-0.03689,-0.011773,1.0807,0.51667,0.5,2.4913,0.0014213,-0.00038557,5.38E-05,0.0013531,-0.00051377,0.0010254,,0.0303984,0.000860736
0.0020626,0.53142,0.5,2.4913,-0.037446,-0.009553,1.0759,0.53142,0.5,2.4913,0.0014755,-0.00034743,0.00018276,0.0014642,-0.00046306,0.0011855,,0.0330016,0.00292416
0.0022405,0.54551,0.5,2.4913,-0.037329,-0.010344,1.0721,0.54551,0.5,2.4913,0.0015104,-0.00028263,0.00030064,0.0014831,-0.00067735,0.0014876,,0.035848,0.00481024
0.0022244,0.55896,0.5,2.4913,-0.036947,-0.013169,1.0709,0.55896,0.5,2.4913,0.0015791,-0.00019558,0.00030829,0.0014021,-0.00061033,0.0014677,,0.0355904,0.00493264
0.0020878,0.5718,0.5,2.4913,-0.037037,-0.01535,1.0742,0.5718,0.5,2.4913,0.0016733,-0.0001243,0.00026467,0.0012674,-0.00042603,0.0012349,,0.0334048,0.00423472
0.0019754,0.58405,0.5,2.4913,-0.037574,-0.018417,1.0774,0.58405,0.5,2.4913,0.0018085,-5.85E-05,0.00014117,0.0011253,-0.00032334,0.0010171,,0.0316064,0.00225872
0.0018768,0.59575,0.5,2.4913,-0.038012,-0.020945,1.0793,0.59575,0.5,2.4913,0.0019835,-5.94E-05,3.59E-05,0.00095381,-3.70E-05,0.00081628,,0.0300288,0.000574384
0.0018749,0.6069,0.5,2.4913,-0.038221,-0.02378,1.0835,0.6069,0.5,2.4913,0.0021689,-8.87E-05,4.59E-05,0.00072047,0.0001138,0.00086041,,0.0299984,0.000735056
0.0018496,0.61755,0.5,2.4913,-0.038569,-0.026951,1.0861,0.61755,0.5,2.4913,0.0023171,-8.32E-05,7.66E-05,0.00048562,0.00013176,0.00089651,,0.0295936,0.001224928
0.0018475,0.6277,0.5,2.4913,-0.039235,-0.028453,1.0831,0.6277,0.5,2.4913,0.0024174,-7.78E-05,0.00014618,0.00033494,4.07E-05,0.00094272,,0.02956,0.00233888
0.0018403,0.63738,0.5,2.4913,-0.039844,-0.029341,1.0781,0.63738,0.5,2.4913,0.0025011,-6.50E-05,0.00019092,0.00029351,-3.73E-05,0.00088597,,0.0294448,0.00305472
0.0019084,0.64661,0.5,2.4913,-0.040008,-0.029587,1.0769,0.64661,0.5,2.4913,0.0025778,-0.00010829,0.00029756,0.00032919,-5.38E-05,0.00090975,,0.0305344,0.00476096
0.0020154,0.65542,0.5,2.4913,-0.039724,-0.029576,1.0778,0.65542,0.5,2.4913,0.0026273,-0.00020022,0.00045663,0.00043004,-8.24E-05,0.00097355,,0.0322464,0.00730608
0.0021317,0.66381,0.5,2.4913,-0.03927,-0.0295,1.0782,0.66381,0.5,2.4913,0.0026379,-0.00030732,0.0005919,0.00057754,-0.00013784,0.0010479,,0.0341072,0.0094704
0.0023101,0.67207,0.5,2.4913,-0.038915,-0.029093,1.0765,0.67207,0.5,2.4913,0.0026218,-0.0004259,0.0007658,0.00073138,-0.00027343,0.0012669,,0.0369616,0.0122528
0.0024887,0.68032,0.5,2.4913,-0.038743,-0.028566,1.0734,0.68032,0.5,2.4913,0.0025997,-0.00053042,0.0010162,0.0008626,-0.00046308,0.0015151,,0.0398192,0.0162592
0.0026864,0.68858,0.5,2.4913,-0.038727,-0.028195,1.071,0.68858,0.5,2.4913,0.0025793,-0.00060313,0.0013063,0.00093074,-0.00064954,0.0018627,,0.0429824,0.0209008
0.0028028,0.69683,0.5,2.4913,-0.038817,-0.027985,1.0701,0.69683,0.5,2.4913,0.0025526,-0.0006364,0.0015271,0.00094559,-0.00076516,0.0021073,,0.0448448,0.0244336
0.0028645,0.70509,0.5,2.4913,-0.038933,-0.027625,1.0692,0.70509,0.5,2.4913,0.0025095,-0.00063179,0.0016421,0.00093586,-0.00083793,0.0022835,,0.045832,0.0262736
0.0028874,0.71335,0.5,2.4913,-0.038922,-0.026872,1.0675,0.71335,0.5,2.4913,0.002436,-0.00059932,0.0016522,0.0009383,-0.00091366,0.0024004,,0.0461984,0.0264352
0.0029114,0.7216,0.5,2.4913,-0.038691,-0.025548,1.0649,0.7216,0.5,2.4913,0.0023257,-0.00056882,0.0016117,0.0009919,-0.00098803,0.0025052,,0.0465824,0.0257872
0.0029247,0.72986,0.5,2.4913,-0.038244,-0.023999,1.0618,0.72986,0.5,2.4913,0.0021867,-0.00054926,0.001538,0.0010934,-0.0010672,0.0025694,,0.0467952,0.024608
0.0029073,0.73811,0.5,2.4913,-0.037592,-0.022424,1.0589,0.73811,0.5,2.4913,0.0020269,-0.000538,0.0014409,0.0012313,-0.0011223,0.0025564,,0.0465168,0.0230544
0.0028756,0.74637,0.5,2.4913,-0.03678,-0.021036,1.0559,0.74637,0.5,2.4913,0.0018581,-0.00052135,0.0013403,0.0013802,-0.0011504,0.002513,,0.0460096,0.0214448
0.0028415,0.75463,0.5,2.4913,-0.035848,-0.020224,1.0527,0.75463,0.5,2.4913,0.0017021,-0.00050152,0.0012353,0.0015285,-0.0011606,0.0024524,,0.045464,0.0197648
0.0028376,0.76288,0.5,2.4913,-0.034748,-0.020477,1.0489,0.76288,0.5,2.4913,0.0015843,-0.00049563,0.0011315,0.0016804,-0.0011759,0.0024105,,0.0454016,0.018104
0.002863,0.77114,0.5,2.4913,-0.033493,-0.021687,1.0453,0.77114,0.5,2.4913,0.0015236,-0.00050768,0.0010396,0.0018005,-0.0011886,0.0024019,,0.045808,0.0166336
0.0028656,0.7794,0.5,2.4913,-0.032268,-0.023132,1.0425,0.7794,0.5,2.4913,0.001519,-0.00052672,0.0009649,0.0018377,-0.0011617,0.0023745,,0.0458496,0.0154384
0.0027855,0.78765,0.5,2.4913,-0.031314,-0.02435,1.0412,0.78765,0.5,2.4913,0.0015443,-0.00054997,0.00090298,0.001804,-0.0010606,0.0022227,,0.044568,0.01444768
0.0026584,0.79591,0.5,2.4913,-0.030704,-0.025042,1.0405,0.79591,0.5,2.4913,0.0015691,-0.00057726,0.00082439,0.0017609,-0.00093943,0.0019869,,0.0425344,0.01319024
0.0025354,0.80416,0.5,2.4913,-0.030225,-0.024889,1.0399,0.80416,0.5,2.4913,0.0015842,-0.00059707,0.00071035,0.001738,-0.00087062,0.0017487,,0.0405664,0.0113656
0.0024469,0.81242,0.5,2.4913,-0.029558,-0.023546,1.039,0.81242,0.5,2.4913,0.0015892,-0.00058786,0.00056586,0.0017143,-0.0008526,0.0015903,,0.0391504,0.00905376
0.0023621,0.82068,0.5,2.4913,-0.02855,-0.021146,1.0386,0.82068,0.5,2.4913,0.0015691,-0.00052909,0.00044618,0.0016557,-0.00084738,0.0014994,,0.0377936,0.00713888
0.0022547,0.82893,0.5,2.4913,-0.027302,-0.018561,1.0396,0.82893,0.5,2.4913,0.0015082,-0.0004239,0.00040658,0.0015589,-0.0008288,0.0014423,,0.0360752,0.00650528
0.005266,0.030909,0.5,2.5269,0.00052712,0.0061058,0.73356,0.030909,0.5,2.5269,0.00017312,2.14E-05,-0.00036496,0.0022564,0.00017828,0.0081025,,0.084256,-0.00583936
0.0052961,0.066184,0.5,2.5269,0.0020132,0.0058501,0.84794,0.066184,0.5,2.5269,0.000507,0.00030625,-0.00061104,0.0027762,0.0002177,0.0073089,,0.0847376,-0.00977664
0.0041138,0.10006,0.5,2.5269,0.0034734,0.0077054,0.90927,0.10006,0.5,2.5269,0.00082189,0.00071216,-0.00010706,0.0026963,0.00065062,0.0047095,,0.0658208,-0.00171296
0.0055748,0.13258,0.5,2.5269,0.0030968,0.0014938,0.93522,0.13258,0.5,2.5269,0.00069104,0.00066575,-1.31E-06,0.0022856,0.00068911,0.0081729,,0.0891968,-2.09136E-05
0.0052973,0.16379,0.5,2.5269,0.00022369,-0.013112,0.9736,0.16379,0.5,2.5269,0.00041412,0.00027341,-0.00035085,0.0017562,0.00032467,0.0084242,,0.0847568,-0.0056136
0.0025871,0.19372,0.5,2.5269,-0.0043421,-0.019683,1.0235,0.19372,0.5,2.5269,0.00047448,0.00011731,-0.00032035,0.0011404,-2.95E-05,0.0035593,,0.0413936,-0.0051256
0.0017548,0.22242,0.5,2.5269,-0.0062396,-0.016588,1.0382,0.22242,0.5,2.5269,0.00059578,0.00011781,-0.00027605,0.00079725,-6.86E-05,0.0021166,,0.0280768,-0.0044168
0.0018372,0.24993,0.5,2.5269,-0.0065973,-0.015117,1.0574,0.24993,0.5,2.5269,0.00066328,7.86E-05,-0.00015942,0.00085469,0.00024659,0.0021563,,0.0293952,-0.00255072
0.0015039,0.27629,0.5,2.5269,-0.0094019,-0.018239,1.0707,0.27629,0.5,2.5269,0.00066443,4.07E-05,-6.60E-05,0.00076119,0.00021728,0.0015823,,0.0240624,-0.00105544
0.0013689,0.30154,0.5,2.5269,-0.01331,-0.014137,1.0708,0.30154,0.5,2.5269,0.00056845,5.91E-05,-0.00015463,0.00081371,-0.00019131,0.0013556,,0.0219024,-0.00247408
0.0016302,0.32572,0.5,2.5269,-0.017972,-0.011847,1.0658,0.32572,0.5,2.5269,0.00048731,0.00023595,-0.00034845,0.00097053,-0.00072533,0.0018025,,0.0260832,-0.0055752
0.0021461,0.34887,0.5,2.5269,-0.023319,-0.011993,1.0669,0.34887,0.5,2.5269,0.00061039,0.00039893,-0.00062449,0.001026,-0.0011089,0.0026558,,0.0343376,-0.00999184
0.0023118,0.37102,0.5,2.5269,-0.027351,-0.010263,1.0677,0.37102,0.5,2.5269,0.00087454,0.00042897,-0.00074661,0.00091802,-0.0010177,0.0028309,,0.0369888,-0.01194576
0.0017299,0.39221,0.5,2.5269,-0.03014,-0.0099972,1.07,0.39221,0.5,2.5269,0.0010545,0.00030337,-0.0004282,0.00059758,-0.00033408,0.0018077,,0.0276784,-0.0068512
0.0016815,0.41248,0.5,2.5269,-0.032887,-0.008009,1.0712,0.41248,0.5,2.5269,0.0010908,0.00014355,-0.00024696,0.00045718,-0.00018112,0.0018151,,0.026904,-0.00395136
0.0017415,0.43187,0.5,2.5269,-0.034856,-0.0064227,1.0735,0.43187,0.5,2.5269,0.0010445,0.00013089,-0.0002042,0.00066879,-0.00041928,0.0017698,,0.027864,-0.0032672
0.0017744,0.4504,0.5,2.5269,-0.035288,-0.0061444,1.073,0.4504,0.5,2.5269,0.00095599,0.00019289,-0.00015347,0.0010075,-0.00060169,0.0015852,,0.0283904,-0.00245552
0.0020337,0.46812,0.5,2.5269,-0.034991,-0.0081864,1.067,0.46812,0.5,2.5269,0.00093873,0.00012678,-0.00027633,0.0012067,-0.00076978,0.0019219,,0.0325392,-0.00442128
0.0019603,0.48504,0.5,2.5269,-0.03521,-0.010291,1.0714,0.48504,0.5,2.5269,0.0010654,-7.36E-05,-0.00030259,0.0012836,-0.00056571,0.0015716,,0.0313648,-0.00484144
0.0018423,0.50122,0.5,2.5269,-0.036086,-0.011646,1.0786,0.50122,0.5,2.5269,0.0012716,-0.00029635,-0.00011314,0.0013224,-0.00043546,0.0010906,,0.0294768,-0.00181024
0.0019332,0.51667,0.5,2.5269,-0.036956,-0.011759,1.0806,0.51667,0.5,2.5269,0.001435,-0.00037794,8.04E-05,0.0013739,-0.00053448,0.0010574,,0.0309312,0.001285712
0.0020419,0.53142,0.5,2.5269,-0.037433,-0.0096926,1.0755,0.53142,0.5,2.5269,0.0014844,-0.00032645,0.00021122,0.0014413,-0.00049739,0.001158,,0.0326704,0.00337952
0.0022386,0.54551,0.5,2.5269,-0.037347,-0.010812,1.0717,0.54551,0.5,2.5269,0.0015182,-0.00025217,0.00032694,0.0014443,-0.00067985,0.0015147,,0.0358176,0.00523104
0.00225,0.55896,0.5,2.5269,-0.037054,-0.013724,1.0712,0.55896,0.5,2.5269,0.0015895,-0.00017846,0.00034233,0.0013826,-0.00058014,0.0015279,,0.036,0.00547728
0.0020807,0.5718,0.5,2.5269,-0.037204,-0.015906,1.0748,0.5718,0.5,2.5269,0.0016803,-0.00012047,0.00025077,0.0012556,-0.00036637,0.0012255,,0.0332912,0.00401232
0.0019546,0.58405,0.5,2.5269,-0.037761,-0.018805,1.0782,0.58405,0.5,2.5269,0.0018282,-6.32E-05,0.00011626,0.0011007,-0.000281,0.00098037,,0.0312736,0.00186016
0.0018947,0.59575,0.5,2.5269,-0.038229,-0.021089,1.0799,0.59575,0.5,2.5269,0.0020178,-5.65E-05,4.20E-05,0.00092424,9.82E-06,0.00084741,,0.0303152,0.000672672
0.0019202,0.6069,0.5,2.5269,-0.038469,-0.02395,1.0841,0.6069,0.5,2.5269,0.0021954,-7.34E-05,4.68E-05,0.00070638,0.00015721,0.00093866,,0.0307232,0.000749488
0.0018514,0.61755,0.5,2.5269,-0.038793,-0.027047,1.0859,0.61755,0.5,2.5269,0.0023229,-8.28E-05,7.85E-05,0.00048205,0.00014679,0.00089796,,0.0296224,0.001256416
0.0018222,0.6277,0.5,2.5269,-0.039382,-0.028475,1.0823,0.6277,0.5,2.5269,0.0024026,-9.43E-05,0.00014508,0.00033139,3.81E-05,0.0009105,,0.0291552,0.00232128
0.0018148,0.63738,0.5,2.5269,-0.039881,-0.029264,1.0775,0.63738,0.5,2.5269,0.002474,-8.83E-05,0.00017774,0.00028714,-3.36E-05,0.00086852,,0.0290368,0.00284384
0.001884,0.64661,0.5,2.5269,-0.039911,-0.029356,1.0765,0.64661,0.5,2.5269,0.0025493,-0.00013546,0.00029447,0.0003282,-3.60E-05,0.00089048,,0.030144,0.00471152
0.0020178,0.65542,0.5,2.5269,-0.039529,-0.029312,1.0775,0.65542,0.5,2.5269,0.0026031,-0.00021978,0.00046281,0.00044739,-6.65E-05,0.000985,,0.0322848,0.00740496
0.0021532,0.66381,0.5,2.5269,-0.03906,-0.029158,1.0776,0.66381,0.5,2.5269,0.0026236,-0.00031699,0.00060802,0.00059898,-0.00013899,0.0010838,,0.0344512,0.00972832
0.0023382,0.67207,0.5,2.5269,-0.038749,-0.028707,1.0754,0.67207,0.5,2.5269,0.002625,-0.00042511,0.00079586,0.0007359,-0.00029746,0.0013155,,0.0374112,0.01273376
0.0025291,0.68032,0.5,2.5269,-0.038641,-0.028316,1.072,0.68032,0.5,2.5269,0.002624,-0.00052072,0.0010495,0.00084615,-0.00049458,0.001588,,0.0404656,0.016792
0.0027217,0.68858,0.5,2.5269,-0.038692,-0.028177,1.07,0.68858,0.5,2.5269,0.0026238,-0.00058814,0.001328,0.00090266,-0.00065805,0.0019169,,0.0435472,0.021248
0.0028329,0.69683,0.5,2.5269,-0.038843,-0.028123,1.0697,0.69683,0.5,2.5269,0.0026129,-0.00061668,0.0015411,0.00092438,-0.00075589,0.0021284,,0.0453264,0.0246576
0.0029031,0.70509,0.5,2.5269,-0.038985,-0.027791,1.0692,0.70509,0.5,2.5269,0.0025735,-0.00061247,0.0016597,0.00093021,-0.00083214,0.0023024,,0.0464496,0.0265552
0.0029354,0.71335,0.5,2.5269,-0.038976,-0.026936,1.0676,0.71335,0.5,2.5269,0.0024884,-0.00058816,0.0016773,0.0009516,-0.00091489,0.0024309,,0.0469664,0.0268368
0.0029569,0.7216,0.5,2.5269,-0.038744,-0.025474,1.065,0.7216,0.5,2.5269,0.0023546,-0.00056619,0.0016433,0.0010164,-0.00099023,0.0025428,,0.0473104,0.0262928
0.0029466,0.72986,0.5,2.5269,-0.038278,-0.023842,1.062,0.72986,0.5,2.5269,0.0021942,-0.00055187,0.0015654,0.0011131,-0.0010621,0.002586,,0.0471456,0.0250464
0.0029022,0.73811,0.5,2.5269,-0.037577,-0.022286,1.0589,0.73811,0.5,2.5269,0.0020306,-0.000543,0.001456,0.0012338,-0.001114,0.0025401,,0.0464352,0.023296
0.0028527,0.74637,0.5,2.5269,-0.036717,-0.021061,1.0558,0.74637,0.5,2.5269,0.0018764,-0.00052642,0.0013449,0.001359,-0.0011469,0.00247,,0.0456432,0.0215184
0.0028217,0.75463,0.5,2.5269,-0.03575,-0.020467,1.0525,0.75463,0.5,2.5269,0.001742,-0.00050586,0.0012405,0.0014931,-0.0011632,0.0024084,,0.0451472,0.019848
0.0028342,0.76288,0.5,2.5269,-0.034578,-0.020875,1.0486,0.76288,0.5,2.5269,0.0016426,-0.00049733,0.0011395,0.0016449,-0.0011819,0.0023809,,0.0453472,0.018232
0.0028692,0.77114,0.5,2.5269,-0.033184,-0.022136,1.045,0.77114,0.5,2.5269,0.0015926,-0.00050571,0.0010385,0.0017723,-0.0011912,0.0023735,,0.0459072,0.016616
0.0028708,0.7794,0.5,2.5269,-0.03182,-0.023537,1.0423,0.7794,0.5,2.5269,0.0015875,-0.00052342,0.00094676,0.0018216,-0.001153,0.0023324,,0.0459328,0.01514816
0.0027876,0.78765,0.5,2.5269,-0.030781,-0.024642,1.041,0.78765,0.5,2.5269,0.0015985,-0.00054609,0.00087042,0.0018015,-0.0010385,0.0021753,,0.0446016,0.01392672
0.0026591,0.79591,0.5,2.5269,-0.030121,-0.025134,1.0406,0.79591,0.5,2.5269,0.0015943,-0.00056925,0.0007852,0.0017705,-0.00091048,0.0019535,,0.0425456,0.0125632
0.0025279,0.80416,0.5,2.5269,-0.029637,-0.024719,1.0401,0.80416,0.5,2.5269,0.0015711,-0.00058134,0.00067194,0.001754,-0.00083791,0.0017306,,0.0404464,0.01075104
0.002426,0.81242,0.5,2.5269,-0.029015,-0.023182,1.0393,0.81242,0.5,2.5269,0.0015403,-0.00056218,0.00053699,0.0017303,-0.00082245,0.0015814,,0.038816,0.00859184
0.0023353,0.82068,0.5,2.5269,-0.028036,-0.020745,1.0388,0.82068,0.5,2.5269,0.0014995,-0.0004943,0.00043445,0.0016685,-0.00083677,0.0015025,,0.0373648,0.0069512
0.0022356,0.82893,0.5,2.5269,-0.026785,-0.018249,1.0396,0.82893,0.5,2.5269,0.0014387,-0.00038611,0.00041177,0.0015686,-0.00084411,0.001464,,0.0357696,0.00658832
0.0052609,0.030909,0.5,2.5625,0.00032283,0.0059445,0.73407,0.030909,0.5,2.5625,0.00016861,4.97E-05,-0.00035652,0.0022138,0.00014381,0.0081394,,0.0841744,-0.00570432
0.0052959,0.066184,0.5,2.5625,0.0017304,0.0058279,0.84826,0.066184,0.5,2.5625,0.00048882,0.00033614,-0.00062916,0.0027571,0.00015437,0.0073458,,0.0847344,-0.01006656
0.0041477,0.10006,0.5,2.5625,0.0033046,0.0079325,0.90962,0.10006,0.5,2.5625,0.00081994,0.00072739,-0.00010817,0.0027176,0.00064276,0.0047577,,0.0663632,-0.00173072
0.0056445,0.13258,0.5,2.5625,0.0029741,0.001678,0.93537,0.13258,0.5,2.5625,0.00070981,0.00067039,4.91E-05,0.0022981,0.00078012,0.0082812,,0.090312,0.00078504
0.0052966,0.16379,0.5,2.5625,5.59E-05,-0.013111,0.97349,0.16379,0.5,2.5625,0.00041184,0.0002815,-0.00030556,0.0017059,0.00036411,0.0084755,,0.0847456,-0.00488896
0.0025113,0.19372,0.5,2.5625,-0.0045347,-0.019794,1.0234,0.19372,0.5,2.5625,0.00046082,0.0001194,-0.0002914,0.0010699,-4.21E-05,0.0034919,,0.0401808,-0.0046624
0.0017003,0.22242,0.5,2.5625,-0.0063814,-0.016726,1.0378,0.22242,0.5,2.5625,0.00059225,0.00011237,-0.00028053,0.00077196,-7.09E-05,0.0020364,,0.0272048,-0.00448848
0.0018277,0.24993,0.5,2.5625,-0.0066398,-0.015228,1.0572,0.24993,0.5,2.5625,0.00065825,8.66E-05,-0.00019108,0.00085556,0.0002521,0.0021417,,0.0292432,-0.00305728
0.0015185,0.27629,0.5,2.5625,-0.0093638,-0.018289,1.0705,0.27629,0.5,2.5625,0.00065315,4.06E-05,-8.82E-05,0.00079235,0.00023106,0.0015916,,0.024296,-0.001411568
0.0013836,0.30154,0.5,2.5625,-0.013284,-0.014254,1.0707,0.30154,0.5,2.5625,0.00056991,5.71E-05,-0.00017516,0.00083651,-0.00020757,0.0013607,,0.0221376,-0.00280256
0.0016339,0.32572,0.5,2.5625,-0.018155,-0.012046,1.0664,0.32572,0.5,2.5625,0.00049746,0.00023297,-0.00038621,0.00094368,-0.00074217,0.0018266,,0.0261424,-0.00617936
0.002113,0.34887,0.5,2.5625,-0.023703,-0.011997,1.0672,0.34887,0.5,2.5625,0.00060916,0.00039647,-0.00065691,0.00098204,-0.001095,0.0026348,,0.033808,-0.01051056
0.0022615,0.37102,0.5,2.5625,-0.0277,-0.010076,1.0672,0.37102,0.5,2.5625,0.000856,0.00043452,-0.00075065,0.00089914,-0.00098493,0.0027678,,0.036184,-0.0120104
0.0016867,0.39221,0.5,2.5625,-0.030334,-0.0096844,1.0699,0.39221,0.5,2.5625,0.001048,0.0003154,-0.00041106,0.00059521,-0.00029616,0.0017302,,0.0269872,-0.00657696
0.0016829,0.41248,0.5,2.5625,-0.032927,-0.0076892,1.0715,0.41248,0.5,2.5625,0.0011068,0.00015898,-0.00023619,0.00046967,-0.00016254,0.0017892,,0.0269264,-0.00377904
0.0017773,0.43187,0.5,2.5625,-0.034786,-0.0063285,1.0735,0.43187,0.5,2.5625,0.0010439,0.00014069,-0.00020047,0.00072759,-0.00043526,0.0017831,,0.0284368,-0.00320752
0.0018136,0.4504,0.5,2.5625,-0.03521,-0.0063014,1.0727,0.4504,0.5,2.5625,0.00093537,0.00018961,-0.00014276,0.0010807,-0.00063853,0.0016111,,0.0290176,-0.00228416
0.0020351,0.46812,0.5,2.5625,-0.034981,-0.0083873,1.067,0.46812,0.5,2.5625,0.00092369,0.00010295,-0.00029551,0.0012374,-0.00079728,0.0019091,,0.0325616,-0.00472816
0.0019219,0.48504,0.5,2.5625,-0.035276,-0.010468,1.0717,0.48504,0.5,2.5625,0.0010712,-0.00011222,-0.00031431,0.0012853,-0.00059684,0.0014872,,0.0307504,-0.00502896
0.001852,0.50122,0.5,2.5625,-0.036189,-0.011737,1.0786,0.50122,0.5,2.5625,0.0012916,-0.00031216,-0.00011581,0.0013352,-0.00046187,0.0010771,,0.029632,-0.00185296
0.0019753,0.51667,0.5,2.5625,-0.037007,-0.011711,1.0804,0.51667,0.5,2.5625,0.0014641,-0.00037154,8.41E-05,0.0013895,-0.00055088,0.0010969,,0.0316048,0.001345856
0.0020394,0.53142,0.5,2.5625,-0.03739,-0.0098718,1.0751,0.53142,0.5,2.5625,0.0015112,-0.00032051,0.00024709,0.0014306,-0.00051722,0.0011371,,0.0326304,0.00395344
0.0022142,0.54551,0.5,2.5625,-0.037286,-0.011316,1.0714,0.54551,0.5,2.5625,0.001523,-0.00023804,0.00034467,0.0014037,-0.00068395,0.0015017,,0.0354272,0.00551472
0.0022276,0.55896,0.5,2.5625,-0.03707,-0.014243,1.0715,0.55896,0.5,2.5625,0.0015835,-0.00015771,0.00034321,0.0013418,-0.00055612,0.0015298,,0.0356416,0.00549136
0.0020484,0.5718,0.5,2.5625,-0.037328,-0.016387,1.0756,0.5718,0.5,2.5625,0.0016739,-9.18E-05,0.00022207,0.0012211,-0.00031007,0.0012017,,0.0327744,0.00355312
0.0019126,0.58405,0.5,2.5625,-0.037974,-0.019103,1.0789,0.58405,0.5,2.5625,0.0018259,-4.49E-05,6.74E-05,0.0010638,-0.00021989,0.00093559,,0.0306016,0.001077904
0.0018741,0.59575,0.5,2.5625,-0.038491,-0.021232,1.0806,0.59575,0.5,2.5625,0.0020154,-5.25E-05,9.39E-07,0.00089509,5.65E-05,0.00083774,,0.0299856,1.50205E-05
0.0019338,0.6069,0.5,2.5625,-0.038732,-0.024121,1.0845,0.6069,0.5,2.5625,0.0021844,-6.66E-05,1.48E-05,0.00069642,0.0001847,0.00098681,,0.0309408,0.000236144
0.0018443,0.61755,0.5,2.5625,-0.039005,-0.02712,1.0857,0.61755,0.5,2.5625,0.0023119,-8.67E-05,5.93E-05,0.00048996,0.00016189,0.00088667,,0.0295088,0.000948384
0.0018096,0.6277,0.5,2.5625,-0.039482,-0.028539,1.0816,0.6277,0.5,2.5625,0.0023883,-0.00010827,0.00012994,0.00035389,5.49E-05,0.00087702,,0.0289536,0.00207904
0.0018176,0.63738,0.5,2.5625,-0.039835,-0.029263,1.0769,0.63738,0.5,2.5625,0.0024433,-0.00010756,0.00018009,0.00031322,-5.68E-06,0.0008786,,0.0290816,0.00288144
0.0018847,0.64661,0.5,2.5625,-0.039748,-0.029209,1.0762,0.64661,0.5,2.5625,0.00251,-0.00015927,0.0003212,0.0003514,5.99E-09,0.00090805,,0.0301552,0.0051392
0.0020397,0.65542,0.5,2.5625,-0.039319,-0.029098,1.0772,0.65542,0.5,2.5625,0.0025708,-0.00024572,0.00049619,0.00047439,-3.71E-05,0.0010341,,0.0326352,0.00793904
0.0022027,0.66381,0.5,2.5625,-0.038861,-0.028841,1.0769,0.66381,0.5,2.5625,0.0026039,-0.00034981,0.00065551,0.0006198,-0.00012934,0.0011817,,0.0352432,0.01048816
0.0023946,0.67207,0.5,2.5625,-0.03858,-0.028387,1.0741,0.67207,0.5,2.5625,0.0026189,-0.00045689,0.00085265,0.00073862,-0.00031624,0.0014317,,0.0383136,0.0136424
0.0025815,0.68032,0.5,2.5625,-0.038518,-0.028171,1.0706,0.68032,0.5,2.5625,0.0026322,-0.00054378,0.0010962,0.00082919,-0.00052535,0.0017017,,0.041304,0.0175392
0.0027516,0.68858,0.5,2.5625,-0.038644,-0.028264,1.0692,0.68858,0.5,2.5625,0.0026464,-0.0006014,0.0013549,0.00087087,-0.00067772,0.001986,,0.0440256,0.0216784
0.0028482,0.69683,0.5,2.5625,-0.038862,-0.028352,1.0694,0.69683,0.5,2.5625,0.0026514,-0.00061851,0.0015568,0.00089039,-0.00077143,0.0021546,,0.0455712,0.0249088
0.0029303,0.70509,0.5,2.5625,-0.039006,-0.028044,1.0692,0.70509,0.5,2.5625,0.0026296,-0.00060401,0.0016768,0.0009061,-0.00085112,0.0023248,,0.0468848,0.0268288
0.0029829,0.71335,0.5,2.5625,-0.038905,-0.027123,1.0677,0.71335,0.5,2.5625,0.0025555,-0.00057475,0.0017053,0.00094604,-0.00092872,0.0024642,,0.0477264,0.0272848
0.0030071,0.7216,0.5,2.5625,-0.038556,-0.025594,1.0651,0.7216,0.5,2.5625,0.0024164,-0.00055256,0.0016791,0.0010287,-0.00099057,0.002569,,0.0481136,0.0268656
0.0029806,0.72986,0.5,2.5625,-0.038025,-0.023937,1.0622,0.72986,0.5,2.5625,0.0022324,-0.00054017,0.0015939,0.0011376,-0.0010449,0.0025911,,0.0476896,0.0255024
0.0029121,0.73811,0.5,2.5625,-0.037321,-0.022402,1.0591,0.73811,0.5,2.5625,0.0020379,-0.00053236,0.0014615,0.0012603,-0.0010838,0.0025259,,0.0465936,0.023384
0.0028395,0.74637,0.5,2.5625,-0.036475,-0.021241,1.0558,0.74637,0.5,2.5625,0.001862,-0.00051738,0.0013207,0.0013782,-0.0011134,0.0024387,,0.045432,0.0211312
0.0028024,0.75463,0.5,2.5625,-0.035488,-0.020684,1.0523,0.75463,0.5,2.5625,0.0017239,-0.00050132,0.0012055,0.0015021,-0.0011408,0.0023788,,0.0448384,0.019288
0.0028227,0.76288,0.5,2.5625,-0.03431,-0.021077,1.0484,0.76288,0.5,2.5625,0.0016382,-0.00049454,0.0011136,0.0016376,-0.0011751,0.0023697,,0.0451632,0.0178176
0.0028656,0.77114,0.5,2.5625,-0.032987,-0.022288,1.0447,0.77114,0.5,2.5625,0.0016114,-0.00049759,0.0010292,0.0017445,-0.0011882,0.0023752,,0.0458496,0.0164672
0.0028691,0.7794,0.5,2.5625,-0.031708,-0.023614,1.0421,0.7794,0.5,2.5625,0.0016287,-0.00050813,0.00094654,0.0017824,-0.0011391,0.002327,,0.0459056,0.01514464
0.0027908,0.78765,0.5,2.5625,-0.030682,-0.024626,1.041,0.78765,0.5,2.5625,0.001654,-0.00052911,0.00086884,0.0017682,-0.0010123,0.0021593,,0.0446528,0.01390144
0.0026711,0.79591,0.5,2.5625,-0.029962,-0.025005,1.0407,0.79591,0.5,2.5625,0.0016532,-0.00055672,0.00077467,0.0017544,-0.00088141,0.0019346,,0.0427376,0.01239472
0.0025444,0.80416,0.5,2.5625,-0.029351,-0.024466,1.0403,0.80416,0.5,2.5625,0.0016212,-0.00057497,0.00064884,0.0017586,-0.00081044,0.0017091,,0.0407104,0.01038144
0.0024438,0.81242,0.5,2.5625,-0.028556,-0.022834,1.0395,0.81242,0.5,2.5625,0.0015696,-0.00055871,0.00050811,0.0017555,-0.00080124,0.0015626,,0.0391008,0.00812976
0.0023543,0.82068,0.5,2.5625,-0.027473,-0.020377,1.0389,0.82068,0.5,2.5625,0.0015029,-0.00048739,0.0004109,0.0017059,-0.00082716,0.0014997,,0.0376688,0.0065744
0.002255,0.82893,0.5,2.5625,-0.026268,-0.01796,1.0396,0.82893,0.5,2.5625,0.0014237,-0.00036909,0.0003976,0.0016037,-0.0008389,0.0014825,,0.03608,0.0063616
0.0052866,0.030909,0.5,2.598,0.00013618,0.0058198,0.73463,0.030909,0.5,2.598,0.00016892,6.17E-05,-0.0003404,0.0022523,0.00012253,0.0081519,,0.0845856,-0.0054464
0.0053187,0.066184,0.5,2.598,0.0014758,0.0059179,0.8485,0.066184,0.5,2.598,0.0004931,0.0003424,-0.00063398,0.0027614,0.00011216,0.007383,,0.0850992,-0.01014368
0.0041792,0.10006,0.5,2.598,0.0031812,0.0082092,0.90983,0.10006,0.5,2.598,0.0008425,0.00071937,-0.00013927,0.0026822,0.00066757,0.0048337,,0.0668672,-0.00222832
0.0056871,0.13258,0.5,2.598,0.0028861,0.0018027,0.93546,0.13258,0.5,2.598,0.00073959,0.00065535,6.95E-05,0.0022613,0.00088807,0.0083733,,0.0909936,0.00111216
0.0052898,0.16379,0.5,2.598,-0.00012714,-0.013161,0.9733,0.16379,0.5,2.598,0.00041469,0.00028167,-0.00026387,0.0016526,0.00041399,0.0085122,,0.0846368,-0.00422192
0.0024829,0.19372,0.5,2.598,-0.0047466,-0.01996,1.0233,0.19372,0.5,2.598,0.00046764,0.00013673,-0.00028208,0.0010261,-3.76E-05,0.003472,,0.0397264,-0.00451328
0.0016923,0.22242,0.5,2.598,-0.0065228,-0.016873,1.0376,0.22242,0.5,2.598,0.00060789,0.00012076,-0.0002855,0.00075625,-6.15E-05,0.0020204,,0.0270768,-0.004568
0.001818,0.24993,0.5,2.598,-0.0066765,-0.015269,1.0571,0.24993,0.5,2.598,0.00066275,7.48E-05,-0.00019858,0.00083018,0.00023918,0.0021432,,0.029088,-0.00317728
0.0015157,0.27629,0.5,2.598,-0.0093381,-0.018266,1.0704,0.27629,0.5,2.598,0.00065698,1.98E-05,-9.59E-05,0.00080264,0.00021772,0.0015718,,0.0242512,-0.00153488
0.0013956,0.30154,0.5,2.598,-0.013282,-0.014366,1.0707,0.30154,0.5,2.598,0.00058224,4.98E-05,-0.00019348,0.00087538,-0.00021236,0.0013335,,0.0223296,-0.00309568
0.0016458,0.32572,0.5,2.598,-0.018319,-0.012261,1.0671,0.32572,0.5,2.598,0.00052199,0.00023236,-0.00043216,0.00093493,-0.00074358,0.0018347,,0.0263328,-0.00691456
0.0020892,0.34887,0.5,2.598,-0.024012,-0.012015,1.0675,0.34887,0.5,2.598,0.00061568,0.00039947,-0.00071157,0.00095963,-0.0010669,0.0026031,,0.0334272,-0.01138512
0.0022163,0.37102,0.5,2.598,-0.027979,-0.009872,1.0668,0.37102,0.5,2.598,0.00083869,0.00044152,-0.0007644,0.00089509,-0.00095124,0.0026989,,0.0354608,-0.0122304
0.0016462,0.39221,0.5,2.598,-0.030505,-0.0093369,1.0699,0.39221,0.5,2.598,0.0010343,0.0003171,-0.00040518,0.00060317,-0.00027778,0.0016549,,0.0263392,-0.00648288
0.0016858,0.41248,0.5,2.598,-0.032959,-0.0073794,1.0719,0.41248,0.5,2.598,0.0011032,0.00016874,-0.00024851,0.00049605,-0.00014823,0.0017724,,0.0269728,-0.00397616
0.0018037,0.43187,0.5,2.598,-0.034704,-0.0062742,1.0735,0.43187,0.5,2.598,0.0010408,0.00014862,-0.00020516,0.00077681,-0.0004483,0.0017898,,0.0288592,-0.00328256
0.001845,0.4504,0.5,2.598,-0.035117,-0.0064881,1.0724,0.4504,0.5,2.598,0.00093425,0.00017852,-0.00011145,0.0011466,-0.00067091,0.0016091,,0.02952,-0.0017832
0.0020666,0.46812,0.5,2.598,-0.034972,-0.008584,1.067,0.46812,0.5,2.598,0.00091699,9.25E-05,-0.00030476,0.0012774,-0.0008055,0.0019388,,0.0330656,-0.00487616
0.0019032,0.48504,0.5,2.598,-0.035367,-0.010634,1.0719,0.48504,0.5,2.598,0.0010632,-0.00012015,-0.00033851,0.0012884,-0.00061449,0.0014547,,0.0304512,-0.00541616
0.0018259,0.50122,0.5,2.598,-0.036311,-0.011835,1.0786,0.50122,0.5,2.598,0.0012832,-0.00031185,-0.00010692,0.0013266,-0.00051227,0.0010421,,0.0292144,-0.00171072
0.0019723,0.51667,0.5,2.598,-0.037036,-0.011639,1.0801,0.51667,0.5,2.598,0.0014453,-0.00035636,9.29E-05,0.0013764,-0.00057047,0.0011229,,0.0315568,0.00148704
0.002042,0.53142,0.5,2.598,-0.037309,-0.01003,1.0746,0.53142,0.5,2.598,0.0015038,-0.00030735,0.00027893,0.0014333,-0.00052515,0.0011468,,0.032672,0.00446288
0.002217,0.54551,0.5,2.598,-0.03724,-0.011781,1.0713,0.54551,0.5,2.598,0.0015392,-0.00023815,0.00034835,0.0014148,-0.00070209,0.0014799,,0.035472,0.0055736
0.0022137,0.55896,0.5,2.598,-0.037149,-0.014701,1.0721,0.55896,0.5,2.598,0.0016112,-0.00016991,0.00030974,0.0013435,-0.00055273,0.0014727,,0.0354192,0.00495584
0.0020249,0.5718,0.5,2.598,-0.037487,-0.016815,1.0764,0.5718,0.5,2.598,0.0016943,-9.37E-05,0.00019269,0.0012012,-0.0002841,0.0011542,,0.0323984,0.00308304
0.0018684,0.58405,0.5,2.598,-0.038155,-0.019341,1.0797,0.58405,0.5,2.598,0.0018214,-3.88E-05,3.28E-05,0.0010179,-0.00017956,0.00089745,,0.0298944,0.000524048
0.0018232,0.59575,0.5,2.598,-0.03868,-0.02137,1.0812,0.59575,0.5,2.598,0.001997,-5.06E-05,-4.44E-05,0.00085175,7.57E-05,0.00079755,,0.0291712,-0.000710368
0.0019105,0.6069,0.5,2.598,-0.038931,-0.024284,1.0849,0.6069,0.5,2.598,0.0021714,-7.12E-05,-2.56E-05,0.00066248,0.00016985,0.00098715,,0.030568,-0.00041008
0.001803,0.61755,0.5,2.598,-0.039149,-0.02717,1.0853,0.61755,0.5,2.598,0.0023008,-0.00010125,3.93E-05,0.00045934,0.00013579,0.00084585,,0.028848,0.000629008
0.001763,0.6277,0.5,2.598,-0.0395,-0.028576,1.0808,0.6277,0.5,2.598,0.0023698,-0.00011253,0.00012451,0.00034325,3.62E-05,0.00081298,,0.028208,0.00199216
0.0018013,0.63738,0.5,2.598,-0.039746,-0.029179,1.0764,0.63738,0.5,2.598,0.0024181,-0.00010549,0.00019625,0.00032746,-1.58E-05,0.00085706,,0.0288208,0.00314
0.0018811,0.64661,0.5,2.598,-0.0396,-0.028964,1.0758,0.64661,0.5,2.598,0.0024792,-0.00015811,0.00034384,0.0003862,-8.35E-06,0.00089686,,0.0300976,0.00550144
0.0020557,0.65542,0.5,2.598,-0.039154,-0.028802,1.0767,0.65542,0.5,2.598,0.0025406,-0.00025162,0.00051419,0.00051627,-4.35E-05,0.0010545,,0.0328912,0.00822704
0.0022528,0.66381,0.5,2.598,-0.038721,-0.0285,1.0759,0.66381,0.5,2.598,0.0025843,-0.00036837,0.00069368,0.0006531,-0.00014716,0.0012682,,0.0360448,0.01109888
0.0024614,0.67207,0.5,2.598,-0.038511,-0.028123,1.0727,0.67207,0.5,2.598,0.0026152,-0.00047574,0.00090223,0.00075935,-0.00035087,0.0015483,,0.0393824,0.01443568
0.002633,0.68032,0.5,2.598,-0.038548,-0.02808,1.0695,0.68032,0.5,2.598,0.002645,-0.00055638,0.0011279,0.00083723,-0.00055887,0.0017839,,0.042128,0.0180464
0.0027738,0.68858,0.5,2.598,-0.038755,-0.028332,1.0686,0.68858,0.5,2.598,0.0026698,-0.00061382,0.0013635,0.00087258,-0.00070755,0.0020052,,0.0443808,0.021816
0.0028652,0.69683,0.5,2.598,-0.039007,-0.028491,1.0693,0.69683,0.5,2.598,0.0026786,-0.00063957,0.0015586,0.00089922,-0.00081022,0.0021526,,0.0458432,0.0249376
0.0029688,0.70509,0.5,2.598,-0.039118,-0.028153,1.0692,0.70509,0.5,2.598,0.0026616,-0.00063354,0.0016879,0.0009289,-0.00090169,0.0023472,,0.0475008,0.0270064
0.0030402,0.71335,0.5,2.598,-0.038951,-0.02713,1.0676,0.71335,0.5,2.598,0.0026026,-0.00060702,0.001733,0.00097819,-0.00097408,0.0024997,,0.0486432,0.027728
0.0030639,0.7216,0.5,2.598,-0.038546,-0.025514,1.0652,0.7216,0.5,2.598,0.0024843,-0.00057739,0.0017153,0.001059,-0.0010151,0.0025845,,0.0490224,0.0274448
0.0030271,0.72986,0.5,2.598,-0.037961,-0.023829,1.0624,0.72986,0.5,2.598,0.0023085,-0.00054751,0.0016291,0.001159,-0.0010406,0.0025868,,0.0484336,0.0260656
0.0029396,0.73811,0.5,2.598,-0.037209,-0.02235,1.0593,0.73811,0.5,2.598,0.0021033,-0.00051829,0.0014791,0.0012705,-0.0010441,0.0025055,,0.0470336,0.0236656
0.0028481,0.74637,0.5,2.598,-0.036347,-0.021328,1.0559,0.74637,0.5,2.598,0.0019071,-0.00048731,0.0013124,0.001382,-0.0010474,0.002407,,0.0455696,0.0209984
0.0028004,0.75463,0.5,2.598,-0.035376,-0.020917,1.0521,0.75463,0.5,2.598,0.0017498,-0.00046639,0.0011772,0.0015058,-0.0010711,0.0023451,,0.0448064,0.0188352
0.0028136,0.76288,0.5,2.598,-0.034177,-0.021425,1.0481,0.76288,0.5,2.598,0.0016498,-0.00046183,0.001078,0.0016385,-0.0011177,0.0023388,,0.0450176,0.017248
0.0028541,0.77114,0.5,2.598,-0.032722,-0.022687,1.0445,0.77114,0.5,2.598,0.0016137,-0.00046641,0.0010022,0.0017373,-0.0011435,0.0023572,,0.0456656,0.0160352
0.002856,0.7794,0.5,2.598,-0.031259,-0.023969,1.042,0.7794,0.5,2.598,0.0016271,-0.00047316,0.00093183,0.0017692,-0.0010982,0.0023156,,0.045696,0.01490928
0.0027806,0.78765,0.5,2.598,-0.030086,-0.024846,1.041,0.78765,0.5,2.598,0.0016547,-0.00048857,0.00086202,0.0017583,-0.00097639,0.0021482,,0.0444896,0.01379232
0.002669,0.79591,0.5,2.598,-0.029268,-0.025013,1.0409,0.79591,0.5,2.598,0.0016607,-0.00051622,0.00076971,0.0017527,-0.00086036,0.0019246,,0.042704,0.01231536
0.0025463,0.80416,0.5,2.598,-0.028632,-0.024231,1.0406,0.80416,0.5,2.598,0.0016344,-0.00054301,0.00063372,0.0017648,-0.00080712,0.0016935,,0.0407408,0.01013952
0.0024484,0.81242,0.5,2.598,-0.027901,-0.022455,1.0398,0.81242,0.5,2.598,0.0015841,-0.00053923,0.00047832,0.0017683,-0.00081247,0.0015445,,0.0391744,0.00765312
0.0023672,0.82068,0.5,2.598,-0.02691,-0.020023,1.0391,0.82068,0.5,2.598,0.001516,-0.00047791,0.00037361,0.001725,-0.00084717,0.0014933,,0.0378752,0.00597776
0.0022784,0.82893,0.5,2.598,-0.025791,-0.017736,1.0396,0.82893,0.5,2.598,0.0014349,-0.00036364,0.00035609,0.0016314,-0.00085618,0.0014906,,0.0364544,0.00569744
0.0053222,0.030909,0.5,2.6334,-3.03E-05,0.0057314,0.73517,0.030909,0.5,2.6334,0.00017827,6.17E-05,-0.0003255,0.002335,0.00012694,0.0081312,,0.0851552,-0.005208
0.0053408,0.066184,0.5,2.6334,0.0012229,0.0060408,0.84872,0.066184,0.5,2.6334,0.00051687,0.00033681,-0.00063178,0.0027699,9.34E-05,0.0073949,,0.0854528,-0.01010848
0.0041844,0.10006,0.5,2.6334,0.0030746,0.008466,0.91001,0.10006,0.5,2.6334,0.00086956,0.00069329,-0.00018252,0.0025967,0.0006927,0.0049026,,0.0669504,-0.00292032
0.0057009,0.13258,0.5,2.6334,0.0028813,0.0019091,0.93556,0.13258,0.5,2.6334,0.00077639,0.00065522,5.94E-05,0.0021998,0.00098074,0.0084257,,0.0912144,0.000950496
0.0052865,0.16379,0.5,2.6334,-0.00025428,-0.013237,0.9731,0.16379,0.5,2.6334,0.00044009,0.00029895,-0.00024781,0.0016261,0.00044053,0.0085069,,0.084584,-0.00396496
0.0024918,0.19372,0.5,2.6334,-0.0049352,-0.020164,1.023,0.19372,0.5,2.6334,0.00048762,0.00013936,-0.00029062,0.0010057,-5.34E-05,0.0034903,,0.0398688,-0.00464992
0.0017079,0.22242,0.5,2.6334,-0.006644,-0.017042,1.0373,0.22242,0.5,2.6334,0.0006285,0.00012082,-0.00028944,0.00075189,-5.83E-05,0.0020354,,0.0273264,-0.00463104
0.0018109,0.24993,0.5,2.6334,-0.0067321,-0.01533,1.0569,0.24993,0.5,2.6334,0.0006768,5.44E-05,-0.00018685,0.00080744,0.00022298,0.0021376,,0.0289744,-0.0029896
0.0014977,0.27629,0.5,2.6334,-0.0093543,-0.018234,1.0702,0.27629,0.5,2.6334,0.00067675,-1.74E-07,-7.40E-05,0.00077095,0.00017249,0.0015478,,0.0239632,-0.00118368
0.0013768,0.30154,0.5,2.6334,-0.01334,-0.014441,1.0707,0.30154,0.5,2.6334,0.00059287,5.45E-05,-0.00018499,0.0008789,-0.00024666,0.0012819,,0.0220288,-0.00295984
0.0016532,0.32572,0.5,2.6334,-0.018523,-0.012445,1.0677,0.32572,0.5,2.6334,0.00053266,0.00024456,-0.00045037,0.00093765,-0.00074371,0.0018361,,0.0264512,-0.00720592
0.002086,0.34887,0.5,2.6334,-0.024302,-0.012029,1.0677,0.34887,0.5,2.6334,0.00062737,0.0004007,-0.00074861,0.00095634,-0.0010356,0.0025884,,0.033376,-0.01197776
0.0021846,0.37102,0.5,2.6334,-0.028229,-0.0096412,1.0663,0.37102,0.5,2.6334,0.00085368,0.00042156,-0.00078096,0.00088371,-0.00091149,0.0026317,,0.0349536,-0.01249536
0.0016179,0.39221,0.5,2.6334,-0.030667,-0.0089679,1.0699,0.39221,0.5,2.6334,0.0010393,0.00028286,-0.00040839,0.00060787,-0.00025817,0.0015886,,0.0258864,-0.00653424
0.0016699,0.41248,0.5,2.6334,-0.032993,-0.0071079,1.0722,0.41248,0.5,2.6334,0.0010763,0.00015174,-0.0002557,0.00051432,-0.00013484,0.0017492,,0.0267184,-0.0040912
0.0017884,0.43187,0.5,2.6334,-0.034632,-0.0062739,1.0734,0.43187,0.5,2.6334,0.0010141,0.00014071,-0.00019029,0.00077445,-0.000455,0.0017883,,0.0286144,-0.00304464
0.0018543,0.4504,0.5,2.6334,-0.035042,-0.0067052,1.0721,0.4504,0.5,2.6334,0.00093941,0.00016782,-7.63E-05,0.001167,-0.00069975,0.0016022,,0.0296688,-0.001220064
0.002117,0.46812,0.5,2.6334,-0.034997,-0.0088056,1.0671,0.46812,0.5,2.6334,0.00093182,9.28E-05,-0.00029002,0.0013299,-0.00079274,0.0019722,,0.033872,-0.00464032
0.0019417,0.48504,0.5,2.6334,-0.035513,-0.010782,1.0722,0.48504,0.5,2.6334,0.0010624,-0.00010553,-0.00033555,0.0013285,-0.00059274,0.0014925,,0.0310672,-0.0053688
0.001833,0.50122,0.5,2.6334,-0.036479,-0.011891,1.0786,0.50122,0.5,2.6334,0.0012718,-0.00029671,-7.60E-05,0.0013377,-0.00055263,0.0010564,,0.029328,-0.001216512
0.0019738,0.51667,0.5,2.6334,-0.037131,-0.011546,1.0799,0.51667,0.5,2.6334,0.0014294,-0.00033917,0.00011218,0.0013682,-0.00060104,0.00115,,0.0315808,0.00179488
0.0020533,0.53142,0.5,2.6334,-0.037345,-0.010186,1.0741,0.53142,0.5,2.6334,0.0014954,-0.00029273,0.00029199,0.0014372,-0.00052691,0.0011739,,0.0328528,0.00467184
0.0022285,0.54551,0.5,2.6334,-0.037293,-0.012244,1.0713,0.54551,0.5,2.6334,0.001544,-0.00024524,0.00035908,0.0014398,-0.00070548,0.0014731,,0.035656,0.00574528
0.0022007,0.55896,0.5,2.6334,-0.037264,-0.01514,1.0727,0.55896,0.5,2.6334,0.0016268,-0.00019593,0.00027976,0.0013671,-0.00054252,0.0014075,,0.0352112,0.00447616
0.0020141,0.5718,0.5,2.6334,-0.037683,-0.017192,1.0772,0.5718,0.5,2.6334,0.0017343,-0.00011015,0.00016608,0.0011908,-0.00027121,0.0011031,,0.0322256,0.00265728
0.0018736,0.58405,0.5,2.6334,-0.03842,-0.019493,1.0804,0.58405,0.5,2.6334,0.0018769,-3.34E-05,2.96E-05,0.0009629,-0.00015091,0.00090742,,0.0299776,0.000473824
0.0018212,0.59575,0.5,2.6334,-0.038962,-0.021429,1.0818,0.59575,0.5,2.6334,0.0020453,-3.90E-05,-5.68E-05,0.00078987,0.00010633,0.00080734,,0.0291392,-0.00090952
0.0018947,0.6069,0.5,2.6334,-0.039154,-0.024372,1.0852,0.6069,0.5,2.6334,0.0022011,-7.30E-05,-4.65E-05,0.00060586,0.00016646,0.00098244,,0.0303152,-0.000744704
0.0017631,0.61755,0.5,2.6334,-0.039251,-0.027193,1.0847,0.61755,0.5,2.6334,0.0023128,-0.00011442,3.47E-05,0.00040412,0.00011016,0.00080924,,0.0282096,0.000554832
0.001719,0.6277,0.5,2.6334,-0.039468,-0.028626,1.0801,0.6277,0.5,2.6334,0.0023728,-0.00011383,0.0001316,0.00030668,6.83E-06,0.00075847,,0.027504,0.0021056
0.001778,0.63738,0.5,2.6334,-0.039607,-0.029094,1.0759,0.63738,0.5,2.6334,0.0024106,-9.69E-05,0.00020876,0.00032223,-4.25E-05,0.00082312,,0.028448,0.00334016
0.0018761,0.64661,0.5,2.6334,-0.039406,-0.028716,1.0755,0.64661,0.5,2.6334,0.0024598,-0.00014431,0.00034022,0.00041516,-3.24E-05,0.0008773,,0.0300176,0.00544352
0.0020678,0.65542,0.5,2.6334,-0.038963,-0.02848,1.0762,0.65542,0.5,2.6334,0.002522,-0.00023686,0.00050287,0.00055836,-6.70E-05,0.0010553,,0.0330848,0.00804592
0.002297,0.66381,0.5,2.6334,-0.038568,-0.028188,1.0748,0.66381,0.5,2.6334,0.0025806,-0.00035287,0.00071054,0.00069142,-0.00018597,0.001322,,0.036752,0.01136864
0.002532,0.67207,0.5,2.6334,-0.038416,-0.028003,1.0714,0.67207,0.5,2.6334,0.0026328,-0.00045265,0.00093913,0.00079511,-0.00039073,0.0016362,,0.040512,0.01502608
0.0026933,0.68032,0.5,2.6334,-0.038527,-0.028151,1.0686,0.68032,0.5,2.6334,0.002684,-0.00052625,0.001151,0.00087228,-0.00057398,0.0018302,,0.0430928,0.018416
0.002813,0.68858,0.5,2.6334,-0.0388,-0.028478,1.0683,0.68858,0.5,2.6334,0.0027202,-0.00058425,0.0013549,0.00091026,-0.0007063,0.0019956,,0.045008,0.0216784
0.0029041,0.69683,0.5,2.6334,-0.039072,-0.028638,1.0692,0.69683,0.5,2.6334,0.0027192,-0.00062195,0.0015328,0.00094024,-0.00081171,0.0021488,,0.0464656,0.0245248
0.0030023,0.70509,0.5,2.6334,-0.03915,-0.028285,1.0691,0.70509,0.5,2.6334,0.0026733,-0.00063371,0.0016626,0.00096703,-0.00091263,0.0023644,,0.0480368,0.0266016
0.0030561,0.71335,0.5,2.6334,-0.038893,-0.02725,1.0675,0.71335,0.5,2.6334,0.0025843,-0.00062534,0.001716,0.0010069,-0.00098979,0.0025211,,0.0488976,0.027456
0.0030641,0.7216,0.5,2.6334,-0.038357,-0.025674,1.0652,0.7216,0.5,2.6334,0.002454,-0.00060495,0.0017079,0.0010751,-0.0010303,0.002599,,0.0490256,0.0273264
0.0030186,0.72986,0.5,2.6334,-0.03767,-0.024055,1.0626,0.72986,0.5,2.6334,0.0022908,-0.00057254,0.001626,0.0011689,-0.0010416,0.0025775,,0.0482976,0.026016
0.0029315,0.73811,0.5,2.6334,-0.036893,-0.022637,1.0595,0.73811,0.5,2.6334,0.002112,-0.00053214,0.0014742,0.0012824,-0.0010204,0.0024687,,0.046904,0.0235872
0.002849,0.74637,0.5,2.6334,-0.036035,-0.021629,1.056,0.74637,0.5,2.6334,0.0019416,-0.00048719,0.0013053,0.0014004,-0.0010054,0.0023559,,0.045584,0.0208848
0.002813,0.75463,0.5,2.6334,-0.03504,-0.021162,1.0521,0.75463,0.5,2.6334,0.0018022,-0.00045372,0.0011635,0.0015302,-0.0010216,0.0022936,,0.045008,0.018616
0.0028308,0.76288,0.5,2.6334,-0.033831,-0.021593,1.048,0.76288,0.5,2.6334,0.0017092,-0.00044258,0.0010498,0.0016627,-0.0010671,0.0022897,,0.0452928,0.0167968
0.0028694,0.77114,0.5,2.6334,-0.032449,-0.022808,1.0444,0.77114,0.5,2.6334,0.0016686,-0.00045079,0.0009583,0.0017556,-0.0010926,0.0023146,,0.0459104,0.0153328
0.0028617,0.7794,0.5,2.6334,-0.031075,-0.024052,1.042,0.7794,0.5,2.6334,0.0016691,-0.0004657,0.00087732,0.0017834,-0.001047,0.0022709,,0.0457872,0.01403712
0.0027802,0.78765,0.5,2.6334,-0.029913,-0.024853,1.0411,0.78765,0.5,2.6334,0.0016793,-0.00048254,0.00080678,0.0017715,-0.00093575,0.0021097,,0.0444832,0.01290848
0.0026665,0.79591,0.5,2.6334,-0.029039,-0.024896,1.0411,0.79591,0.5,2.6334,0.0016663,-0.00050198,0.00072443,0.00176,-0.00083847,0.0019066,,0.042664,0.01159088
0.0025371,0.80416,0.5,2.6334,-0.028293,-0.024001,1.0408,0.80416,0.5,2.6334,0.0016244,-0.00051867,0.0006026,0.0017565,-0.00080303,0.0016933,,0.0405936,0.0096416
0.0024309,0.81242,0.5,2.6334,-0.027416,-0.022187,1.0399,0.81242,0.5,2.6334,0.0015671,-0.00051041,0.00045672,0.0017398,-0.00082531,0.0015549,,0.0388944,0.00730752
0.0023471,0.82068,0.5,2.6334,-0.026357,-0.0198,1.0391,0.82068,0.5,2.6334,0.0015035,-0.00045193,0.00035571,0.0016816,-0.00087258,0.001509,,0.0375536,0.00569136
0.0022637,0.82893,0.5,2.6334,-0.025316,-0.017613,1.0395,0.82893,0.5,2.6334,0.0014345,-0.00034632,0.00033521,0.0015831,-0.00088491,0.0015098,,0.0362192,0.00536336
0.005315,0.030909,0.5,2.6688,-0.00019773,0.0056551,0.73563,0.030909,0.5,2.6688,0.00019376,7.32E-05,-0.00031937,0.0023501,0.00013197,0.008086,,0.08504,-0.00510992
0.0053332,0.066184,0.5,2.6688,0.0009561,0.0061578,0.84896,0.066184,0.5,2.6688,0.00053978,0.00034556,-0.00063518,0.0027425,7.54E-05,0.0073842,,0.0853312,-0.01016288
0.0041844,0.10006,0.5,2.6688,0.002928,0.0087261,0.91022,0.10006,0.5,2.6688,0.00087236,0.0006751,-0.00021153,0.0025194,0.00068237,0.0049771,,0.0669504,-0.00338448
0.005724,0.13258,0.5,2.6688,0.0028696,0.0021178,0.93571,0.13258,0.5,2.6688,0.00080051,0.00067833,5.16E-05,0.0021683,0.0010432,0.0084793,,0.091584,0.00082624
0.005302,0.16379,0.5,2.6688,-0.00031628,-0.013202,0.97291,0.16379,0.5,2.6688,0.00047586,0.00032904,-0.00023962,0.0016379,0.00045436,0.0084901,,0.084832,-0.00383392
0.0025152,0.19372,0.5,2.6688,-0.0050472,-0.020298,1.0228,0.19372,0.5,2.6688,0.00050172,0.00012063,-0.00029493,0.0010036,-9.52E-05,0.0035251,,0.0402432,-0.00471888
0.001728,0.22242,0.5,2.6688,-0.0067537,-0.017198,1.037,0.22242,0.5,2.6688,0.00064487,0.00010654,-0.00029629,0.00077246,-7.08E-05,0.0020387,,0.027648,-0.00474064
0.0018133,0.24993,0.5,2.6688,-0.0068422,-0.015419,1.0568,0.24993,0.5,2.6688,0.00069235,5.08E-05,-0.00017535,0.00082561,0.00021188,0.0021087,,0.0290128,-0.0028056
0.0014849,0.27629,0.5,2.6688,-0.0094102,-0.018206,1.0699,0.27629,0.5,2.6688,0.0006869,4.11E-06,-3.31E-05,0.00073445,0.00012604,0.0015484,,0.0237584,-0.00052912
0.0013395,0.30154,0.5,2.6688,-0.013406,-0.014498,1.0707,0.30154,0.5,2.6688,0.0005961,7.25E-05,-0.00016095,0.00083636,-0.00030577,0.0012465,,0.021432,-0.0025752
0.0016509,0.32572,0.5,2.6688,-0.018721,-0.012573,1.0683,0.32572,0.5,2.6688,0.00053751,0.00027101,-0.00044928,0.00092738,-0.00076626,0.0018368,,0.0264144,-0.00718848
0.0020846,0.34887,0.5,2.6688,-0.024587,-0.011996,1.0679,0.34887,0.5,2.6688,0.00063803,0.00041311,-0.00075674,0.0009496,-0.0010182,0.0025816,,0.0333536,-0.01210784
0.0021401,0.37102,0.5,2.6688,-0.028471,-0.0093966,1.0659,0.37102,0.5,2.6688,0.00086964,0.00039975,-0.00078187,0.00086166,-0.00085378,0.0025489,,0.0342416,-0.01250992
0.0015936,0.39221,0.5,2.6688,-0.030785,-0.0086249,1.07,0.39221,0.5,2.6688,0.0010436,0.00025078,-0.00040356,0.00060993,-0.00021098,0.0015336,,0.0254976,-0.00645696
0.0016389,0.41248,0.5,2.6688,-0.032984,-0.0069122,1.0725,0.41248,0.5,2.6688,0.0010514,0.00014273,-0.00026545,0.00052084,-0.00011906,0.0017055,,0.0262224,-0.0042472
0.001744,0.43187,0.5,2.6688,-0.034556,-0.0063644,1.0732,0.43187,0.5,2.6688,0.00097649,0.00014459,-0.00018056,0.0007544,-0.00045893,0.0017572,,0.027904,-0.00288896
0.001847,0.4504,0.5,2.6688,-0.034981,-0.0069717,1.0718,0.4504,0.5,2.6688,0.00091978,0.00016679,-5.34E-05,0.0011672,-0.00072404,0.001607,,0.029552,-0.000855184
0.0021473,0.46812,0.5,2.6688,-0.035025,-0.0090435,1.0672,0.46812,0.5,2.6688,0.00093936,8.18E-05,-0.00025458,0.0013758,-0.00078901,0.0019795,,0.0343568,-0.00407328
0.0020166,0.48504,0.5,2.6688,-0.035671,-0.010895,1.0724,0.48504,0.5,2.6688,0.0010744,-0.00011031,-0.0003119,0.0013843,-0.00056719,0.0015743,,0.0322656,-0.0049904
0.0019167,0.50122,0.5,2.6688,-0.03668,-0.011872,1.0786,0.50122,0.5,2.6688,0.0012995,-0.0003052,-5.23E-05,0.0013865,-0.00056599,0.0011473,,0.0306672,-0.00083744
0.0020285,0.51667,0.5,2.6688,-0.037239,-0.011461,1.0796,0.51667,0.5,2.6688,0.0014624,-0.00035501,0.00014836,0.0014091,-0.00061452,0.0011853,,0.032456,0.00237376
0.0020774,0.53142,0.5,2.6688,-0.037384,-0.010394,1.0736,0.53142,0.5,2.6688,0.0014923,-0.00029545,0.00030661,0.0014497,-0.00050483,0.0012127,,0.0332384,0.00490576
0.0022426,0.54551,0.5,2.6688,-0.037384,-0.0127,1.0714,0.54551,0.5,2.6688,0.0015321,-0.00023736,0.00036387,0.0014343,-0.00066818,0.0015189,,0.0358816,0.00582192
0.0021876,0.55896,0.5,2.6688,-0.037471,-0.015545,1.0735,0.55896,0.5,2.6688,0.0016406,-0.00019481,0.00024843,0.0013545,-0.0005063,0.0013801,,0.0350016,0.00397488
0.001979,0.5718,0.5,2.6688,-0.037974,-0.017555,1.078,0.5718,0.5,2.6688,0.0017712,-0.00011488,0.00013216,0.0011527,-0.00025178,0.0010341,,0.031664,0.00211456
0.0018673,0.58405,0.5,2.6688,-0.038706,-0.019671,1.081,0.58405,0.5,2.6688,0.0019076,-3.06E-05,3.18E-05,0.0008993,-0.00011695,0.0009277,,0.0298768,0.00050904
0.0018138,0.59575,0.5,2.6688,-0.039179,-0.021538,1.0824,0.59575,0.5,2.6688,0.002046,-2.66E-05,-6.55E-05,0.00072699,0.00016266,0.00085456,,0.0290208,-0.001048672
0.0018594,0.6069,0.5,2.6688,-0.039281,-0.02451,1.0853,0.6069,0.5,2.6688,0.0021837,-6.53E-05,-8.28E-05,0.00056918,0.00020282,0.00096597,,0.0297504,-0.001325024
0.0017357,0.61755,0.5,2.6688,-0.039256,-0.02729,1.084,0.61755,0.5,2.6688,0.0022898,-0.00011749,1.47E-05,0.00039606,0.00012923,0.00078562,,0.0277712,0.00023504
0.0017011,0.6277,0.5,2.6688,-0.039348,-0.028726,1.0792,0.6277,0.5,2.6688,0.002343,-0.00012216,0.00013609,0.00031543,1.99E-05,0.00074388,,0.0272176,0.00217744
0.0017671,0.63738,0.5,2.6688,-0.039436,-0.029019,1.0754,0.63738,0.5,2.6688,0.0023781,-0.0001099,0.00022309,0.00034088,-2.41E-05,0.00081527,,0.0282736,0.00356944
0.0018797,0.64661,0.5,2.6688,-0.039256,-0.028491,1.0752,0.64661,0.5,2.6688,0.0024333,-0.00015552,0.00034668,0.00043596,-2.09E-05,0.00089008,,0.0300752,0.00554688
0.0020795,0.65542,0.5,2.6688,-0.038858,-0.028198,1.0755,0.65542,0.5,2.6688,0.0025089,-0.00023833,0.0005151,0.00057087,-8.29E-05,0.0010793,,0.033272,0.0082416
0.0023243,0.66381,0.5,2.6688,-0.038513,-0.027955,1.0736,0.66381,0.5,2.6688,0.0025883,-0.0003425,0.00075013,0.00069152,-0.00022714,0.0013688,,0.0371888,0.01200208
0.0025804,0.67207,0.5,2.6688,-0.038445,-0.02798,1.0703,0.67207,0.5,2.6688,0.0026679,-0.00043473,0.00099474,0.00078968,-0.00042502,0.0017032,,0.0412864,0.01591584
0.0027474,0.68032,0.5,2.6688,-0.038654,-0.028307,1.068,0.68032,0.5,2.6688,0.0027463,-0.00050582,0.0011993,0.0008637,-0.00057036,0.0018849,,0.0439584,0.0191888
0.0028722,0.68858,0.5,2.6688,-0.038963,-0.028692,1.0682,0.68858,0.5,2.6688,0.0028012,-0.00055934,0.0013753,0.00090224,-0.00067737,0.0020409,,0.0459552,0.0220048
0.0029693,0.69683,0.5,2.6688,-0.039193,-0.028805,1.0691,0.69683,0.5,2.6688,0.0028061,-0.00059561,0.0015317,0.00093475,-0.00078304,0.0021977,,0.0475088,0.0245072
0.0030492,0.70509,0.5,2.6688,-0.039189,-0.028358,1.069,0.70509,0.5,2.6688,0.0027465,-0.00061526,0.0016546,0.00096476,-0.00088768,0.0023871,,0.0487872,0.0264736
0.0030808,0.71335,0.5,2.6688,-0.038874,-0.027227,1.0674,0.71335,0.5,2.6688,0.0026232,-0.00061886,0.0017158,0.0010128,-0.0009716,0.0025258,,0.0492928,0.0274528
0.0030684,0.7216,0.5,2.6688,-0.038334,-0.025617,1.0651,0.7216,0.5,2.6688,0.0024576,-0.00060776,0.0017163,0.0010861,-0.001017,0.0025931,,0.0490944,0.0274608
0.0030039,0.72986,0.5,2.6688,-0.037651,-0.024031,1.0627,0.72986,0.5,2.6688,0.0022776,-0.00058102,0.0016379,0.0011777,-0.0010242,0.0025524,,0.0480624,0.0262064
0.0029088,0.73811,0.5,2.6688,-0.036844,-0.022704,1.0597,0.73811,0.5,2.6688,0.0021046,-0.00054239,0.0014875,0.0012853,-0.00099923,0.0024276,,0.0465408,0.0238
0.0028334,0.74637,0.5,2.6688,-0.035943,-0.021811,1.056,0.74637,0.5,2.6688,0.0019556,-0.00049739,0.0013161,0.0014018,-0.00098507,0.0023095,,0.0453344,0.0210576
0.0028193,0.75463,0.5,2.6688,-0.034908,-0.021433,1.052,0.75463,0.5,2.6688,0.0018397,-0.00046221,0.0011684,0.0015379,-0.0010033,0.0022611,,0.0451088,0.0186944
0.0028568,0.76288,0.5,2.6688,-0.033618,-0.02192,1.0479,0.76288,0.5,2.6688,0.0017634,-0.00044637,0.0010455,0.0016747,-0.0010471,0.0022755,,0.0457088,0.016728
0.0028943,0.77114,0.5,2.6688,-0.032052,-0.023168,1.0443,0.77114,0.5,2.6688,0.0017295,-0.00045243,0.00093436,0.0017675,-0.0010645,0.0022916,,0.0463088,0.01494976
0.0028679,0.7794,0.5,2.6688,-0.03046,-0.024418,1.042,0.7794,0.5,2.6688,0.0017252,-0.00047023,0.00082891,0.0017943,-0.0010102,0.0022164,,0.0458864,0.01326256
0.002775,0.78765,0.5,2.6688,-0.02915,-0.02515,1.0412,0.78765,0.5,2.6688,0.0017193,-0.00048706,0.00074461,0.0017771,-0.00090643,0.0020536,,0.0444,0.01191376
0.0026582,0.79591,0.5,2.6688,-0.028205,-0.025011,1.0412,0.79591,0.5,2.6688,0.0016847,-0.00049815,0.00066311,0.0017541,-0.00082853,0.0018775,,0.0425312,0.01060976
0.002526,0.80416,0.5,2.6688,-0.027479,-0.023879,1.0409,0.80416,0.5,2.6688,0.0016235,-0.00050256,0.00055901,0.0017334,-0.00081306,0.0016952,,0.040416,0.00894416
0.0024174,0.81242,0.5,2.6688,-0.026737,-0.021915,1.04,0.81242,0.5,2.6688,0.0015567,-0.00048336,0.00043704,0.0017031,-0.00085334,0.0015751,,0.0386784,0.00699264
0.0023384,0.82068,0.5,2.6688,-0.025847,-0.019536,1.0391,0.82068,0.5,2.6688,0.0014966,-0.00041723,0.00035699,0.001646,-0.00091347,0.0015343,,0.0374144,0.00571184
0.0022665,0.82893,0.5,2.6688,-0.024933,-0.017446,1.0394,0.82893,0.5,2.6688,0.0014397,-0.00031236,0.0003497,0.001554,-0.00093132,0.0015394,,0.036264,0.0055952
0.0052647,0.030909,0.5,2.7041,-0.00037531,0.0055778,0.73605,0.030909,0.5,2.7041,0.00020505,0.00010942,-0.0003268,0.0022815,0.00011677,0.0080429,,0.0842352,-0.0052288
0.0053187,0.066184,0.5,2.7041,0.00069629,0.0062848,0.84915,0.066184,0.5,2.7041,0.00054577,0.00036956,-0.00065418,0.0027182,4.16E-05,0.0073735,,0.0850992,-0.01046688
0.0042175,0.10006,0.5,2.7041,0.0027791,0.0089908,0.91044,0.10006,0.5,2.7041,0.00085893,0.00066469,-0.00021926,0.0025021,0.00065547,0.005074,,0.06748,-0.00350816
0.0057716,0.13258,0.5,2.7041,0.0028311,0.0023986,0.93587,0.13258,0.5,2.7041,0.00080697,0.0006888,7.41E-05,0.0021577,0.0011089,0.0085785,,0.0923456,0.001185552
0.0053292,0.16379,0.5,2.7041,-0.0003379,-0.01304,0.97271,0.16379,0.5,2.7041,0.00049097,0.00033911,-0.00021245,0.0016626,0.00050102,0.0085047,,0.0852672,-0.0033992
0.0025391,0.19372,0.5,2.7041,-0.0051118,-0.020373,1.0225,0.19372,0.5,2.7041,0.00049593,0.00010647,-0.00028522,0.0010172,-0.00012542,0.003565,,0.0406256,-0.00456352
0.001736,0.22242,0.5,2.7041,-0.0069043,-0.017378,1.0368,0.22242,0.5,2.7041,0.00064742,9.50E-05,-0.00030247,0.00079744,-8.56E-05,0.0020271,,0.027776,-0.00483952
0.0018261,0.24993,0.5,2.7041,-0.0070164,-0.015515,1.0567,0.24993,0.5,2.7041,0.0007001,6.14E-05,-0.00017162,0.00086855,0.00021014,0.0020835,,0.0292176,-0.00274592
0.0015198,0.27629,0.5,2.7041,-0.0094857,-0.018132,1.0697,0.27629,0.5,2.7041,0.00069036,2.89E-05,-3.40E-06,0.00075236,0.00010569,0.0015969,,0.0243168,-5.44368E-05
0.0013373,0.30154,0.5,2.7041,-0.013434,-0.014539,1.0707,0.30154,0.5,2.7041,0.00060649,9.30E-05,-0.00015149,0.00081086,-0.0003494,0.0012573,,0.0213968,-0.00242384
0.0016575,0.32572,0.5,2.7041,-0.018846,-0.01268,1.069,0.32572,0.5,2.7041,0.00055618,0.0002938,-0.00046845,0.00091715,-0.00080568,0.0018417,,0.02652,-0.0074952
0.0020755,0.34887,0.5,2.7041,-0.0248,-0.011928,1.0681,0.34887,0.5,2.7041,0.00065549,0.00043312,-0.00076281,0.00094962,-0.0010133,0.0025458,,0.033208,-0.01220496
0.0020865,0.37102,0.5,2.7041,-0.028669,-0.0091537,1.0655,0.37102,0.5,2.7041,0.00087259,0.00040816,-0.00076875,0.00086383,-0.00080089,0.0024366,,0.033384,-0.0123
0.0015775,0.39221,0.5,2.7041,-0.030892,-0.0083092,1.07,0.39221,0.5,2.7041,0.0010459,0.00026351,-0.00038756,0.00062416,-0.00017644,0.001485,,0.02524,-0.00620096
0.0016252,0.41248,0.5,2.7041,-0.032969,-0.0067345,1.0727,0.41248,0.5,2.7041,0.0010507,0.00015724,-0.00026044,0.0005364,-0.00011615,0.0016632,,0.0260032,-0.00416704
0.0017238,0.43187,0.5,2.7041,-0.034451,-0.006466,1.0731,0.43187,0.5,2.7041,0.00095601,0.00015272,-0.0001609,0.0007785,-0.00046597,0.0017131,,0.0275808,-0.0025744
0.0018699,0.4504,0.5,2.7041,-0.034881,-0.0072236,1.0715,0.4504,0.5,2.7041,0.00090432,0.00016231,-3.86E-05,0.0012029,-0.00074439,0.0016325,,0.0299184,-0.000617504
0.0021619,0.46812,0.5,2.7041,-0.035033,-0.0092381,1.0673,0.46812,0.5,2.7041,0.00095237,5.04E-05,-0.0002351,0.0014071,-0.00081506,0.0019643,,0.0345904,-0.0037616
0.0020565,0.48504,0.5,2.7041,-0.035822,-0.010977,1.0728,0.48504,0.5,2.7041,0.0010937,-0.00014556,-0.00029556,0.001408,-0.00058764,0.0016113,,0.032904,-0.00472896
0.0019965,0.50122,0.5,2.7041,-0.036868,-0.011819,1.0786,0.50122,0.5,2.7041,0.0013243,-0.00032137,-4.83E-05,0.0014309,-0.0005839,0.0012378,,0.031944,-0.000772
0.0020996,0.51667,0.5,2.7041,-0.037311,-0.011384,1.0793,0.51667,0.5,2.7041,0.0014979,-0.00036515,0.00018618,0.0014651,-0.00062434,0.0012363,,0.0335936,0.00297888
0.0021286,0.53142,0.5,2.7041,-0.037393,-0.010635,1.0732,0.53142,0.5,2.7041,0.0015229,-0.00029829,0.00033406,0.0014709,-0.00047893,0.0012634,,0.0340576,0.00534496
0.0022832,0.54551,0.5,2.7041,-0.037462,-0.013142,1.0715,0.54551,0.5,2.7041,0.0015619,-0.00022991,0.0003695,0.0014287,-0.00060358,0.0015757,,0.0365312,0.005912
0.0021917,0.55896,0.5,2.7041,-0.037626,-0.01593,1.0744,0.55896,0.5,2.7041,0.0016536,-0.00018467,0.00023219,0.0013392,-0.00044949,0.0013906,,0.0350672,0.00371504
0.0019315,0.5718,0.5,2.7041,-0.038162,-0.01788,1.0788,0.5718,0.5,2.7041,0.0017548,-0.0001102,9.01E-05,0.0011352,-0.00023685,0.00097299,,0.030904,0.001441792
0.0018463,0.58405,0.5,2.7041,-0.038903,-0.019808,1.0817,0.58405,0.5,2.7041,0.0018832,-3.82E-05,-4.19E-06,0.00089044,-0.00010626,0.00091902,,0.0295408,-6.70784E-05
0.0018151,0.59575,0.5,2.7041,-0.039364,-0.021621,1.083,0.59575,0.5,2.7041,0.0020248,-3.56E-05,-0.00011809,0.00072832,0.00019673,0.00087714,,0.0290416,-0.00188944
0.0018334,0.6069,0.5,2.7041,-0.039399,-0.024632,1.0852,0.6069,0.5,2.7041,0.0021529,-6.90E-05,-0.00014472,0.00059433,0.00023307,0.00091964,,0.0293344,-0.00231552
0.0017209,0.61755,0.5,2.7041,-0.039254,-0.027386,1.0831,0.61755,0.5,2.7041,0.0022445,-0.00011514,-1.25E-05,0.00044547,0.000156,0.00075172,,0.0275344,-0.000199952
0.0017089,0.6277,0.5,2.7041,-0.03927,-0.028813,1.0784,0.6277,0.5,2.7041,0.0023066,-0.0001219,0.0001329,0.00037202,5.37E-05,0.00073908,,0.0273424,0.0021264
0.0017832,0.63738,0.5,2.7041,-0.039343,-0.028972,1.075,0.63738,0.5,2.7041,0.0023585,-0.00012686,0.00024192,0.00038999,1.94E-05,0.00081805,,0.0285312,0.00387072
0.0018954,0.64661,0.5,2.7041,-0.039174,-0.028371,1.0749,0.64661,0.5,2.7041,0.0024118,-0.00018264,0.0003761,0.00046107,-8.47E-07,0.00091802,,0.0303264,0.0060176
0.0020906,0.65542,0.5,2.7041,-0.038806,-0.028053,1.0747,0.65542,0.5,2.7041,0.0024854,-0.00026281,0.00054722,0.00056819,-0.00010219,0.0011276,,0.0334496,0.00875552
0.0023287,0.66381,0.5,2.7041,-0.038508,-0.027847,1.0724,0.66381,0.5,2.7041,0.0025763,-0.00036139,0.00078455,0.00066493,-0.00026739,0.0014163,,0.0372592,0.0125528
0.0025746,0.67207,0.5,2.7041,-0.038484,-0.028043,1.0694,0.67207,0.5,2.7041,0.002669,-0.00045208,0.0010183,0.00074998,-0.00046289,0.0017302,,0.0411936,0.0162928
0.0027474,0.68032,0.5,2.7041,-0.038711,-0.028538,1.0677,0.68032,0.5,2.7041,0.0027549,-0.0005267,0.001213,0.00081788,-0.000589,0.001922,,0.0439584,0.019408
0.0028938,0.68858,0.5,2.7041,-0.039007,-0.028984,1.0681,0.68858,0.5,2.7041,0.002817,-0.00057632,0.0013787,0.0008597,-0.00069134,0.0021108,,0.0463008,0.0220592
0.0030014,0.69683,0.5,2.7041,-0.03919,-0.02903,1.069,0.69683,0.5,2.7041,0.002835,-0.00060427,0.0015298,0.00090131,-0.00079931,0.0022666,,0.0480224,0.0244768
0.0030725,0.70509,0.5,2.7041,-0.03911,-0.028495,1.0688,0.70509,0.5,2.7041,0.0027894,-0.00061996,0.0016556,0.00094289,-0.00089361,0.0024127,,0.04916,0.0264896
0.0030961,0.71335,0.5,2.7041,-0.038718,-0.027319,1.0672,0.71335,0.5,2.7041,0.0026725,-0.00062484,0.0017237,0.0010086,-0.00096406,0.0025111,,0.0495376,0.0275792
0.0030766,0.7216,0.5,2.7041,-0.038109,-0.025742,1.0651,0.7216,0.5,2.7041,0.0024988,-0.00061965,0.001724,0.0010979,-0.00099351,0.0025565,,0.0492256,0.027584
0.0030064,0.72986,0.5,2.7041,-0.037381,-0.024245,1.0628,0.72986,0.5,2.7041,0.0023001,-0.00059955,0.0016428,0.001197,-0.00098717,0.0025158,,0.0481024,0.0262848
0.0029081,0.73811,0.5,2.7041,-0.036584,-0.023009,1.0598,0.73811,0.5,2.7041,0.0021096,-0.00056399,0.0014862,0.0013042,-0.00095542,0.0024024,,0.0465296,0.0237792
0.0028301,0.74637,0.5,2.7041,-0.035703,-0.022134,1.0561,0.74637,0.5,2.7041,0.0019475,-0.00051909,0.0012971,0.0014196,-0.0009419,0.0022931,,0.0452816,0.0207536
0.0028166,0.75463,0.5,2.7041,-0.034625,-0.021687,1.0519,0.75463,0.5,2.7041,0.0018227,-0.00048163,0.0011365,0.0015518,-0.00096805,0.0022587,,0.0450656,0.018184
0.002852,0.76288,0.5,2.7041,-0.033269,-0.022082,1.0477,0.76288,0.5,2.7041,0.0017444,-0.00045436,0.0010215,0.0016762,-0.001018,0.0022834,,0.045632,0.016344
0.0028765,0.77114,0.5,2.7041,-0.031716,-0.023266,1.0443,0.77114,0.5,2.7041,0.0017158,-0.00044189,0.00092408,0.0017575,-0.0010319,0.0022796,,0.046024,0.01478528
0.0028394,0.7794,0.5,2.7041,-0.030179,-0.024508,1.0421,0.7794,0.5,2.7041,0.0017176,-0.00044399,0.00082224,0.0017814,-0.00097454,0.0021799,,0.0454304,0.01315584
0.002756,0.78765,0.5,2.7041,-0.028877,-0.025211,1.0413,0.78765,0.5,2.7041,0.0017165,-0.00045148,0.00073182,0.0017688,-0.00088482,0.0020267,,0.044096,0.01170912
0.0026563,0.79591,0.5,2.7041,-0.027907,-0.024954,1.0413,0.79591,0.5,2.7041,0.0016896,-0.00045915,0.00064028,0.0017523,-0.00083075,0.0018707,,0.0425008,0.01024448
0.0025342,0.80416,0.5,2.7041,-0.02713,-0.023681,1.041,0.80416,0.5,2.7041,0.0016389,-0.00046534,0.0005329,0.001735,-0.00083388,0.0016946,,0.0405472,0.0085264
0.0024319,0.81242,0.5,2.7041,-0.02631,-0.021668,1.04,0.81242,0.5,2.7041,0.0015808,-0.00044842,0.00041719,0.0017106,-0.00088486,0.0015723,,0.0389104,0.00667504
0.0023626,0.82068,0.5,2.7041,-0.025417,-0.019324,1.039,0.82068,0.5,2.7041,0.001526,-0.00037799,0.00034675,0.0016651,-0.00094541,0.0015341,,0.0378016,0.005548
0.0023062,0.82893,0.5,2.7041,-0.024626,-0.017266,1.0393,0.82893,0.5,2.7041,0.0014721,-0.00026296,0.00034718,0.0015812,-0.00094851,0.001559,,0.0368992,0.00555488
0.0052281,0.030909,0.5,2.7394,-0.00052575,0.0055223,0.73649,0.030909,0.5,2.7394,0.00021335,0.00014462,-0.00032658,0.0022415,8.17E-05,0.0080013,,0.0836496,-0.00522528
0.0053457,0.066184,0.5,2.7394,0.00048177,0.0064072,0.84923,0.066184,0.5,2.7394,0.00055137,0.00038379,-0.00067613,0.0027694,-5.06E-06,0.0073705,,0.0855312,-0.01081808
0.0042796,0.10006,0.5,2.7394,0.0026604,0.009166,0.91054,0.10006,0.5,2.7394,0.00085956,0.00063903,-0.00023093,0.0025306,0.0006499,0.0051689,,0.0684736,-0.00369488
0.0058138,0.13258,0.5,2.7394,0.0027845,0.0026149,0.93596,0.13258,0.5,2.7394,0.00080688,0.00065878,0.00011391,0.0021216,0.0012056,0.0086992,,0.0930208,0.00182256
0.0053458,0.16379,0.5,2.7394,-0.00039849,-0.012871,0.97246,0.16379,0.5,2.7394,0.00047866,0.00032047,-0.00017418,0.0016666,0.00059922,0.0085463,,0.0855328,-0.00278688
0.0025538,0.19372,0.5,2.7394,-0.0052238,-0.020488,1.0222,0.19372,0.5,2.7394,0.00047555,0.00010827,-0.00028441,0.0010332,-0.00011021,0.0035988,,0.0408608,-0.00455056
0.0017249,0.22242,0.5,2.7394,-0.0070877,-0.017578,1.0366,0.22242,0.5,2.7394,0.00063401,9.50E-05,-0.00031747,0.00080707,-8.25E-05,0.0020087,,0.0275984,-0.00507952
0.0018242,0.24993,0.5,2.7394,-0.007196,-0.015573,1.0566,0.24993,0.5,2.7394,0.00069255,6.32E-05,-0.00018161,0.00088272,0.00022072,0.0020732,,0.0291872,-0.00290576
0.0015819,0.27629,0.5,2.7394,-0.0095619,-0.018007,1.0694,0.27629,0.5,2.7394,0.00068688,3.89E-05,-1.43E-06,0.00080444,0.00010353,0.0016725,,0.0253104,-2.28304E-05
0.0013752,0.30154,0.5,2.7394,-0.013466,-0.014548,1.0707,0.30154,0.5,2.7394,0.00061778,9.61E-05,-0.0001591,0.00083898,-0.00036165,0.0012937,,0.0220032,-0.0025456
0.0016849,0.32572,0.5,2.7394,-0.018939,-0.012779,1.0696,0.32572,0.5,2.7394,0.00059277,0.00029775,-0.00051291,0.00091408,-0.00082715,0.0018629,,0.0269584,-0.00820656
0.0020652,0.34887,0.5,2.7394,-0.024928,-0.01186,1.0683,0.34887,0.5,2.7394,0.00069818,0.00045031,-0.00079466,0.00094907,-0.00099712,0.0024832,,0.0330432,-0.01271456
0.0020368,0.37102,0.5,2.7394,-0.028783,-0.0089134,1.0651,0.37102,0.5,2.7394,0.00088222,0.00043436,-0.00076069,0.00087917,-0.00078047,0.0023123,,0.0325888,-0.01217104
0.0015642,0.39221,0.5,2.7394,-0.030951,-0.0079792,1.0701,0.39221,0.5,2.7394,0.001044,0.00028798,-0.00036161,0.00064002,-0.00019441,0.0014443,,0.0250272,-0.00578576
0.0016677,0.41248,0.5,2.7394,-0.032918,-0.0065283,1.0729,0.41248,0.5,2.7394,0.0010661,0.00017124,-0.00022685,0.00057512,-0.0001334,0.0016942,,0.0266832,-0.0036296
0.0018008,0.43187,0.5,2.7394,-0.034308,-0.0065287,1.0729,0.43187,0.5,2.7394,0.00098775,0.0001456,-0.00010801,0.00086819,-0.00049073,0.0017456,,0.0288128,-0.00172816
0.0019476,0.4504,0.5,2.7394,-0.034765,-0.0074218,1.0714,0.4504,0.5,2.7394,0.00093945,0.00013107,-2.97E-06,0.0012872,-0.0007661,0.0016687,,0.0311616,-4.75376E-05
0.0021566,0.46812,0.5,2.7394,-0.03504,-0.0093653,1.0677,0.46812,0.5,2.7394,0.00097657,7.75E-06,-0.00023401,0.001427,-0.0008448,0.0019098,,0.0345056,-0.00374416
0.0020151,0.48504,0.5,2.7394,-0.035952,-0.011049,1.0732,0.48504,0.5,2.7394,0.0011055,-0.00017502,-0.00029156,0.0013889,-0.00064516,0.0015357,,0.0322416,-0.00466496
0.0020019,0.50122,0.5,2.7394,-0.037035,-0.011782,1.0786,0.50122,0.5,2.7394,0.0013187,-0.0003152,-5.34E-05,0.0014209,-0.00062976,0.0012641,,0.0320304,-0.000853664
0.0021158,0.51667,0.5,2.7394,-0.037378,-0.011322,1.0789,0.51667,0.5,2.7394,0.0014925,-0.00034927,0.00021222,0.0014574,-0.00064675,0.0012818,,0.0338528,0.00339552
0.0021419,0.53142,0.5,2.7394,-0.037382,-0.010883,1.0728,0.53142,0.5,2.7394,0.0015311,-0.00028374,0.00037251,0.0014654,-0.00046809,0.0012873,,0.0342704,0.00596016
0.0023124,0.54551,0.5,2.7394,-0.037513,-0.013529,1.0718,0.54551,0.5,2.7394,0.0015737,-0.00021737,0.00036546,0.0014473,-0.00054917,0.0016038,,0.0369984,0.00584736
0.0022393,0.55896,0.5,2.7394,-0.037784,-0.016235,1.0752,0.55896,0.5,2.7394,0.0016755,-0.00018062,0.00020852,0.001368,-0.00040126,0.0014351,,0.0358288,0.00333632
0.0019561,0.5718,0.5,2.7394,-0.038394,-0.018111,1.0796,0.5718,0.5,2.7394,0.0017869,-0.0001158,6.44E-05,0.0011693,-0.00023112,0.00095611,,0.0312976,0.001029904
0.0018687,0.58405,0.5,2.7394,-0.039116,-0.019887,1.0823,0.58405,0.5,2.7394,0.0019052,-5.71E-05,-2.54E-05,0.00093459,-0.00011066,0.00089762,,0.0298992,-0.000405856
0.0018372,0.59575,0.5,2.7394,-0.039465,-0.0217,1.0836,0.59575,0.5,2.7394,0.0020203,-5.46E-05,-0.00013997,0.00077864,0.00020018,0.00087538,,0.0293952,-0.00223952
0.0018166,0.6069,0.5,2.7394,-0.039372,-0.024759,1.085,0.6069,0.5,2.7394,0.0021216,-7.72E-05,-0.0001479,0.00063643,0.00022853,0.00087526,,0.0290656,-0.0023664
0.0017042,0.61755,0.5,2.7394,-0.039163,-0.027474,1.0821,0.61755,0.5,2.7394,0.0022038,-0.0001063,2.51E-06,0.00047602,0.00015143,0.00072857,,0.0272672,4.01088E-05
0.0017096,0.6277,0.5,2.7394,-0.039159,-0.028798,1.0776,0.6277,0.5,2.7394,0.0022726,-0.000107,0.00014966,0.00040238,6.44E-05,0.00074416,,0.0273536,0.00239456
0.0017946,0.63738,0.5,2.7394,-0.03922,-0.028757,1.0746,0.63738,0.5,2.7394,0.0023317,-0.00013325,0.00027585,0.00043008,3.71E-05,0.00082742,,0.0287136,0.0044136
0.0019235,0.64661,0.5,2.7394,-0.039071,-0.028124,1.0745,0.64661,0.5,2.7394,0.0023907,-0.00020777,0.00041129,0.00050431,-4.59E-06,0.00095204,,0.030776,0.00658064
0.0021365,0.65542,0.5,2.7394,-0.038761,-0.027875,1.0738,0.65542,0.5,2.7394,0.0024731,-0.00029433,0.00058553,0.00059582,-0.00012985,0.0012041,,0.034184,0.00936848
0.0023655,0.66381,0.5,2.7394,-0.03852,-0.027788,1.0712,0.66381,0.5,2.7394,0.0025749,-0.00038541,0.0008205,0.00066847,-0.00030032,0.0014875,,0.037848,0.013128
0.0025727,0.67207,0.5,2.7394,-0.038557,-0.028143,1.0687,0.67207,0.5,2.7394,0.0026771,-0.00046466,0.0010264,0.00073438,-0.00048631,0.001734,,0.0411632,0.0164224
0.0027338,0.68032,0.5,2.7394,-0.038839,-0.028742,1.0676,0.68032,0.5,2.7394,0.0027668,-0.00053838,0.0012014,0.00079257,-0.00061596,0.0019082,,0.0437408,0.0192224
0.002894,0.68858,0.5,2.7394,-0.039132,-0.029208,1.0682,0.68858,0.5,2.7394,0.0028263,-0.00059,0.0013587,0.00083754,-0.00073708,0.0021241,,0.046304,0.0217392
0.0030111,0.69683,0.5,2.7394,-0.039239,-0.029174,1.0689,0.69683,0.5,2.7394,0.0028372,-0.00062234,0.0015179,0.00089054,-0.00084617,0.0022944,,0.0481776,0.0242864
0.0030816,0.70509,0.5,2.7394,-0.039047,-0.028525,1.0685,0.70509,0.5,2.7394,0.0027888,-0.00064461,0.0016616,0.00094883,-0.00091994,0.0024257,,0.0493056,0.0265856
0.0031023,0.71335,0.5,2.7394,-0.03858,-0.027256,1.0669,0.71335,0.5,2.7394,0.002679,-0.00065447,0.0017378,0.0010326,-0.00096102,0.0024931,,0.0496368,0.0278048
0.0030823,0.7216,0.5,2.7394,-0.037967,-0.025666,1.065,0.7216,0.5,2.7394,0.0025181,-0.00064675,0.0017326,0.0011304,-0.00096259,0.0025161,,0.0493168,0.0277216
0.0030168,0.72986,0.5,2.7394,-0.037265,-0.024232,1.0629,0.72986,0.5,2.7394,0.002329,-0.00061691,0.0016456,0.0012252,-0.00093589,0.0024795,,0.0482688,0.0263296
0.002921,0.73811,0.5,2.7394,-0.036468,-0.023094,1.06,0.73811,0.5,2.7394,0.0021371,-0.00056955,0.0014814,0.0013211,-0.00089678,0.0023839,,0.046736,0.0237024
0.0028362,0.74637,0.5,2.7394,-0.035567,-0.022294,1.0562,0.74637,0.5,2.7394,0.001963,-0.00051624,0.0012769,0.0014278,-0.00088798,0.0022815,,0.0453792,0.0204304
0.002807,0.75463,0.5,2.7394,-0.034487,-0.021927,1.0518,0.75463,0.5,2.7394,0.001824,-0.00047394,0.0011046,0.0015519,-0.00092749,0.0022381,,0.044912,0.0176736
0.0028254,0.76288,0.5,2.7394,-0.033105,-0.022423,1.0476,0.76288,0.5,2.7394,0.0017343,-0.00043796,0.00099666,0.0016679,-0.00099101,0.0022485,,0.0452064,0.01594656
0.0028396,0.77114,0.5,2.7394,-0.031407,-0.023674,1.0442,0.77114,0.5,2.7394,0.0016945,-0.00040951,0.00091946,0.0017487,-0.0010067,0.0022361,,0.0454336,0.01471136
0.0028101,0.7794,0.5,2.7394,-0.029664,-0.024924,1.0422,0.7794,0.5,2.7394,0.0016862,-0.00039228,0.00083099,0.0017802,-0.00094573,0.0021536,,0.0449616,0.01329584
0.0027544,0.78765,0.5,2.7394,-0.028226,-0.025519,1.0414,0.78765,0.5,2.7394,0.0016827,-0.00038512,0.00074183,0.0017814,-0.00086497,0.0020447,,0.0440704,0.01186928
0.0026769,0.79591,0.5,2.7394,-0.027203,-0.025021,1.0413,0.79591,0.5,2.7394,0.001664,-0.00039044,0.00064378,0.0017805,-0.00082823,0.0019094,,0.0428304,0.01030048
0.0025593,0.80416,0.5,2.7394,-0.026457,-0.023483,1.041,0.80416,0.5,2.7394,0.001628,-0.00040661,0.00052555,0.0017767,-0.00084475,0.0017139,,0.0409488,0.0084088
0.0024535,0.81242,0.5,2.7394,-0.025777,-0.021345,1.04,0.81242,0.5,2.7394,0.0015839,-0.00040482,0.00039733,0.001758,-0.00090155,0.001565,,0.039256,0.00635728
0.002385,0.82068,0.5,2.7394,-0.025063,-0.019062,1.039,0.82068,0.5,2.7394,0.0015358,-0.00034589,0.00031396,0.0017101,-0.00095856,0.0015241,,0.03816,0.00502336
0.0023384,0.82893,0.5,2.7394,-0.024393,-0.017092,1.0393,0.82893,0.5,2.7394,0.0014818,-0.00023347,0.00030269,0.0016246,-0.00094733,0.0015703,,0.0374144,0.00484304
0.0052214,0.030909,0.5,2.7746,-0.00060952,0.0054742,0.73695,0.030909,0.5,2.7746,0.00023667,0.00016598,-0.0003114,0.0022809,4.78E-05,0.0079253,,0.0835424,-0.0049824
0.0054041,0.066184,0.5,2.7746,0.00031361,0.0065439,0.8493,0.066184,0.5,2.7746,0.00059223,0.00039205,-0.00069512,0.0028666,-3.98E-05,0.0073494,,0.0864656,-0.01112192
0.0043334,0.10006,0.5,2.7746,0.0025229,0.0092657,0.91053,0.10006,0.5,2.7746,0.00088509,0.00060393,-0.0002641,0.0025646,0.00066944,0.0052171,,0.0693344,-0.0042256
0.0058378,0.13258,0.5,2.7746,0.0027332,0.0027407,0.9359,0.13258,0.5,2.7746,0.00081433,0.00062523,0.00013703,0.0020795,0.0013035,0.0087817,,0.0934048,0.00219248
0.005358,0.16379,0.5,2.7746,-0.00047476,-0.012703,0.97211,0.16379,0.5,2.7746,0.00047624,0.00030744,-0.0001638,0.001655,0.0006933,0.0085846,,0.085728,-0.0026208
0.0025621,0.19372,0.5,2.7746,-0.005362,-0.020618,1.022,0.19372,0.5,2.7746,0.00046713,0.0001058,-0.00030898,0.0010374,-7.85E-05,0.0036196,,0.0409936,-0.00494368
0.0017119,0.22242,0.5,2.7746,-0.0072491,-0.017735,1.0364,0.22242,0.5,2.7746,0.00062182,9.88E-05,-0.00034436,0.00080683,-6.82E-05,0.0019951,,0.0273904,-0.00550976
0.0017918,0.24993,0.5,2.7746,-0.00733,-0.015573,1.0564,0.24993,0.5,2.7746,0.00068327,5.82E-05,-0.00021254,0.0008506,0.00022964,0.0020497,,0.0286688,-0.00340064
0.0016182,0.27629,0.5,2.7746,-0.0096341,-0.017879,1.0691,0.27629,0.5,2.7746,0.00068722,2.13E-05,-2.55E-05,0.00082215,9.34E-05,0.0017269,,0.0258912,-0.000408448
0.0014204,0.30154,0.5,2.7746,-0.013544,-0.014544,1.0708,0.30154,0.5,2.7746,0.00062685,8.80E-05,-0.00017716,0.00088061,-0.00037,0.0013333,,0.0227264,-0.00283456
0.0017076,0.32572,0.5,2.7746,-0.019072,-0.01285,1.0702,0.32572,0.5,2.7746,0.00061367,0.00030366,-0.00055415,0.0009012,-0.00081983,0.0019002,,0.0273216,-0.0088664
0.0020263,0.34887,0.5,2.7746,-0.025037,-0.011771,1.0683,0.34887,0.5,2.7746,0.00072599,0.00045789,-0.0008233,0.00091155,-0.00095532,0.002415,,0.0324208,-0.0131728
0.0019746,0.37102,0.5,2.7746,-0.028836,-0.0086866,1.0647,0.37102,0.5,2.7746,0.00090296,0.00044121,-0.00075733,0.00084847,-0.0007672,0.0021977,,0.0315936,-0.01211728
0.0015603,0.39221,0.5,2.7746,-0.030957,-0.0076909,1.07,0.39221,0.5,2.7746,0.0010585,0.0002866,-0.00034569,0.000633,-0.00021846,0.001429,,0.0249648,-0.00553104
0.0017471,0.41248,0.5,2.7746,-0.032832,-0.0063838,1.073,0.41248,0.5,2.7746,0.001082,0.00017271,-0.00017944,0.00061918,-0.00014099,0.0017929,,0.0279536,-0.00287104
0.0019252,0.43187,0.5,2.7746,-0.034147,-0.0066325,1.0727,0.43187,0.5,2.7746,0.0010086,0.00012318,-2.61E-05,0.00096823,-0.00052632,0.0018737,,0.0308032,-0.000416976
0.0020221,0.4504,0.5,2.7746,-0.034654,-0.0076309,1.0714,0.4504,0.5,2.7746,0.00095465,8.86E-05,5.84E-05,0.0013697,-0.00079287,0.0017198,,0.0323536,0.000934864
0.0021369,0.46812,0.5,2.7746,-0.035067,-0.0094838,1.0681,0.46812,0.5,2.7746,0.0009836,-9.88E-06,-0.00023716,0.0014497,-0.0008392,0.0018404,,0.0341904,-0.00379456
0.0019667,0.48504,0.5,2.7746,-0.036084,-0.011118,1.0738,0.48504,0.5,2.7746,0.0011219,-0.00017405,-0.00029571,0.0013795,-0.0006689,0.001432,,0.0314672,-0.00473136
0.0019852,0.50122,0.5,2.7746,-0.037168,-0.011764,1.0785,0.50122,0.5,2.7746,0.0013257,-0.00029865,-4.70E-05,0.0013942,-0.00066433,0.0012504,,0.0317632,-0.000752192
0.0021025,0.51667,0.5,2.7746,-0.037421,-0.011295,1.0783,0.51667,0.5,2.7746,0.0014816,-0.00032297,0.00023766,0.0014163,-0.00066552,0.0013071,,0.03364,0.00380256
0.0021286,0.53142,0.5,2.7746,-0.037395,-0.011161,1.0725,0.53142,0.5,2.7746,0.0015203,-0.00025393,0.00040807,0.0014352,-0.00047931,0.0013018,,0.0340576,0.00652912
0.0023028,0.54551,0.5,2.7746,-0.037635,-0.013879,1.0722,0.54551,0.5,2.7746,0.0015634,-0.00019069,0.00034369,0.0014402,-0.00053656,0.0016021,,0.0368448,0.00549904
0.0022498,0.55896,0.5,2.7746,-0.038021,-0.01648,1.0761,0.55896,0.5,2.7746,0.001692,-0.00016758,0.00017511,0.0013609,-0.0003804,0.0014467,,0.0359968,0.00280176
0.0019682,0.5718,0.5,2.7746,-0.038634,-0.018341,1.0804,0.5718,0.5,2.7746,0.0018375,-0.00010584,7.42E-05,0.0011559,-0.00021387,0.0009429,,0.0314912,0.001186672
0.0018877,0.58405,0.5,2.7746,-0.039291,-0.020016,1.0829,0.58405,0.5,2.7746,0.0019606,-4.44E-05,-2.36E-06,0.00093434,-8.74E-05,0.00088037,,0.0302032,-3.77392E-05
0.0018769,0.59575,0.5,2.7746,-0.039563,-0.0218,1.084,0.59575,0.5,2.7746,0.0020749,-4.13E-05,-0.00011809,0.00079775,0.00021657,0.00088128,,0.0300304,-0.00188944
0.001843,0.6069,0.5,2.7746,-0.039382,-0.024879,1.0845,0.6069,0.5,2.7746,0.002171,-6.72E-05,-0.00010556,0.00064319,0.00023622,0.00087189,,0.029488,-0.00168896
0.001718,0.61755,0.5,2.7746,-0.039094,-0.027561,1.0811,0.61755,0.5,2.7746,0.0022277,-9.50E-05,5.27E-05,0.00046093,0.00015112,0.00074736,,0.027488,0.000843792
0.0017163,0.6277,0.5,2.7746,-0.039054,-0.028752,1.0769,0.6277,0.5,2.7746,0.0022716,-9.25E-05,0.0001881,0.00039019,6.68E-05,0.00077078,,0.0274608,0.0030096
0.0018126,0.63738,0.5,2.7746,-0.039109,-0.028522,1.0742,0.63738,0.5,2.7746,0.0023284,-0.0001237,0.00030744,0.00044292,4.14E-05,0.00085391,,0.0290016,0.00491904
0.0019707,0.64661,0.5,2.7746,-0.038972,-0.027925,1.074,0.64661,0.5,2.7746,0.00239,-0.00019862,0.0004392,0.00053762,-1.02E-05,0.0010137,,0.0315312,0.0070272
0.0022062,0.65542,0.5,2.7746,-0.038693,-0.027814,1.0728,0.65542,0.5,2.7746,0.0024727,-0.00028454,0.00063268,0.00062301,-0.00014379,0.0013166,,0.0352992,0.01012288
0.0024302,0.66381,0.5,2.7746,-0.038509,-0.0279,1.0702,0.66381,0.5,2.7746,0.0025904,-0.0003696,0.00087451,0.00068093,-0.0003034,0.001589,,0.0388832,0.01399216
0.0026066,0.67207,0.5,2.7746,-0.038597,-0.028402,1.0683,0.67207,0.5,2.7746,0.0027149,-0.00044126,0.0010643,0.0007345,-0.00046836,0.0017637,,0.0417056,0.0170288
0.0027498,0.68032,0.5,2.7746,-0.03887,-0.029044,1.0676,0.68032,0.5,2.7746,0.002814,-0.00050941,0.0012207,0.00078702,-0.00060769,0.0018986,,0.0439968,0.0195312
0.0029093,0.68858,0.5,2.7746,-0.039106,-0.02947,1.0683,0.68858,0.5,2.7746,0.0028704,-0.00055712,0.0013561,0.00083856,-0.00074906,0.0021095,,0.0465488,0.0216976
0.0030289,0.69683,0.5,2.7746,-0.039135,-0.029315,1.0688,0.69683,0.5,2.7746,0.0028658,-0.00058938,0.0015079,0.00090563,-0.00085357,0.0022864,,0.0484624,0.0241264
0.0030944,0.70509,0.5,2.7746,-0.038875,-0.028572,1.0681,0.70509,0.5,2.7746,0.0027913,-0.00061317,0.0016605,0.00097929,-0.00090575,0.0024181,,0.0495104,0.026568
0.0031031,0.71335,0.5,2.7746,-0.038366,-0.027314,1.0666,0.71335,0.5,2.7746,0.0026617,-0.00062849,0.0017428,0.001068,-0.00092368,0.0024765,,0.0496496,0.0278848
0.0030706,0.7216,0.5,2.7746,-0.037714,-0.025851,1.0649,0.7216,0.5,2.7746,0.0025002,-0.00062804,0.0017343,0.0011556,-0.00091026,0.0024854,,0.0491296,0.0277488
0.0030035,0.72986,0.5,2.7746,-0.036975,-0.024549,1.0629,0.72986,0.5,2.7746,0.0023242,-0.00060685,0.0016447,0.0012364,-0.00088483,0.0024465,,0.048056,0.0263152
0.002912,0.73811,0.5,2.7746,-0.036173,-0.023457,1.0602,0.73811,0.5,2.7746,0.0021486,-0.00056697,0.0014749,0.0013251,-0.00085491,0.0023502,,0.046592,0.0235984
0.0028303,0.74637,0.5,2.7746,-0.03527,-0.022591,1.0564,0.74637,0.5,2.7746,0.0019902,-0.00051674,0.0012634,0.0014331,-0.00085286,0.0022373,,0.0452848,0.0202144
0.0027981,0.75463,0.5,2.7746,-0.034132,-0.022139,1.0519,0.75463,0.5,2.7746,0.0018664,-0.00047084,0.0010777,0.0015559,-0.00089287,0.002174,,0.0447696,0.0172432
0.0028125,0.76288,0.5,2.7746,-0.032678,-0.022589,1.0476,0.76288,0.5,2.7746,0.0017866,-0.00042878,0.00095754,0.0016662,-0.00095622,0.0021721,,0.045,0.01532064
0.0028299,0.77114,0.5,2.7746,-0.031003,-0.02381,1.0443,0.77114,0.5,2.7746,0.0017457,-0.00039632,0.00087401,0.001745,-0.00097168,0.0021691,,0.0452784,0.01398416
0.0028187,0.7794,0.5,2.7746,-0.029359,-0.025025,1.0423,0.7794,0.5,2.7746,0.0017278,-0.00037688,0.00078419,0.0017827,-0.00091398,0.002127,,0.0450992,0.01254704
0.0027886,0.78765,0.5,2.7746,-0.027989,-0.025515,1.0414,0.78765,0.5,2.7746,0.0017129,-0.00036972,0.00070123,0.0017931,-0.00084455,0.0020711,,0.0446176,0.01121968
0.0027177,0.79591,0.5,2.7746,-0.026989,-0.024834,1.0413,0.79591,0.5,2.7746,0.0016841,-0.00037714,0.00061822,0.001796,-0.00081499,0.0019554,,0.0434832,0.00989152
0.0025859,0.80416,0.5,2.7746,-0.026223,-0.023137,1.041,0.80416,0.5,2.7746,0.0016384,-0.00039324,0.00051314,0.0017857,-0.00083544,0.0017478,,0.0413744,0.00821024
0.0024551,0.81242,0.5,2.7746,-0.025478,-0.020987,1.04,0.81242,0.5,2.7746,0.0015854,-0.00039,0.00038155,0.0017447,-0.00089725,0.0015802,,0.0392816,0.0061048
0.0023668,0.82068,0.5,2.7746,-0.024753,-0.018802,1.039,0.82068,0.5,2.7746,0.0015314,-0.00033687,0.00028704,0.0016657,-0.00096087,0.0015367,,0.0378688,0.00459264
0.0023147,0.82893,0.5,2.7746,-0.024178,-0.01687,1.0392,0.82893,0.5,2.7746,0.0014767,-0.00023987,0.000265,0.0015688,-0.0009557,0.0015839,,0.0370352,0.00424
0.0051967,0.030909,0.5,2.8098,-0.00064857,0.0054281,0.73736,0.030909,0.5,2.8098,0.00026808,0.00018172,-0.00029755,0.0023241,1.97E-05,0.0078013,,0.0831472,-0.0047608
0.0054104,0.066184,0.5,2.8098,0.00016794,0.0067468,0.84946,0.066184,0.5,2.8098,0.0006473,0.00040204,-0.0007003,0.0029021,-5.71E-05,0.0072714,,0.0865664,-0.0112048
0.0043426,0.10006,0.5,2.8098,0.0023335,0.0094275,0.91055,0.10006,0.5,2.8098,0.00090776,0.00057903,-0.00029645,0.0025713,0.0006771,0.005206,,0.0694816,-0.0047432
0.0058689,0.13258,0.5,2.8098,0.0026479,0.0028289,0.93567,0.13258,0.5,2.8098,0.00083318,0.00063128,0.00012322,0.0020791,0.0013592,0.0088255,,0.0939024,0.00197152
0.0053803,0.16379,0.5,2.8098,-0.00054151,-0.012507,0.97161,0.16379,0.5,2.8098,0.00051244,0.00032571,-0.00017806,0.0016388,0.00073221,0.0086093,,0.0860848,-0.00284896
0.0025679,0.19372,0.5,2.8098,-0.005486,-0.020684,1.0216,0.19372,0.5,2.8098,0.00048486,8.99E-05,-0.00032702,0.0010118,-7.43E-05,0.0036391,,0.0410864,-0.00523232
0.0017179,0.22242,0.5,2.8098,-0.0074,-0.017891,1.0361,0.22242,0.5,2.8098,0.00062809,9.87E-05,-0.00036354,0.00079639,-6.13E-05,0.0020114,,0.0274864,-0.00581664
0.0017616,0.24993,0.5,2.8098,-0.0074525,-0.01559,1.0563,0.24993,0.5,2.8098,0.00068809,7.53E-05,-0.00024014,0.00082336,0.00022784,0.0020118,,0.0281856,-0.00384224
0.0016299,0.27629,0.5,2.8098,-0.0096957,-0.017804,1.0687,0.27629,0.5,2.8098,0.00069292,1.71E-05,-3.91E-05,0.00081241,7.34E-05,0.0017545,,0.0260784,-0.000624896
0.001456,0.30154,0.5,2.8098,-0.013648,-0.014572,1.0708,0.30154,0.5,2.8098,0.00063363,9.05E-05,-0.00018564,0.00089494,-0.00040778,0.0013833,,0.023296,-0.00297024
0.0017114,0.32572,0.5,2.8098,-0.019243,-0.012877,1.0707,0.32572,0.5,2.8098,0.00060984,0.00032862,-0.00056785,0.00088862,-0.00081734,0.0019243,,0.0273824,-0.0090856
0.0019608,0.34887,0.5,2.8098,-0.025153,-0.011608,1.0683,0.34887,0.5,2.8098,0.00072037,0.00047249,-0.00081701,0.00085763,-0.00090241,0.0023437,,0.0313728,-0.01307216
0.0019006,0.37102,0.5,2.8098,-0.028857,-0.0084411,1.0643,0.37102,0.5,2.8098,0.00091559,0.00044277,-0.00074267,0.00078294,-0.00072285,0.0021027,,0.0304096,-0.01188272
0.0015493,0.39221,0.5,2.8098,-0.030909,-0.0074341,1.07,0.39221,0.5,2.8098,0.0010618,0.00027707,-0.00033507,0.00061427,-0.00019798,0.0014225,,0.0247888,-0.00536112
0.0017639,0.41248,0.5,2.8098,-0.032685,-0.0062823,1.073,0.41248,0.5,2.8098,0.0010485,0.00017174,-0.00014151,0.00064846,-0.00012358,0.0018308,,0.0282224,-0.00226416
0.0019901,0.43187,0.5,2.8098,-0.033964,-0.0067759,1.0726,0.43187,0.5,2.8098,0.00095987,0.00012482,1.77E-05,0.0010259,-0.00055753,0.0019944,,0.0318416,0.000282448
0.002072,0.4504,0.5,2.8098,-0.034579,-0.0078952,1.0715,0.4504,0.5,2.8098,0.00092699,8.27E-05,8.54E-05,0.0014254,-0.00082492,0.0017915,,0.033152,0.001366496
0.00214,0.46812,0.5,2.8098,-0.035144,-0.0096505,1.0687,0.46812,0.5,2.8098,0.00097648,-8.38E-06,-0.00023339,0.0015077,-0.0008053,0.0017957,,0.03424,-0.00373424
0.0019951,0.48504,0.5,2.8098,-0.036219,-0.011186,1.0743,0.48504,0.5,2.8098,0.001127,-0.0001705,-0.000289,0.0014374,-0.00064958,0.0014258,,0.0319216,-0.004624
0.0020207,0.50122,0.5,2.8098,-0.037245,-0.011752,1.0785,0.50122,0.5,2.8098,0.0013378,-0.00029611,-2.88E-05,0.001424,-0.000678,0.0012797,,0.0323312,-0.00046
0.0021372,0.51667,0.5,2.8098,-0.037414,-0.011302,1.0777,0.51667,0.5,2.8098,0.0014971,-0.00031704,0.00026203,0.0014274,-0.00067063,0.00135,,0.0341952,0.00419248
0.002154,0.53142,0.5,2.8098,-0.037397,-0.011489,1.0723,0.53142,0.5,2.8098,0.0015447,-0.00025282,0.00044482,0.0014247,-0.00049604,0.0013385,,0.034464,0.00711712
0.002262,0.54551,0.5,2.8098,-0.037781,-0.014252,1.0728,0.54551,0.5,2.8098,0.0015704,-0.00017964,0.00032517,0.0013906,-0.00054665,0.001563,,0.036192,0.00520272
0.0021643,0.55896,0.5,2.8098,-0.038307,-0.016697,1.0769,0.55896,0.5,2.8098,0.001688,-0.00014448,0.00011916,0.001261,-0.00038024,0.0013796,,0.0346288,0.00190656
0.0018918,0.5718,0.5,2.8098,-0.038924,-0.018575,1.081,0.5718,0.5,2.8098,0.0018564,-7.85E-05,4.86E-05,0.0010274,-0.00019492,0.0008997,,0.0302688,0.000777424
0.0018412,0.58405,0.5,2.8098,-0.039467,-0.020224,1.0835,0.58405,0.5,2.8098,0.0019922,-2.34E-05,-1.76E-05,0.00082325,-5.59E-05,0.00086689,,0.0294592,-0.00028208
0.0018472,0.59575,0.5,2.8098,-0.039573,-0.022008,1.0843,0.59575,0.5,2.8098,0.0020958,-3.11E-05,-0.00013246,0.00072131,0.00023206,0.00087729,,0.0295552,-0.00211936
0.0018107,0.6069,0.5,2.8098,-0.03923,-0.025088,1.0838,0.6069,0.5,2.8098,0.0021747,-6.49E-05,-9.78E-05,0.00058952,0.00025022,0.00085723,,0.0289712,-0.001564352
0.0016971,0.61755,0.5,2.8098,-0.038884,-0.027698,1.08,0.61755,0.5,2.8098,0.0022256,-0.00010044,6.68E-05,0.00042266,0.00015445,0.00074589,,0.0271536,0.001069392
0.0017042,0.6277,0.5,2.8098,-0.038875,-0.028729,1.0762,0.6277,0.5,2.8098,0.0022679,-0.00010118,0.00019873,0.00037037,6.30E-05,0.00077021,,0.0272672,0.00317968
0.0018029,0.63738,0.5,2.8098,-0.038947,-0.028323,1.0737,0.63738,0.5,2.8098,0.0023074,-0.00012547,0.00032822,0.00043825,3.33E-05,0.00086004,,0.0288464,0.00525152
0.0019766,0.64661,0.5,2.8098,-0.038834,-0.027746,1.0734,0.64661,0.5,2.8098,0.0023533,-0.00018669,0.00046596,0.00053686,-3.27E-05,0.001063,,0.0316256,0.00745536
0.0022309,0.65542,0.5,2.8098,-0.038645,-0.027734,1.0717,0.65542,0.5,2.8098,0.0024432,-0.00026883,0.00066865,0.00061856,-0.0001735,0.0014,,0.0356944,0.0106984
0.0024534,0.66381,0.5,2.8098,-0.03856,-0.027977,1.0693,0.66381,0.5,2.8098,0.0025813,-0.00036083,0.00091027,0.00067613,-0.00032255,0.0016494,,0.0392544,0.01456432
0.0026184,0.67207,0.5,2.8098,-0.03868,-0.028623,1.068,0.67207,0.5,2.8098,0.0027248,-0.00044053,0.0011034,0.000725,-0.00047021,0.0017871,,0.0418944,0.0176544
0.0027613,0.68032,0.5,2.8098,-0.038933,-0.029312,1.0677,0.68032,0.5,2.8098,0.0028368,-0.00050522,0.0012678,0.00076989,-0.00060819,0.001916,,0.0441808,0.0202848
0.002925,0.68858,0.5,2.8098,-0.039109,-0.029694,1.0685,0.68858,0.5,2.8098,0.0029041,-0.00054258,0.0013946,0.00082319,-0.00075005,0.0021227,,0.0468,0.0223136
0.0030463,0.69683,0.5,2.8098,-0.039043,-0.029423,1.0686,0.69683,0.5,2.8098,0.0029114,-0.00056314,0.0015293,0.00089797,-0.0008397,0.0022832,,0.0487408,0.0244688
0.0031095,0.70509,0.5,2.8098,-0.038699,-0.028563,1.0677,0.70509,0.5,2.8098,0.0028453,-0.00057656,0.0016705,0.00098098,-0.0008703,0.0023926,,0.049752,0.026728
0.0031184,0.71335,0.5,2.8098,-0.038172,-0.027235,1.0663,0.71335,0.5,2.8098,0.002716,-0.00058778,0.0017516,0.0010746,-0.00087064,0.0024463,,0.0498944,0.0280256
0.0030822,0.7216,0.5,2.8098,-0.037569,-0.025785,1.0648,0.7216,0.5,2.8098,0.0025462,-0.00058724,0.0017473,0.0011603,-0.00085037,0.0024578,,0.0493152,0.0279568
0.0030071,0.72986,0.5,2.8098,-0.036891,-0.024522,1.063,0.72986,0.5,2.8098,0.0023609,-0.0005693,0.0016594,0.0012389,-0.00083077,0.0024143,,0.0481136,0.0265504
0.002912,0.73811,0.5,2.8098,-0.036098,-0.02347,1.0604,0.73811,0.5,2.8098,0.0021814,-0.00053471,0.0014878,0.0013324,-0.00080882,0.0023103,,0.046592,0.0238048
0.0028294,0.74637,0.5,2.8098,-0.035141,-0.022653,1.0566,0.74637,0.5,2.8098,0.0020247,-0.00049085,0.0012711,0.00145,-0.00081478,0.0021841,,0.0452704,0.0203376
0.0027977,0.75463,0.5,2.8098,-0.033947,-0.022311,1.052,0.75463,0.5,2.8098,0.0019064,-0.00045191,0.001069,0.0015785,-0.00086319,0.0021106,,0.0447632,0.017104
0.002815,0.76288,0.5,2.8098,-0.032424,-0.022883,1.0476,0.76288,0.5,2.8098,0.00183,-0.00041961,0.00092698,0.0016896,-0.00093402,0.0021103,,0.04504,0.01483168
0.0028336,0.77114,0.5,2.8098,-0.030592,-0.024166,1.0443,0.77114,0.5,2.8098,0.0017834,-0.00039973,0.0008232,0.0017629,-0.00095225,0.0021209,,0.0453376,0.0131712
0.0028189,0.7794,0.5,2.8098,-0.028759,-0.025357,1.0424,0.7794,0.5,2.8098,0.0017503,-0.00039453,0.00072287,0.0017865,-0.00089534,0.002101,,0.0451024,0.01156592
0.0027788,0.78765,0.5,2.8098,-0.027293,-0.025695,1.0414,0.78765,0.5,2.8098,0.0017149,-0.00040045,0.00064395,0.0017785,-0.00083068,0.0020642,,0.0444608,0.0103032
0.0026912,0.79591,0.5,2.8098,-0.026283,-0.024784,1.0412,0.79591,0.5,2.8098,0.0016648,-0.00041088,0.00057971,0.0017626,-0.000805,0.001955,,0.0430592,0.00927536
0.0025464,0.80416,0.5,2.8098,-0.025583,-0.022884,1.0409,0.80416,0.5,2.8098,0.001604,-0.00041339,0.00049764,0.0017319,-0.00083226,0.0017569,,0.0407424,0.00796224
0.0024098,0.81242,0.5,2.8098,-0.02502,-0.020644,1.0399,0.81242,0.5,2.8098,0.0015482,-0.00038851,0.00037891,0.0016726,-0.00090601,0.0015988,,0.0385568,0.00606256
0.0023209,0.82068,0.5,2.8098,-0.024507,-0.01849,1.0389,0.82068,0.5,2.8098,0.0015054,-0.0003275,0.0002877,0.0015817,-0.00098315,0.0015546,,0.0371344,0.0046032
0.0022692,0.82893,0.5,2.8098,-0.024051,-0.016592,1.0392,0.82893,0.5,2.8098,0.0014699,-0.00024304,0.00026048,0.0014805,-0.00098397,0.001588,,0.0363072,0.00416768
0.0051332,0.030909,0.5,2.8449,-0.00070668,0.0053661,0.73769,0.030909,0.5,2.8449,0.00028688,0.00019358,-0.00028658,0.0023197,-5.14E-06,0.0076597,,0.0821312,-0.00458528
0.0053378,0.066184,0.5,2.8449,1.55E-06,0.0070003,0.84975,0.066184,0.5,2.8449,0.00067529,0.00040915,-0.0006791,0.0028617,-6.84E-05,0.0071385,,0.0854048,-0.0108656
0.0043243,0.10006,0.5,2.8449,0.0021165,0.0097373,0.91072,0.10006,0.5,2.8449,0.00091341,0.00056475,-0.00030605,0.0025547,0.00066528,0.0051805,,0.0691888,-0.0048968
0.0059248,0.13258,0.5,2.8449,0.0024689,0.0029671,0.93537,0.13258,0.5,2.8449,0.00086248,0.00064923,9.99E-05,0.0021038,0.0014022,0.0088833,,0.0947968,0.001598096
0.0053958,0.16379,0.5,2.8449,-0.00070646,-0.012288,0.97103,0.16379,0.5,2.8449,0.00056771,0.00036494,-0.0001684,0.001601,0.00075947,0.0086229,,0.0863328,-0.0026944
0.0025715,0.19372,0.5,2.8449,-0.0056275,-0.020681,1.0212,0.19372,0.5,2.8449,0.00051733,8.85E-05,-0.00031334,0.00095573,-9.05E-05,0.00367,,0.041144,-0.00501344
0.0017401,0.22242,0.5,2.8449,-0.0075577,-0.018083,1.0358,0.22242,0.5,2.8449,0.00065062,9.14E-05,-0.00036018,0.00077453,-7.47E-05,0.0020552,,0.0278416,-0.00576288
0.0017545,0.24993,0.5,2.8449,-0.0075819,-0.015663,1.056,0.24993,0.5,2.8449,0.00069862,0.00010513,-0.00023661,0.00083087,0.00020967,0.0019796,,0.028072,-0.00378576
0.0016419,0.27629,0.5,2.8449,-0.0097377,-0.017745,1.0683,0.27629,0.5,2.8449,0.00069606,4.41E-05,-2.15E-05,0.00081096,4.50E-05,0.0017768,,0.0262704,-0.000343472
0.0014868,0.30154,0.5,2.8449,-0.013728,-0.014611,1.0708,0.30154,0.5,2.8449,0.00065069,0.00010521,-0.00017805,0.00087673,-0.00047044,0.0014461,,0.0237888,-0.0028488
0.0017222,0.32572,0.5,2.8449,-0.019376,-0.012856,1.0712,0.32572,0.5,2.8449,0.00062495,0.0003582,-0.00056874,0.0008935,-0.0008448,0.001926,,0.0275552,-0.00909984
0.001917,0.34887,0.5,2.8449,-0.025211,-0.011377,1.0682,0.34887,0.5,2.8449,0.00071345,0.00050159,-0.00079728,0.00085249,-0.00086817,0.0022681,,0.030672,-0.01275648
0.0018376,0.37102,0.5,2.8449,-0.028791,-0.0081599,1.0639,0.37102,0.5,2.8449,0.00089796,0.00045666,-0.00072809,0.00075971,-0.00066771,0.0020175,,0.0294016,-0.01164944
0.001524,0.39221,0.5,2.8449,-0.030752,-0.007147,1.07,0.39221,0.5,2.8449,0.0010349,0.00028188,-0.00033898,0.00061442,-0.00017,0.0013987,,0.024384,-0.00542368
0.0017176,0.41248,0.5,2.8449,-0.032465,-0.0061727,1.073,0.41248,0.5,2.8449,0.0010085,0.00017115,-0.00015089,0.00067196,-0.00011551,0.0017548,,0.0274816,-0.00241424
0.0019779,0.43187,0.5,2.8449,-0.033766,-0.0069533,1.0724,0.43187,0.5,2.8449,0.00091556,0.0001332,4.63E-07,0.0010434,-0.00056778,0.0019969,,0.0316464,7.40144E-06
0.0020872,0.4504,0.5,2.8449,-0.034488,-0.0081869,1.0716,0.4504,0.5,2.8449,0.00090394,8.13E-05,9.36E-05,0.0014414,-0.00083126,0.0018291,,0.0333952,0.001498192
0.0021513,0.46812,0.5,2.8449,-0.035159,-0.0098019,1.0692,0.46812,0.5,2.8449,0.00096998,-2.68E-05,-0.00019992,0.0015624,-0.00077978,0.0017702,,0.0344208,-0.00319872
0.0020704,0.48504,0.5,2.8449,-0.036277,-0.011217,1.0748,0.48504,0.5,2.8449,0.0011118,-0.00018265,-0.00026895,0.0015166,-0.0006446,0.0015125,,0.0331264,-0.0043032
0.0020979,0.50122,0.5,2.8449,-0.037245,-0.011732,1.0783,0.50122,0.5,2.8449,0.0013229,-0.00031094,-1.36E-05,0.0015025,-0.00070037,0.0013704,,0.0335664,-0.00021808
0.0022092,0.51667,0.5,2.8449,-0.037334,-0.011348,1.077,0.51667,0.5,2.8449,0.0015061,-0.00032896,0.0002872,0.0015024,-0.00067235,0.0014098,,0.0353472,0.0045952
0.0022269,0.53142,0.5,2.8449,-0.037359,-0.011858,1.0722,0.53142,0.5,2.8449,0.0016024,-0.00027616,0.00048017,0.001466,-0.00049946,0.0013854,,0.0356304,0.00768272
0.0022736,0.54551,0.5,2.8449,-0.037901,-0.014657,1.0736,0.54551,0.5,2.8449,0.001643,-0.00020561,0.00030897,0.0013868,-0.00054666,0.0015174,,0.0363776,0.00494352
0.0020972,0.55896,0.5,2.8449,-0.038542,-0.016928,1.0779,0.55896,0.5,2.8449,0.0017204,-0.00014715,5.49E-05,0.0011968,-0.00038239,0.0012772,,0.0335552,0.000877728
0.0018048,0.5718,0.5,2.8449,-0.039111,-0.018796,1.0816,0.5718,0.5,2.8449,0.001841,-6.96E-05,-7.71E-07,0.00091729,-0.00018583,0.00085121,,0.0288768,-1.23338E-05
0.0017647,0.58405,0.5,2.8449,-0.039506,-0.0204,1.084,0.58405,0.5,2.8449,0.0019472,-3.32E-05,-5.76E-05,0.00071096,-4.57E-05,0.00087123,,0.0282352,-0.000922032
0.0017593,0.59575,0.5,2.8449,-0.039483,-0.022192,1.0845,0.59575,0.5,2.8449,0.0020462,-6.08E-05,-0.00017677,0.00062687,0.00021016,0.00084554,,0.0281488,-0.00282832
0.0017292,0.6069,0.5,2.8449,-0.039076,-0.025257,1.083,0.6069,0.5,2.8449,0.0021431,-9.15E-05,-0.00013613,0.00052454,0.0002289,0.00079084,,0.0276672,-0.00217808
0.0016536,0.61755,0.5,2.8449,-0.038701,-0.027763,1.079,0.61755,0.5,2.8449,0.002214,-0.00011698,3.81E-05,0.00039533,0.00013311,0.00069782,,0.0264576,0.000608848
0.0016783,0.6277,0.5,2.8449,-0.038662,-0.028638,1.0755,0.6277,0.5,2.8449,0.0022577,-0.00011703,0.00019592,0.00037124,3.63E-05,0.00072762,,0.0268528,0.00313472
0.0017807,0.63738,0.5,2.8449,-0.038736,-0.028139,1.0733,0.63738,0.5,2.8449,0.0022948,-0.00014054,0.00034632,0.00044023,2.03E-06,0.0008263,,0.0284912,0.00554112
0.0019768,0.64661,0.5,2.8449,-0.038698,-0.027647,1.0728,0.64661,0.5,2.8449,0.0023537,-0.00019004,0.00047846,0.00052077,-7.85E-05,0.001079,,0.0316288,0.00765536
0.0022391,0.65542,0.5,2.8449,-0.038612,-0.027708,1.0708,0.65542,0.5,2.8449,0.0024569,-0.00026017,0.00067413,0.00058465,-0.00021957,0.0014366,,0.0358256,0.01078608
0.0024362,0.66381,0.5,2.8449,-0.038592,-0.028055,1.0687,0.66381,0.5,2.8449,0.0025986,-0.00035281,0.00089446,0.00063471,-0.00036167,0.0016392,,0.0389792,0.01431136
0.0025904,0.67207,0.5,2.8449,-0.038719,-0.028829,1.0679,0.67207,0.5,2.8449,0.0027425,-0.00044347,0.0010804,0.00068357,-0.00050557,0.0017548,,0.0414464,0.0172864
0.0027482,0.68032,0.5,2.8449,-0.038917,-0.029596,1.0679,0.68032,0.5,2.8449,0.0028493,-0.00051887,0.001256,0.00073756,-0.0006405,0.0019095,,0.0439712,0.020096
0.0029221,0.68858,0.5,2.8449,-0.039014,-0.029958,1.0686,0.68858,0.5,2.8449,0.0029094,-0.00056285,0.0013884,0.00080597,-0.00077228,0.0021289,,0.0467536,0.0222144
0.003043,0.69683,0.5,2.8449,-0.038875,-0.029582,1.0684,0.69683,0.5,2.8449,0.0029205,-0.00058637,0.0015182,0.00088989,-0.00084209,0.0022756,,0.048688,0.0242912
0.0031003,0.70509,0.5,2.8449,-0.038482,-0.028624,1.0674,0.70509,0.5,2.8449,0.0028714,-0.00059951,0.0016457,0.00097537,-0.00085361,0.002354,,0.0496048,0.0263312
0.0031148,0.71335,0.5,2.8449,-0.037928,-0.027291,1.0661,0.71335,0.5,2.8449,0.0027609,-0.00060549,0.0017262,0.0010683,-0.00084029,0.0024004,,0.0498368,0.0276192
0.0030873,0.7216,0.5,2.8449,-0.037293,-0.025941,1.0647,0.7216,0.5,2.8449,0.0026034,-0.00059845,0.0017312,0.0011547,-0.00081356,0.0024165,,0.0493968,0.0276992
0.0030203,0.72986,0.5,2.8449,-0.03658,-0.024777,1.063,0.72986,0.5,2.8449,0.0024214,-0.00057668,0.0016539,0.0012425,-0.0007952,0.0023767,,0.0483248,0.0264624
0.0029357,0.73811,0.5,2.8449,-0.035773,-0.023748,1.0606,0.73811,0.5,2.8449,0.0022383,-0.00053708,0.0014887,0.0013543,-0.00077779,0.0022788,,0.0469712,0.0238192
0.002857,0.74637,0.5,2.8449,-0.034803,-0.022861,1.0569,0.74637,0.5,2.8449,0.002074,-0.00048623,0.0012702,0.0014888,-0.00079053,0.0021511,,0.045712,0.0203232
0.0028213,0.75463,0.5,2.8449,-0.033534,-0.02244,1.0521,0.75463,0.5,2.8449,0.0019418,-0.00044243,0.0010596,0.0016216,-0.00084318,0.0020791,,0.0451408,0.0169536
0.0028292,0.76288,0.5,2.8449,-0.031903,-0.022963,1.0475,0.76288,0.5,2.8449,0.0018444,-0.00040818,0.00091286,0.0017232,-0.00091073,0.0020908,,0.0452672,0.01460576
0.0028328,0.77114,0.5,2.8449,-0.030064,-0.024219,1.0443,0.77114,0.5,2.8449,0.0017775,-0.00038866,0.00081247,0.001776,-0.00092032,0.0021121,,0.0453248,0.01299952
0.0027975,0.7794,0.5,2.8449,-0.028341,-0.025382,1.0424,0.7794,0.5,2.8449,0.0017319,-0.00038892,0.00071891,0.001775,-0.00086542,0.002088,,0.04476,0.01150256
0.0027381,0.78765,0.5,2.8449,-0.026992,-0.025635,1.0414,0.78765,0.5,2.8449,0.0016909,-0.00040056,0.00064202,0.0017446,-0.00082223,0.0020407,,0.0438096,0.01027232
0.00264,0.79591,0.5,2.8449,-0.026075,-0.0246,1.0411,0.79591,0.5,2.8449,0.0016393,-0.00040681,0.00057115,0.0017118,-0.00082249,0.0019289,,0.04224,0.0091384
0.0025048,0.80416,0.5,2.8449,-0.025431,-0.022603,1.0408,0.80416,0.5,2.8449,0.001581,-0.00039441,0.00048218,0.0016791,-0.00087055,0.0017495,,0.0400768,0.00771488
0.0023921,0.81242,0.5,2.8449,-0.024863,-0.02033,1.0399,0.81242,0.5,2.8449,0.0015369,-0.00035314,0.00036111,0.0016391,-0.00095308,0.0016082,,0.0382736,0.00577776
0.0023276,0.82068,0.5,2.8449,-0.024361,-0.018162,1.039,0.82068,0.5,2.8449,0.0015139,-0.00028606,0.00026994,0.0015801,-0.0010223,0.0015611,,0.0372416,0.00431904
0.0022905,0.82893,0.5,2.8449,-0.023974,-0.016229,1.0393,0.82893,0.5,2.8449,0.0014933,-0.00020913,0.00023807,0.0015071,-0.0010054,0.0015806,,0.036648,0.00380912
0.0050777,0.030909,0.5,2.8799,-0.000852,0.0053088,0.73799,0.030909,0.5,2.8799,0.00029025,0.0002058,-0.00027249,0.0023404,-2.64E-05,0.0075248,,0.0812432,-0.00435984
0.0052637,0.066184,0.5,2.8799,-0.00023845,0.0072888,0.85013,0.066184,0.5,2.8799,0.00067203,0.00041124,-0.00064423,0.0028636,-7.48E-05,0.0069918,,0.0842192,-0.01030768
0.0043253,0.10006,0.5,2.8799,0.0019106,0.010109,0.911,0.10006,0.5,2.8799,0.00091553,0.00055196,-0.00029549,0.0025473,0.00067708,0.0051878,,0.0692048,-0.00472784
0.0059835,0.13258,0.5,2.8799,0.0022309,0.0031513,0.93506,0.13258,0.5,2.8799,0.00089931,0.00064499,0.00010763,0.0020979,0.0014762,0.0089698,,0.095736,0.00172208
0.0053768,0.16379,0.5,2.8799,-0.00097431,-0.012056,0.97045,0.16379,0.5,2.8799,0.00060046,0.00038923,-0.00012296,0.0015389,0.00082718,0.0086143,,0.0860288,-0.00196736
0.0025648,0.19372,0.5,2.8799,-0.0057744,-0.020643,1.0208,0.19372,0.5,2.8799,0.00053189,0.00010273,-0.00028853,0.00089496,-9.21E-05,0.0037027,,0.0410368,-0.00461648
0.0017638,0.22242,0.5,2.8799,-0.0076741,-0.018294,1.0355,0.22242,0.5,2.8799,0.00066815,7.61E-05,-0.00034222,0.00076194,-0.00010048,0.0020975,,0.0282208,-0.00547552
0.0017472,0.24993,0.5,2.8799,-0.0076899,-0.015797,1.0557,0.24993,0.5,2.8799,0.00069708,0.00010723,-0.0002142,0.00083632,0.00018307,0.0019611,,0.0279552,-0.0034272
0.0016385,0.27629,0.5,2.8799,-0.0097662,-0.017664,1.0679,0.27629,0.5,2.8799,0.00068273,6.73E-05,-6.25E-06,0.0008026,5.24E-06,0.0017917,,0.026216,-0.000100026
0.001503,0.30154,0.5,2.8799,-0.013766,-0.014619,1.0709,0.30154,0.5,2.8799,0.0006581,0.00012686,-0.000179,0.00085304,-0.00052816,0.0014948,,0.024048,-0.002864
0.001742,0.32572,0.5,2.8799,-0.019433,-0.012847,1.0716,0.32572,0.5,2.8799,0.00065864,0.00037096,-0.00057893,0.00089424,-0.00087645,0.0019312,,0.027872,-0.00926288
0.0019121,0.34887,0.5,2.8799,-0.025186,-0.011184,1.0681,0.34887,0.5,2.8799,0.00074269,0.00050936,-0.00079691,0.00087224,-0.00085184,0.0022093,,0.0305936,-0.01275056
0.0018026,0.37102,0.5,2.8799,-0.028673,-0.0078839,1.0636,0.37102,0.5,2.8799,0.00089889,0.00046124,-0.00073876,0.00077275,-0.00064278,0.0019337,,0.0288416,-0.01182016
0.0015052,0.39221,0.5,2.8799,-0.030575,-0.0068257,1.07,0.39221,0.5,2.8799,0.0010233,0.0002869,-0.0003632,0.0006286,-0.00018484,0.0013586,,0.0240832,-0.0058112
0.0016766,0.41248,0.5,2.8799,-0.032242,-0.0060268,1.073,0.41248,0.5,2.8799,0.0010009,0.00015359,-0.0001632,0.00070108,-0.00013921,0.0016511,,0.0268256,-0.0026112
0.0019297,0.43187,0.5,2.8799,-0.033559,-0.0071276,1.0724,0.43187,0.5,2.8799,0.00091041,0.00010912,-5.39E-06,0.0010558,-0.00055996,0.0018933,,0.0308752,-8.63024E-05
0.0020774,0.4504,0.5,2.8799,-0.034337,-0.0084262,1.0718,0.4504,0.5,2.8799,0.00092109,5.57E-05,9.61E-05,0.0014321,-0.00080173,0.0018015,,0.0332384,0.001537776
0.0021529,0.46812,0.5,2.8799,-0.035076,-0.0098571,1.0696,0.46812,0.5,2.8799,0.0010144,-5.75E-05,-0.00017473,0.0015615,-0.00077503,0.0017299,,0.0344464,-0.00279568
0.0021184,0.48504,0.5,2.8799,-0.036249,-0.011184,1.0752,0.48504,0.5,2.8799,0.0011406,-0.00019505,-0.00025458,0.0015316,-0.00067626,0.0015646,,0.0338944,-0.00407328
0.0021538,0.50122,0.5,2.8799,-0.037182,-0.011715,1.0781,0.50122,0.5,2.8799,0.0013218,-0.00032058,-4.44E-06,0.0015445,-0.000747,0.0014413,,0.0344608,-7.11008E-05
0.0022509,0.51667,0.5,2.8799,-0.037227,-0.011457,1.0764,0.51667,0.5,2.8799,0.0015044,-0.00033439,0.00030029,0.0015549,-0.00069892,0.0014425,,0.0360144,0.00480464
0.002281,0.53142,0.5,2.8799,-0.037307,-0.012234,1.0724,0.53142,0.5,2.8799,0.0016368,-0.00028815,0.00047701,0.0015158,-0.00049886,0.0014093,,0.036496,0.00763216
0.0023231,0.54551,0.5,2.8799,-0.037942,-0.015068,1.0747,0.54551,0.5,2.8799,0.0017094,-0.00023256,0.00028033,0.0014645,-0.00052902,0.0014724,,0.0371696,0.00448528
0.002117,0.55896,0.5,2.8799,-0.03863,-0.017218,1.0789,0.55896,0.5,2.8799,0.0017713,-0.00016116,1.38E-05,0.0012763,-0.00036941,0.0011864,,0.033872,0.00022
0.0018339,0.5718,0.5,2.8799,-0.039186,-0.018995,1.0823,0.5718,0.5,2.8799,0.0018628,-7.89E-05,-2.16E-05,0.00097312,-0.00015997,0.00083196,,0.0293424,-0.000345584
0.0018051,0.58405,0.5,2.8799,-0.039524,-0.020484,1.0845,0.58405,0.5,2.8799,0.0019522,-6.20E-05,-6.45E-05,0.00074855,-2.07E-05,0.00090954,,0.0288816,-0.00103208
0.0017474,0.59575,0.5,2.8799,-0.039418,-0.022348,1.0845,0.59575,0.5,2.8799,0.0020266,-9.71E-05,-0.00018848,0.00064309,0.00019667,0.00082506,,0.0279584,-0.00301568
0.001676,0.6069,0.5,2.8799,-0.038917,-0.025463,1.0822,0.6069,0.5,2.8799,0.0020886,-0.00010831,-0.00014084,0.00052535,0.00020768,0.00073809,,0.026816,-0.00225344
0.0016137,0.61755,0.5,2.8799,-0.038489,-0.027842,1.0779,0.61755,0.5,2.8799,0.0021413,-0.00011409,4.69E-05,0.00040481,0.00011528,0.0006813,,0.0258192,0.000749664
0.0016589,0.6277,0.5,2.8799,-0.038466,-0.028502,1.0749,0.6277,0.5,2.8799,0.0022045,-0.00011863,0.00021693,0.00039333,2.19E-05,0.00071993,,0.0265424,0.00347088
0.001786,0.63738,0.5,2.8799,-0.038575,-0.027933,1.0729,0.63738,0.5,2.8799,0.0022772,-0.00015533,0.00037088,0.0004549,-7.51E-06,0.0008398,,0.028576,0.00593408
0.0020089,0.64661,0.5,2.8799,-0.038564,-0.027575,1.0722,0.64661,0.5,2.8799,0.0023622,-0.00020327,0.00051301,0.00051159,-9.72E-05,0.0011441,,0.0321424,0.00820816
0.0022743,0.65542,0.5,2.8799,-0.03853,-0.027709,1.07,0.65542,0.5,2.8799,0.0024895,-0.00025971,0.00071294,0.00055466,-0.00024117,0.0015043,,0.0363888,0.01140704
0.0024517,0.66381,0.5,2.8799,-0.03857,-0.028125,1.0684,0.66381,0.5,2.8799,0.0026559,-0.00033983,0.00090316,0.00060319,-0.0003839,0.0016444,,0.0392272,0.01445056
0.0026023,0.67207,0.5,2.8799,-0.038699,-0.028973,1.0679,0.67207,0.5,2.8799,0.0028092,-0.00043012,0.0010648,0.00066649,-0.00053599,0.0017289,,0.0416368,0.0170368
0.0027629,0.68032,0.5,2.8799,-0.038862,-0.029784,1.0681,0.68032,0.5,2.8799,0.002903,-0.00051635,0.001222,0.00074005,-0.00067377,0.0018828,,0.0442064,0.019552
0.0029189,0.68858,0.5,2.8799,-0.03892,-0.030121,1.0687,0.68858,0.5,2.8799,0.0029326,-0.00057744,0.0013411,0.00081691,-0.00079129,0.0020883,,0.0467024,0.0214576
0.003016,0.69683,0.5,2.8799,-0.038729,-0.029652,1.0682,0.69683,0.5,2.8799,0.0029087,-0.00062276,0.0014671,0.00089462,-0.00084234,0.0022287,,0.048256,0.0234736
0.0030508,0.70509,0.5,2.8799,-0.038291,-0.028615,1.0669,0.70509,0.5,2.8799,0.0028346,-0.00065635,0.0015863,0.00097099,-0.00084205,0.0022959,,0.0488128,0.0253808
0.0030569,0.71335,0.5,2.8799,-0.037731,-0.027247,1.0657,0.71335,0.5,2.8799,0.0027159,-0.00067443,0.0016665,0.0010608,-0.00082311,0.0023371,,0.0489104,0.026664
0.0030394,0.7216,0.5,2.8799,-0.037132,-0.025896,1.0646,0.7216,0.5,2.8799,0.0025631,-0.00066772,0.0016803,0.0011576,-0.0007921,0.0023582,,0.0486304,0.0268848
0.0029959,0.72986,0.5,2.8799,-0.036458,-0.024739,1.0631,0.72986,0.5,2.8799,0.0023939,-0.00063491,0.0016149,0.0012693,-0.00077487,0.0023287,,0.0479344,0.0258384
0.0029368,0.73811,0.5,2.8799,-0.035646,-0.023733,1.0608,0.73811,0.5,2.8799,0.0022301,-0.0005738,0.0014592,0.0014023,-0.00076331,0.0022412,,0.0469888,0.0233472
0.0028738,0.74637,0.5,2.8799,-0.034613,-0.022902,1.0571,0.74637,0.5,2.8799,0.0020813,-0.00049704,0.0012497,0.0015458,-0.00078086,0.0021205,,0.0459808,0.0199952
0.0028415,0.75463,0.5,2.8799,-0.033272,-0.022615,1.0522,0.75463,0.5,2.8799,0.0019469,-0.00042838,0.0010459,0.0016759,-0.00083081,0.0020602,,0.045464,0.0167344
0.002844,0.76288,0.5,2.8799,-0.031571,-0.023286,1.0474,0.76288,0.5,2.8799,0.0018298,-0.00037123,0.00091162,0.0017675,-0.00088577,0.0020908,,0.045504,0.01458592
0.0028328,0.77114,0.5,2.8799,-0.029604,-0.024612,1.0442,0.77114,0.5,2.8799,0.0017413,-0.00033395,0.00082897,0.0018038,-0.00088157,0.0021205,,0.0453248,0.01326352
0.0027813,0.7794,0.5,2.8799,-0.027734,-0.025738,1.0423,0.7794,0.5,2.8799,0.0016864,-0.00032394,0.00074801,0.0017814,-0.00083388,0.0020947,,0.0445008,0.01196816
0.0027164,0.78765,0.5,2.8799,-0.02633,-0.025824,1.0413,0.78765,0.5,2.8799,0.0016528,-0.00033153,0.00066058,0.0017359,-0.00082116,0.002044,,0.0434624,0.01056928
0.002628,0.79591,0.5,2.8799,-0.025449,-0.024559,1.041,0.79591,0.5,2.8799,0.0016201,-0.00033818,0.00056236,0.0017045,-0.00085543,0.0019314,,0.042048,0.00899776
0.0025177,0.80416,0.5,2.8799,-0.024913,-0.022364,1.0408,0.80416,0.5,2.8799,0.0015844,-0.00033204,0.00045242,0.0016931,-0.00091951,0.001758,,0.0402832,0.00723872
0.0024306,0.81242,0.5,2.8799,-0.024547,-0.019987,1.04,0.81242,0.5,2.8799,0.0015606,-0.00030217,0.00032377,0.0016799,-0.00098978,0.0016208,,0.0388896,0.00518032
0.00238,0.82068,0.5,2.8799,-0.024237,-0.017805,1.0391,0.82068,0.5,2.8799,0.0015481,-0.00024593,0.00023054,0.0016375,-0.0010292,0.0015745,,0.03808,0.00368864
0.002345,0.82893,0.5,2.8799,-0.023896,-0.015877,1.0394,0.82893,0.5,2.8799,0.0015195,-0.00017827,0.00019241,0.0015793,-0.00098247,0.0015911,,0.03752,0.00307856
0.0050519,0.030909,0.5,2.9149,-0.0010385,0.0052774,0.73823,0.030909,0.5,2.9149,0.00029154,0.00022073,-0.0002558,0.0024253,-4.13E-05,0.0073871,,0.0808304,-0.0040928
0.0052429,0.066184,0.5,2.9149,-0.00053109,0.0075758,0.85046,0.066184,0.5,2.9149,0.00067005,0.00040316,-0.00061261,0.0029611,-6.07E-05,0.0068548,,0.0838864,-0.00980176
0.0043604,0.10006,0.5,2.9149,0.0016944,0.010407,0.91124,0.10006,0.5,2.9149,0.00093082,0.00052235,-0.00027869,0.0025641,0.00072865,0.0052259,,0.0697664,-0.00445904
0.0060189,0.13258,0.5,2.9149,0.0019945,0.0032967,0.93476,0.13258,0.5,2.9149,0.00093273,0.00061282,0.00012597,0.0020559,0.0015487,0.0090492,,0.0963024,0.00201552
0.0053434,0.16379,0.5,2.9149,-0.0012627,-0.011843,0.96991,0.16379,0.5,2.9149,0.0006152,0.00037602,-0.0001032,0.0014935,0.00090472,0.0085781,,0.0854944,-0.0016512
0.0025612,0.19372,0.5,2.9149,-0.0058997,-0.020601,1.0204,0.19372,0.5,2.9149,0.00053622,0.00010474,-0.00029108,0.00086275,-6.44E-05,0.0037235,,0.0409792,-0.00465728
0.0017925,0.22242,0.5,2.9149,-0.0077222,-0.018488,1.0353,0.22242,0.5,2.9149,0.00066883,6.31E-05,-0.00032472,0.00078446,-9.70E-05,0.0021318,,0.02868,-0.00519552
0.0017364,0.24993,0.5,2.9149,-0.0077673,-0.015943,1.0554,0.24993,0.5,2.9149,0.00067783,9.02E-05,-0.0001978,0.00083304,0.00018586,0.0019619,,0.0277824,-0.0031648
0.0016172,0.27629,0.5,2.9149,-0.0097982,-0.01759,1.0675,0.27629,0.5,2.9149,0.00065435,6.11E-05,-1.88E-05,0.00078916,-2.42E-05,0.001791,,0.0258752,-0.000300352
0.0015095,0.30154,0.5,2.9149,-0.013803,-0.014627,1.071,0.30154,0.5,2.9149,0.00063985,0.00014079,-0.00020294,0.00086731,-0.00056165,0.0015118,,0.024152,-0.00324704
0.0017606,0.32572,0.5,2.9149,-0.019476,-0.012859,1.072,0.32572,0.5,2.9149,0.00068093,0.00037633,-0.0006078,0.00087953,-0.00087965,0.0019607,,0.0281696,-0.0097248
0.0019119,0.34887,0.5,2.9149,-0.025143,-0.011027,1.0678,0.34887,0.5,2.9149,0.00080393,0.00049491,-0.00081632,0.0008408,-0.00082302,0.0021791,,0.0305904,-0.01306112
0.0017765,0.37102,0.5,2.9149,-0.028573,-0.0076064,1.0632,0.37102,0.5,2.9149,0.00093772,0.00044833,-0.00075541,0.00075506,-0.00064007,0.0018602,,0.028424,-0.01208656
0.0014974,0.39221,0.5,2.9149,-0.030442,-0.0064996,1.07,0.39221,0.5,2.9149,0.0010267,0.00027729,-0.00038625,0.00063666,-0.00021921,0.0013315,,0.0239584,-0.00618
0.0016778,0.41248,0.5,2.9149,-0.032056,-0.0058782,1.0729,0.41248,0.5,2.9149,0.0010066,0.00014014,-0.00015586,0.00072633,-0.0001758,0.0016227,,0.0268448,-0.00249376
0.0019043,0.43187,0.5,2.9149,-0.03338,-0.0072932,1.0723,0.43187,0.5,2.9149,0.00093386,8.66E-05,2.58E-05,0.0010839,-0.00056439,0.0017909,,0.0304688,0.000412192
0.0020478,0.4504,0.5,2.9149,-0.034222,-0.0086035,1.0719,0.4504,0.5,2.9149,0.0009548,2.30E-05,9.61E-05,0.0014252,-0.00075546,0.0017157,,0.0327648,0.001538288
0.0021079,0.46812,0.5,2.9149,-0.035027,-0.0098869,1.0701,0.46812,0.5,2.9149,0.0010572,-7.92E-05,-0.00017868,0.0015058,-0.00076293,0.0016528,,0.0337264,-0.00285888
0.0020935,0.48504,0.5,2.9149,-0.036211,-0.01117,1.0756,0.48504,0.5,2.9149,0.0011835,-0.00018713,-0.00025001,0.0014677,-0.00071631,0.0015357,,0.033496,-0.00400016
0.0021496,0.50122,0.5,2.9149,-0.037095,-0.011709,1.0779,0.50122,0.5,2.9149,0.0013548,-0.00030591,-4.11E-06,0.001499,-0.00078755,0.0014454,,0.0343936,-0.000065728
0.0022268,0.51667,0.5,2.9149,-0.037138,-0.011598,1.0758,0.51667,0.5,2.9149,0.0015219,-0.00032752,0.00029454,0.0015123,-0.00073573,0.0014193,,0.0356288,0.00471264
0.0022548,0.53142,0.5,2.9149,-0.037316,-0.012574,1.0727,0.53142,0.5,2.9149,0.0016314,-0.00026445,0.00043568,0.0014818,-0.00050892,0.0013966,,0.0360768,0.00697088
0.0023023,0.54551,0.5,2.9149,-0.038046,-0.015417,1.0758,0.54551,0.5,2.9149,0.0017112,-0.00020533,0.00023442,0.0014657,-0.00050274,0.0014277,,0.0368368,0.00375072
0.0021197,0.55896,0.5,2.9149,-0.038752,-0.0175,1.0798,0.55896,0.5,2.9149,0.0017997,-0.00014815,-1.58E-05,0.0013143,-0.00033849,0.0011254,,0.0339152,-0.000252944
0.0018872,0.5718,0.5,2.9149,-0.039232,-0.019167,1.0829,0.5718,0.5,2.9149,0.0019039,-8.56E-05,-3.44E-05,0.0010548,-0.00012019,0.00081567,,0.0301952,-0.000549936
0.0018919,0.58405,0.5,2.9149,-0.03944,-0.020545,1.085,0.58405,0.5,2.9149,0.0019831,-7.76E-05,-4.54E-05,0.0008611,3.55E-05,0.00093967,,0.0302704,-0.000727152
0.0018021,0.59575,0.5,2.9149,-0.03924,-0.022509,1.0845,0.59575,0.5,2.9149,0.0020285,-0.00010396,-0.00015729,0.00075084,0.00024024,0.00082481,,0.0288336,-0.00251664
0.0017045,0.6069,0.5,2.9149,-0.038737,-0.025639,1.0812,0.6069,0.5,2.9149,0.0020787,-0.00010661,-0.00010059,0.00060001,0.0002345,0.00073025,,0.027272,-0.00160944
0.0016558,0.61755,0.5,2.9149,-0.038388,-0.027841,1.077,0.61755,0.5,2.9149,0.0021393,-0.00011133,8.97E-05,0.00044669,0.00013622,0.00072574,,0.0264928,0.001435392
0.0016997,0.6277,0.5,2.9149,-0.038412,-0.028301,1.0743,0.6277,0.5,2.9149,0.0022013,-0.00012254,0.00025356,0.00041891,4.66E-05,0.00077922,,0.0271952,0.00405696
0.0018292,0.63738,0.5,2.9149,-0.038505,-0.027738,1.0723,0.63738,0.5,2.9149,0.0022658,-0.00016395,0.0004108,0.00047186,1.69E-05,0.00092067,,0.0292672,0.0065728
0.0020612,0.64661,0.5,2.9149,-0.038516,-0.027563,1.0714,0.64661,0.5,2.9149,0.0023601,-0.00021332,0.00057053,0.00051617,-8.81E-05,0.0012462,,0.0329792,0.00912848
0.0023323,0.65542,0.5,2.9149,-0.03854,-0.027803,1.0692,0.65542,0.5,2.9149,0.0025118,-0.00026466,0.00078567,0.00054807,-0.00024289,0.0016047,,0.0373168,0.01257072
0.0025057,0.66381,0.5,2.9149,-0.038578,-0.02831,1.0681,0.66381,0.5,2.9149,0.0026996,-0.00033053,0.00096772,0.00059508,-0.00038566,0.0017167,,0.0400912,0.01548352
0.0026575,0.67207,0.5,2.9149,-0.038633,-0.029225,1.0679,0.67207,0.5,2.9149,0.0028746,-0.0004091,0.0011183,0.0006596,-0.00053632,0.0017809,,0.04252,0.0178928
0.002816,0.68032,0.5,2.9149,-0.03869,-0.030047,1.0684,0.68032,0.5,2.9149,0.0029879,-0.00049051,0.0012525,0.00073472,-0.00067253,0.0019094,,0.045056,0.02004
0.0029433,0.68858,0.5,2.9149,-0.038645,-0.030303,1.0688,0.68858,0.5,2.9149,0.0030176,-0.00055688,0.0013407,0.00081073,-0.00077545,0.0020582,,0.0470928,0.0214512
0.0030125,0.69683,0.5,2.9149,-0.038388,-0.029698,1.0679,0.69683,0.5,2.9149,0.0029695,-0.00061202,0.0014418,0.00088769,-0.00081164,0.0021678,,0.0482,0.0230688
0.0030273,0.70509,0.5,2.9149,-0.037937,-0.028588,1.0666,0.70509,0.5,2.9149,0.002855,-0.00065289,0.0015383,0.00097307,-0.0008047,0.0022266,,0.0484368,0.0246128
0.0030215,0.71335,0.5,2.9149,-0.037394,-0.027251,1.0654,0.71335,0.5,2.9149,0.0026926,-0.0006754,0.0016095,0.0010787,-0.00078911,0.0022716,,0.048344,0.025752
0.0030038,0.7216,0.5,2.9149,-0.036794,-0.026014,1.0645,0.7216,0.5,2.9149,0.0025113,-0.00067217,0.0016262,0.0011941,-0.00076699,0.0023023,,0.0480608,0.0260192
0.0029718,0.72986,0.5,2.9149,-0.036115,-0.024967,1.0631,0.72986,0.5,2.9149,0.00234,-0.0006478,0.001562,0.0013235,-0.00075905,0.0022802,,0.0475488,0.024992
0.002932,0.73811,0.5,2.9149,-0.035312,-0.024015,1.0611,0.73811,0.5,2.9149,0.0021925,-0.00059699,0.001414,0.0014644,-0.0007531,0.0022071,,0.046912,0.022624
0.00289,0.74637,0.5,2.9149,-0.034265,-0.023154,1.0573,0.74637,0.5,2.9149,0.002064,-0.00052297,0.0012195,0.0016114,-0.00076424,0.0021045,,0.04624,0.019512
0.0028748,0.75463,0.5,2.9149,-0.03284,-0.022827,1.0522,0.75463,0.5,2.9149,0.0019456,-0.00044184,0.0010282,0.0017431,-0.00079775,0.0020609,,0.0459968,0.0164512
0.002882,0.76288,0.5,2.9149,-0.031038,-0.023458,1.0473,0.76288,0.5,2.9149,0.0018378,-0.00036108,0.00090197,0.0018315,-0.00083054,0.0020948,,0.046112,0.01443152
0.0028648,0.77114,0.5,2.9149,-0.029099,-0.024729,1.0441,0.77114,0.5,2.9149,0.0017537,-0.00029973,0.00082573,0.001859,-0.0008186,0.0021169,,0.0458368,0.01321168
0.0028139,0.7794,0.5,2.9149,-0.02739,-0.025782,1.0423,0.7794,0.5,2.9149,0.0017056,-0.00027198,0.00074796,0.001827,-0.00079108,0.0020952,,0.0450224,0.01196736
0.0027584,0.78765,0.5,2.9149,-0.026153,-0.025732,1.0413,0.78765,0.5,2.9149,0.001684,-0.00027217,0.00065118,0.0017771,-0.00081502,0.0020558,,0.0441344,0.01041888
0.0026747,0.79591,0.5,2.9149,-0.025401,-0.024306,1.0411,0.79591,0.5,2.9149,0.0016623,-0.00028335,0.00053903,0.001746,-0.00087652,0.0019412,,0.0427952,0.00862448
0.0025599,0.80416,0.5,2.9149,-0.024941,-0.022011,1.0409,0.80416,0.5,2.9149,0.0016311,-0.00029149,0.00042096,0.0017309,-0.00094079,0.0017578,,0.0409584,0.00673536
0.0024602,0.81242,0.5,2.9149,-0.024558,-0.019632,1.0402,0.81242,0.5,2.9149,0.0016046,-0.00027692,0.00028852,0.0016942,-0.00099205,0.0016216,,0.0393632,0.00461632
0.0023984,0.82068,0.5,2.9149,-0.024189,-0.017459,1.0393,0.82068,0.5,2.9149,0.0015815,-0.00023214,0.00019216,0.0016258,-0.0010123,0.0015896,,0.0383744,0.00307456
0.0023624,0.82893,0.5,2.9149,-0.023811,-0.015478,1.0395,0.82893,0.5,2.9149,0.0015356,-0.00017684,0.00015139,0.0015762,-0.00095976,0.001613,,0.0377984,0.00242224
0.0050004,0.030909,0.5,2.9498,-0.0011684,0.0052391,0.73833,0.030909,0.5,2.9498,0.00030313,0.00023429,-0.00024037,0.0024652,-4.25E-05,0.0072325,,0.0800064,-0.00384592
0.0052239,0.066184,0.5,2.9498,-0.00077822,0.0078206,0.85071,0.066184,0.5,2.9498,0.00070252,0.00039061,-0.00058946,0.0030362,-2.79E-05,0.006709,,0.0835824,-0.00943136
0.0044,0.10006,0.5,2.9498,0.0014646,0.010627,0.91142,0.10006,0.5,2.9498,0.00096428,0.00046463,-0.00026928,0.0025844,0.00078247,0.0052514,,0.0704,-0.00430848
0.0060329,0.13258,0.5,2.9498,0.0017752,0.0034217,0.93448,0.13258,0.5,2.9498,0.00094455,0.00055411,0.00012868,0.0020311,0.0015793,0.0090902,,0.0965264,0.00205888
0.0053408,0.16379,0.5,2.9498,-0.0015169,-0.011582,0.96941,0.16379,0.5,2.9498,0.00063957,0.00034548,-0.0001232,0.0015069,0.00093862,0.0085352,,0.0854528,-0.0019712
0.0025827,0.19372,0.5,2.9498,-0.0060108,-0.020547,1.0199,0.19372,0.5,2.9498,0.0005602,9.53E-05,-0.00031728,0.00087621,-2.15E-05,0.003729,,0.0413232,-0.00507648
0.0018174,0.22242,0.5,2.9498,-0.007758,-0.01868,1.035,0.22242,0.5,2.9498,0.00065717,6.92E-05,-0.00031379,0.00081745,-4.91E-05,0.0021601,,0.0290784,-0.00502064
0.0017456,0.24993,0.5,2.9498,-0.0078489,-0.016052,1.0552,0.24993,0.5,2.9498,0.00066305,0.00010054,-0.00019735,0.00085002,0.00021997,0.0019782,,0.0279296,-0.0031576
0.0016232,0.27629,0.5,2.9498,-0.0098379,-0.017527,1.0672,0.27629,0.5,2.9498,0.00064499,5.31E-05,-4.16E-05,0.00081202,-2.70E-05,0.0017895,,0.0259712,-0.000664944
0.0015403,0.30154,0.5,2.9498,-0.013885,-0.014649,1.0711,0.30154,0.5,2.9498,0.00062195,0.00014297,-0.00023695,0.00092274,-0.0005835,0.001536,,0.0246448,-0.0037912
0.0017938,0.32572,0.5,2.9498,-0.01959,-0.012818,1.0722,0.32572,0.5,2.9498,0.00068348,0.00039727,-0.00065907,0.00088974,-0.00087087,0.0020143,,0.0287008,-0.01054512
0.00189,0.34887,0.5,2.9498,-0.025131,-0.010826,1.0675,0.34887,0.5,2.9498,0.00085079,0.00050059,-0.00083048,0.00078306,-0.00077478,0.0021462,,0.03024,-0.01328768
0.0017457,0.37102,0.5,2.9498,-0.028473,-0.0073535,1.0629,0.37102,0.5,2.9498,0.00097731,0.00044134,-0.00074473,0.0007067,-0.00062752,0.0018073,,0.0279312,-0.01191568
0.0015043,0.39221,0.5,2.9498,-0.030324,-0.0062319,1.0699,0.39221,0.5,2.9498,0.001028,0.00026464,-0.00039204,0.00063679,-0.00023588,0.0013439,,0.0240688,-0.00627264
0.0016836,0.41248,0.5,2.9498,-0.031888,-0.0057947,1.0727,0.41248,0.5,2.9498,0.00099599,0.00014304,-0.00013441,0.0007355,-0.00019185,0.0016358,,0.0269376,-0.00215056
0.0019003,0.43187,0.5,2.9498,-0.033191,-0.0074786,1.0722,0.43187,0.5,2.9498,0.00092668,9.11E-05,6.11E-05,0.0011235,-0.00058017,0.0017504,,0.0304048,0.000978032
0.0020099,0.4504,0.5,2.9498,-0.03412,-0.0087529,1.0721,0.4504,0.5,2.9498,0.00093414,2.38E-05,7.00E-05,0.0014548,-0.00071815,0.0016308,,0.0321584,0.00111944
0.0020466,0.46812,0.5,2.9498,-0.035027,-0.0099312,1.0704,0.46812,0.5,2.9498,0.0010389,-6.88E-05,-0.00022755,0.0014872,-0.00073786,0.001567,,0.0327456,-0.0036408
0.0020687,0.48504,0.5,2.9498,-0.036216,-0.011179,1.0759,0.48504,0.5,2.9498,0.0012023,-0.00017394,-0.00026196,0.0014381,-0.00074331,0.0014971,,0.0330992,-0.00419136
0.0021435,0.50122,0.5,2.9498,-0.037035,-0.011687,1.0775,0.50122,0.5,2.9498,0.0014008,-0.00028494,-5.35E-06,0.0014545,-0.000789,0.0014317,,0.034296,-0.000085608
0.002199,0.51667,0.5,2.9498,-0.037077,-0.011761,1.0753,0.51667,0.5,2.9498,0.0015658,-0.00031054,0.0002892,0.0014534,-0.00074249,0.0013789,,0.035184,0.0046272
0.0022174,0.53142,0.5,2.9498,-0.037368,-0.012912,1.0731,0.53142,0.5,2.9498,0.0016403,-0.00023016,0.00039297,0.0014088,-0.00052476,0.0013857,,0.0354784,0.00628752
0.0022274,0.54551,0.5,2.9498,-0.038191,-0.015668,1.0768,0.54551,0.5,2.9498,0.0016996,-0.00015745,0.0001847,0.0013442,-0.00048007,0.001411,,0.0356384,0.0029552
0.0020353,0.55896,0.5,2.9498,-0.038892,-0.017659,1.0805,0.55896,0.5,2.9498,0.0017941,-0.00011107,-3.57E-05,0.0011789,-0.00032049,0.0010976,,0.0325648,-0.000571392
0.0018311,0.5718,0.5,2.9498,-0.039294,-0.019264,1.0833,0.5718,0.5,2.9498,0.0019048,-7.13E-05,-6.00E-05,0.00098222,-0.00011602,0.00077518,,0.0292976,-0.000960304
0.001884,0.58405,0.5,2.9498,-0.039374,-0.020643,1.0855,0.58405,0.5,2.9498,0.0019979,-7.88E-05,-5.94E-05,0.00085624,7.00E-05,0.0009138,,0.030144,-0.000949936
0.0018231,0.59575,0.5,2.9498,-0.039069,-0.02273,1.0845,0.59575,0.5,2.9498,0.0020576,-0.00010498,-0.0001603,0.00078289,0.00027787,0.00080573,,0.0291696,-0.0025648
0.0017338,0.6069,0.5,2.9498,-0.038525,-0.02583,1.0803,0.6069,0.5,2.9498,0.0021156,-0.00011137,-9.93E-05,0.00063362,0.0002522,0.00071836,,0.0277408,-0.001588
0.0016879,0.61755,0.5,2.9498,-0.038168,-0.027855,1.0761,0.61755,0.5,2.9498,0.0021647,-0.00011767,0.00010217,0.0004579,0.00014655,0.00075318,,0.0270064,0.00163472
0.0017125,0.6277,0.5,2.9498,-0.038207,-0.02816,1.0737,0.6277,0.5,2.9498,0.002201,-0.00012482,0.00027365,0.0004193,4.94E-05,0.00080478,,0.0274,0.0043784
0.0018399,0.63738,0.5,2.9498,-0.038356,-0.027625,1.0718,0.63738,0.5,2.9498,0.0022512,-0.00015816,0.00043571,0.00047088,1.51E-06,0.00095767,,0.0294384,0.00697136
0.0020647,0.64661,0.5,2.9498,-0.038448,-0.027582,1.0707,0.64661,0.5,2.9498,0.0023333,-0.00020698,0.00059789,0.00050779,-0.00011734,0.0012883,,0.0330352,0.00956624
0.0023175,0.65542,0.5,2.9498,-0.038543,-0.027915,1.0687,0.65542,0.5,2.9498,0.0024633,-0.00026687,0.0008083,0.00053303,-0.00027034,0.0016387,,0.03708,0.0129328
0.0024871,0.66381,0.5,2.9498,-0.038622,-0.028523,1.068,0.66381,0.5,2.9498,0.0026393,-0.00034034,0.00097892,0.00057738,-0.00040384,0.0017576,,0.0397936,0.01566272
0.0026569,0.67207,0.5,2.9498,-0.038641,-0.029486,1.0679,0.67207,0.5,2.9498,0.0028214,-0.00041799,0.0011448,0.00063727,-0.00054552,0.0018551,,0.0425104,0.0183168
0.0028245,0.68032,0.5,2.9498,-0.038605,-0.030269,1.0685,0.68032,0.5,2.9498,0.0029577,-0.00048801,0.0012893,0.00071124,-0.00067218,0.0019801,,0.045192,0.0206288
0.0029376,0.68858,0.5,2.9498,-0.038468,-0.030394,1.0688,0.68858,0.5,2.9498,0.0030201,-0.00054156,0.0013708,0.00079212,-0.00075767,0.002063,,0.0470016,0.0219328
0.0030015,0.69683,0.5,2.9498,-0.038132,-0.029667,1.0676,0.69683,0.5,2.9498,0.0029999,-0.00058218,0.0014543,0.00087926,-0.00077942,0.0021238,,0.048024,0.0232688
0.0030247,0.70509,0.5,2.9498,-0.037625,-0.028495,1.0662,0.70509,0.5,2.9498,0.0028985,-0.00061001,0.001527,0.00098162,-0.00076415,0.0021693,,0.0483952,0.024432
0.0030287,0.71335,0.5,2.9498,-0.037071,-0.027141,1.0652,0.71335,0.5,2.9498,0.0027331,-0.00062478,0.0015915,0.0011006,-0.00075031,0.0022237,,0.0484592,0.025464
0.0030145,0.7216,0.5,2.9498,-0.036529,-0.025887,1.0644,0.7216,0.5,2.9498,0.0025377,-0.00062066,0.0016042,0.0012252,-0.00073163,0.0022661,,0.048232,0.0256672
0.0029819,0.72986,0.5,2.9498,-0.035934,-0.024811,1.0633,0.72986,0.5,2.9498,0.0023464,-0.00060391,0.0015306,0.001362,-0.00072311,0.0022553,,0.0477104,0.0244896
0.0029446,0.73811,0.5,2.9498,-0.035155,-0.023884,1.0612,0.73811,0.5,2.9498,0.0021803,-0.0005667,0.0013775,0.001508,-0.00071112,0.0022009,,0.0471136,0.02204
0.0029127,0.74637,0.5,2.9498,-0.034046,-0.023158,1.0573,0.74637,0.5,2.9498,0.0020418,-0.00050634,0.001191,0.0016628,-0.00071397,0.0021208,,0.0466032,0.019056
0.0029076,0.75463,0.5,2.9498,-0.032555,-0.023067,1.0521,0.75463,0.5,2.9498,0.0019226,-0.00043207,0.0010069,0.0018052,-0.00073941,0.0020874,,0.0465216,0.0161104
0.0029108,0.76288,0.5,2.9498,-0.03073,-0.023865,1.0472,0.76288,0.5,2.9498,0.0018192,-0.00035174,0.00087437,0.0019032,-0.00076856,0.0020992,,0.0465728,0.01398992
0.0028843,0.77114,0.5,2.9498,-0.028739,-0.025146,1.044,0.77114,0.5,2.9498,0.0017407,-0.0002858,0.00078542,0.0019331,-0.00076742,0.0020949,,0.0461488,0.01256672
0.0028368,0.7794,0.5,2.9498,-0.026943,-0.026061,1.0423,0.7794,0.5,2.9498,0.0016977,-0.00025288,0.00070431,0.0018957,-0.000766,0.0020802,,0.0453888,0.01126896
0.0027862,0.78765,0.5,2.9498,-0.02567,-0.025751,1.0413,0.78765,0.5,2.9498,0.0016795,-0.00025329,0.00061521,0.0018353,-0.00082174,0.0020575,,0.0445792,0.00984336
0.002692,0.79591,0.5,2.9498,-0.024935,-0.024081,1.0411,0.79591,0.5,2.9498,0.001661,-0.00026791,0.00051339,0.0017851,-0.00089478,0.0019378,,0.043072,0.00821424
0.0025556,0.80416,0.5,2.9498,-0.024546,-0.021662,1.041,0.80416,0.5,2.9498,0.0016334,-0.00027593,0.00040369,0.0017347,-0.00094956,0.001743,,0.0408896,0.00645904
0.0024356,0.81242,0.5,2.9498,-0.024319,-0.019254,1.0403,0.81242,0.5,2.9498,0.0016092,-0.00025846,0.00027386,0.0016526,-0.00099137,0.0016094,,0.0389696,0.00438176
0.0023639,0.82068,0.5,2.9498,-0.024077,-0.017059,1.0394,0.82068,0.5,2.9498,0.0015866,-0.00021423,0.00017752,0.0015569,-0.0010099,0.0015844,,0.0378224,0.00284032
0.0023292,0.82893,0.5,2.9498,-0.023674,-0.015029,1.0396,0.82893,0.5,2.9498,0.0015425,-0.00016077,0.00013558,0.0015133,-0.00096334,0.0016027,,0.0372672,0.00216928
0.004885,0.030909,0.5,2.9847,-0.0012246,0.0052132,0.73825,0.030909,0.5,2.9847,0.00031075,0.00023753,-0.00022719,0.0023744,-1.99E-05,0.0070848,,0.07816,-0.00363504
0.0051269,0.066184,0.5,2.9847,-0.00094678,0.0080753,0.85092,0.066184,0.5,2.9847,0.0007341,0.00038185,-0.00055644,0.0029853,3.36E-06,0.0065343,,0.0820304,-0.00890304
0.0043894,0.10006,0.5,2.9847,0.0012555,0.010862,0.91162,0.10006,0.5,2.9847,0.00098461,0.00040321,-0.00025613,0.0025731,0.00079969,0.0052212,,0.0702304,-0.00409808
0.0060295,0.13258,0.5,2.9847,0.001589,0.0036107,0.93429,0.13258,0.5,2.9847,0.00093172,0.00050052,0.00012223,0.002037,0.001578,0.0090902,,0.096472,0.00195568
0.0053643,0.16379,0.5,2.9847,-0.0017217,-0.011198,0.96897,0.16379,0.5,2.9847,0.00066603,0.00034393,-0.00013546,0.0015619,0.00093007,0.0085006,,0.0858288,-0.00216736
0.0026252,0.19372,0.5,2.9847,-0.0061076,-0.020459,1.0193,0.19372,0.5,2.9847,0.00059732,9.00E-05,-0.00033007,0.00091905,1.41E-05,0.0037341,,0.0420032,-0.00528112
0.0018264,0.22242,0.5,2.9847,-0.0078275,-0.018905,1.0347,0.22242,0.5,2.9847,0.00065527,7.47E-05,-0.0003058,0.00081459,4.49E-07,0.0021828,,0.0292224,-0.0048928
0.0017588,0.24993,0.5,2.9847,-0.0079546,-0.016152,1.0549,0.24993,0.5,2.9847,0.00066089,0.0001326,-0.00020736,0.00086565,0.00023664,0.001991,,0.0281408,-0.00331776
0.0016494,0.27629,0.5,2.9847,-0.0098536,-0.017449,1.0669,0.27629,0.5,2.9847,0.00064837,6.91E-05,-5.80E-05,0.00084896,-2.78E-05,0.0018015,,0.0263904,-0.000928544
0.0015947,0.30154,0.5,2.9847,-0.013966,-0.014682,1.0712,0.30154,0.5,2.9847,0.0006258,0.00013902,-0.00026542,0.00095803,-0.00061461,0.0016056,,0.0255152,-0.00424672
0.0018497,0.32572,0.5,2.9847,-0.019757,-0.012736,1.0723,0.32572,0.5,2.9847,0.00068712,0.00041337,-0.00070691,0.00093689,-0.00088181,0.0020753,,0.0295952,-0.01131056
0.0018613,0.34887,0.5,2.9847,-0.025163,-0.010576,1.0673,0.34887,0.5,2.9847,0.00086098,0.00052696,-0.00082719,0.00077405,-0.00073594,0.0020876,,0.0297808,-0.01323504
0.0017147,0.37102,0.5,2.9847,-0.028362,-0.0071292,1.0627,0.37102,0.5,2.9847,0.00098676,0.00044942,-0.00071236,0.00067243,-0.00060223,0.0017702,,0.0274352,-0.01139776
0.0015161,0.39221,0.5,2.9847,-0.030201,-0.0059867,1.0698,0.39221,0.5,2.9847,0.0010121,0.00025739,-0.00036671,0.00063914,-0.00024441,0.0013809,,0.0242576,-0.00586736
0.0016688,0.41248,0.5,2.9847,-0.031739,-0.0057093,1.0725,0.41248,0.5,2.9847,0.00095812,0.00014375,-0.00010195,0.00075901,-0.00019214,0.0016204,,0.0267008,-0.0016312
0.0019341,0.43187,0.5,2.9847,-0.033006,-0.0076489,1.0721,0.43187,0.5,2.9847,0.0008986,0.00010628,7.54E-05,0.001179,-0.00058253,0.0017905,,0.0309456,0.00120568
0.0020341,0.4504,0.5,2.9847,-0.034036,-0.008867,1.0723,0.4504,0.5,2.9847,0.00091976,4.35E-05,3.75E-05,0.0015177,-0.0006862,0.0016309,,0.0325456,0.000599328
0.002037,0.46812,0.5,2.9847,-0.035061,-0.0099154,1.0708,0.46812,0.5,2.9847,0.0010326,-6.82E-05,-0.00026319,0.0015478,-0.00070038,0.0014936,,0.032592,-0.00421104
0.0021032,0.48504,0.5,2.9847,-0.036229,-0.011151,1.076,0.48504,0.5,2.9847,0.0012012,-0.00019338,-0.00024881,0.0014992,-0.00075857,0.001506,,0.0336512,-0.00398096
0.0021831,0.50122,0.5,2.9847,-0.036963,-0.011633,1.077,0.50122,0.5,2.9847,0.0013899,-0.000283,1.36E-05,0.0014855,-0.00077275,0.0014908,,0.0349296,0.000217184
0.0022218,0.51667,0.5,2.9847,-0.037,-0.011909,1.0748,0.51667,0.5,2.9847,0.0015683,-0.00029941,0.00028953,0.0014783,-0.00071513,0.001397,,0.0355488,0.00463248
0.0022514,0.53142,0.5,2.9847,-0.037398,-0.013231,1.0736,0.53142,0.5,2.9847,0.001668,-0.00022797,0.00035535,0.0014291,-0.00053337,0.0014057,,0.0360224,0.0056856
0.0022267,0.54551,0.5,2.9847,-0.038314,-0.015835,1.0777,0.54551,0.5,2.9847,0.0017318,-0.00014944,0.00013274,0.0012959,-0.00046434,0.0014258,,0.0356272,0.00212384
0.0019869,0.55896,0.5,2.9847,-0.039008,-0.017708,1.0811,0.55896,0.5,2.9847,0.0018141,-9.78E-05,-4.07E-05,0.0010557,-0.00031252,0.001104,,0.0317904,-0.000651072
0.0017395,0.5718,0.5,2.9847,-0.039315,-0.019336,1.0836,0.5718,0.5,2.9847,0.0018939,-6.26E-05,-7.00E-05,0.00083872,-0.00012826,0.00074629,,0.027832,-0.001119312
0.0017725,0.58405,0.5,2.9847,-0.039239,-0.020817,1.0858,0.58405,0.5,2.9847,0.0019597,-6.96E-05,-8.14E-05,0.00072828,6.23E-05,0.00085706,,0.02836,-0.001302224
0.0017306,0.59575,0.5,2.9847,-0.038817,-0.022971,1.0843,0.59575,0.5,2.9847,0.002012,-9.18E-05,-0.00016194,0.00068605,0.00024983,0.00076314,,0.0276896,-0.00259104
0.0016652,0.6069,0.5,2.9847,-0.038283,-0.025951,1.0793,0.6069,0.5,2.9847,0.0020781,-0.00010726,-0.00010377,0.00057003,0.00021367,0.00068227,,0.0266432,-0.00166032
0.0016446,0.61755,0.5,2.9847,-0.038005,-0.027776,1.0754,0.61755,0.5,2.9847,0.0021525,-0.00011949,9.11E-05,0.00041958,0.00010865,0.00071715,,0.0263136,0.001457184
0.0016909,0.6277,0.5,2.9847,-0.03808,-0.027985,1.0732,0.6277,0.5,2.9847,0.0022135,-0.00012409,0.00027735,0.00039826,3.19E-06,0.00077001,,0.0270544,0.0044376
0.0018419,0.63738,0.5,2.9847,-0.038215,-0.027551,1.0713,0.63738,0.5,2.9847,0.0022694,-0.00015103,0.00045413,0.00045599,-6.63E-05,0.00095836,,0.0294704,0.00726608
0.0020661,0.64661,0.5,2.9847,-0.038328,-0.02764,1.0702,0.64661,0.5,2.9847,0.0023522,-0.0001992,0.00060938,0.00049351,-0.00018562,0.0012866,,0.0330576,0.00975008
0.0023041,0.65542,0.5,2.9847,-0.038498,-0.02803,1.0684,0.65542,0.5,2.9847,0.0024844,-0.00027187,0.00077798,0.00052545,-0.00032045,0.0015983,,0.0368656,0.01244768
0.0024693,0.66381,0.5,2.9847,-0.038597,-0.028714,1.068,0.66381,0.5,2.9847,0.0026445,-0.00035808,0.00091881,0.00057638,-0.00044617,0.0017178,,0.0395088,0.01470096
0.0026434,0.67207,0.5,2.9847,-0.03855,-0.029742,1.0679,0.67207,0.5,2.9847,0.0027972,-0.0004378,0.0011038,0.00063337,-0.00057821,0.0018563,,0.0422944,0.0176608
0.0028026,0.68032,0.5,2.9847,-0.038427,-0.030525,1.0686,0.68032,0.5,2.9847,0.0029179,-0.00050327,0.0012701,0.00070339,-0.00068246,0.0019839,,0.0448416,0.0203216
0.0029056,0.68858,0.5,2.9847,-0.038216,-0.030554,1.0687,0.68858,0.5,2.9847,0.0029845,-0.00054936,0.0013744,0.00078568,-0.00074709,0.002041,,0.0464896,0.0219904
0.0029742,0.69683,0.5,2.9847,-0.037834,-0.029706,1.0673,0.69683,0.5,2.9847,0.0029817,-0.00057968,0.0014596,0.00087724,-0.0007595,0.0020894,,0.0475872,0.0233536
0.0030124,0.70509,0.5,2.9847,-0.037316,-0.028461,1.0659,0.70509,0.5,2.9847,0.0029064,-0.00059649,0.0015201,0.00098227,-0.00073774,0.002136,,0.0481984,0.0243216
0.0030326,0.71335,0.5,2.9847,-0.036761,-0.027122,1.065,0.71335,0.5,2.9847,0.0027667,-0.00059991,0.0015814,0.0010968,-0.00071649,0.0022016,,0.0485216,0.0253024
0.0030278,0.7216,0.5,2.9847,-0.036188,-0.025949,1.0643,0.7216,0.5,2.9847,0.0025861,-0.00058749,0.0015935,0.0012158,-0.00069041,0.0022537,,0.0484448,0.025496
0.0029967,0.72986,0.5,2.9847,-0.035555,-0.024957,1.0634,0.72986,0.5,2.9847,0.0023961,-0.0005701,0.0015167,0.0013458,-0.00067762,0.0022515,,0.0479472,0.0242672
0.0029581,0.73811,0.5,2.9847,-0.03475,-0.024092,1.0613,0.73811,0.5,2.9847,0.0022186,-0.00054191,0.0013599,0.0014897,-0.00066725,0.0022079,,0.0473296,0.0217584
0.0029253,0.74637,0.5,2.9847,-0.033598,-0.023399,1.0573,0.74637,0.5,2.9847,0.0020599,-0.00049407,0.0011827,0.0016507,-0.00067927,0.0021399,,0.0468048,0.0189232
0.0029112,0.75463,0.5,2.9847,-0.032021,-0.02332,1.052,0.75463,0.5,2.9847,0.0019222,-0.00043025,0.0010068,0.0018003,-0.00071241,0.0020999,,0.0465792,0.0161088
0.0028957,0.76288,0.5,2.9847,-0.030139,-0.024069,1.0471,0.76288,0.5,2.9847,0.00181,-0.00035786,0.00086744,0.0018988,-0.00074665,0.0020825,,0.0463312,0.01387904
0.0028553,0.77114,0.5,2.9847,-0.028248,-0.025262,1.044,0.77114,0.5,2.9847,0.0017316,-0.00029366,0.00076564,0.0019178,-0.00075135,0.0020612,,0.0456848,0.01225024
0.0028065,0.7794,0.5,2.9847,-0.026686,-0.026039,1.0422,0.7794,0.5,2.9847,0.0016898,-0.00025584,0.00068201,0.0018626,-0.00076526,0.0020605,,0.044904,0.01091216
0.0027533,0.78765,0.5,2.9847,-0.025628,-0.025547,1.0413,0.78765,0.5,2.9847,0.0016714,-0.0002475,0.00059855,0.0017826,-0.00083611,0.0020526,,0.0440528,0.0095768
0.0026513,0.79591,0.5,2.9847,-0.02504,-0.023756,1.0412,0.79591,0.5,2.9847,0.0016555,-0.00025101,0.00050068,0.0017172,-0.00091226,0.00193,,0.0424208,0.00801088
0.0025144,0.80416,0.5,2.9847,-0.024723,-0.021308,1.0411,0.80416,0.5,2.9847,0.0016365,-0.00024661,0.00039018,0.0016623,-0.00096654,0.0017299,,0.0402304,0.00624288
0.0024081,0.81242,0.5,2.9847,-0.024444,-0.018889,1.0405,0.81242,0.5,2.9847,0.0016212,-0.00021888,0.00026083,0.0015951,-0.0010086,0.0015999,,0.0385296,0.00417328
0.0023535,0.82068,0.5,2.9847,-0.024082,-0.016621,1.0395,0.82068,0.5,2.9847,0.0016006,-0.00017138,0.00016702,0.0015364,-0.0010269,0.00157,,0.037656,0.00267232
0.0023306,0.82893,0.5,2.9847,-0.023578,-0.014511,1.0396,0.82893,0.5,2.9847,0.0015515,-0.00011437,0.00012472,0.001533,-0.00098629,0.0015768,,0.0372896,0.00199552
0.0047637,0.030909,0.5,3.0195,-0.0012355,0.005216,0.73802,0.030909,0.5,3.0195,0.00029921,0.00023471,-0.00021287,0.0022374,1.51E-05,0.0069908,,0.0762192,-0.00340592
0.0049861,0.066184,0.5,3.0195,-0.0010598,0.008377,0.85114,0.066184,0.5,3.0195,0.00071563,0.00039151,-0.00050982,0.0028887,3.24E-05,0.0063679,,0.0797776,-0.00815712
0.0043454,0.10006,0.5,3.0195,0.0010782,0.01118,0.91193,0.10006,0.5,3.0195,0.00097386,0.00039026,-0.00023023,0.0025753,0.00080693,0.0051418,,0.0695264,-0.00368368
0.0060458,0.13258,0.5,3.0195,0.0013899,0.0038457,0.93429,0.13258,0.5,3.0195,0.0009296,0.00049499,0.00013034,0.0020954,0.0016126,0.0090666,,0.0967328,0.00208544
0.0053986,0.16379,0.5,3.0195,-0.0019783,-0.010795,0.96861,0.16379,0.5,3.0195,0.00067718,0.00038102,-0.00011517,0.0016441,0.00096004,0.008476,,0.0863776,-0.00184272
0.0026716,0.19372,0.5,3.0195,-0.0062422,-0.020307,1.0187,0.19372,0.5,3.0195,0.00062285,8.68E-05,-0.00031437,0.00096702,3.55E-05,0.0037533,,0.0427456,-0.00502992
0.0018356,0.22242,0.5,3.0195,-0.0079154,-0.01906,1.0346,0.22242,0.5,3.0195,0.0006818,5.12E-05,-0.00028996,0.00078989,1.23E-05,0.0021995,,0.0293696,-0.00463936
0.0017535,0.24993,0.5,3.0195,-0.0080603,-0.016207,1.0547,0.24993,0.5,3.0195,0.00066446,0.00014253,-0.00021685,0.00085302,0.00022312,0.0019896,,0.028056,-0.0034696
0.0016601,0.27629,0.5,3.0195,-0.0098487,-0.017322,1.0665,0.27629,0.5,3.0195,0.00065087,9.82E-05,-7.41E-05,0.00084975,-4.60E-05,0.0018195,,0.0265616,-0.00118584
0.0016458,0.30154,0.5,3.0195,-0.013993,-0.014724,1.0714,0.30154,0.5,3.0195,0.00066413,0.00015146,-0.00029074,0.00093997,-0.00064931,0.0016875,,0.0263328,-0.00465184
0.0018996,0.32572,0.5,3.0195,-0.019876,-0.012693,1.0724,0.32572,0.5,3.0195,0.00071697,0.00041129,-0.00072512,0.00096557,-0.00091109,0.0021167,,0.0303936,-0.01160192
0.0018337,0.34887,0.5,3.0195,-0.025195,-0.010323,1.0669,0.34887,0.5,3.0195,0.00085262,0.00053146,-0.00081042,0.00079685,-0.00072944,0.0020179,,0.0293392,-0.01296672
0.0016905,0.37102,0.5,3.0195,-0.028236,-0.006906,1.0624,0.37102,0.5,3.0195,0.00097766,0.00044809,-0.00069366,0.00066618,-0.00058227,0.0017371,,0.027048,-0.01109856
0.001554,0.39221,0.5,3.0195,-0.030043,-0.0057436,1.0696,0.39221,0.5,3.0195,0.0010136,0.00025826,-0.00034591,0.00066451,-0.00026382,0.0014299,,0.024864,-0.00553456
0.001693,0.41248,0.5,3.0195,-0.03159,-0.0056095,1.0723,0.41248,0.5,3.0195,0.00095882,0.00014094,-7.84E-05,0.0008244,-0.0002168,0.0016029,,0.027088,-0.00125384
0.0020108,0.43187,0.5,3.0195,-0.032869,-0.0078176,1.072,0.43187,0.5,3.0195,0.00091247,9.14E-05,9.93E-05,0.0012301,-0.00057523,0.0018791,,0.0321728,0.001589024
0.0021161,0.4504,0.5,3.0195,-0.034009,-0.0089859,1.0725,0.4504,0.5,3.0195,0.00096076,1.97E-05,7.95E-05,0.0015451,-0.00063922,0.0017264,,0.0338576,0.001271904
0.0020793,0.46812,0.5,3.0195,-0.035119,-0.0098528,1.071,0.46812,0.5,3.0195,0.0010884,-9.33E-05,-0.00021531,0.0015981,-0.00065406,0.0014721,,0.0332688,-0.00344496
0.0021804,0.48504,0.5,3.0195,-0.036231,-0.011113,1.076,0.48504,0.5,3.0195,0.0012322,-0.0002152,-0.00020583,0.0015554,-0.00077592,0.0015732,,0.0348864,-0.00329328
0.0022637,0.50122,0.5,3.0195,-0.036886,-0.011597,1.0765,0.50122,0.5,3.0195,0.0013717,-0.00029087,3.86E-05,0.0015315,-0.00077734,0.0016241,,0.0362192,0.000616864
0.0022806,0.51667,0.5,3.0195,-0.036949,-0.012044,1.0744,0.51667,0.5,3.0195,0.001552,-0.00029959,0.00028619,0.0015347,-0.00068678,0.0014745,,0.0364896,0.00457904
0.0023166,0.53142,0.5,3.0195,-0.037448,-0.013512,1.0744,0.53142,0.5,3.0195,0.0016935,-0.00024994,0.00031907,0.0015002,-0.00053367,0.0014396,,0.0370656,0.00510512
0.0022938,0.54551,0.5,3.0195,-0.038408,-0.015929,1.0786,0.54551,0.5,3.0195,0.0017704,-0.00018295,8.94E-05,0.0013761,-0.00044267,0.001441,,0.0367008,0.00143104
0.0020272,0.55896,0.5,3.0195,-0.039034,-0.017704,1.0816,0.55896,0.5,3.0195,0.0018438,-0.00012535,-3.85E-05,0.001092,-0.00028247,0.0011186,,0.0324352,-0.00061648
0.0017276,0.5718,0.5,3.0195,-0.039226,-0.019417,1.0839,0.5718,0.5,3.0195,0.0018967,-7.09E-05,-6.25E-05,0.00081098,-0.00011152,0.00074745,,0.0276416,-0.001000672
0.0017094,0.58405,0.5,3.0195,-0.039049,-0.021008,1.0859,0.58405,0.5,3.0195,0.00193,-5.53E-05,-7.63E-05,0.00066928,5.92E-05,0.00081952,,0.0273504,-0.001220432
0.0016602,0.59575,0.5,3.0195,-0.038602,-0.023192,1.0839,0.59575,0.5,3.0195,0.0019713,-6.48E-05,-0.00012347,0.00061366,0.00022341,0.00073551,,0.0265632,-0.00197552
0.0016065,0.6069,0.5,3.0195,-0.038135,-0.026054,1.0784,0.6069,0.5,3.0195,0.0020372,-8.16E-05,-7.97E-05,0.000506,0.00018707,0.00066976,,0.025704,-0.001275888
0.0015949,0.61755,0.5,3.0195,-0.037905,-0.027708,1.0746,0.61755,0.5,3.0195,0.0021119,-0.00010113,9.35E-05,0.00038608,7.92E-05,0.00069184,,0.0255184,0.001495936
0.0016646,0.6277,0.5,3.0195,-0.03796,-0.02784,1.0726,0.6277,0.5,3.0195,0.0021754,-0.00011406,0.00029673,0.00038234,-2.77E-05,0.00077146,,0.0266336,0.00474768
0.0018537,0.63738,0.5,3.0195,-0.03811,-0.027501,1.0707,0.63738,0.5,3.0195,0.0022546,-0.00014617,0.00048694,0.00043832,-0.00010888,0.0010146,,0.0296592,0.00779104
0.002106,0.64661,0.5,3.0195,-0.038278,-0.027692,1.0697,0.64661,0.5,3.0195,0.0023871,-0.00019548,0.00064034,0.0004763,-0.00022407,0.0013487,,0.033696,0.01024544
0.002345,0.65542,0.5,3.0195,-0.038437,-0.028131,1.0683,0.65542,0.5,3.0195,0.0025578,-0.00026895,0.00078218,0.00051805,-0.00034411,0.0016142,,0.03752,0.01251488
0.0024937,0.66381,0.5,3.0195,-0.038482,-0.028899,1.068,0.66381,0.5,3.0195,0.0027254,-0.00035189,0.00089491,0.00057674,-0.0004701,0.0016852,,0.0398992,0.01431856
0.0026519,0.67207,0.5,3.0195,-0.03841,-0.029956,1.068,0.67207,0.5,3.0195,0.0028675,-0.00043199,0.0010657,0.00063551,-0.00059644,0.0018008,,0.0424304,0.0170512
0.0027898,0.68032,0.5,3.0195,-0.038265,-0.030696,1.0688,0.68032,0.5,3.0195,0.0029625,-0.00050525,0.0012239,0.00070715,-0.00067945,0.00191,,0.0446368,0.0195824
0.0028809,0.68858,0.5,3.0195,-0.038014,-0.030632,1.0687,0.68858,0.5,3.0195,0.0029933,-0.00055885,0.0013399,0.00079034,-0.00072172,0.0019781,,0.0460944,0.0214384
0.002946,0.69683,0.5,3.0195,-0.037604,-0.029706,1.0671,0.69683,0.5,3.0195,0.0029601,-0.0005936,0.001424,0.00088177,-0.00072388,0.0020501,,0.047136,0.022784
0.0029828,0.70509,0.5,3.0195,-0.037074,-0.028424,1.0657,0.70509,0.5,3.0195,0.0028718,-0.0006134,0.001475,0.00098528,-0.00070391,0.0021086,,0.0477248,0.0236
0.0030101,0.71335,0.5,3.0195,-0.036513,-0.027063,1.0647,0.71335,0.5,3.0195,0.0027375,-0.00061819,0.0015364,0.0010995,-0.00068855,0.0021833,,0.0481616,0.0245824
0.0030169,0.7216,0.5,3.0195,-0.035975,-0.02583,1.0643,0.7216,0.5,3.0195,0.0025745,-0.00060602,0.0015528,0.0012235,-0.00066828,0.0022358,,0.0482704,0.0248448
0.0030029,0.72986,0.5,3.0195,-0.03539,-0.024738,1.0635,0.72986,0.5,3.0195,0.0024037,-0.00058755,0.0014848,0.0013599,-0.00066072,0.0022423,,0.0480464,0.0237568
0.0029744,0.73811,0.5,3.0195,-0.034553,-0.023844,1.0614,0.73811,0.5,3.0195,0.0022371,-0.00055226,0.0013399,0.0015062,-0.0006608,0.0022054,,0.0475904,0.0214384
0.0029382,0.74637,0.5,3.0195,-0.033287,-0.02329,1.0573,0.74637,0.5,3.0195,0.0020825,-0.0004892,0.0011798,0.0016595,-0.00068431,0.0021342,,0.0470112,0.0188768
0.0029072,0.75463,0.5,3.0195,-0.031633,-0.023475,1.0519,0.75463,0.5,3.0195,0.0019452,-0.00040802,0.0010185,0.0017867,-0.00072119,0.0020825,,0.0465152,0.016296
0.0028673,0.76288,0.5,3.0195,-0.029776,-0.024428,1.0471,0.76288,0.5,3.0195,0.001832,-0.00032444,0.00088449,0.0018516,-0.00074703,0.0020509,,0.0458768,0.01415184
0.0028116,0.77114,0.5,3.0195,-0.027924,-0.025649,1.0439,0.77114,0.5,3.0195,0.001754,-0.00025682,0.00077979,0.0018377,-0.0007467,0.0020314,,0.0449856,0.01247664
0.0027602,0.7794,0.5,3.0195,-0.026357,-0.026257,1.0422,0.7794,0.5,3.0195,0.0017148,-0.00022385,0.00068662,0.0017655,-0.00076967,0.00204,,0.0441632,0.01098592
0.0027169,0.78765,0.5,3.0195,-0.025311,-0.025491,1.0413,0.78765,0.5,3.0195,0.0017016,-0.0002258,0.00059025,0.0016943,-0.00084862,0.002038,,0.0434704,0.009444
0.0026346,0.79591,0.5,3.0195,-0.024752,-0.023493,1.0413,0.79591,0.5,3.0195,0.0016956,-0.00023657,0.00047836,0.001662,-0.00092353,0.0019115,,0.0421536,0.00765376
0.0025248,0.80416,0.5,3.0195,-0.02449,-0.020951,1.0414,0.80416,0.5,3.0195,0.0016862,-0.00023091,0.00035659,0.0016495,-0.00097201,0.0017138,,0.0403968,0.00570544
0.0024422,0.81242,0.5,3.0195,-0.024335,-0.01846,1.0407,0.81242,0.5,3.0195,0.0016686,-0.00019687,0.00022669,0.0016222,-0.0010097,0.0015937,,0.0390752,0.00362704
0.0023993,0.82068,0.5,3.0195,-0.02405,-0.016102,1.0396,0.82068,0.5,3.0195,0.0016298,-0.00014462,0.00013853,0.0015998,-0.0010273,0.0015691,,0.0383888,0.00221648
0.0023826,0.82893,0.5,3.0195,-0.023448,-0.013953,1.0396,0.82893,0.5,3.0195,0.0015568,-8.35E-05,0.0001011,0.0016278,-0.0010034,0.0015805,,0.0381216,0.0016176
0.0047076,0.030909,0.5,3.0543,-0.0012333,0.0052204,0.73776,0.030909,0.5,3.0543,0.00028758,0.0002331,-0.00019463,0.0021901,4.93E-05,0.0069376,,0.0753216,-0.00311408
0.0049101,0.066184,0.5,3.0543,-0.0011286,0.0086541,0.85142,0.066184,0.5,3.0543,0.0006774,0.00040998,-0.00047864,0.0028804,9.78E-05,0.0062623,,0.0785616,-0.00765824
0.0043454,0.10006,0.5,3.0543,0.00095914,0.011472,0.91236,0.10006,0.5,3.0543,0.00096121,0.00042923,-0.00022087,0.0026583,0.0008728,0.0050713,,0.0695264,-0.00353392
0.006119,0.13258,0.5,3.0543,0.0011811,0.0040429,0.93452,0.13258,0.5,3.0543,0.00097052,0.00052741,0.00014643,0.0022262,0.0017098,0.0090412,,0.097904,0.00234288
0.0054469,0.16379,0.5,3.0543,-0.0023096,-0.010418,0.96841,0.16379,0.5,3.0543,0.00068879,0.00039997,-9.22E-05,0.0017368,0.0010497,0.0084681,,0.0871504,-0.0014756
0.002689,0.19372,0.5,3.0543,-0.0064339,-0.02009,1.018,0.19372,0.5,3.0543,0.00062078,6.88E-05,-0.0002946,0.00098651,3.71E-05,0.0037707,,0.043024,-0.0047136
0.0018446,0.22242,0.5,3.0543,-0.0079985,-0.019131,1.0345,0.22242,0.5,3.0543,0.00070716,1.07E-05,-0.00026705,0.00077792,-2.01E-06,0.0022042,,0.0295136,-0.0042728
0.001752,0.24993,0.5,3.0543,-0.0081283,-0.016243,1.0544,0.24993,0.5,3.0543,0.0006702,0.00012328,-0.0002166,0.00084924,0.00021556,0.0019846,,0.028032,-0.0034656
0.0016616,0.27629,0.5,3.0543,-0.0098361,-0.017198,1.0662,0.27629,0.5,3.0543,0.00065186,0.00012138,-8.52E-05,0.00084819,-6.68E-05,0.0018231,,0.0265856,-0.00136272
0.0016782,0.30154,0.5,3.0543,-0.014003,-0.014749,1.0717,0.30154,0.5,3.0543,0.00069632,0.00019124,-0.0003138,0.00092301,-0.00067456,0.0017371,,0.0268512,-0.0050208
0.0019138,0.32572,0.5,3.0543,-0.019937,-0.012647,1.0725,0.32572,0.5,3.0543,0.00074638,0.00041939,-0.00072472,0.00095278,-0.00093798,0.0021284,,0.0306208,-0.01159552
0.0018033,0.34887,0.5,3.0543,-0.025183,-0.010071,1.0665,0.34887,0.5,3.0543,0.00085454,0.00051446,-0.00079144,0.00079294,-0.00073759,0.0019592,,0.0288528,-0.01266304
0.0016801,0.37102,0.5,3.0543,-0.028111,-0.0066977,1.0622,0.37102,0.5,3.0543,0.00098097,0.00043635,-0.00070235,0.00066828,-0.00057329,0.0017109,,0.0268816,-0.0112376
0.0016048,0.39221,0.5,3.0543,-0.029881,-0.005552,1.0695,0.39221,0.5,3.0543,0.0010347,0.00026763,-0.00034765,0.00070082,-0.0002849,0.0014741,,0.0256768,-0.0055624
0.0017319,0.41248,0.5,3.0543,-0.031405,-0.005543,1.0719,0.41248,0.5,3.0543,0.00098166,0.00014904,-4.72E-05,0.00087908,-0.00027154,0.001603,,0.0277104,-0.000755536
0.0020471,0.43187,0.5,3.0543,-0.032721,-0.007979,1.0719,0.43187,0.5,3.0543,0.00093273,7.36E-05,0.00012695,0.0012455,-0.0005823,0.0019159,,0.0327536,0.0020312
0.0021756,0.4504,0.5,3.0543,-0.034016,-0.0091165,1.0727,0.4504,0.5,3.0543,0.0010152,-1.31E-05,0.00012847,0.0015159,-0.00059473,0.0018202,,0.0348096,0.00205552
0.0021377,0.46812,0.5,3.0543,-0.035224,-0.0097932,1.0712,0.46812,0.5,3.0543,0.0011848,-0.00010696,-0.00015395,0.0015643,-0.00062917,0.0015263,,0.0342032,-0.0024632
0.0022387,0.48504,0.5,3.0543,-0.036259,-0.011096,1.076,0.48504,0.5,3.0543,0.0013119,-0.00021754,-0.00016408,0.001521,-0.00080686,0.0016446,,0.0358192,-0.00262528
0.002305,0.50122,0.5,3.0543,-0.036816,-0.011658,1.0759,0.50122,0.5,3.0543,0.0013902,-0.00029387,5.57E-05,0.0015027,-0.00080626,0.0017171,,0.03688,0.000891872
0.002292,0.51667,0.5,3.0543,-0.036919,-0.012228,1.0741,0.51667,0.5,3.0543,0.0015424,-0.00029331,0.00026046,0.0015013,-0.00068642,0.0015404,,0.036672,0.00416736
0.0023082,0.53142,0.5,3.0543,-0.037506,-0.013763,1.0752,0.53142,0.5,3.0543,0.0016997,-0.00025156,0.00028009,0.0014616,-0.0005412,0.0014549,,0.0369312,0.00448144
0.0023008,0.54551,0.5,3.0543,-0.038498,-0.015982,1.0795,0.54551,0.5,3.0543,0.0017874,-0.00019553,5.51E-05,0.0013804,-0.0004188,0.0014339,,0.0368128,0.000880816
0.0020488,0.55896,0.5,3.0543,-0.039084,-0.017712,1.0821,0.55896,0.5,3.0543,0.0018645,-0.00014624,-5.95E-05,0.0011191,-0.000242,0.001114,,0.0327808,-0.000951664
0.0017487,0.5718,0.5,3.0543,-0.039151,-0.019546,1.0842,0.5718,0.5,3.0543,0.0019113,-9.76E-05,-6.71E-05,0.00083736,-6.69E-05,0.00074869,,0.0279792,-0.001073968
0.001709,0.58405,0.5,3.0543,-0.038849,-0.021239,1.0859,0.58405,0.5,3.0543,0.0019262,-8.19E-05,-6.92E-05,0.00069711,9.15E-05,0.00079472,,0.027344,-0.001107664
0.0016491,0.59575,0.5,3.0543,-0.038376,-0.023447,1.0833,0.59575,0.5,3.0543,0.0019673,-7.71E-05,-9.70E-05,0.00061835,0.00024037,0.00071246,,0.0263856,-0.001551584
0.0016086,0.6069,0.5,3.0543,-0.037967,-0.026138,1.0775,0.6069,0.5,3.0543,0.0020461,-7.50E-05,-4.74E-05,0.00049137,0.000202,0.00067981,,0.0257376,-0.000758592
0.0016052,0.61755,0.5,3.0543,-0.037827,-0.027571,1.0739,0.61755,0.5,3.0543,0.0021298,-9.64E-05,0.00012186,0.00037883,8.58E-05,0.00070181,,0.0256832,0.00194976
0.0016926,0.6277,0.5,3.0543,-0.037962,-0.027637,1.072,0.6277,0.5,3.0543,0.0022007,-0.00012482,0.0003285,0.0003776,-2.34E-05,0.00080695,,0.0270816,0.005256
0.001909,0.63738,0.5,3.0543,-0.038159,-0.027434,1.0701,0.63738,0.5,3.0543,0.00228,-0.00016544,0.00052527,0.00042384,-0.00011628,0.0011142,,0.030544,0.00840432
0.0021719,0.64661,0.5,3.0543,-0.038319,-0.027764,1.0693,0.64661,0.5,3.0543,0.0024101,-0.00021435,0.00070083,0.00046133,-0.0002354,0.0014723,,0.0347504,0.01121328
0.0024034,0.65542,0.5,3.0543,-0.038435,-0.028287,1.0682,0.65542,0.5,3.0543,0.002599,-0.00028207,0.00084862,0.00051344,-0.00035074,0.0016943,,0.0384544,0.01357792
0.0025455,0.66381,0.5,3.0543,-0.038433,-0.02915,1.0682,0.66381,0.5,3.0543,0.0028029,-0.00035395,0.0009451,0.00057857,-0.00047577,0.0017096,,0.040728,0.0151216
0.0026948,0.67207,0.5,3.0543,-0.038287,-0.030204,1.0682,0.67207,0.5,3.0543,0.0029666,-0.00042805,0.0010948,0.00064125,-0.00059812,0.0017818,,0.0431168,0.0175168
0.0028131,0.68032,0.5,3.0543,-0.03804,-0.030888,1.069,0.68032,0.5,3.0543,0.0030584,-0.0005037,0.0012276,0.00071877,-0.00066632,0.0018491,,0.0450096,0.0196416
0.0029005,0.68858,0.5,3.0543,-0.037704,-0.03075,1.0686,0.68858,0.5,3.0543,0.0030726,-0.00056752,0.001336,0.00080963,-0.00068717,0.0019187,,0.046408,0.021376
0.0029686,0.69683,0.5,3.0543,-0.037266,-0.029748,1.067,0.69683,0.5,3.0543,0.0030172,-0.00061542,0.0014072,0.00091375,-0.00068114,0.0020062,,0.0474976,0.0225152
0.0030028,0.70509,0.5,3.0543,-0.036755,-0.02841,1.0655,0.70509,0.5,3.0543,0.0029054,-0.00064733,0.0014402,0.001029,-0.00067165,0.0020712,,0.0480448,0.0230432
0.0030272,0.71335,0.5,3.0543,-0.036225,-0.027032,1.0645,0.71335,0.5,3.0543,0.0027512,-0.00065921,0.001489,0.0011525,-0.00067315,0.0021506,,0.0484352,0.023824
0.0030329,0.7216,0.5,3.0543,-0.035681,-0.025809,1.0643,0.7216,0.5,3.0543,0.0025759,-0.00064879,0.0014995,0.0012851,-0.00066219,0.0022047,,0.0485264,0.023992
0.0030306,0.72986,0.5,3.0543,-0.035037,-0.024756,1.0637,0.72986,0.5,3.0543,0.002404,-0.00062852,0.0014464,0.0014306,-0.00066075,0.0022264,,0.0484896,0.0231424
0.0030133,0.73811,0.5,3.0543,-0.034132,-0.023969,1.0615,0.73811,0.5,3.0543,0.0022504,-0.00058541,0.0013228,0.0015814,-0.00066255,0.0021948,,0.0482128,0.0211648
0.0029825,0.74637,0.5,3.0543,-0.032818,-0.023543,1.0572,0.74637,0.5,3.0543,0.0021144,-0.00050728,0.001184,0.0017305,-0.00068328,0.0021201,,0.04772,0.018944
0.002951,0.75463,0.5,3.0543,-0.031119,-0.023781,1.0519,0.75463,0.5,3.0543,0.00199,-0.00040408,0.0010409,0.0018447,-0.00070754,0.0020673,,0.047216,0.0166544
0.0029039,0.76288,0.5,3.0543,-0.029253,-0.024653,1.0471,0.76288,0.5,3.0543,0.0018808,-0.00029969,0.00091606,0.0018905,-0.00072057,0.0020365,,0.0464624,0.01465696
0.002841,0.77114,0.5,3.0543,-0.027524,-0.025692,1.044,0.77114,0.5,3.0543,0.0018004,-0.00022246,0.0008043,0.0018612,-0.00072507,0.0020205,,0.045456,0.0128688
0.0027891,0.7794,0.5,3.0543,-0.026196,-0.026066,1.0422,0.7794,0.5,3.0543,0.0017538,-0.00019668,0.00069419,0.0017895,-0.0007596,0.0020348,,0.0446256,0.01110704
0.0027535,0.78765,0.5,3.0543,-0.02536,-0.025094,1.0414,0.78765,0.5,3.0543,0.0017328,-0.00021543,0.00057584,0.0017372,-0.00083836,0.0020371,,0.044056,0.00921344
0.0026763,0.79591,0.5,3.0543,-0.024934,-0.023027,1.0414,0.79591,0.5,3.0543,0.0017232,-0.00023884,0.00044298,0.0017229,-0.00089903,0.0019064,,0.0428208,0.00708768
0.0025674,0.80416,0.5,3.0543,-0.024727,-0.020514,1.0416,0.80416,0.5,3.0543,0.00171,-0.00023539,0.00031041,0.0017102,-0.00093632,0.0017146,,0.0410784,0.00496656
0.002481,0.81242,0.5,3.0543,-0.024485,-0.018011,1.0408,0.81242,0.5,3.0543,0.0016815,-0.00019604,0.00018347,0.0016731,-0.00097245,0.0016074,,0.039696,0.00293552
0.0024352,0.82068,0.5,3.0543,-0.02402,-0.015564,1.0395,0.82068,0.5,3.0543,0.0016284,-0.00013913,0.00010414,0.0016534,-0.0010044,0.0015886,,0.0389632,0.00166624
0.0024287,0.82893,0.5,3.0543,-0.023272,-0.013354,1.0394,0.82893,0.5,3.0543,0.0015496,-8.01E-05,6.97E-05,0.0016995,-0.001018,0.0016082,,0.0388592,0.001115856
0.0047043,0.030909,0.5,3.09,-0.0012318,0.0052426,0.73766,0.030909,0.5,3.09,0.00030265,0.00023122,-0.00017537,0.0022461,9.67E-05,0.0068598,,0.0752688,-0.00280592
0.0049224,0.066184,0.5,3.09,-0.0012035,0.0088582,0.85181,0.066184,0.5,3.09,0.00068514,0.00039942,-0.00046631,0.0029632,0.00023214,0.0061964,,0.0787584,-0.00746096
0.0044073,0.10006,0.5,3.09,0.00083004,0.011585,0.91273,0.10006,0.5,3.09,0.00098368,0.00045177,-0.00024597,0.002769,0.00099397,0.0050618,,0.0705168,-0.00393552
0.0062166,0.13258,0.5,3.09,0.000963,0.0041654,0.93478,0.13258,0.5,3.09,0.0010405,0.00053958,0.00013453,0.0023397,0.0017792,0.009053,,0.0994656,0.00215248
0.005498,0.16379,0.5,3.09,-0.0026578,-0.01002,0.96827,0.16379,0.5,3.09,0.00072499,0.00036322,-8.59E-05,0.0017811,0.0011012,0.00849,,0.087968,-0.001373968
0.0026744,0.19372,0.5,3.09,-0.0066341,-0.019876,1.0173,0.19372,0.5,3.09,0.00061261,4.60E-05,-0.00029033,0.00095839,1.66E-05,0.0037778,,0.0427904,-0.00464528
0.0018371,0.22242,0.5,3.09,-0.008061,-0.019226,1.0344,0.22242,0.5,3.09,0.00070154,-7.53E-06,-0.00026045,0.00076759,-1.09E-05,0.0022051,,0.0293936,-0.0041672
0.0017616,0.24993,0.5,3.09,-0.0081642,-0.016324,1.0542,0.24993,0.5,3.09,0.00066812,0.0001116,-0.00021595,0.00087162,0.00021242,0.0019835,,0.0281856,-0.0034552
0.0016711,0.27629,0.5,3.09,-0.0098136,-0.017132,1.0659,0.27629,0.5,3.09,0.00065053,0.00013959,-8.81E-05,0.00088317,-8.26E-05,0.0018084,,0.0267376,-0.001409184
0.0017057,0.30154,0.5,3.09,-0.014032,-0.014752,1.0719,0.30154,0.5,3.09,0.00068801,0.00022777,-0.00033296,0.00094741,-0.00068803,0.0017759,,0.0272912,-0.00532736
0.0019181,0.32572,0.5,3.09,-0.019991,-0.012517,1.0724,0.32572,0.5,3.09,0.00074634,0.00044376,-0.00073758,0.00094342,-0.00094679,0.0021464,,0.0306896,-0.01180128
0.0017919,0.34887,0.5,3.09,-0.025149,-0.0097732,1.0661,0.34887,0.5,3.09,0.00087388,0.0005108,-0.00078202,0.0007761,-0.00072619,0.0019338,,0.0286704,-0.01251232
0.0016855,0.37102,0.5,3.09,-0.028004,-0.0064853,1.062,0.37102,0.5,3.09,0.00099312,0.00042924,-0.00071637,0.00066564,-0.00057005,0.0017123,,0.026968,-0.01146192
0.001622,0.39221,0.5,3.09,-0.029742,-0.0053756,1.0691,0.39221,0.5,3.09,0.0010361,0.00027464,-0.00035544,0.00071227,-0.00029506,0.0014956,,0.025952,-0.00568704
0.0017406,0.41248,0.5,3.09,-0.03121,-0.0054897,1.0714,0.41248,0.5,3.09,0.00099024,0.00016717,-3.37E-08,0.00088154,-0.00031306,0.0016094,,0.0278496,-5.38736E-07
0.0020111,0.43187,0.5,3.09,-0.032559,-0.0080863,1.072,0.43187,0.5,3.09,0.00094045,8.50E-05,0.00013406,0.001234,-0.00058568,0.0018477,,0.0321776,0.00214496
0.0021301,0.4504,0.5,3.09,-0.034028,-0.0091954,1.0731,0.4504,0.5,3.09,0.0010241,-1.64E-05,0.00011212,0.0014705,-0.00055433,0.0017655,,0.0340816,0.00179392
0.0021357,0.46812,0.5,3.09,-0.03532,-0.009739,1.0714,0.46812,0.5,3.09,0.0011997,-0.00010065,-0.0001467,0.0014853,-0.00062912,0.0015863,,0.0341712,-0.0023472
0.0022339,0.48504,0.5,3.09,-0.036253,-0.011079,1.0759,0.48504,0.5,3.09,0.0013286,-0.00020094,-0.00014892,0.0014525,-0.00083507,0.0016868,,0.0357424,-0.00238272
0.0022778,0.50122,0.5,3.09,-0.036729,-0.011774,1.0755,0.50122,0.5,3.09,0.0014095,-0.00027265,4.91E-05,0.0014429,-0.00081736,0.0017032,,0.0364448,0.00078608
0.0022613,0.51667,0.5,3.09,-0.036923,-0.012433,1.074,0.51667,0.5,3.09,0.0015664,-0.00025834,0.00021155,0.0014122,-0.00069312,0.0015441,,0.0361808,0.0033848
0.0022603,0.53142,0.5,3.09,-0.03763,-0.013964,1.0761,0.53142,0.5,3.09,0.0017382,-0.00021533,0.00024308,0.0013366,-0.00056123,0.0014458,,0.0361648,0.00388928
0.0022389,0.54551,0.5,3.09,-0.03864,-0.016028,1.0804,0.54551,0.5,3.09,0.0018231,-0.00017031,3.67E-05,0.0012502,-0.0004053,0.0014045,,0.0358224,0.000586672
0.0019919,0.55896,0.5,3.09,-0.039138,-0.01778,1.0825,0.55896,0.5,3.09,0.0018745,-0.00013386,-7.35E-05,0.0010145,-0.00020909,0.0010947,,0.0318704,-0.001175536
0.0017227,0.5718,0.5,3.09,-0.039054,-0.019742,1.0845,0.5718,0.5,3.09,0.0019108,-0.00010323,-6.72E-05,0.00078573,-1.69E-05,0.00074895,,0.0275632,-0.00107448
0.0017089,0.58405,0.5,3.09,-0.038692,-0.021501,1.0859,0.58405,0.5,3.09,0.001944,-0.00010994,-7.38E-05,0.00069502,0.00013504,0.00077883,,0.0273424,-0.00118
0.001661,0.59575,0.5,3.09,-0.038268,-0.023717,1.0828,0.59575,0.5,3.09,0.0020182,-0.00011887,-0.00011242,0.0006275,0.00026052,0.00067621,,0.026576,-0.00179872
0.0016447,0.6069,0.5,3.09,-0.037902,-0.02622,1.0767,0.6069,0.5,3.09,0.0021185,-0.00010647,-4.31E-05,0.00049482,0.00021576,0.00067598,,0.0263152,-0.000690192
0.0016449,0.61755,0.5,3.09,-0.037765,-0.027433,1.0733,0.61755,0.5,3.09,0.0021959,-0.00011623,0.0001317,0.00039134,9.05E-05,0.00070256,,0.0263184,0.0021072
0.0017271,0.6277,0.5,3.09,-0.037871,-0.027466,1.0715,0.6277,0.5,3.09,0.0022374,-0.00014357,0.00033619,0.00039652,-3.52E-05,0.00082022,,0.0276336,0.00537904
0.0019477,0.63738,0.5,3.09,-0.038059,-0.027396,1.0696,0.63738,0.5,3.09,0.0022808,-0.00018506,0.00053485,0.00043709,-0.00014534,0.0011775,,0.0311632,0.0085576
0.0021961,0.64661,0.5,3.09,-0.03827,-0.02784,1.0689,0.64661,0.5,3.09,0.0023887,-0.00023847,0.00071147,0.00047148,-0.00026252,0.0015321,,0.0351376,0.01138352
0.002416,0.65542,0.5,3.09,-0.038393,-0.028481,1.0683,0.65542,0.5,3.09,0.0025696,-0.00030719,0.0008615,0.00052185,-0.00036922,0.0017407,,0.038656,0.013784
0.0025532,0.66381,0.5,3.09,-0.038313,-0.029475,1.0682,0.66381,0.5,3.09,0.0027685,-0.00037063,0.00096761,0.00058041,-0.00048584,0.0017576,,0.0408512,0.01548176
0.0026905,0.67207,0.5,3.09,-0.038093,-0.030488,1.0683,0.67207,0.5,3.09,0.0029385,-0.0004341,0.0011118,0.00064501,-0.00059655,0.0017974,,0.043048,0.0177888
0.0028068,0.68032,0.5,3.09,-0.037809,-0.031006,1.0691,0.68032,0.5,3.09,0.0030531,-0.00050399,0.0012327,0.00073594,-0.00065367,0.0018246,,0.0449088,0.0197232
0.0029112,0.68858,0.5,3.09,-0.037443,-0.030699,1.0685,0.68858,0.5,3.09,0.0030907,-0.00056795,0.001346,0.0008406,-0.00066692,0.0018912,,0.0465792,0.021536
0.0029906,0.69683,0.5,3.09,-0.036986,-0.029624,1.0668,0.69683,0.5,3.09,0.0030484,-0.00061403,0.0014071,0.00095295,-0.00065787,0.0019798,,0.0478496,0.0225136
0.0030272,0.70509,0.5,3.09,-0.036468,-0.0283,1.0654,0.70509,0.5,3.09,0.0029409,-0.00064211,0.0014245,0.0010676,-0.00065396,0.0020459,,0.0484352,0.022792
0.0030505,0.71335,0.5,3.09,-0.035928,-0.026948,1.0645,0.71335,0.5,3.09,0.0027854,-0.00065157,0.0014535,0.0011886,-0.00066022,0.002127,,0.048808,0.023256
0.0030534,0.7216,0.5,3.09,-0.035395,-0.025677,1.0643,0.7216,0.5,3.09,0.0026051,-0.00064206,0.0014508,0.0013252,-0.00064553,0.0021766,,0.0488544,0.0232128
0.00306,0.72986,0.5,3.09,-0.034779,-0.024544,1.0638,0.72986,0.5,3.09,0.0024283,-0.00062201,0.0014051,0.0014854,-0.00063379,0.0022064,,0.04896,0.0224816
0.0030537,0.73811,0.5,3.09,-0.033852,-0.023801,1.0615,0.73811,0.5,3.09,0.002271,-0.00057371,0.0013006,0.0016565,-0.00061664,0.0021798,,0.0488592,0.0208096
0.0030355,0.74637,0.5,3.09,-0.032458,-0.023592,1.057,0.74637,0.5,3.09,0.0021319,-0.00048269,0.0011857,0.001829,-0.00061781,0.0021101,,0.048568,0.0189712
0.0030174,0.75463,0.5,3.09,-0.030724,-0.024093,1.0517,0.75463,0.5,3.09,0.0020034,-0.00036068,0.0010605,0.0019641,-0.00062402,0.0020672,,0.0482784,0.016968
0.0029688,0.76288,0.5,3.09,-0.028944,-0.025046,1.047,0.76288,0.5,3.09,0.001885,-0.00024374,0.00093546,0.0020158,-0.00063605,0.0020368,,0.0475008,0.01496736
0.0028942,0.77114,0.5,3.09,-0.027317,-0.025916,1.044,0.77114,0.5,3.09,0.0017873,-0.00016773,0.00080959,0.0019801,-0.00065991,0.002021,,0.0463072,0.01295344
0.0028342,0.7794,0.5,3.09,-0.025996,-0.025971,1.0422,0.7794,0.5,3.09,0.0017222,-0.00015562,0.00068708,0.0019077,-0.0007175,0.0020385,,0.0453472,0.01099328
0.0027956,0.78765,0.5,3.09,-0.025129,-0.02472,1.0414,0.78765,0.5,3.09,0.0016911,-0.00019057,0.00055723,0.0018635,-0.000805,0.0020367,,0.0447296,0.00891568
0.00271,0.79591,0.5,3.09,-0.024684,-0.02255,1.0416,0.79591,0.5,3.09,0.0016808,-0.00022023,0.0004127,0.0018381,-0.00086186,0.0019011,,0.04336,0.0066032
0.002589,0.80416,0.5,3.09,-0.024459,-0.020032,1.0418,0.80416,0.5,3.09,0.0016723,-0.00021223,0.00027471,0.0017854,-0.00090026,0.0017203,,0.041424,0.00439536
0.0024941,0.81242,0.5,3.09,-0.024237,-0.017477,1.0409,0.81242,0.5,3.09,0.0016521,-0.0001676,0.00015182,0.001707,-0.00094852,0.001629,,0.0399056,0.00242912
0.0024497,0.82068,0.5,3.09,-0.023795,-0.014921,1.0395,0.82068,0.5,3.09,0.0016133,-0.00011205,7.38E-05,0.0016721,-0.00101,0.0016139,,0.0391952,0.00118056
0.0024653,0.82893,0.5,3.09,-0.023001,-0.012666,1.0391,0.82893,0.5,3.09,0.0015557,-5.91E-05,3.36E-05,0.0017277,-0.0010703,0.0016471,,0.0394448,0.0005372
0.0047113,0.030909,0.5,3.1266,-0.0012517,0.0053042,0.73769,0.030909,0.5,3.1266,0.00034173,0.00023445,-0.0001661,0.0023359,0.00015237,0.006745,,0.0753808,-0.0026576
0.0049505,0.066184,0.5,3.1266,-0.0013529,0.0090461,0.85226,0.066184,0.5,3.1266,0.00074749,0.00035309,-0.0004494,0.0030432,0.00039009,0.0061102,,0.079208,-0.0071904
0.004472,0.10006,0.5,3.1266,0.00058524,0.011568,0.9129,0.10006,0.5,3.1266,0.0010405,0.00040306,-0.00028327,0.0028026,0.0010851,0.0051008,,0.071552,-0.00453232
0.0062703,0.13258,0.5,3.1266,0.00068972,0.004201,0.93485,0.13258,0.5,3.1266,0.0010937,0.00049787,9.36E-05,0.00234,0.0017449,0.0091068,,0.1003248,0.001496816
0.0055225,0.16379,0.5,3.1266,-0.0030265,-0.009611,0.96809,0.16379,0.5,3.1266,0.00075957,0.00031467,-6.82E-05,0.0017501,0.0010605,0.0085354,,0.08836,-0.00109128
0.0026745,0.19372,0.5,3.1266,-0.0068687,-0.019695,1.0165,0.19372,0.5,3.1266,0.00061712,5.13E-05,-0.00029131,0.00092565,-1.70E-05,0.0038062,,0.042792,-0.00466096
0.0018207,0.22242,0.5,3.1266,-0.0081337,-0.019342,1.0344,0.22242,0.5,3.1266,0.0006766,6.43E-06,-0.00027621,0.00074908,-1.16E-05,0.0022158,,0.0291312,-0.00441936
0.0017464,0.24993,0.5,3.1266,-0.008215,-0.016404,1.054,0.24993,0.5,3.1266,0.00064731,0.00011868,-0.00022701,0.00087125,0.00018212,0.0019743,,0.0279424,-0.00363216
0.0016659,0.27629,0.5,3.1266,-0.0098156,-0.017086,1.0656,0.27629,0.5,3.1266,0.00063729,0.00015043,-0.00010549,0.00090272,-0.00010325,0.0017918,,0.0266544,-0.00168784
0.0017389,0.30154,0.5,3.1266,-0.014086,-0.014734,1.0723,0.30154,0.5,3.1266,0.00066045,0.00023569,-0.00036262,0.00097062,-0.00069263,0.0018467,,0.0278224,-0.00580192
0.0019557,0.32572,0.5,3.1266,-0.020077,-0.012358,1.0722,0.32572,0.5,3.1266,0.0007378,0.00045643,-0.00078027,0.00096535,-0.00093944,0.0022082,,0.0312912,-0.01248432
0.0018153,0.34887,0.5,3.1266,-0.025164,-0.0094889,1.0656,0.34887,0.5,3.1266,0.00090021,0.00051837,-0.00078482,0.00078344,-0.00069279,0.001947,,0.0290448,-0.01255712
0.0017065,0.37102,0.5,3.1266,-0.027948,-0.006317,1.0617,0.37102,0.5,3.1266,0.0010005,0.00041931,-0.00070999,0.0006526,-0.00056334,0.0017598,,0.027304,-0.01135984
0.0016103,0.39221,0.5,3.1266,-0.029638,-0.0052479,1.0686,0.39221,0.5,3.1266,0.001012,0.00026093,-0.00035296,0.00069028,-0.00029386,0.0015184,,0.0257648,-0.00564736
0.0017323,0.41248,0.5,3.1266,-0.03103,-0.0054884,1.0708,0.41248,0.5,3.1266,0.00097969,0.00015956,6.36E-05,0.00086509,-0.00031138,0.0016198,,0.0277168,0.001017808
0.0019612,0.43187,0.5,3.1266,-0.032386,-0.0082023,1.0723,0.43187,0.5,3.1266,0.0009361,9.79E-05,0.00014765,0.001229,-0.00056222,0.0017572,,0.0313792,0.0023624
0.0020103,0.4504,0.5,3.1266,-0.034004,-0.0092545,1.0736,0.4504,0.5,3.1266,0.00098492,1.39E-05,5.02E-05,0.0014518,-0.00051053,0.0015839,,0.0321648,0.00080376
0.0020948,0.46812,0.5,3.1266,-0.035363,-0.0097049,1.0715,0.46812,0.5,3.1266,0.0011361,-7.20E-05,-0.00020526,0.0014547,-0.0006288,0.0015988,,0.0335168,-0.00328416
0.002231,0.48504,0.5,3.1266,-0.036227,-0.011086,1.0757,0.48504,0.5,3.1266,0.0012999,-0.00017674,-0.00016972,0.0014416,-0.00083392,0.0017206,,0.035696,-0.00271552
0.0022534,0.50122,0.5,3.1266,-0.036649,-0.011944,1.0751,0.50122,0.5,3.1266,0.0014324,-0.0002404,3.70E-05,0.0014405,-0.00078121,0.001634,,0.0360544,0.000591264
0.0022538,0.51667,0.5,3.1266,-0.036918,-0.012656,1.0741,0.51667,0.5,3.1266,0.0015944,-0.00021466,0.00015764,0.0013968,-0.00066908,0.0015164,,0.0360608,0.00252224
0.0022494,0.53142,0.5,3.1266,-0.037724,-0.014094,1.0771,0.53142,0.5,3.1266,0.0017653,-0.00018501,0.00019515,0.0013009,-0.00057344,0.0014326,,0.0359904,0.0031224
0.0021982,0.54551,0.5,3.1266,-0.038726,-0.016077,1.0812,0.54551,0.5,3.1266,0.0018546,-0.00015542,2.43E-05,0.0011822,-0.00040524,0.0013596,,0.0351712,0.000388304
0.0019622,0.55896,0.5,3.1266,-0.039148,-0.017936,1.0827,0.55896,0.5,3.1266,0.0019032,-0.00010858,-7.17E-05,0.00093981,-0.00018801,0.0010814,,0.0313952,-0.001146624
0.0017295,0.5718,0.5,3.1266,-0.038974,-0.020003,1.0845,0.5718,0.5,3.1266,0.0019496,-6.74E-05,-6.01E-05,0.00073317,2.64E-05,0.00077614,,0.027672,-0.00096112
0.001722,0.58405,0.5,3.1266,-0.038559,-0.02175,1.0859,0.58405,0.5,3.1266,0.0019834,-9.29E-05,-6.39E-05,0.00067098,0.00018234,0.00078962,,0.027552,-0.00102176
0.001654,0.59575,0.5,3.1266,-0.038116,-0.023947,1.0821,0.59575,0.5,3.1266,0.002029,-0.00013479,-0.00010502,0.00062885,0.000271,0.00065008,,0.026464,-0.00168032
0.0016364,0.6069,0.5,3.1266,-0.037747,-0.026292,1.0758,0.6069,0.5,3.1266,0.0020942,-0.00012654,-3.45E-05,0.00051292,0.00020718,0.0006656,,0.0261824,-0.000552448
0.0016401,0.61755,0.5,3.1266,-0.037638,-0.027289,1.0728,0.61755,0.5,3.1266,0.0021561,-0.00012238,0.0001379,0.00042957,7.57E-05,0.0006944,,0.0262416,0.0022064
0.0017358,0.6277,0.5,3.1266,-0.037782,-0.027302,1.071,0.6277,0.5,3.1266,0.0022118,-0.00014074,0.00034737,0.00044044,-7.40E-05,0.00081932,,0.0277728,0.00555792
0.0019777,0.63738,0.5,3.1266,-0.038012,-0.027389,1.0692,0.63738,0.5,3.1266,0.002287,-0.00018157,0.00053186,0.00046973,-0.00019643,0.0011986,,0.0316432,0.00850976
0.0022108,0.64661,0.5,3.1266,-0.03822,-0.027978,1.0688,0.64661,0.5,3.1266,0.0024022,-0.0002419,0.00068692,0.00049212,-0.00030207,0.0015272,,0.0353728,0.01099072
0.0024092,0.65542,0.5,3.1266,-0.038276,-0.028762,1.0683,0.65542,0.5,3.1266,0.0025569,-0.00031717,0.00083675,0.00053201,-0.00040038,0.0017295,,0.0385472,0.013388
0.0025371,0.66381,0.5,3.1266,-0.038141,-0.029857,1.0683,0.66381,0.5,3.1266,0.0027353,-0.00038499,0.00095478,0.00058368,-0.00050301,0.0017554,,0.0405936,0.01527648
0.002671,0.67207,0.5,3.1266,-0.037888,-0.030781,1.0685,0.67207,0.5,3.1266,0.002901,-0.00044419,0.0010961,0.00065256,-0.00059148,0.0017883,,0.042736,0.0175376
0.0027876,0.68032,0.5,3.1266,-0.037544,-0.031122,1.0691,0.68032,0.5,3.1266,0.0030166,-0.00050054,0.0012194,0.00074993,-0.00063115,0.0018086,,0.0446016,0.0195104
0.0028979,0.68858,0.5,3.1266,-0.037123,-0.030685,1.0682,0.68858,0.5,3.1266,0.0030624,-0.00055136,0.0013441,0.00085477,-0.00063646,0.0018786,,0.0463664,0.0215056
0.0029816,0.69683,0.5,3.1266,-0.036662,-0.029578,1.0667,0.69683,0.5,3.1266,0.0030338,-0.00058946,0.0014035,0.0009651,-0.0006268,0.0019644,,0.0477056,0.022456
0.0030252,0.70509,0.5,3.1266,-0.036165,-0.028257,1.0653,0.70509,0.5,3.1266,0.0029404,-0.00061369,0.0014173,0.0010781,-0.0006296,0.0020319,,0.0484032,0.0226768
0.0030515,0.71335,0.5,3.1266,-0.035639,-0.026917,1.0645,0.71335,0.5,3.1266,0.0027985,-0.00062281,0.0014321,0.0011982,-0.00063842,0.0021063,,0.048824,0.0229136
0.0030504,0.7216,0.5,3.1266,-0.035066,-0.025671,1.0644,0.7216,0.5,3.1266,0.0026286,-0.0006164,0.0014112,0.0013368,-0.00061728,0.0021355,,0.0488064,0.0225792
0.0030592,0.72986,0.5,3.1266,-0.034338,-0.024634,1.0638,0.72986,0.5,3.1266,0.0024527,-0.00059756,0.0013661,0.0015036,-0.00059474,0.002162,,0.0489472,0.0218576
0.0030564,0.73811,0.5,3.1266,-0.033294,-0.024098,1.0614,0.73811,0.5,3.1266,0.0022873,-0.0005484,0.0012798,0.0016862,-0.00056854,0.0021393,,0.0489024,0.0204768
0.00305,0.74637,0.5,3.1266,-0.031849,-0.024096,1.0567,0.74637,0.5,3.1266,0.0021384,-0.00045545,0.0011886,0.0018727,-0.00056509,0.002089,,0.0488,0.0190176
0.0030421,0.75463,0.5,3.1266,-0.030126,-0.024613,1.0515,0.75463,0.5,3.1266,0.0020018,-0.00033323,0.0010778,0.0020163,-0.00057227,0.0020661,,0.0486736,0.0172448
0.0029866,0.76288,0.5,3.1266,-0.028394,-0.025313,1.0469,0.76288,0.5,3.1266,0.0018765,-0.00022023,0.00094951,0.0020632,-0.00059678,0.0020335,,0.0477856,0.01519216
0.0029045,0.77114,0.5,3.1266,-0.026906,-0.025815,1.0439,0.77114,0.5,3.1266,0.0017758,-0.00014828,0.00081272,0.0020182,-0.00063975,0.0020151,,0.046472,0.01300352
0.0028405,0.7794,0.5,3.1266,-0.025834,-0.025549,1.0421,0.7794,0.5,3.1266,0.0017131,-0.00013601,0.00068586,0.0019397,-0.00071269,0.0020281,,0.045448,0.01097376
0.0027883,0.78765,0.5,3.1266,-0.025209,-0.024133,1.0415,0.78765,0.5,3.1266,0.0016878,-0.00016331,0.00055168,0.0018791,-0.00080564,0.0020098,,0.0446128,0.00882688
0.0026835,0.79591,0.5,3.1266,-0.024909,-0.021977,1.0419,0.79591,0.5,3.1266,0.0016852,-0.00018127,0.00040009,0.0018182,-0.0008665,0.0018636,,0.042936,0.00640144
0.0025599,0.80416,0.5,3.1266,-0.024706,-0.019515,1.042,0.80416,0.5,3.1266,0.0016834,-0.00016481,0.00026333,0.0017389,-0.00091312,0.0016975,,0.0409584,0.00421328
0.0024817,0.81242,0.5,3.1266,-0.024341,-0.016916,1.0409,0.81242,0.5,3.1266,0.0016682,-0.0001169,0.00014598,0.0016728,-0.00097716,0.0016223,,0.0397072,0.00233568
0.0024682,0.82068,0.5,3.1266,-0.023672,-0.014265,1.0393,0.82068,0.5,3.1266,0.0016337,-6.22E-05,6.50E-05,0.0016771,-0.001069,0.0016256,,0.0394912,0.001039392
0.002525,0.82893,0.5,3.1266,-0.022726,-0.012036,1.0387,0.82893,0.5,3.1266,0.001576,-1.23E-05,1.64E-05,0.0017654,-0.0011693,0.0017086,,0.0404,0.000262592
0.0047114,0.030909,0.5,3.1642,-0.0013379,0.0053654,0.73776,0.030909,0.5,3.1642,0.0003713,0.00024379,-0.00016135,0.0024086,0.0002031,0.0066429,,0.0753824,-0.0025816
0.0049271,0.066184,0.5,3.1642,-0.0016417,0.0092535,0.85269,0.066184,0.5,3.1642,0.00080169,0.00029809,-0.00040702,0.0030562,0.000514,0.0059962,,0.0788336,-0.00651232
0.0044842,0.10006,0.5,3.1642,0.00020018,0.011497,0.91282,0.10006,0.5,3.1642,0.001084,0.00030536,-0.00029732,0.0027502,0.0011049,0.0051343,,0.0717472,-0.00475712
0.0062413,0.13258,0.5,3.1642,0.00039424,0.0041565,0.93478,0.13258,0.5,3.1642,0.0011,0.00042912,6.32E-05,0.0022535,0.0016423,0.0091291,,0.0998608,0.001010592
0.0055015,0.16379,0.5,3.1642,-0.0033748,-0.0091873,0.96794,0.16379,0.5,3.1642,0.00075257,0.00030186,-2.82E-05,0.001679,0.00098161,0.0085714,,0.088024,-0.000451296
0.0027306,0.19372,0.5,3.1642,-0.0071854,-0.01954,1.0156,0.19372,0.5,3.1642,0.00061753,7.56E-05,-0.00027644,0.00094752,-4.44E-05,0.0038961,,0.0436896,-0.00442304
0.0018352,0.22242,0.5,3.1642,-0.0082981,-0.019478,1.0344,0.22242,0.5,3.1642,0.00066651,1.85E-05,-0.00028081,0.00075916,-8.49E-06,0.0022448,,0.0293632,-0.00449296
0.0017211,0.24993,0.5,3.1642,-0.008295,-0.016465,1.0537,0.24993,0.5,3.1642,0.00063434,0.00012593,-0.00024007,0.0008483,0.00013868,0.0019596,,0.0275376,-0.00384112
0.0016465,0.27629,0.5,3.1642,-0.0098284,-0.017004,1.0653,0.27629,0.5,3.1642,0.00062536,0.00015066,-0.00014153,0.00087698,-0.00013288,0.0017907,,0.026344,-0.00226448
0.0017815,0.30154,0.5,3.1642,-0.014143,-0.014673,1.0726,0.30154,0.5,3.1642,0.00066437,0.00023028,-0.00040772,0.00095385,-0.00069619,0.0019448,,0.028504,-0.00652352
0.0020221,0.32572,0.5,3.1642,-0.020202,-0.012225,1.072,0.32572,0.5,3.1642,0.00076364,0.000449,-0.00082559,0.00098123,-0.00093097,0.0022994,,0.0323536,-0.01320944
0.0018444,0.34887,0.5,3.1642,-0.025255,-0.0092673,1.065,0.34887,0.5,3.1642,0.00092835,0.00051322,-0.00078291,0.00078409,-0.00066401,0.0019764,,0.0295104,-0.01252656
0.0017314,0.37102,0.5,3.1642,-0.02795,-0.0061864,1.0614,0.37102,0.5,3.1642,0.0010008,0.00040339,-0.00066678,0.00062725,-0.00053659,0.0018349,,0.0277024,-0.01066848
0.0016054,0.39221,0.5,3.1642,-0.029568,-0.0051504,1.0679,0.39221,0.5,3.1642,0.0009718,0.00023958,-0.00031792,0.00066942,-0.00026952,0.0015697,,0.0256864,-0.00508672
0.0017369,0.41248,0.5,3.1642,-0.030894,-0.005546,1.0701,0.41248,0.5,3.1642,0.00095258,0.00013394,0.0001221,0.00088377,-0.00028668,0.0016374,,0.0277904,0.0019536
0.0019758,0.43187,0.5,3.1642,-0.032261,-0.0084065,1.0726,0.43187,0.5,3.1642,0.00094588,9.77E-05,0.00018604,0.0012572,-0.00053693,0.0017486,,0.0316128,0.00297664
0.0019364,0.4504,0.5,3.1642,-0.034001,-0.0093767,1.0743,0.4504,0.5,3.1642,0.00098045,4.74E-05,3.05E-05,0.0014603,-0.00045638,0.001432,,0.0309824,0.000487456
0.0020701,0.46812,0.5,3.1642,-0.03542,-0.0097035,1.0717,0.46812,0.5,3.1642,0.0011005,-4.46E-05,-0.00025342,0.0014732,-0.00059762,0.0015665,,0.0331216,-0.00405472
0.0022489,0.48504,0.5,3.1642,-0.036217,-0.011109,1.0754,0.48504,0.5,3.1642,0.0012711,-0.0001542,-0.00018442,0.0014635,-0.00081746,0.0017631,,0.0359824,-0.00295072
0.0022481,0.50122,0.5,3.1642,-0.036557,-0.012116,1.0746,0.50122,0.5,3.1642,0.0014184,-0.00020502,4.00E-05,0.0014694,-0.00073947,0.0016085,,0.0359696,0.000639968
0.0022574,0.51667,0.5,3.1642,-0.036899,-0.012853,1.0743,0.51667,0.5,3.1642,0.0015708,-0.00018033,9.09E-05,0.0014423,-0.0006275,0.0015017,,0.0361184,0.00145432
0.0022605,0.53142,0.5,3.1642,-0.037832,-0.014181,1.078,0.53142,0.5,3.1642,0.0017552,-0.00018126,0.00011076,0.0013502,-0.00056826,0.0014156,,0.036168,0.00177216
0.0022017,0.54551,0.5,3.1642,-0.038809,-0.016183,1.0819,0.54551,0.5,3.1642,0.00187,-0.00017425,-6.10E-06,0.0012198,-0.00041498,0.0013136,,0.0352272,-9.75984E-05
0.0019858,0.55896,0.5,3.1642,-0.039096,-0.018199,1.0829,0.55896,0.5,3.1642,0.0019234,-0.00011884,-7.93E-05,0.00097728,-0.00018391,0.001071,,0.0317728,-0.001268048
0.0017653,0.5718,0.5,3.1642,-0.038776,-0.020299,1.0845,0.5718,0.5,3.1642,0.0019667,-5.68E-05,-5.22E-05,0.00076381,5.31E-05,0.00080018,,0.0282448,-0.000834928
0.0017359,0.58405,0.5,3.1642,-0.038317,-0.021933,1.0857,0.58405,0.5,3.1642,0.0019911,-6.90E-05,-2.35E-05,0.00069735,0.00022209,0.00078339,,0.0277744,-0.000376736
0.0016622,0.59575,0.5,3.1642,-0.037948,-0.024077,1.0814,0.59575,0.5,3.1642,0.0020253,-0.00011291,-5.26E-05,0.00066975,0.00027647,0.00062931,,0.0265952,-0.000841664
0.0016505,0.6069,0.5,3.1642,-0.037684,-0.026336,1.0751,0.6069,0.5,3.1642,0.0020752,-0.00010913,4.41E-06,0.00056027,0.00019465,0.00066553,,0.026408,7.06208E-05
0.0016538,0.61755,0.5,3.1642,-0.037636,-0.027231,1.0723,0.61755,0.5,3.1642,0.0021253,-0.00010087,0.00017248,0.00047432,6.27E-05,0.000708,,0.0264608,0.00275968
0.0017596,0.6277,0.5,3.1642,-0.037774,-0.027287,1.0704,0.6277,0.5,3.1642,0.0021867,-0.00010977,0.00038101,0.00046692,-0.0001098,0.00086547,,0.0281536,0.00609616
0.0020024,0.63738,0.5,3.1642,-0.037963,-0.027483,1.0689,0.63738,0.5,3.1642,0.0022769,-0.0001458,0.00054414,0.00047648,-0.00024518,0.0012514,,0.0320384,0.00870624
0.00221,0.64661,0.5,3.1642,-0.038132,-0.02814,1.0687,0.64661,0.5,3.1642,0.0024043,-0.00020907,0.00068481,0.0004897,-0.00034479,0.001526,,0.03536,0.01095696
0.0023863,0.65542,0.5,3.1642,-0.038163,-0.029032,1.0685,0.65542,0.5,3.1642,0.0025656,-0.00029318,0.00082281,0.00052431,-0.00043562,0.0016827,,0.0381808,0.01316496
0.0025102,0.66381,0.5,3.1642,-0.037983,-0.030237,1.0686,0.66381,0.5,3.1642,0.0027352,-0.0003747,0.00094263,0.00057517,-0.00051788,0.00171,,0.0401632,0.01508208
0.0026429,0.67207,0.5,3.1642,-0.037661,-0.03111,1.0687,0.67207,0.5,3.1642,0.0028779,-0.00044026,0.001082,0.00064769,-0.00058013,0.0017601,,0.0422864,0.017312
0.0027522,0.68032,0.5,3.1642,-0.037291,-0.031271,1.0691,0.68032,0.5,3.1642,0.002979,-0.00049353,0.0011943,0.00074482,-0.00059675,0.0017807,,0.0440352,0.0191088
0.0028637,0.68858,0.5,3.1642,-0.036889,-0.030641,1.068,0.68858,0.5,3.1642,0.0030262,-0.00054237,0.001311,0.00084858,-0.00059555,0.0018526,,0.0458192,0.020976
0.0029485,0.69683,0.5,3.1642,-0.036442,-0.029444,1.0666,0.69683,0.5,3.1642,0.0030036,-0.00058033,0.0013618,0.00095963,-0.0005949,0.0019337,,0.047176,0.0217888
0.0029961,0.70509,0.5,3.1642,-0.035947,-0.02812,1.0653,0.70509,0.5,3.1642,0.0029147,-0.00060136,0.0013742,0.0010729,-0.00060966,0.0020045,,0.0479376,0.0219872
0.0030176,0.71335,0.5,3.1642,-0.035407,-0.026791,1.0646,0.71335,0.5,3.1642,0.0027799,-0.00060839,0.0013747,0.0011947,-0.00061907,0.0020606,,0.0482816,0.0219952
0.0030117,0.7216,0.5,3.1642,-0.034811,-0.025509,1.0647,0.7216,0.5,3.1642,0.0026191,-0.00060449,0.0013455,0.0013361,-0.00059441,0.0020682,,0.0481872,0.021528
0.0030213,0.72986,0.5,3.1642,-0.03406,-0.024438,1.0639,0.72986,0.5,3.1642,0.0024461,-0.00058686,0.0013131,0.0015041,-0.00057066,0.0020925,,0.0483408,0.0210096
0.0030224,0.73811,0.5,3.1642,-0.03297,-0.023982,1.0611,0.73811,0.5,3.1642,0.0022733,-0.00053671,0.001249,0.0016843,-0.00054493,0.0020872,,0.0483584,0.019984
0.0030225,0.74637,0.5,3.1642,-0.031466,-0.024197,1.0563,0.74637,0.5,3.1642,0.0021119,-0.0004446,0.0011756,0.0018587,-0.00054838,0.0020743,,0.04836,0.0188096
0.0030041,0.75463,0.5,3.1642,-0.029759,-0.024917,1.0512,0.75463,0.5,3.1642,0.0019721,-0.00032937,0.0010705,0.0019708,-0.0005681,0.0020653,,0.0480656,0.017128
0.0029295,0.76288,0.5,3.1642,-0.028166,-0.025637,1.0469,0.76288,0.5,3.1642,0.0018601,-0.00022437,0.00094243,0.0019729,-0.0006082,0.002026,,0.046872,0.01507888
0.0028401,0.77114,0.5,3.1642,-0.026827,-0.025954,1.0439,0.77114,0.5,3.1642,0.0017813,-0.00015275,0.00080165,0.001894,-0.00066199,0.0020048,,0.0454416,0.0128264
0.0027745,0.7794,0.5,3.1642,-0.025783,-0.025421,1.0421,0.7794,0.5,3.1642,0.0017398,-0.00013209,0.00067248,0.0018038,-0.0007417,0.0020054,,0.044392,0.01075968
0.002715,0.78765,0.5,3.1642,-0.025112,-0.023818,1.0417,0.78765,0.5,3.1642,0.0017306,-0.00014528,0.00053237,0.0017395,-0.00084199,0.0019601,,0.04344,0.00851792
0.0026116,0.79591,0.5,3.1642,-0.024733,-0.021574,1.0422,0.79591,0.5,3.1642,0.0017362,-0.00014907,0.00037682,0.0016822,-0.0009148,0.0018049,,0.0417856,0.00602912
0.0025114,0.80416,0.5,3.1642,-0.02442,-0.019044,1.0421,0.80416,0.5,3.1642,0.0017362,-0.00012308,0.00024639,0.0016294,-0.00097144,0.0016572,,0.0401824,0.00394224
0.0024698,0.81242,0.5,3.1642,-0.024003,-0.016354,1.0408,0.81242,0.5,3.1642,0.0017209,-7.13E-05,0.00013743,0.0016105,-0.0010441,0.0016082,,0.0395168,0.00219888
0.0025071,0.82068,0.5,3.1642,-0.02333,-0.013637,1.0389,0.82068,0.5,3.1642,0.0016825,-1.83E-05,6.03E-05,0.0016721,-0.0011565,0.0016596,,0.0401136,0.000964304
0.0026277,0.82893,0.5,3.1642,-0.022355,-0.011487,1.038,0.82893,0.5,3.1642,0.0016126,2.42E-05,1.76E-05,0.0018136,-0.0012867,0.0018292,,0.0420432,0.00028224
0.0047089,0.030909,0.5,3.2026,-0.0015256,0.005414,0.73781,0.030909,0.5,3.2026,0.00037002,0.00024545,-0.00015381,0.0024581,0.00024858,0.0065897,,0.0753424,-0.00246096
0.0048635,0.066184,0.5,3.2026,-0.0020737,0.0094882,0.85307,0.066184,0.5,3.2026,0.0008016,0.00026338,-0.00035098,0.0030292,0.00059992,0.0058962,,0.077816,-0.00561568
0.0044622,0.10006,0.5,3.2026,-0.0002857,0.011472,0.91249,0.10006,0.5,3.2026,0.0010787,0.00023632,-0.00027819,0.0027163,0.0011008,0.0051294,,0.0713952,-0.00445104
0.0061662,0.13258,0.5,3.2026,0.0001046,0.0041836,0.93467,0.13258,0.5,3.2026,0.0010752,0.00038931,7.68E-05,0.0021938,0.0015693,0.0090633,,0.0986592,0.001228544
0.0054626,0.16379,0.5,3.2026,-0.003633,-0.008719,0.96798,0.16379,0.5,3.2026,0.00072089,0.00031439,1.89E-05,0.0016143,0.00095244,0.00859,,0.0874016,0.000302768
0.0028447,0.19372,0.5,3.2026,-0.007525,-0.019378,1.0148,0.19372,0.5,3.2026,0.00060445,7.96E-05,-0.00024957,0.0010265,-4.49E-05,0.0040585,,0.0455152,-0.00399312
0.0019044,0.22242,0.5,3.2026,-0.0085801,-0.019616,1.0344,0.22242,0.5,3.2026,0.00068336,4.80E-06,-0.00025433,0.00082512,-3.68E-06,0.0023003,,0.0304704,-0.00406928
0.0017445,0.24993,0.5,3.2026,-0.0084391,-0.016485,1.0534,0.24993,0.5,3.2026,0.00065461,0.00012705,-0.00023117,0.00086378,0.00011135,0.0019706,,0.027912,-0.00369872
0.0016633,0.27629,0.5,3.2026,-0.009856,-0.016835,1.065,0.27629,0.5,3.2026,0.00064258,0.00015866,-0.00016733,0.00086109,-0.00016432,0.0018229,,0.0266128,-0.00267728
0.0018422,0.30154,0.5,3.2026,-0.01418,-0.014596,1.073,0.30154,0.5,3.2026,0.00072549,0.00024927,-0.0004541,0.00091912,-0.00070763,0.0020398,,0.0294752,-0.0072656
0.0020887,0.32572,0.5,3.2026,-0.020287,-0.012087,1.0717,0.32572,0.5,3.2026,0.00083092,0.0004536,-0.00083753,0.00095875,-0.00093607,0.0023877,,0.0334192,-0.01340048
0.0018486,0.34887,0.5,3.2026,-0.025294,-0.0090318,1.0644,0.34887,0.5,3.2026,0.00095762,0.00050192,-0.0007555,0.00074541,-0.00065842,0.0019941,,0.0295776,-0.012088
0.001751,0.37102,0.5,3.2026,-0.027903,-0.0060142,1.0611,0.37102,0.5,3.2026,0.0010159,0.00039681,-0.00059753,0.00060732,-0.00049163,0.0018789,,0.028016,-0.00956048
0.0016435,0.39221,0.5,3.2026,-0.029496,-0.0049776,1.0673,0.39221,0.5,3.2026,0.00096677,0.00024458,-0.00025202,0.00068311,-0.0002295,0.0016371,,0.026296,-0.00403232
0.0017697,0.41248,0.5,3.2026,-0.030825,-0.0055613,1.0696,0.41248,0.5,3.2026,0.00095195,0.00013423,0.00015865,0.00093657,-0.00027749,0.001651,,0.0283152,0.0025384
0.0020439,0.43187,0.5,3.2026,-0.032226,-0.0086362,1.0731,0.43187,0.5,3.2026,0.0009837,9.33E-05,0.00023075,0.0013069,-0.00053165,0.0017972,,0.0327024,0.003692
0.0019532,0.4504,0.5,3.2026,-0.034031,-0.0095233,1.075,0.4504,0.5,3.2026,0.0010305,6.36E-05,8.11E-05,0.001482,-0.00040519,0.001394,,0.0312512,0.001297216
0.002082,0.46812,0.5,3.2026,-0.035478,-0.0096718,1.0719,0.46812,0.5,3.2026,0.0011279,-1.37E-05,-0.00024696,0.0015079,-0.00056828,0.0015282,,0.033312,-0.00395136
0.002283,0.48504,0.5,3.2026,-0.03622,-0.011077,1.075,0.48504,0.5,3.2026,0.0012759,-0.00011742,-0.00018866,0.0014878,-0.00083365,0.0018023,,0.036528,-0.00301856
0.0022663,0.50122,0.5,3.2026,-0.036511,-0.012218,1.0742,0.50122,0.5,3.2026,0.0014155,-0.00016792,4.15E-05,0.0014855,-0.00072932,0.0016314,,0.0362608,0.000664128
0.0022592,0.51667,0.5,3.2026,-0.037001,-0.012972,1.0748,0.51667,0.5,3.2026,0.0015686,-0.00015783,2.38E-05,0.0014575,-0.00058995,0.0014924,,0.0361472,0.000380656
0.002253,0.53142,0.5,3.2026,-0.038059,-0.014227,1.0789,0.53142,0.5,3.2026,0.001755,-0.00018415,1.99E-05,0.0013524,-0.00054786,0.0013987,,0.036048,0.000318
0.0021781,0.54551,0.5,3.2026,-0.038901,-0.01633,1.0823,0.54551,0.5,3.2026,0.0018531,-0.00020492,-3.41E-05,0.001218,-0.00042494,0.0012851,,0.0348496,-0.000544832
0.0019685,0.55896,0.5,3.2026,-0.038974,-0.018512,1.083,0.55896,0.5,3.2026,0.0018888,-0.00016647,-8.75E-05,0.0010005,-0.00020459,0.0010476,,0.031496,-0.001400608
0.0017691,0.5718,0.5,3.2026,-0.03855,-0.020592,1.0846,0.5718,0.5,3.2026,0.001952,-0.00010339,-6.53E-05,0.00080582,4.04E-05,0.00078047,,0.0283056,-0.001044896
0.0017425,0.58405,0.5,3.2026,-0.038115,-0.022109,1.0855,0.58405,0.5,3.2026,0.002012,-9.55E-05,-1.17E-05,0.0007367,0.00022013,0.00073633,,0.02788,-0.000187184
0.0016775,0.59575,0.5,3.2026,-0.037811,-0.024233,1.0807,0.59575,0.5,3.2026,0.002052,-0.00011733,-8.31E-06,0.00070356,0.00026311,0.00059938,,0.02684,-0.000132918
0.0016595,0.6069,0.5,3.2026,-0.037591,-0.026414,1.0744,0.6069,0.5,3.2026,0.0020746,-0.00010457,5.83E-05,0.00058357,0.00017649,0.00066073,,0.026552,0.000932032
0.0016665,0.61755,0.5,3.2026,-0.03759,-0.027198,1.0718,0.61755,0.5,3.2026,0.0021009,-9.13E-05,0.00022194,0.00048449,4.41E-05,0.0007476,,0.026664,0.00355104
0.0017982,0.6277,0.5,3.2026,-0.037771,-0.027275,1.0699,0.6277,0.5,3.2026,0.0021711,-9.49E-05,0.00042397,0.00045525,-0.00014106,0.00097011,,0.0287712,0.00678352
0.0020425,0.63738,0.5,3.2026,-0.037978,-0.027568,1.0687,0.63738,0.5,3.2026,0.0022947,-0.00013065,0.00057532,0.00045504,-0.00028185,0.0013353,,0.03268,0.00920512
0.0022339,0.64661,0.5,3.2026,-0.038112,-0.028323,1.0687,0.64661,0.5,3.2026,0.002451,-0.00019582,0.00070779,0.00047476,-0.00037246,0.0015421,,0.0357424,0.01132464
0.0023899,0.65542,0.5,3.2026,-0.03806,-0.029325,1.0687,0.65542,0.5,3.2026,0.0026096,-0.0002818,0.00083282,0.00051658,-0.00045386,0.0016536,,0.0382384,0.01332512
0.0024986,0.66381,0.5,3.2026,-0.037809,-0.030586,1.0688,0.66381,0.5,3.2026,0.0027584,-0.0003715,0.00095289,0.00057389,-0.00051872,0.001665,,0.0399776,0.01524624
0.0026292,0.67207,0.5,3.2026,-0.03747,-0.031372,1.069,0.67207,0.5,3.2026,0.0028939,-0.00044911,0.0010814,0.00065147,-0.00056072,0.0017131,,0.0420672,0.0173024
0.0027424,0.68032,0.5,3.2026,-0.037091,-0.031367,1.0691,0.68032,0.5,3.2026,0.0029962,-0.00050909,0.0011783,0.00074636,-0.0005659,0.0017421,,0.0438784,0.0188528
0.0028522,0.68858,0.5,3.2026,-0.036665,-0.030597,1.0679,0.68858,0.5,3.2026,0.003043,-0.00056081,0.001274,0.00084284,-0.00056726,0.0018185,,0.0456352,0.020384
0.0029307,0.69683,0.5,3.2026,-0.036213,-0.029363,1.0667,0.69683,0.5,3.2026,0.0030233,-0.00060146,0.0013033,0.00094961,-0.00057502,0.0018886,,0.0468912,0.0208528
0.0029815,0.70509,0.5,3.2026,-0.035739,-0.028025,1.0655,0.70509,0.5,3.2026,0.0029378,-0.00062522,0.0013053,0.0010703,-0.00059151,0.0019548,,0.047704,0.0208848
0.0030062,0.71335,0.5,3.2026,-0.035219,-0.026666,1.065,0.71335,0.5,3.2026,0.002801,-0.00063294,0.0012913,0.0012154,-0.00059156,0.001996,,0.0480992,0.0206608
0.0030073,0.7216,0.5,3.2026,-0.034574,-0.0254,1.065,0.7216,0.5,3.2026,0.0026339,-0.00062343,0.0012686,0.0013811,-0.00056221,0.0019996,,0.0481168,0.0202976
0.0030281,0.72986,0.5,3.2026,-0.033686,-0.024482,1.0638,0.72986,0.5,3.2026,0.0024542,-0.00059586,0.0012593,0.001561,-0.00053434,0.0020411,,0.0484496,0.0201488
0.0030388,0.73811,0.5,3.2026,-0.032472,-0.024302,1.0607,0.73811,0.5,3.2026,0.0022761,-0.00053991,0.001222,0.0017328,-0.00051206,0.0020688,,0.0486208,0.019552
0.0030373,0.74637,0.5,3.2026,-0.030969,-0.024743,1.0558,0.74637,0.5,3.2026,0.0021173,-0.00045319,0.0011625,0.0018747,-0.00053143,0.0020825,,0.0485968,0.0186
0.0029973,0.75463,0.5,3.2026,-0.029355,-0.025447,1.0509,0.75463,0.5,3.2026,0.0019932,-0.00035054,0.001063,0.0019351,-0.00057201,0.0020662,,0.0479568,0.017008
0.0029043,0.76288,0.5,3.2026,-0.027852,-0.025908,1.0468,0.76288,0.5,3.2026,0.0019044,-0.00025385,0.00094173,0.001888,-0.00062542,0.0020161,,0.0464688,0.01506768
0.0028117,0.77114,0.5,3.2026,-0.026632,-0.025877,1.0439,0.77114,0.5,3.2026,0.0018449,-0.00018113,0.00080136,0.0017854,-0.0006817,0.0019931,,0.0449872,0.01282176
0.0027414,0.7794,0.5,3.2026,-0.025797,-0.025071,1.0422,0.7794,0.5,3.2026,0.0018136,-0.00015466,0.00065982,0.0016967,-0.00076127,0.0019724,,0.0438624,0.01055712
0.0026754,0.78765,0.5,3.2026,-0.025322,-0.023349,1.0421,0.78765,0.5,3.2026,0.0018065,-0.00016029,0.00050185,0.0016451,-0.00086334,0.0018994,,0.0428064,0.0080296
0.0025819,0.79591,0.5,3.2026,-0.025032,-0.021102,1.0425,0.79591,0.5,3.2026,0.0018075,-0.00015541,0.00033758,0.0016106,-0.00094222,0.0017458,,0.0413104,0.00540128
0.0025115,0.80416,0.5,3.2026,-0.024701,-0.018579,1.0422,0.80416,0.5,3.2026,0.0018005,-0.00012177,0.00021306,0.0015942,-0.0010089,0.0016283,,0.040184,0.00340896
0.0025137,0.81242,0.5,3.2026,-0.02412,-0.015832,1.0406,0.81242,0.5,3.2026,0.0017792,-6.45E-05,0.00011852,0.0016198,-0.0011068,0.0016283,,0.0402192,0.00189632
0.0026121,0.82068,0.5,3.2026,-0.023216,-0.013086,1.0384,0.82068,0.5,3.2026,0.0017361,-6.70E-06,5.79E-05,0.0017232,-0.0012541,0.0017649,,0.0417936,0.000927152
0.0027909,0.82893,0.5,3.2026,-0.02213,-0.011052,1.0371,0.82893,0.5,3.2026,0.0016634,3.40E-05,3.95E-05,0.0018915,-0.0014089,0.0020268,,0.0446544,0.00063264
0.0047095,0.030909,0.5,3.2418,-0.0017923,0.0054476,0.73784,0.030909,0.5,3.2418,0.00035325,0.00022699,-0.00014252,0.0024939,0.00030249,0.0065718,,0.075352,-0.00228032
0.0048094,0.066184,0.5,3.2418,-0.0025616,0.0097317,0.85343,0.066184,0.5,3.2418,0.00077412,0.00025595,-0.00030598,0.0030067,0.00067647,0.005838,,0.0769504,-0.00489568
0.0044454,0.10006,0.5,3.2418,-0.00078474,0.011605,0.91195,0.10006,0.5,3.2418,0.0010517,0.00023796,-0.0002485,0.0027518,0.0011229,0.0050874,,0.0711264,-0.003976
0.0061011,0.13258,0.5,3.2418,-0.00021204,0.0043981,0.93448,0.13258,0.5,3.2418,0.0010648,0.00040388,0.00012906,0.0022114,0.0015779,0.008926,,0.0976176,0.00206496
0.0054447,0.16379,0.5,3.2418,-0.0038244,-0.008212,0.96818,0.16379,0.5,3.2418,0.00072273,0.00033115,5.63E-05,0.0015606,0.00099986,0.0086061,,0.0871152,0.000901184
0.0029742,0.19372,0.5,3.2418,-0.0078099,-0.019175,1.0141,0.19372,0.5,3.2418,0.0006054,5.84E-05,-0.00024332,0.0010986,-2.49E-05,0.0042444,,0.0475872,-0.00389312
0.0019924,0.22242,0.5,3.2418,-0.0089208,-0.019732,1.0344,0.22242,0.5,3.2418,0.00071049,-1.28E-05,-0.00021983,0.00090864,-1.03E-05,0.0023656,,0.0318784,-0.00351728
0.0018177,0.24993,0.5,3.2418,-0.0086542,-0.016445,1.0529,0.24993,0.5,3.2418,0.00069251,0.00013329,-0.00020637,0.00091847,8.28E-05,0.0020244,,0.0290832,-0.00330192
0.00173,0.27629,0.5,3.2418,-0.0099336,-0.016582,1.0646,0.27629,0.5,3.2418,0.00068175,0.00018509,-0.00017713,0.00088654,-0.00019917,0.0018916,,0.02768,-0.00283408
0.0019087,0.30154,0.5,3.2418,-0.014222,-0.014542,1.0734,0.30154,0.5,3.2418,0.00079899,0.00029485,-0.00048197,0.00090046,-0.00072924,0.002118,,0.0305392,-0.00771152
0.0021345,0.32572,0.5,3.2418,-0.020312,-0.011937,1.0713,0.32572,0.5,3.2418,0.00089157,0.00048085,-0.00080075,0.00091795,-0.00095888,0.0024595,,0.034152,-0.012812
0.0018298,0.34887,0.5,3.2418,-0.025229,-0.0087789,1.0638,0.34887,0.5,3.2418,0.00097945,0.00050041,-0.00070396,0.00069339,-0.00066547,0.0019867,,0.0292768,-0.01126336
0.0017492,0.37102,0.5,3.2418,-0.027782,-0.0058605,1.0608,0.37102,0.5,3.2418,0.0010543,0.00039818,-0.00054166,0.00060266,-0.0004485,0.0018413,,0.0279872,-0.00866656
0.0016985,0.39221,0.5,3.2418,-0.02941,-0.0047652,1.0667,0.39221,0.5,3.2418,0.001012,0.00026544,-0.00017945,0.00071092,-0.00020158,0.0016742,,0.027176,-0.0028712
0.0018043,0.41248,0.5,3.2418,-0.030777,-0.0055194,1.0692,0.41248,0.5,3.2418,0.00097793,0.00016189,0.00018012,0.00097926,-0.00029462,0.0016513,,0.0288688,0.00288192
0.0021015,0.43187,0.5,3.2418,-0.032215,-0.0088506,1.0736,0.43187,0.5,3.2418,0.0010238,0.00010096,0.00024104,0.0013492,-0.00054157,0.0018301,,0.033624,0.00385664
0.0020266,0.4504,0.5,3.2418,-0.034048,-0.0096546,1.0757,0.4504,0.5,3.2418,0.0011119,6.70E-05,0.00012486,0.0015011,-0.00039362,0.0014401,,0.0324256,0.00199776
0.0021218,0.46812,0.5,3.2418,-0.035503,-0.0095907,1.0722,0.46812,0.5,3.2418,0.0012112,-6.05E-07,-0.00022005,0.0015326,-0.00058793,0.0014999,,0.0339488,-0.0035208
0.0023082,0.48504,0.5,3.2418,-0.036188,-0.011003,1.0745,0.48504,0.5,3.2418,0.0013182,-9.97E-05,-0.00017317,0.0015152,-0.00087352,0.001783,,0.0369312,-0.00277072
0.0022761,0.50122,0.5,3.2418,-0.036467,-0.012292,1.0739,0.50122,0.5,3.2418,0.001432,-0.00014616,4.10E-05,0.0014922,-0.00073105,0.001628,,0.0364176,0.0006552
0.0022537,0.51667,0.5,3.2418,-0.03716,-0.013038,1.0755,0.51667,0.5,3.2418,0.0015804,-0.00013406,-4.06E-05,0.0014311,-0.00056365,0.0014958,,0.0360592,-0.000649088
0.0022286,0.53142,0.5,3.2418,-0.038332,-0.014218,1.0795,0.53142,0.5,3.2418,0.0017512,-0.00015338,-5.32E-05,0.0012888,-0.00052459,0.0014173,,0.0356576,-0.000851184
0.0021177,0.54551,0.5,3.2418,-0.039009,-0.01643,1.0825,0.54551,0.5,3.2418,0.0018299,-0.0001908,-4.15E-05,0.0011288,-0.00041812,0.0012768,,0.0338832,-0.000663424
0.001911,0.55896,0.5,3.2418,-0.038888,-0.018785,1.0832,0.55896,0.5,3.2418,0.0018615,-0.00019294,-9.38E-05,0.00093602,-0.00021623,0.0010244,,0.030576,-0.001500176
0.0017353,0.5718,0.5,3.2418,-0.038367,-0.020859,1.0846,0.5718,0.5,3.2418,0.0019325,-0.00016271,-0.00010125,0.00079138,2.05E-05,0.00074678,,0.0277648,-0.00162
0.0017088,0.58405,0.5,3.2418,-0.037919,-0.022315,1.0852,0.58405,0.5,3.2418,0.0020022,-0.00015922,-1.85E-05,0.00073624,0.00019862,0.00067915,,0.0273408,-0.000296176
0.0016526,0.59575,0.5,3.2418,-0.03768,-0.024448,1.0798,0.59575,0.5,3.2418,0.0020571,-0.00015922,2.00E-05,0.00068691,0.00023233,0.00056123,,0.0264416,0.000320256
0.0016497,0.6069,0.5,3.2418,-0.037568,-0.026526,1.0737,0.6069,0.5,3.2418,0.0021025,-0.00013205,8.53E-05,0.00055754,0.00014155,0.00063924,,0.0263952,0.001365536
0.0016992,0.61755,0.5,3.2418,-0.037649,-0.027213,1.0714,0.61755,0.5,3.2418,0.002145,-0.00011801,0.00024206,0.00046595,1.33E-05,0.00078734,,0.0271872,0.00387296
0.0018701,0.6277,0.5,3.2418,-0.03782,-0.027359,1.0695,0.6277,0.5,3.2418,0.0022192,-0.00012069,0.00044744,0.00043422,-0.00016582,0.0010868,,0.0299216,0.00715904
0.0021004,0.63738,0.5,3.2418,-0.037935,-0.027762,1.0686,0.63738,0.5,3.2418,0.002334,-0.00015211,0.00059888,0.00043866,-0.00029872,0.0014281,,0.0336064,0.00958208
0.0022695,0.64661,0.5,3.2418,-0.037969,-0.02858,1.0687,0.64661,0.5,3.2418,0.0024737,-0.00020802,0.00072644,0.00047751,-0.00037888,0.0015877,,0.036312,0.01162304
0.0024027,0.65542,0.5,3.2418,-0.03788,-0.029627,1.0689,0.65542,0.5,3.2418,0.002627,-0.00028347,0.00083983,0.00053282,-0.00044986,0.0016455,,0.0384432,0.01343728
0.0024965,0.66381,0.5,3.2418,-0.03765,-0.03089,1.0691,0.66381,0.5,3.2418,0.0027827,-0.00036965,0.00095011,0.00059555,-0.00050247,0.0016147,,0.039944,0.01520176
0.0026266,0.67207,0.5,3.2418,-0.037314,-0.031603,1.0693,0.67207,0.5,3.2418,0.0029177,-0.00045124,0.0010702,0.00066841,-0.00053884,0.0016671,,0.0420256,0.0171232
0.0027376,0.68032,0.5,3.2418,-0.036934,-0.031453,1.0692,0.68032,0.5,3.2418,0.0030102,-0.00051615,0.0011565,0.00075453,-0.0005506,0.0017106,,0.0438016,0.018504
0.0028392,0.68858,0.5,3.2418,-0.036539,-0.03051,1.068,0.68858,0.5,3.2418,0.0030519,-0.00057373,0.001221,0.00084698,-0.00055622,0.0017795,,0.0454272,0.019536
0.0029132,0.69683,0.5,3.2418,-0.0361,-0.029194,1.0669,0.69683,0.5,3.2418,0.003031,-0.0006207,0.0012273,0.00096006,-0.0005626,0.0018354,,0.0466112,0.0196368
0.0029696,0.70509,0.5,3.2418,-0.035597,-0.027853,1.0658,0.70509,0.5,3.2418,0.0029397,-0.00064796,0.001218,0.0010988,-0.00057281,0.0019008,,0.0475136,0.019488
0.0030041,0.71335,0.5,3.2418,-0.035015,-0.026528,1.0655,0.71335,0.5,3.2418,0.0027933,-0.00065201,0.0011976,0.0012728,-0.000566,0.0019421,,0.0480656,0.0191616
0.0030245,0.7216,0.5,3.2418,-0.034307,-0.025301,1.0651,0.7216,0.5,3.2418,0.0026197,-0.00063227,0.001191,0.0014639,-0.00053496,0.0019654,,0.048392,0.019056
0.0030649,0.72986,0.5,3.2418,-0.033402,-0.024415,1.0636,0.72986,0.5,3.2418,0.002441,-0.00059325,0.0012091,0.0016565,-0.00049799,0.0020323,,0.0490384,0.0193456
0.0030882,0.73811,0.5,3.2418,-0.032224,-0.0243,1.0601,0.73811,0.5,3.2418,0.0022722,-0.00053097,0.0011969,0.0018222,-0.00046892,0.002082,,0.0494112,0.0191504
0.0030823,0.74637,0.5,3.2418,-0.030787,-0.024855,1.0553,0.74637,0.5,3.2418,0.0021264,-0.00044563,0.0011494,0.0019371,-0.00049051,0.0021011,,0.0493168,0.0183904
0.0030196,0.75463,0.5,3.2418,-0.029268,-0.025666,1.0507,0.75463,0.5,3.2418,0.0020145,-0.00034467,0.0010534,0.0019592,-0.00053733,0.0020654,,0.0483136,0.0168544
0.0029139,0.76288,0.5,3.2418,-0.027903,-0.026111,1.0469,0.76288,0.5,3.2418,0.0019356,-0.00024587,0.00093403,0.0018827,-0.00059342,0.0020097,,0.0466224,0.01494448
0.0028246,0.77114,0.5,3.2418,-0.026778,-0.025884,1.0441,0.77114,0.5,3.2418,0.0018813,-0.00016937,0.00078647,0.001775,-0.00065026,0.001993,,0.0451936,0.01258352
0.0027519,0.7794,0.5,3.2418,-0.025893,-0.024833,1.0425,0.7794,0.5,3.2418,0.0018502,-0.00013874,0.00062795,0.0016985,-0.00073282,0.0019552,,0.0440304,0.0100472
0.002682,0.78765,0.5,3.2418,-0.025287,-0.02299,1.0426,0.78765,0.5,3.2418,0.001842,-0.00013804,0.00045362,0.0016627,-0.00083972,0.0018592,,0.042912,0.00725792
0.0025998,0.79591,0.5,3.2418,-0.024846,-0.020707,1.0429,0.79591,0.5,3.2418,0.0018465,-0.00012817,0.00028468,0.0016397,-0.0009264,0.0017134,,0.0415968,0.00455488
0.0025564,0.80416,0.5,3.2418,-0.024357,-0.018149,1.0422,0.80416,0.5,3.2418,0.0018484,-9.55E-05,0.00016793,0.0016319,-0.0010117,0.0016326,,0.0409024,0.00268688
0.0025988,0.81242,0.5,3.2418,-0.023717,-0.01537,1.0402,0.81242,0.5,3.2418,0.0018359,-4.30E-05,8.91E-05,0.0016651,-0.0011402,0.0016966,,0.0415808,0.001425136
0.0027499,0.82068,0.5,3.2418,-0.022861,-0.012652,1.0376,0.82068,0.5,3.2418,0.0017974,1.12E-05,5.27E-05,0.0017784,-0.0013189,0.001924,,0.0439984,0.000842992
0.0029636,0.82893,0.5,3.2418,-0.02185,-0.010711,1.0361,0.82893,0.5,3.2418,0.001729,4.65E-05,6.54E-05,0.0019587,-0.001491,0.0022396,,0.0474176,0.00104632
0.0047047,0.030909,0.5,3.2819,-0.0020719,0.0054426,0.73785,0.030909,0.5,3.2819,0.00034164,0.00018651,-0.00012698,0.0025151,0.00038877,0.0065526,,0.0752752,-0.00203168
0.0047867,0.066184,0.5,3.2819,-0.0030036,0.0099604,0.85375,0.066184,0.5,3.2819,0.00076253,0.00025229,-0.00027933,0.0029948,0.0007794,0.005816,,0.0765872,-0.00446928
0.0044459,0.10006,0.5,3.2819,-0.001224,0.011829,0.91122,0.10006,0.5,3.2819,0.0010527,0.00026992,-0.00023493,0.0027913,0.0011814,0.0050479,,0.0711344,-0.00375888
0.0060649,0.13258,0.5,3.2819,-0.00055389,0.0047182,0.93412,0.13258,0.5,3.2819,0.0011024,0.00044493,0.00019199,0.002249,0.0016328,0.0087783,,0.0970384,0.00307184
0.0054464,0.16379,0.5,3.2819,-0.0040069,-0.0076761,0.96846,0.16379,0.5,3.2819,0.00078355,0.00035522,9.34E-05,0.0015019,0.0010835,0.0086075,,0.0871424,0.001493984
0.0030511,0.19372,0.5,3.2819,-0.0080539,-0.018998,1.0134,0.19372,0.5,3.2819,0.00063212,3.83E-05,-0.00025895,0.0010974,2.43E-06,0.0043726,,0.0488176,-0.0041432
0.0020417,0.22242,0.5,3.2819,-0.009274,-0.019909,1.0344,0.22242,0.5,3.2819,0.00071478,-8.01E-06,-0.00019529,0.00095409,-2.65E-05,0.0024146,,0.0326672,-0.00312464
0.0018878,0.24993,0.5,3.2819,-0.0088895,-0.016405,1.0524,0.24993,0.5,3.2819,0.00071011,0.00014526,-0.0001856,0.00095806,3.70E-05,0.0021074,,0.0302048,-0.0029696
0.0017977,0.27629,0.5,3.2819,-0.010015,-0.016328,1.0642,0.27629,0.5,3.2819,0.00071214,0.00020714,-0.00018837,0.00091754,-0.00024374,0.0019657,,0.0287632,-0.00301392
0.0019487,0.30154,0.5,3.2819,-0.014258,-0.014533,1.0737,0.30154,0.5,3.2819,0.00082737,0.00033289,-0.00048429,0.00089999,-0.00075351,0.0021699,,0.0311792,-0.00774864
0.0021522,0.32572,0.5,3.2819,-0.020314,-0.011803,1.0708,0.32572,0.5,3.2819,0.00090031,0.00050919,-0.00073485,0.00088768,-0.00098589,0.0025164,,0.0344352,-0.0117576
0.0018128,0.34887,0.5,3.2819,-0.025141,-0.0085327,1.0631,0.34887,0.5,3.2819,0.00097743,0.00050725,-0.00065823,0.00066705,-0.00066751,0.001981,,0.0290048,-0.01053168
0.0017186,0.37102,0.5,3.2819,-0.027655,-0.0057623,1.0605,0.37102,0.5,3.2819,0.0010842,0.0003889,-0.00053575,0.00061249,-0.00042162,0.0017404,,0.0274976,-0.008572
0.0017202,0.39221,0.5,3.2819,-0.029305,-0.0045935,1.0662,0.39221,0.5,3.2819,0.0010651,0.00026882,-0.00014105,0.00072929,-0.00019539,0.0016459,,0.0275232,-0.0022568
0.0018266,0.41248,0.5,3.2819,-0.030702,-0.0054862,1.0689,0.41248,0.5,3.2819,0.0010079,0.00018237,0.00018511,0.00099892,-0.0003215,0.0016463,,0.0292256,0.00296176
0.0021193,0.43187,0.5,3.2819,-0.032191,-0.0090482,1.0741,0.43187,0.5,3.2819,0.0010497,0.00010314,0.00021891,0.0013671,-0.00055435,0.0018219,,0.0339088,0.00350256
0.0020736,0.4504,0.5,3.2819,-0.03403,-0.0097347,1.0764,0.4504,0.5,3.2819,0.0011713,4.46E-05,0.00013419,0.0015004,-0.00042577,0.0014756,,0.0331776,0.00214704
0.0021363,0.46812,0.5,3.2819,-0.035447,-0.0094651,1.0726,0.46812,0.5,3.2819,0.0012692,-2.24E-05,-0.00019427,0.0015445,-0.00064557,0.0014589,,0.0341808,-0.00310832
0.0023064,0.48504,0.5,3.2819,-0.036078,-0.010886,1.074,0.48504,0.5,3.2819,0.0013466,-0.00010287,-0.000153,0.0015536,-0.00090252,0.0017127,,0.0369024,-0.002448
0.0022732,0.50122,0.5,3.2819,-0.036402,-0.012314,1.0738,0.50122,0.5,3.2819,0.0014602,-0.0001277,1.71E-05,0.0015102,-0.00072988,0.001576,,0.0363712,0.000274048
0.0022609,0.51667,0.5,3.2819,-0.037331,-0.013042,1.0764,0.51667,0.5,3.2819,0.0016137,-9.40E-05,-0.00010873,0.0014087,-0.00054751,0.0014993,,0.0361744,-0.00173968
0.0022324,0.53142,0.5,3.2819,-0.038599,-0.014165,1.0799,0.53142,0.5,3.2819,0.0017591,-8.00E-05,-0.00011109,0.0012382,-0.00048726,0.0014675,,0.0357184,-0.00177744
0.0020746,0.54551,0.5,3.2819,-0.039094,-0.016488,1.0824,0.54551,0.5,3.2819,0.0018173,-0.00012332,-4.13E-05,0.0010588,-0.00035871,0.0012731,,0.0331936,-0.00066088
0.0018618,0.55896,0.5,3.2819,-0.038792,-0.019036,1.0833,0.55896,0.5,3.2819,0.0018399,-0.00017118,-9.69E-05,0.00087581,-0.00016628,0.0010079,,0.0297888,-0.001550944
0.0016943,0.5718,0.5,3.2819,-0.038239,-0.021122,1.0845,0.5718,0.5,3.2819,0.0018988,-0.00017678,-0.00012457,0.0007652,4.48E-05,0.00072461,,0.0271088,-0.00199312
0.0016679,0.58405,0.5,3.2819,-0.03786,-0.022553,1.0845,0.58405,0.5,3.2819,0.0019793,-0.00018519,-1.28E-05,0.00071877,0.00020216,0.00063765,,0.0266864,-0.000204768
0.0016283,0.59575,0.5,3.2819,-0.037691,-0.024721,1.0788,0.59575,0.5,3.2819,0.0020604,-0.00017687,3.61E-05,0.0006455,0.00021741,0.00055073,,0.0260528,0.000577344
0.0016259,0.6069,0.5,3.2819,-0.037585,-0.026666,1.0731,0.6069,0.5,3.2819,0.0021071,-0.00015273,9.22E-05,0.00051043,0.0001148,0.00063421,,0.0260144,0.00147504
0.0017009,0.61755,0.5,3.2819,-0.037621,-0.027244,1.071,0.61755,0.5,3.2819,0.0021302,-0.00015014,0.00024784,0.00044327,-1.50E-05,0.00082828,,0.0272144,0.00396544
0.001911,0.6277,0.5,3.2819,-0.037725,-0.027443,1.0691,0.6277,0.5,3.2819,0.0021952,-0.00015723,0.00045788,0.00042602,-0.00019077,0.0012007,,0.030576,0.00732608
0.0021427,0.63738,0.5,3.2819,-0.037791,-0.027943,1.0686,0.63738,0.5,3.2819,0.0023238,-0.00018718,0.00060975,0.0004424,-0.00031309,0.0015193,,0.0342832,0.009756
0.0023111,0.64661,0.5,3.2819,-0.03782,-0.028859,1.069,0.64661,0.5,3.2819,0.002497,-0.00024089,0.00073151,0.00049595,-0.0003714,0.0016293,,0.0369776,0.01170416
0.0024373,0.65542,0.5,3.2819,-0.037724,-0.029982,1.0693,0.65542,0.5,3.2819,0.00268,-0.00031334,0.00083995,0.00055592,-0.00042311,0.0016386,,0.0389968,0.0134392
0.0025246,0.66381,0.5,3.2819,-0.037457,-0.031207,1.0695,0.66381,0.5,3.2819,0.002836,-0.00039088,0.00095039,0.00062027,-0.00047147,0.001593,,0.0403936,0.01520624
0.0026466,0.67207,0.5,3.2819,-0.037105,-0.031765,1.0697,0.67207,0.5,3.2819,0.0029588,-0.00046581,0.0010547,0.00068915,-0.00051402,0.0016452,,0.0423456,0.0168752
0.0027496,0.68032,0.5,3.2819,-0.036731,-0.031442,1.0695,0.68032,0.5,3.2819,0.0030478,-0.00053354,0.0011176,0.00077428,-0.00053206,0.0016771,,0.0439936,0.0178816
0.0028435,0.68858,0.5,3.2819,-0.036305,-0.030399,1.0683,0.68858,0.5,3.2819,0.0030787,-0.0005966,0.0011557,0.00087101,-0.00053895,0.0017373,,0.045496,0.0184912
0.0029081,0.69683,0.5,3.2819,-0.035816,-0.029092,1.0673,0.69683,0.5,3.2819,0.003038,-0.0006443,0.0011449,0.00099085,-0.00054178,0.0017875,,0.0465296,0.0183184
0.0029664,0.70509,0.5,3.2819,-0.035275,-0.027777,1.0663,0.70509,0.5,3.2819,0.0029351,-0.00066955,0.0011313,0.0011391,-0.00054719,0.0018586,,0.0474624,0.0181008
0.0030122,0.71335,0.5,3.2819,-0.034664,-0.026475,1.0659,0.71335,0.5,3.2819,0.0027894,-0.00066775,0.0011153,0.0013238,-0.00053745,0.0019113,,0.0481952,0.0178448
0.003052,0.7216,0.5,3.2819,-0.033904,-0.02533,1.0651,0.7216,0.5,3.2819,0.0026222,-0.00063493,0.0011342,0.0015201,-0.00050463,0.0019617,,0.048832,0.0181472
0.0031042,0.72986,0.5,3.2819,-0.03292,-0.024632,1.0631,0.72986,0.5,3.2819,0.0024538,-0.00057745,0.0011771,0.0017158,-0.00045517,0.0020388,,0.0496672,0.0188336
0.0031357,0.73811,0.5,3.2819,-0.031705,-0.024758,1.0595,0.73811,0.5,3.2819,0.0022987,-0.00050109,0.0011899,0.0018802,-0.00041891,0.0020925,,0.0501712,0.0190384
0.0031288,0.74637,0.5,3.2819,-0.030337,-0.025467,1.0548,0.74637,0.5,3.2819,0.0021664,-0.00041111,0.0011605,0.0019845,-0.00044775,0.0021068,,0.0500608,0.018568
0.0030554,0.75463,0.5,3.2819,-0.028952,-0.026197,1.0506,0.75463,0.5,3.2819,0.0020633,-0.00030971,0.0010683,0.0019896,-0.00050619,0.0020579,,0.0488864,0.0170928
0.00295,0.76288,0.5,3.2819,-0.027683,-0.026307,1.047,0.76288,0.5,3.2819,0.0019832,-0.00021287,0.00094356,0.0019031,-0.00056968,0.0020137,,0.0472,0.01509696
0.0028653,0.77114,0.5,3.2819,-0.026645,-0.025666,1.0443,0.77114,0.5,3.2819,0.0019186,-0.00013907,0.00078111,0.001802,-0.0006299,0.0020099,,0.0458448,0.01249776
0.002783,0.7794,0.5,3.2819,-0.02592,-0.024352,1.043,0.7794,0.5,3.2819,0.0018767,-0.00010426,0.00060098,0.0017412,-0.00071737,0.001948,,0.044528,0.00961568
0.0027068,0.78765,0.5,3.2819,-0.02546,-0.022447,1.0432,0.78765,0.5,3.2819,0.001864,-9.32E-05,0.00041223,0.0017231,-0.00082542,0.0018266,,0.0433088,0.00659568
0.0026401,0.79591,0.5,3.2819,-0.02506,-0.020199,1.0433,0.79591,0.5,3.2819,0.0018667,-7.55E-05,0.00025141,0.001714,-0.00091856,0.0016995,,0.0422416,0.00402256
0.0026284,0.80416,0.5,3.2819,-0.024523,-0.017677,1.0421,0.80416,0.5,3.2819,0.0018636,-4.02E-05,0.00015336,0.0017194,-0.0010293,0.0016739,,0.0420544,0.00245376
0.0027138,0.81242,0.5,3.2819,-0.023719,-0.01492,1.0396,0.81242,0.5,3.2819,0.0018415,9.69E-06,9.66E-05,0.0017666,-0.0011896,0.0018194,,0.0434208,0.001546336
0.0028933,0.82068,0.5,3.2819,-0.022686,-0.012278,1.0366,0.82068,0.5,3.2819,0.0017958,5.44E-05,8.35E-05,0.0018838,-0.0013833,0.002107,,0.0462928,0.00133528
0.0030941,0.82893,0.5,3.2819,-0.021656,-0.010451,1.035,0.82893,0.5,3.2819,0.0017298,7.26E-05,0.00011483,0.002054,-0.00155,0.0024044,,0.0495056,0.00183728
0.0046934,0.030909,0.5,3.3229,-0.0022939,0.0054303,0.73784,0.030909,0.5,3.3229,0.00034062,0.00013323,-0.00011285,0.0025229,0.00051501,0.0065233,,0.0750944,-0.0018056
0.0047989,0.066184,0.5,3.3229,-0.0033652,0.010208,0.854,0.066184,0.5,3.3229,0.00077921,0.00022968,-0.00026359,0.002995,0.00092389,0.0058235,,0.0767824,-0.00421744
0.004475,0.10006,0.5,3.3229,-0.0016156,0.012087,0.91029,0.10006,0.5,3.3229,0.001098,0.00027951,-0.0002455,0.002777,0.0012636,0.005075,,0.0716,-0.003928
0.0060552,0.13258,0.5,3.3229,-0.00088102,0.0050558,0.93352,0.13258,0.5,3.3229,0.0011864,0.00047132,0.00023133,0.0022426,0.0016746,0.0086815,,0.0968832,0.00370128
0.0054413,0.16379,0.5,3.3229,-0.0041887,-0.0071001,0.96876,0.16379,0.5,3.3229,0.00087514,0.00039386,0.00014166,0.0014503,0.0011527,0.0085571,,0.0870608,0.00226656
0.0030484,0.19372,0.5,3.3229,-0.0082845,-0.018839,1.0128,0.19372,0.5,3.3229,0.00066137,4.48E-05,-0.00027286,0.001026,2.54E-05,0.0044094,,0.0487744,-0.00436576
0.0020479,0.22242,0.5,3.3229,-0.009612,-0.020118,1.0343,0.22242,0.5,3.3229,0.00069188,1.86E-05,-0.00018604,0.00094772,-3.77E-05,0.0024561,,0.0327664,-0.00297664
0.0019342,0.24993,0.5,3.3229,-0.0091099,-0.016363,1.0519,0.24993,0.5,3.3229,0.00070176,0.00015234,-0.00017932,0.0009685,-4.17E-06,0.002198,,0.0309472,-0.00286912
0.0018245,0.27629,0.5,3.3229,-0.01006,-0.016111,1.0639,0.27629,0.5,3.3229,0.00072092,0.00020324,-0.00021428,0.00092331,-0.0002942,0.0020047,,0.029192,-0.00342848
0.0019413,0.30154,0.5,3.3229,-0.014255,-0.014558,1.0739,0.30154,0.5,3.3229,0.00080509,0.00034481,-0.00048442,0.00089715,-0.00077085,0.0021804,,0.0310608,-0.00775072
0.0021457,0.32572,0.5,3.3229,-0.020293,-0.011702,1.0703,0.32572,0.5,3.3229,0.00086246,0.00052039,-0.00068864,0.00087868,-0.00099778,0.0025503,,0.0343312,-0.01101824
0.001816,0.34887,0.5,3.3229,-0.025075,-0.0082594,1.0625,0.34887,0.5,3.3229,0.00094861,0.00050476,-0.00064314,0.00067724,-0.00066482,0.0020061,,0.029056,-0.01029024
0.0016744,0.37102,0.5,3.3229,-0.027572,-0.0056427,1.0601,0.37102,0.5,3.3229,0.0010748,0.00035713,-0.00056992,0.00063134,-0.00041635,0.0016426,,0.0267904,-0.00911872
0.0016888,0.39221,0.5,3.3229,-0.029188,-0.0044682,1.0657,0.39221,0.5,3.3229,0.0010777,0.00023906,-0.0001436,0.0007345,-0.0002004,0.0015654,,0.0270208,-0.0022976
0.0018226,0.41248,0.5,3.3229,-0.03058,-0.0054979,1.0689,0.41248,0.5,3.3229,0.0010095,0.00016693,0.00018248,0.00099949,-0.00033583,0.0016362,,0.0291616,0.00291968
0.0020929,0.43187,0.5,3.3229,-0.032152,-0.009212,1.0748,0.43187,0.5,3.3229,0.0010438,8.17E-05,0.00018484,0.0013563,-0.00055877,0.0017858,,0.0334864,0.00295744
0.0020617,0.4504,0.5,3.3229,-0.033988,-0.0097478,1.077,0.4504,0.5,3.3229,0.0011824,1.25E-05,0.00010922,0.0014834,-0.00047805,0.0014577,,0.0329872,0.00174752
0.0021314,0.46812,0.5,3.3229,-0.035321,-0.0093516,1.0728,0.46812,0.5,3.3229,0.0012925,-4.41E-05,-0.00019438,0.0015533,-0.0007057,0.001417,,0.0341024,-0.00311008
0.0023025,0.48504,0.5,3.3229,-0.035935,-0.010791,1.0734,0.48504,0.5,3.3229,0.001383,-0.00010162,-0.00015604,0.0015788,-0.00090289,0.0016433,,0.03684,-0.00249664
0.0022649,0.50122,0.5,3.3229,-0.036369,-0.012292,1.0739,0.50122,0.5,3.3229,0.0015114,-0.00010583,-3.19E-05,0.0015254,-0.00071851,0.001493,,0.0362384,-0.000510864
0.0022678,0.51667,0.5,3.3229,-0.037493,-0.013018,1.0774,0.51667,0.5,3.3229,0.0016503,-4.97E-05,-0.00017912,0.0014064,-0.00052891,0.0014788,,0.0362848,-0.00286592
0.0022504,0.53142,0.5,3.3229,-0.038782,-0.014116,1.0802,0.53142,0.5,3.3229,0.0017571,-1.15E-05,-0.00016225,0.001243,-0.00042651,0.0015006,,0.0360064,-0.002596
0.0020607,0.54551,0.5,3.3229,-0.039093,-0.016516,1.0824,0.54551,0.5,3.3229,0.0018007,-6.28E-05,-6.28E-05,0.001079,-0.00025634,0.0012417,,0.0329712,-0.001004592
0.0018412,0.55896,0.5,3.3229,-0.038661,-0.019274,1.0836,0.55896,0.5,3.3229,0.0018275,-0.00013633,-0.00011575,0.00088262,-7.03E-05,0.00097223,,0.0294592,-0.001852
0.0016692,0.5718,0.5,3.3229,-0.038133,-0.021401,1.0843,0.5718,0.5,3.3229,0.0018768,-0.00015129,-0.00013823,0.00075956,0.0001058,0.00070206,,0.0267072,-0.00221168
0.001637,0.58405,0.5,3.3229,-0.037828,-0.022811,1.0837,0.58405,0.5,3.3229,0.0019455,-0.0001624,3.69E-06,0.00070491,0.00023767,0.00062359,,0.026192,5.90528E-05
0.0016102,0.59575,0.5,3.3229,-0.037676,-0.024986,1.0778,0.59575,0.5,3.3229,0.0020181,-0.00015509,7.71E-05,0.00061206,0.0002383,0.0005902,,0.0257632,0.001232976
0.0016071,0.6069,0.5,3.3229,-0.037566,-0.026756,1.0726,0.6069,0.5,3.3229,0.0020654,-0.00014201,0.00012653,0.00048076,0.00011261,0.00066813,,0.0257136,0.00202448
0.0017177,0.61755,0.5,3.3229,-0.037629,-0.027258,1.0706,0.61755,0.5,3.3229,0.0021083,-0.00015068,0.00025899,0.00043886,-3.99E-05,0.00088818,,0.0274832,0.00414384
0.0019658,0.6277,0.5,3.3229,-0.037732,-0.027559,1.0689,0.6277,0.5,3.3229,0.0021984,-0.00016373,0.0004576,0.00043713,-0.00022171,0.0012961,,0.0314528,0.0073216
0.0021841,0.63738,0.5,3.3229,-0.037748,-0.028176,1.0688,0.63738,0.5,3.3229,0.0023403,-0.00020003,0.00060407,0.00045802,-0.0003257,0.0015698,,0.0349456,0.00966512
0.0023258,0.64661,0.5,3.3229,-0.037702,-0.029163,1.0693,0.64661,0.5,3.3229,0.0025093,-0.00025859,0.00072262,0.00050748,-0.00035822,0.0016349,,0.0372128,0.01156192
0.0024374,0.65542,0.5,3.3229,-0.037529,-0.030302,1.0696,0.65542,0.5,3.3229,0.0026842,-0.00033144,0.000834,0.00055832,-0.0004044,0.0016323,,0.0389984,0.013344
0.0025286,0.66381,0.5,3.3229,-0.037246,-0.031443,1.0699,0.66381,0.5,3.3229,0.0028458,-0.00040364,0.00093657,0.00061982,-0.00045757,0.0015916,,0.0404576,0.01498512
0.0026483,0.67207,0.5,3.3229,-0.036923,-0.031838,1.0703,0.67207,0.5,3.3229,0.0029773,-0.00047575,0.0010128,0.000688,-0.00050096,0.0016312,,0.0423728,0.0162048
0.0027428,0.68032,0.5,3.3229,-0.036544,-0.031364,1.0699,0.68032,0.5,3.3229,0.0030573,-0.00054619,0.0010619,0.00077719,-0.00051834,0.001651,,0.0438848,0.0169904
0.0028281,0.68858,0.5,3.3229,-0.036103,-0.030213,1.0688,0.68858,0.5,3.3229,0.0030687,-0.00061064,0.0010835,0.00088502,-0.00052412,0.0017024,,0.0452496,0.017336
0.0028893,0.69683,0.5,3.3229,-0.035598,-0.028865,1.0679,0.69683,0.5,3.3229,0.0030113,-0.00065615,0.0010613,0.0010231,-0.00052423,0.0017442,,0.0462288,0.0169808
0.0029538,0.70509,0.5,3.3229,-0.035011,-0.027582,1.0669,0.70509,0.5,3.3229,0.0028956,-0.00067368,0.0010485,0.0011926,-0.00052993,0.0018193,,0.0472608,0.016776
0.0030094,0.71335,0.5,3.3229,-0.034315,-0.026411,1.0662,0.71335,0.5,3.3229,0.0027419,-0.00065779,0.0010462,0.00139,-0.00052374,0.001887,,0.0481504,0.0167392
0.0030573,0.7216,0.5,3.3229,-0.033487,-0.025422,1.0649,0.7216,0.5,3.3229,0.0025775,-0.00061082,0.0010896,0.0015844,-0.00049177,0.0019527,,0.0489168,0.0174336
0.0031101,0.72986,0.5,3.3229,-0.032522,-0.02479,1.0626,0.72986,0.5,3.3229,0.002422,-0.00054265,0.0011553,0.001767,-0.00043718,0.0020313,,0.0497616,0.0184848
0.0031347,0.73811,0.5,3.3229,-0.031401,-0.024881,1.0588,0.73811,0.5,3.3229,0.0022836,-0.00046178,0.0011942,0.0019079,-0.00040817,0.0020779,,0.0501552,0.0191072
0.0031174,0.74637,0.5,3.3229,-0.030151,-0.025563,1.0545,0.74637,0.5,3.3229,0.0021656,-0.00037248,0.0011766,0.0019828,-0.00045052,0.0020864,,0.0498784,0.0188256
0.0030373,0.75463,0.5,3.3229,-0.028879,-0.026276,1.0506,0.75463,0.5,3.3229,0.0020664,-0.00027272,0.0010789,0.0019663,-0.00051639,0.002042,,0.0485968,0.0172624
0.002936,0.76288,0.5,3.3229,-0.027732,-0.026273,1.0473,0.76288,0.5,3.3229,0.0019825,-0.00017677,0.0009393,0.0018818,-0.00057653,0.0020077,,0.046976,0.0150288
0.0028561,0.77114,0.5,3.3229,-0.026775,-0.025427,1.0448,0.77114,0.5,3.3229,0.0019172,-1.00E-04,0.00076187,0.0018015,-0.00063431,0.0019934,,0.0456976,0.01218992
0.0027697,0.7794,0.5,3.3229,-0.025982,-0.023973,1.0436,0.7794,0.5,3.3229,0.0018803,-5.45E-05,0.00056711,0.0017634,-0.00072276,0.0018957,,0.0443152,0.00907376
0.0026986,0.78765,0.5,3.3229,-0.025343,-0.022048,1.0438,0.78765,0.5,3.3229,0.001871,-2.93E-05,0.00037772,0.0017593,-0.00082739,0.0017669,,0.0431776,0.00604352
0.0026575,0.79591,0.5,3.3229,-0.024732,-0.019795,1.0435,0.79591,0.5,3.3229,0.0018717,-1.42E-06,0.00023712,0.0017549,-0.00092933,0.0016883,,0.04252,0.00379392
0.0026918,0.80416,0.5,3.3229,-0.024003,-0.017248,1.0417,0.80416,0.5,3.3229,0.0018582,3.73E-05,0.00016625,0.0017696,-0.0010621,0.0017559,,0.0430688,0.00266
0.0028235,0.81242,0.5,3.3229,-0.023172,-0.014487,1.0387,0.81242,0.5,3.3229,0.0018185,8.00E-05,0.00013614,0.0018338,-0.001241,0.0019946,,0.045176,0.00217824
0.0030152,0.82068,0.5,3.3229,-0.022274,-0.011889,1.0356,0.82068,0.5,3.3229,0.0017598,0.00010222,0.00014094,0.0019656,-0.0014408,0.0023049,,0.0482432,0.00225504
0.0031815,0.82893,0.5,3.3229,-0.021368,-0.010113,1.034,0.82893,0.5,3.3229,0.0016922,8.86E-05,0.0001771,0.0021443,-0.0016053,0.0025264,,0.050904,0.0028336
0.0046947,0.030909,0.5,3.3646,-0.0024336,0.0054638,0.73789,0.030909,0.5,3.3646,0.00034464,8.34E-05,-0.00010702,0.0025362,0.00066371,0.0065085,,0.0751152,-0.00171232
0.0048426,0.066184,0.5,3.3646,-0.0036764,0.010481,0.85416,0.066184,0.5,3.3646,0.00080692,0.00018827,-0.00024981,0.0030108,0.0010945,0.0058674,,0.0774816,-0.00399696
0.004538,0.10006,0.5,3.3646,-0.0020332,0.012422,0.90915,0.10006,0.5,3.3646,0.0011546,0.00026215,-0.00026449,0.0027216,0.0013379,0.0051997,,0.072608,-0.00423184
0.0060528,0.13258,0.5,3.3646,-0.0012018,0.0053677,0.93267,0.13258,0.5,3.3646,0.0012674,0.00046603,0.00023156,0.0021986,0.0016639,0.0086396,,0.0968448,0.00370496
0.0054026,0.16379,0.5,3.3646,-0.0043732,-0.0065335,0.96904,0.16379,0.5,3.3646,0.00094279,0.00042454,0.00018986,0.0014345,0.0011892,0.0084278,,0.0864416,0.00303776
0.0030012,0.19372,0.5,3.3646,-0.0084975,-0.018602,1.0124,0.19372,0.5,3.3646,0.0006678,7.34E-05,-0.00026677,0.00094536,4.73E-05,0.0043892,,0.0480192,-0.00426832
0.0020431,0.22242,0.5,3.3646,-0.0098855,-0.020273,1.0343,0.22242,0.5,3.3646,0.00066092,4.42E-05,-0.00019021,0.00091522,-3.21E-05,0.00251,,0.0326896,-0.00304336
0.0019711,0.24993,0.5,3.3646,-0.009296,-0.016267,1.0515,0.24993,0.5,3.3646,0.00068513,0.00014775,-0.0001888,0.00098226,-2.07E-05,0.0022749,,0.0315376,-0.0030208
0.0018199,0.27629,0.5,3.3646,-0.010077,-0.015905,1.0636,0.27629,0.5,3.3646,0.00071428,0.00018396,-0.00025101,0.00092206,-0.00034365,0.0020035,,0.0291184,-0.00401616
0.0018993,0.30154,0.5,3.3646,-0.01421,-0.014564,1.0741,0.30154,0.5,3.3646,0.00076412,0.00034323,-0.00050558,0.00088643,-0.00077923,0.002148,,0.0303888,-0.00808928
0.0021136,0.32572,0.5,3.3646,-0.020245,-0.011623,1.0699,0.32572,0.5,3.3646,0.00081637,0.00051264,-0.00068392,0.0008839,-0.00098509,0.0025269,,0.0338176,-0.01094272
0.0018231,0.34887,0.5,3.3646,-0.025043,-0.0079954,1.062,0.34887,0.5,3.3646,0.00091234,0.00048058,-0.00064125,0.00069851,-0.00066318,0.0020354,,0.0291696,-0.01026
0.0016344,0.37102,0.5,3.3646,-0.027558,-0.0055057,1.0597,0.37102,0.5,3.3646,0.001029,0.00031114,-0.00058749,0.00064695,-0.00042731,0.0015928,,0.0261504,-0.00939984
0.0016316,0.39221,0.5,3.3646,-0.029103,-0.0044243,1.065,0.39221,0.5,3.3646,0.0010363,0.00019305,-0.00015042,0.00074516,-0.00020103,0.0014819,,0.0261056,-0.00240672
0.0018055,0.41248,0.5,3.3646,-0.030472,-0.0056024,1.069,0.41248,0.5,3.3646,0.00098014,0.0001327,0.00017163,0.0010089,-0.000332,0.0016219,,0.028888,0.00274608
0.0020543,0.43187,0.5,3.3646,-0.032129,-0.0093603,1.0756,0.43187,0.5,3.3646,0.001034,5.09E-05,0.00014087,0.0013424,-0.00055487,0.0017322,,0.0328688,0.00225392
0.0020197,0.4504,0.5,3.3646,-0.033943,-0.0097271,1.0775,0.4504,0.5,3.3646,0.0011824,-1.18E-05,7.01E-05,0.001463,-0.00051913,0.0013941,,0.0323152,0.001121664
0.0021087,0.46812,0.5,3.3646,-0.035184,-0.0092891,1.0729,0.46812,0.5,3.3646,0.0012938,-5.26E-05,-0.00020294,0.0015406,-0.00073556,0.001383,,0.0337392,-0.00324704
0.0022651,0.48504,0.5,3.3646,-0.035809,-0.010773,1.0729,0.48504,0.5,3.3646,0.0013924,-9.37E-05,-0.00017072,0.0015477,-0.00087425,0.0015901,,0.0362416,-0.00273152
0.0022203,0.50122,0.5,3.3646,-0.036374,-0.012276,1.0741,0.50122,0.5,3.3646,0.001524,-8.25E-05,-9.56E-05,0.0015011,-0.00070373,0.0014155,,0.0355248,-0.001529296
0.002242,0.51667,0.5,3.3646,-0.037662,-0.012971,1.0782,0.51667,0.5,3.3646,0.0016591,-1.58E-05,-0.00025971,0.0013803,-0.00052035,0.0014447,,0.035872,-0.00415536
0.0022442,0.53142,0.5,3.3646,-0.038927,-0.014045,1.0802,0.53142,0.5,3.3646,0.0017608,1.68E-05,-0.00021066,0.001239,-0.00037726,0.0014887,,0.0359072,-0.00337056
0.0020425,0.54551,0.5,3.3646,-0.039052,-0.016502,1.0824,0.54551,0.5,3.3646,0.0017962,-5.17E-05,-0.00010006,0.0011203,-0.00016821,0.0011686,,0.03268,-0.00160096
0.0018086,0.55896,0.5,3.3646,-0.038504,-0.019503,1.084,0.55896,0.5,3.3646,0.0018078,-0.00012888,-0.00015389,0.00090723,1.73E-05,0.00090204,,0.0289376,-0.00246224
0.001633,0.5718,0.5,3.3646,-0.038009,-0.021683,1.084,0.5718,0.5,3.3646,0.0018378,-0.00013542,-0.00015266,0.00075502,0.00016216,0.00067314,,0.026128,-0.00244256
0.0016029,0.58405,0.5,3.3646,-0.037809,-0.023062,1.0827,0.58405,0.5,3.3646,0.0019031,-0.00014198,2.50E-05,0.0006888,0.00026806,0.00061395,,0.0256464,0.000400512
0.001616,0.59575,0.5,3.3646,-0.037708,-0.025233,1.0767,0.59575,0.5,3.3646,0.0019972,-0.00012882,0.00012424,0.0005911,0.00025641,0.00064358,,0.025856,0.00198784
0.0016363,0.6069,0.5,3.3646,-0.037575,-0.026842,1.0722,0.6069,0.5,3.3646,0.0020643,-0.00011135,0.00016193,0.00047428,0.00010615,0.00073411,,0.0261808,0.00259088
0.0017527,0.61755,0.5,3.3646,-0.037593,-0.027326,1.0704,0.61755,0.5,3.3646,0.0021023,-0.00011746,0.00027259,0.00044613,-7.17E-05,0.00095702,,0.0280432,0.00436144
0.0019789,0.6277,0.5,3.3646,-0.037658,-0.02772,1.0687,0.6277,0.5,3.3646,0.0021758,-0.00013164,0.00046053,0.0004507,-0.00025643,0.0013313,,0.0316624,0.00736848
0.0021631,0.63738,0.5,3.3646,-0.037644,-0.028396,1.069,0.63738,0.5,3.3646,0.0023093,-0.0001755,0.00060471,0.00046817,-0.00034574,0.0015487,,0.0346096,0.00967536
0.0022927,0.64661,0.5,3.3646,-0.037588,-0.029434,1.0696,0.64661,0.5,3.3646,0.0024873,-0.00024087,0.00071289,0.00050375,-0.0003686,0.0015944,,0.0366832,0.01140624
0.0024138,0.65542,0.5,3.3646,-0.037422,-0.030597,1.0701,0.65542,0.5,3.3646,0.0026905,-0.00032077,0.00080904,0.00054077,-0.00041507,0.0015963,,0.0386208,0.01294464
0.002526,0.66381,0.5,3.3646,-0.037123,-0.031643,1.0705,0.66381,0.5,3.3646,0.0028722,-0.00040033,0.00090513,0.00059637,-0.00046339,0.0015834,,0.040416,0.01448208
0.0026472,0.67207,0.5,3.3646,-0.036757,-0.031825,1.0709,0.67207,0.5,3.3646,0.0029965,-0.00047919,0.00097633,0.00066933,-0.00050105,0.0016285,,0.0423552,0.01562128
0.0027393,0.68032,0.5,3.3646,-0.036351,-0.031172,1.0704,0.68032,0.5,3.3646,0.003069,-0.00055837,0.0010139,0.00077533,-0.00050998,0.0016343,,0.0438288,0.0162224
0.0028311,0.68858,0.5,3.3646,-0.035866,-0.029963,1.0694,0.68858,0.5,3.3646,0.0030858,-0.00063104,0.0010187,0.00090813,-0.00050571,0.0016682,,0.0452976,0.0162992
0.002899,0.69683,0.5,3.3646,-0.035285,-0.028692,1.0686,0.69683,0.5,3.3646,0.0030305,-0.00067751,0.0009965,0.0010698,-0.00050303,0.0016977,,0.046384,0.015944
0.0029694,0.70509,0.5,3.3646,-0.034623,-0.027529,1.0675,0.70509,0.5,3.3646,0.0029091,-0.00068556,0.0009899,0.0012531,-0.00051508,0.0017767,,0.0475104,0.0158384
0.0030264,0.71335,0.5,3.3646,-0.033887,-0.026466,1.0665,0.71335,0.5,3.3646,0.0027495,-0.0006551,0.001,0.0014477,-0.00051565,0.0018556,,0.0484224,0.016
0.0030745,0.7216,0.5,3.3646,-0.033047,-0.025573,1.0646,0.7216,0.5,3.3646,0.0025814,-0.00059516,0.0010605,0.0016267,-0.00048561,0.0019408,,0.049192,0.016968
0.0031147,0.72986,0.5,3.3646,-0.032059,-0.025068,1.0619,0.72986,0.5,3.3646,0.0024227,-0.00051425,0.0011427,0.001786,-0.00043559,0.0020207,,0.0498352,0.0182832
0.0031198,0.73811,0.5,3.3646,-0.030931,-0.025314,1.0582,0.73811,0.5,3.3646,0.0022816,-0.00042365,0.0011919,0.0019028,-0.00041874,0.0020553,,0.0499168,0.0190704
0.0030924,0.74637,0.5,3.3646,-0.029732,-0.026089,1.0542,0.74637,0.5,3.3646,0.002158,-0.00033217,0.0011727,0.0019611,-0.00047443,0.0020657,,0.0494784,0.0187632
0.0030086,0.75463,0.5,3.3646,-0.028556,-0.026663,1.0508,0.75463,0.5,3.3646,0.0020498,-0.00023944,0.0010648,0.0019414,-0.00054446,0.002026,,0.0481376,0.0170368
0.0029024,0.76288,0.5,3.3646,-0.027498,-0.026268,1.0477,0.76288,0.5,3.3646,0.0019592,-0.00015558,0.00091516,0.0018694,-0.00060025,0.0019762,,0.0464384,0.01464256
0.0028149,0.77114,0.5,3.3646,-0.026633,-0.025025,1.0453,0.77114,0.5,3.3646,0.0018921,-8.58E-05,0.00073025,0.0018073,-0.00065741,0.0019304,,0.0450384,0.011684
0.0027245,0.7794,0.5,3.3646,-0.02597,-0.023403,1.0443,0.7794,0.5,3.3646,0.0018543,-3.45E-05,0.00053526,0.0017795,-0.00074118,0.0018152,,0.043592,0.00856416
0.002666,0.78765,0.5,3.3646,-0.025418,-0.021486,1.0443,0.78765,0.5,3.3646,0.0018413,5.44E-06,0.00036075,0.0017745,-0.00084278,0.0017161,,0.042656,0.005772
0.0026623,0.79591,0.5,3.3646,-0.02481,-0.019286,1.0434,0.79591,0.5,3.3646,0.0018321,4.75E-05,0.00024894,0.0017725,-0.00096395,0.00172,,0.0425968,0.00398304
0.0027459,0.80416,0.5,3.3646,-0.024047,-0.016787,1.041,0.80416,0.5,3.3646,0.001803,9.22E-05,0.0002059,0.0018,-0.0011238,0.0018888,,0.0439344,0.0032944
0.0029086,0.81242,0.5,3.3646,-0.023114,-0.014052,1.0376,0.81242,0.5,3.3646,0.0017515,0.00012465,0.00019398,0.0018735,-0.0013109,0.0021922,,0.0465376,0.00310368
0.0030889,0.82068,0.5,3.3646,-0.022094,-0.011504,1.0345,0.82068,0.5,3.3646,0.0016948,0.00011993,0.00020436,0.0020057,-0.0015021,0.0024773,,0.0494224,0.00326976
0.0032143,0.82893,0.5,3.3646,-0.021145,-0.0098153,1.0331,0.82893,0.5,3.3646,0.0016378,7.45E-05,0.00023082,0.0021925,-0.0016528,0.0025983,,0.0514288,0.00369312
0.0047286,0.030909,0.5,3.4071,-0.0025104,0.0055495,0.73809,0.030909,0.5,3.4071,0.00034732,5.00E-05,-0.00011302,0.0025811,0.0008081,0.0065288,,0.0756576,-0.00180832
0.0049003,0.066184,0.5,3.4071,-0.0039709,0.010748,0.8543,0.066184,0.5,3.4071,0.00082255,0.00014238,-0.0002356,0.0030367,0.0012599,0.0059413,,0.0784048,-0.0037696
0.0046248,0.10006,0.5,3.4071,-0.0025176,0.012824,0.90784,0.10006,0.5,3.4071,0.001178,0.0002424,-0.00026818,0.0026748,0.0013733,0.0053967,,0.0739968,-0.00429088
0.0060468,0.13258,0.5,3.4071,-0.0015593,0.0056096,0.93164,0.13258,0.5,3.4071,0.001295,0.00043904,0.0002023,0.0021742,0.0015972,0.0086243,,0.0967488,0.0032368
0.0053278,0.16379,0.5,3.4071,-0.0046002,-0.0060692,0.96928,0.16379,0.5,3.4071,0.00096011,0.00041848,0.00021313,0.0014605,0.0011983,0.0082351,,0.0852448,0.00341008
0.0029644,0.19372,0.5,3.4071,-0.0087242,-0.018301,1.0121,0.19372,0.5,3.4071,0.00065391,9.84E-05,-0.0002489,0.00090473,6.93E-05,0.0043701,,0.0474304,-0.0039824
0.0020451,0.22242,0.5,3.4071,-0.01011,-0.020399,1.0343,0.22242,0.5,3.4071,0.00063661,4.54E-05,-0.00019833,0.00088595,-1.31E-05,0.0025677,,0.0327216,-0.00317328
0.0020066,0.24993,0.5,3.4071,-0.0094743,-0.016124,1.0511,0.24993,0.5,3.4071,0.00067791,0.00012874,-0.00019889,0.0010169,-2.41E-05,0.0023185,,0.0321056,-0.00318224
0.0018211,0.27629,0.5,3.4071,-0.010104,-0.01569,1.0634,0.27629,0.5,3.4071,0.00071079,0.00016779,-0.00028418,0.00093701,-0.00039935,0.0019945,,0.0291376,-0.00454688
0.0018532,0.30154,0.5,3.4071,-0.014127,-0.014516,1.0742,0.30154,0.5,3.4071,0.00073602,0.00034347,-0.00053991,0.00087694,-0.00078485,0.0020934,,0.0296512,-0.00863856
0.0020577,0.32572,0.5,3.4071,-0.02015,-0.011507,1.0694,0.32572,0.5,3.4071,0.00079162,0.0005001,-0.00070437,0.00088961,-0.00095395,0.0024342,,0.0329232,-0.01126992
0.0018113,0.34887,0.5,3.4071,-0.025013,-0.0077672,1.0616,0.34887,0.5,3.4071,0.00088936,0.00044798,-0.00063703,0.00070485,-0.00065999,0.0020283,,0.0289808,-0.01019248
0.0016142,0.37102,0.5,3.4071,-0.027572,-0.0053984,1.0592,0.37102,0.5,3.4071,0.00098149,0.00027111,-0.00056487,0.00065101,-0.00044004,0.0015959,,0.0258272,-0.00903792
0.001602,0.39221,0.5,3.4071,-0.029051,-0.0044846,1.0643,0.39221,0.5,3.4071,0.00098948,0.00015548,-0.00013509,0.00077358,-0.00019626,0.0014409,,0.025632,-0.00216144
0.0018061,0.41248,0.5,3.4071,-0.030425,-0.0058099,1.0692,0.41248,0.5,3.4071,0.00096747,0.00010596,0.00015884,0.0010399,-0.00031588,0.0016049,,0.0288976,0.00254144
0.0020266,0.43187,0.5,3.4071,-0.032147,-0.0094994,1.0766,0.43187,0.5,3.4071,0.0010581,2.86E-05,9.50E-05,0.0013379,-0.00054196,0.0016572,,0.0324256,0.00151968
0.0019707,0.4504,0.5,3.4071,-0.033891,-0.0096708,1.078,0.4504,0.5,3.4071,0.0011975,-1.59E-05,3.96E-05,0.0014456,-0.00053803,0.0012983,,0.0315312,0.000634384
0.0020695,0.46812,0.5,3.4071,-0.035064,-0.0092015,1.073,0.46812,0.5,3.4071,0.0012819,-3.30E-05,-0.00020248,0.0015096,-0.00074629,0.0013474,,0.033112,-0.00323968
0.0022047,0.48504,0.5,3.4071,-0.035744,-0.010727,1.0724,0.48504,0.5,3.4071,0.0013811,-6.71E-05,-0.00020059,0.0014828,-0.00084425,0.0015455,,0.0352752,-0.00320944
0.002168,0.50122,0.5,3.4071,-0.036457,-0.01221,1.0745,0.50122,0.5,3.4071,0.0015277,-5.65E-05,-0.00017398,0.0014483,-0.00070016,0.0013601,,0.034688,-0.00278368
0.0021948,0.51667,0.5,3.4071,-0.037869,-0.012855,1.0789,0.51667,0.5,3.4071,0.0016764,4.98E-06,-0.00032851,0.0013172,-0.00053046,0.001396,,0.0351168,-0.00525616
0.0022009,0.53142,0.5,3.4071,-0.039048,-0.013938,1.08,0.53142,0.5,3.4071,0.0017733,8.30E-06,-0.00023507,0.001191,-0.00034933,0.0014376,,0.0352144,-0.00376112
0.0019992,0.54551,0.5,3.4071,-0.038996,-0.016507,1.0826,0.54551,0.5,3.4071,0.0017823,-8.84E-05,-0.00012782,0.0011253,-0.000115,0.0010909,,0.0319872,-0.00204512
0.0017489,0.55896,0.5,3.4071,-0.038387,-0.019748,1.0843,0.55896,0.5,3.4071,0.0017727,-0.00015711,-0.00019141,0.00090617,7.12E-05,0.00081889,,0.0279824,-0.00306256
0.0015905,0.5718,0.5,3.4071,-0.037961,-0.021924,1.0837,0.5718,0.5,3.4071,0.0018017,-0.0001501,-0.00016437,0.00073966,0.00019466,0.00063967,,0.025448,-0.00262992
0.0015761,0.58405,0.5,3.4071,-0.037846,-0.023274,1.0816,0.58405,0.5,3.4071,0.001877,-0.00015112,3.42E-05,0.00067175,0.00026769,0.00060341,,0.0252176,0.00054656
0.0016208,0.59575,0.5,3.4071,-0.037707,-0.025479,1.0758,0.59575,0.5,3.4071,0.0019737,-0.00012522,0.00014623,0.00058171,0.00023426,0.00068611,,0.0259328,0.00233968
0.0016541,0.6069,0.5,3.4071,-0.037467,-0.026947,1.0718,0.6069,0.5,3.4071,0.0020383,-9.41E-05,0.00019124,0.00048217,7.06E-05,0.00078776,,0.0264656,0.00305984
0.0017701,0.61755,0.5,3.4071,-0.037469,-0.02744,1.0701,0.61755,0.5,3.4071,0.0020894,-9.17E-05,0.00029831,0.000457,-0.00011442,0.00099376,,0.0283216,0.00477296
0.0019818,0.6277,0.5,3.4071,-0.037598,-0.027936,1.0687,0.6277,0.5,3.4071,0.0021905,-0.00010288,0.00047019,0.00046374,-0.00029165,0.0013093,,0.0317088,0.00752304
0.0021534,0.63738,0.5,3.4071,-0.03763,-0.028662,1.0694,0.63738,0.5,3.4071,0.0023461,-0.00015036,0.00060408,0.00047789,-0.00036812,0.0014827,,0.0344544,0.00966528
0.0022737,0.64661,0.5,3.4071,-0.037569,-0.029724,1.0701,0.64661,0.5,3.4071,0.0025224,-0.00021758,0.00069156,0.00050245,-0.0003809,0.0015226,,0.0363792,0.01106496
0.002386,0.65542,0.5,3.4071,-0.037343,-0.030845,1.0705,0.65542,0.5,3.4071,0.0026987,-0.00029699,0.00077239,0.00053344,-0.00042466,0.00154,,0.038176,0.01235824
0.0025041,0.66381,0.5,3.4071,-0.036978,-0.03174,1.071,0.66381,0.5,3.4071,0.0028535,-0.00037733,0.00087062,0.00058918,-0.00047093,0.0015656,,0.0400656,0.01392992
0.002629,0.67207,0.5,3.4071,-0.036607,-0.031718,1.0715,0.67207,0.5,3.4071,0.0029759,-0.00046436,0.00093163,0.0006741,-0.00049882,0.001608,,0.042064,0.01490608
0.0027322,0.68032,0.5,3.4071,-0.036197,-0.030933,1.071,0.68032,0.5,3.4071,0.0030566,-0.00055656,0.00096033,0.00079855,-0.00049456,0.0016093,,0.0437152,0.01536528
0.0028269,0.68858,0.5,3.4071,-0.035664,-0.029696,1.0701,0.68858,0.5,3.4071,0.0030727,-0.00063506,0.00096471,0.00094611,-0.00048521,0.001635,,0.0452304,0.01543536
0.0028926,0.69683,0.5,3.4071,-0.035015,-0.02848,1.0692,0.69683,0.5,3.4071,0.0030174,-0.00067584,0.0009498,0.0011149,-0.00048721,0.0016528,,0.0462816,0.0151968
0.0029684,0.70509,0.5,3.4071,-0.034282,-0.027428,1.068,0.70509,0.5,3.4071,0.0028977,-0.00067116,0.0009512,0.0013009,-0.00050748,0.0017381,,0.0474944,0.0152192
0.0030306,0.71335,0.5,3.4071,-0.033481,-0.026533,1.0665,0.71335,0.5,3.4071,0.0027318,-0.00062745,0.00097225,0.0014948,-0.00050799,0.0018346,,0.0484896,0.015556
0.0030818,0.7216,0.5,3.4071,-0.03262,-0.025802,1.0641,0.7216,0.5,3.4071,0.0025536,-0.00055922,0.0010447,0.001671,-0.00047314,0.001939,,0.0493088,0.0167152
0.0031136,0.72986,0.5,3.4071,-0.031704,-0.025353,1.0612,0.72986,0.5,3.4071,0.0023908,-0.00047692,0.0011299,0.0018209,-0.00042477,0.0020154,,0.0498176,0.0180784
0.0031088,0.73811,0.5,3.4071,-0.030713,-0.025505,1.0576,0.73811,0.5,3.4071,0.0022506,-0.00039277,0.001175,0.0019211,-0.00042275,0.002046,,0.0497408,0.0188
0.0030763,0.74637,0.5,3.4071,-0.029653,-0.026118,1.0541,0.74637,0.5,3.4071,0.0021279,-0.00031479,0.0011457,0.0019615,-0.0004942,0.0020632,,0.0492208,0.0183312
0.002987,0.75463,0.5,3.4071,-0.028595,-0.026506,1.0511,0.75463,0.5,3.4071,0.0020195,-0.00023884,0.001033,0.001935,-0.00056586,0.0020196,,0.047792,0.016528
0.0028713,0.76288,0.5,3.4071,-0.02765,-0.02592,1.0482,0.76288,0.5,3.4071,0.0019286,-0.00016617,0.00088385,0.0018748,-0.00062004,0.0019393,,0.0459408,0.0141416
0.0027782,0.77114,0.5,3.4071,-0.026831,-0.024567,1.046,0.77114,0.5,3.4071,0.0018626,-9.60E-05,0.00069957,0.0018296,-0.00067912,0.0018643,,0.0444512,0.01119312
0.0026948,0.7794,0.5,3.4071,-0.026038,-0.022973,1.045,0.7794,0.5,3.4071,0.0018262,-3.56E-05,0.00050449,0.0018075,-0.0007625,0.0017559,,0.0431168,0.00807184
0.0026608,0.78765,0.5,3.4071,-0.025248,-0.021128,1.0446,0.78765,0.5,3.4071,0.0018119,1.48E-05,0.00033943,0.0017962,-0.00087371,0.0017135,,0.0425728,0.00543088
0.0026945,0.79591,0.5,3.4071,-0.024409,-0.018932,1.0429,0.79591,0.5,3.4071,0.0017964,6.35E-05,0.00025275,0.0017876,-0.0010176,0.001805,,0.043112,0.004044
0.0028101,0.80416,0.5,3.4071,-0.023485,-0.016391,1.0399,0.80416,0.5,3.4071,0.0017599,0.00010786,0.00023545,0.0018138,-0.0011881,0.0020464,,0.0449616,0.0037672
0.0029809,0.81242,0.5,3.4071,-0.022579,-0.013622,1.0365,0.81242,0.5,3.4071,0.0017089,0.00013279,0.00023996,0.0018917,-0.0013698,0.0023613,,0.0476944,0.00383936
0.0031374,0.82068,0.5,3.4071,-0.021706,-0.011088,1.0335,0.82068,0.5,3.4071,0.0016628,0.00011847,0.00024931,0.0020347,-0.0015521,0.0025773,,0.0501984,0.00398896
0.0032302,0.82893,0.5,3.4071,-0.020805,-0.0094504,1.0323,0.82893,0.5,3.4071,0.0016175,6.54E-05,0.00025933,0.0022434,-0.0016932,0.0025995,,0.0516832,0.00414928
0.0047902,0.030909,0.5,3.4504,-0.0025567,0.0056122,0.7384,0.030909,0.5,3.4504,0.00034976,3.67E-05,-0.0001239,0.0026521,0.00092371,0.0065785,,0.0766432,-0.0019824
0.0049467,0.066184,0.5,3.4504,-0.0042195,0.010968,0.85448,0.066184,0.5,3.4504,0.00082771,0.00011068,-0.00021833,0.0030483,0.0013831,0.0060174,,0.0791472,-0.00349328
0.004728,0.10006,0.5,3.4504,-0.0029701,0.013274,0.90647,0.10006,0.5,3.4504,0.0011667,0.00024146,-0.00025126,0.0026672,0.00136,0.0056221,,0.075648,-0.00402016
0.0060543,0.13258,0.5,3.4504,-0.0019125,0.0058169,0.93058,0.13258,0.5,3.4504,0.0012675,0.000413,0.00015781,0.0022059,0.0015101,0.0086353,,0.0968688,0.00252496
0.0052316,0.16379,0.5,3.4504,-0.0048534,-0.0057243,0.96953,0.16379,0.5,3.4504,0.000942,0.00037727,0.00020018,0.0014917,0.0011951,0.0080296,,0.0837056,0.00320288
0.0029604,0.19372,0.5,3.4504,-0.0089796,-0.01797,1.0119,0.19372,0.5,3.4504,0.00064007,0.00010408,-0.00023512,0.00090185,8.20E-05,0.0043788,,0.0473664,-0.00376192
0.0020541,0.22242,0.5,3.4504,-0.010352,-0.02051,1.0344,0.22242,0.5,3.4504,0.00062542,2.61E-05,-0.00021208,0.00087198,1.39E-06,0.0026108,,0.0328656,-0.00339328
0.0020338,0.24993,0.5,3.4504,-0.0097104,-0.015993,1.0507,0.24993,0.5,3.4504,0.00068854,0.00010547,-0.00020804,0.0010478,-4.46E-05,0.0023312,,0.0325408,-0.00332864
0.0018461,0.27629,0.5,3.4504,-0.010194,-0.015458,1.0631,0.27629,0.5,3.4504,0.00072779,0.00016295,-0.00030525,0.00095066,-0.00047132,0.0020138,,0.0295376,-0.004884
0.0018258,0.30154,0.5,3.4504,-0.014033,-0.014408,1.0743,0.30154,0.5,3.4504,0.00073543,0.00034836,-0.00056678,0.00086837,-0.00079224,0.0020478,,0.0292128,-0.00906848
0.0019928,0.32572,0.5,3.4504,-0.020011,-0.011332,1.0691,0.32572,0.5,3.4504,0.00078794,0.00049196,-0.00072444,0.00088621,-0.00091991,0.0023114,,0.0318848,-0.01159104
0.0017722,0.34887,0.5,3.4504,-0.024957,-0.0075505,1.0613,0.34887,0.5,3.4504,0.00087751,0.00041914,-0.00063029,0.0006911,-0.00064841,0.0019758,,0.0283552,-0.01008464
0.0016034,0.37102,0.5,3.4504,-0.027568,-0.0053188,1.0587,0.37102,0.5,3.4504,0.00095144,0.00024151,-0.00052109,0.00064295,-0.00044101,0.0016124,,0.0256544,-0.00833744
0.0016119,0.39221,0.5,3.4504,-0.028985,-0.0046059,1.0637,0.39221,0.5,3.4504,0.0009678,0.00012877,-9.98E-05,0.00081403,-0.00019508,0.001442,,0.0257904,-0.001597296
0.0018291,0.41248,0.5,3.4504,-0.03041,-0.0060806,1.0696,0.41248,0.5,3.4504,0.00098727,9.30E-05,0.00015053,0.0010881,-0.00029858,0.001583,,0.0292656,0.00240848
0.0020153,0.43187,0.5,3.4504,-0.032193,-0.0096427,1.0775,0.43187,0.5,3.4504,0.0011159,2.49E-05,5.13E-05,0.0013473,-0.00052474,0.0015675,,0.0322448,0.00082112
0.0019369,0.4504,0.5,3.4504,-0.033833,-0.009632,1.0783,0.4504,0.5,3.4504,0.0012395,-4.39E-07,2.01E-05,0.0014366,-0.0005458,0.0011976,,0.0309904,0.000322256
0.0020353,0.46812,0.5,3.4504,-0.034972,-0.0091115,1.073,0.46812,0.5,3.4504,0.0012897,-2.72E-08,-0.00019225,0.0014756,-0.00075147,0.0013052,,0.0325648,-0.003076
0.0021522,0.48504,0.5,3.4504,-0.03573,-0.010643,1.0722,0.48504,0.5,3.4504,0.0013796,-3.97E-05,-0.00023148,0.0014338,-0.0008147,0.0014909,,0.0344352,-0.00370368
0.0021333,0.50122,0.5,3.4504,-0.036549,-0.01209,1.0751,0.50122,0.5,3.4504,0.0015277,-4.12E-05,-0.00024463,0.0014182,-0.00070112,0.0013207,,0.0341328,-0.00391408
0.0021461,0.51667,0.5,3.4504,-0.038005,-0.01266,1.0794,0.51667,0.5,3.4504,0.0016735,1.17E-05,-0.00036582,0.0012733,-0.00054774,0.0013453,,0.0343376,-0.00585312
0.0021381,0.53142,0.5,3.4504,-0.03905,-0.013768,1.0798,0.53142,0.5,3.4504,0.0017633,-1.23E-05,-0.00023029,0.0011477,-0.00032904,0.0013651,,0.0342096,-0.00368464
0.0019534,0.54551,0.5,3.4504,-0.038878,-0.016527,1.0829,0.54551,0.5,3.4504,0.0017689,-0.00013147,-0.00014053,0.00111,-8.40E-05,0.0010279,,0.0312544,-0.00224848
0.0017007,0.55896,0.5,3.4504,-0.038291,-0.020027,1.0846,0.55896,0.5,3.4504,0.0017525,-0.00018286,-0.0002135,0.00089621,0.0001027,0.00075264,,0.0272112,-0.003416
0.0015649,0.5718,0.5,3.4504,-0.037954,-0.022149,1.0831,0.5718,0.5,3.4504,0.001771,-0.00016373,-0.00016442,0.0007423,0.00021709,0.00061654,,0.0250384,-0.00263072
0.0015701,0.58405,0.5,3.4504,-0.0379,-0.023515,1.0805,0.58405,0.5,3.4504,0.0018397,-0.00016103,4.03E-05,0.00068815,0.00025473,0.00061222,,0.0251216,0.00064472
0.0016269,0.59575,0.5,3.4504,-0.037725,-0.025808,1.0749,0.59575,0.5,3.4504,0.0019414,-0.00012387,0.00014692,0.0006047,0.00018849,0.00070758,,0.0260304,0.00235072
0.0016709,0.6069,0.5,3.4504,-0.03742,-0.027144,1.0717,0.6069,0.5,3.4504,0.0020349,-8.72E-05,0.0001914,0.00050513,2.02E-05,0.00080185,,0.0267344,0.0030624
0.0018006,0.61755,0.5,3.4504,-0.03739,-0.027654,1.0701,0.61755,0.5,3.4504,0.0021121,-8.21E-05,0.00030405,0.00047076,-0.00015529,0.0010185,,0.0288096,0.0048648
0.001985,0.6277,0.5,3.4504,-0.037506,-0.028219,1.0689,0.6277,0.5,3.4504,0.0022057,-9.20E-05,0.00046452,0.00047702,-0.00031336,0.0012873,,0.03176,0.00743232
0.0021215,0.63738,0.5,3.4504,-0.03752,-0.028942,1.0699,0.63738,0.5,3.4504,0.0023381,-0.00014163,0.00059301,0.00049093,-0.00037565,0.0014139,,0.033944,0.00948816
0.0022277,0.64661,0.5,3.4504,-0.037424,-0.029995,1.0707,0.64661,0.5,3.4504,0.002498,-0.00020528,0.00067472,0.00051562,-0.00038596,0.0014418,,0.0356432,0.01079552
0.0023498,0.65542,0.5,3.4504,-0.037204,-0.03105,1.0711,0.65542,0.5,3.4504,0.0026747,-0.00027869,0.00073818,0.00055242,-0.00043357,0.0014726,,0.0375968,0.01181088
0.0024878,0.66381,0.5,3.4504,-0.036888,-0.031761,1.0717,0.66381,0.5,3.4504,0.0028462,-0.00036195,0.00081515,0.00061216,-0.00047046,0.0015172,,0.0398048,0.0130424
0.0026204,0.67207,0.5,3.4504,-0.036515,-0.031509,1.0722,0.67207,0.5,3.4504,0.0029733,-0.00046178,0.00087509,0.00070293,-0.00048228,0.0015646,,0.0419264,0.01400144
0.0027255,0.68032,0.5,3.4504,-0.036038,-0.0306,1.0716,0.68032,0.5,3.4504,0.0030384,-0.00056136,0.00091588,0.00083218,-0.00047624,0.0015805,,0.043608,0.01465408
0.0028134,0.68858,0.5,3.4504,-0.035414,-0.029406,1.0708,0.68858,0.5,3.4504,0.0030466,-0.00063498,0.00091205,0.00098114,-0.00047033,0.001599,,0.0450144,0.0145928
0.0028828,0.69683,0.5,3.4504,-0.03466,-0.028383,1.0698,0.69683,0.5,3.4504,0.0029954,-0.00066519,0.00090274,0.0011507,-0.00047855,0.0016194,,0.0461248,0.01444384
0.0029679,0.70509,0.5,3.4504,-0.033826,-0.027547,1.0683,0.70509,0.5,3.4504,0.0028783,-0.00065226,0.00092049,0.00134,-0.00050237,0.0017174,,0.0474864,0.01472784
0.0030374,0.71335,0.5,3.4504,-0.032996,-0.026789,1.0663,0.71335,0.5,3.4504,0.0027133,-0.00060451,0.00096237,0.0015362,-0.00049618,0.0018254,,0.0485984,0.01539792
0.0030935,0.7216,0.5,3.4504,-0.032198,-0.026102,1.0635,0.7216,0.5,3.4504,0.0025391,-0.00053287,0.0010426,0.0017097,-0.00045188,0.0019382,,0.049496,0.0166816
0.0031252,0.72986,0.5,3.4504,-0.031357,-0.025697,1.0605,0.72986,0.5,3.4504,0.0023834,-0.00044441,0.001122,0.0018492,-0.00040759,0.0020178,,0.0500032,0.017952
0.0031197,0.73811,0.5,3.4504,-0.030419,-0.02593,1.0571,0.73811,0.5,3.4504,0.0022501,-0.00035303,0.001153,0.0019375,-0.0004211,0.0020517,,0.0499152,0.018448
0.0030907,0.74637,0.5,3.4504,-0.029414,-0.026571,1.0542,0.74637,0.5,3.4504,0.0021302,-0.00027313,0.0011115,0.001974,-0.00049693,0.0020772,,0.0494512,0.017784
0.0029996,0.75463,0.5,3.4504,-0.028425,-0.026777,1.0515,0.75463,0.5,3.4504,0.0020176,-0.00020213,0.00099924,0.001958,-0.00056244,0.0020235,,0.0479936,0.01598784
0.0028719,0.76288,0.5,3.4504,-0.027539,-0.025825,1.0488,0.76288,0.5,3.4504,0.0019219,-0.00013775,0.00084642,0.0019129,-0.00061576,0.0019091,,0.0459504,0.01354272
0.0027715,0.77114,0.5,3.4504,-0.026766,-0.024164,1.0468,0.77114,0.5,3.4504,0.0018561,-7.69E-05,0.00065351,0.0018717,-0.00068004,0.0018151,,0.044344,0.01045616
0.0026958,0.7794,0.5,3.4504,-0.026038,-0.022461,1.0456,0.7794,0.5,3.4504,0.001822,-2.30E-05,0.00045256,0.0018413,-0.00077066,0.0017282,,0.0431328,0.00724096
0.0026838,0.78765,0.5,3.4504,-0.025288,-0.020612,1.0446,0.78765,0.5,3.4504,0.0018063,2.45E-05,0.00029813,0.001819,-0.00090343,0.0017423,,0.0429408,0.00477008
0.0027476,0.79591,0.5,3.4504,-0.02445,-0.018456,1.0421,0.79591,0.5,3.4504,0.0017871,7.28E-05,0.00023105,0.0018107,-0.0010767,0.0018974,,0.0439616,0.0036968
0.0028851,0.80416,0.5,3.4504,-0.023531,-0.015991,1.0387,0.80416,0.5,3.4504,0.001751,0.00011818,0.000225,0.001843,-0.0012584,0.0021762,,0.0461616,0.0036
0.0030476,0.81242,0.5,3.4504,-0.022542,-0.013283,1.0353,0.81242,0.5,3.4504,0.0017072,0.00014779,0.00023047,0.001919,-0.0014276,0.002469,,0.0487616,0.00368752
0.003167,0.82068,0.5,3.4504,-0.021489,-0.010803,1.0327,0.82068,0.5,3.4504,0.0016697,0.00014755,0.00023044,0.0020592,-0.0015839,0.0026051,,0.050672,0.00368704
0.0032278,0.82893,0.5,3.4504,-0.020422,-0.0092291,1.0317,0.82893,0.5,3.4504,0.0016267,0.00011403,0.00022866,0.0022795,-0.0017076,0.0025493,,0.0516448,0.00365856
0.0048529,0.030909,0.5,3.4943,-0.0025985,0.0055573,0.73865,0.030909,0.5,3.4943,0.00035777,3.64E-05,-0.00013337,0.0027157,0.00099485,0.0066324,,0.0776464,-0.00213392
0.004968,0.066184,0.5,3.4943,-0.0043644,0.011069,0.85459,0.066184,0.5,3.4943,0.00084409,0.00010035,-0.00019936,0.0030198,0.0014495,0.0060721,,0.079488,-0.00318976
0.004843,0.10006,0.5,3.4943,-0.0032454,0.013778,0.90512,0.10006,0.5,3.4943,0.0011541,0.00026279,-0.00022552,0.0026836,0.0013154,0.0058484,,0.077488,-0.00360832
0.0060818,0.13258,0.5,3.4943,-0.0022095,0.0060841,0.92965,0.13258,0.5,3.4943,0.0012144,0.00040851,0.00011336,0.0022821,0.0014437,0.008667,,0.0973088,0.00181376
0.0051198,0.16379,0.5,3.4943,-0.0051311,-0.0054661,0.96989,0.16379,0.5,3.4943,0.00091311,0.00033379,0.00017459,0.0014964,0.0012029,0.0078301,,0.0819168,0.00279344
0.0029732,0.19372,0.5,3.4943,-0.0092411,-0.017624,1.0118,0.19372,0.5,3.4943,0.00063908,9.60E-05,-0.00022462,0.0009095,8.33E-05,0.0043979,,0.0475712,-0.00359392
0.0020578,0.22242,0.5,3.4943,-0.010611,-0.020562,1.0345,0.22242,0.5,3.4943,0.00061507,4.73E-06,-0.00022702,0.00087318,1.58E-06,0.0026273,,0.0329248,-0.00363232
0.0020389,0.24993,0.5,3.4943,-0.0099919,-0.015904,1.0503,0.24993,0.5,3.4943,0.00069105,8.82E-05,-0.00021264,0.0010512,-8.86E-05,0.0023356,,0.0326224,-0.00340224
0.0018855,0.27629,0.5,3.4943,-0.010333,-0.015243,1.0629,0.27629,0.5,3.4943,0.00074953,0.0001634,-0.00031152,0.00094148,-0.00055416,0.0020799,,0.030168,-0.00498432
0.0018204,0.30154,0.5,3.4943,-0.013959,-0.014269,1.0744,0.30154,0.5,3.4943,0.00075155,0.00035157,-0.0005692,0.00086138,-0.0008013,0.0020279,,0.0291264,-0.0091072
0.0019295,0.32572,0.5,3.4943,-0.019884,-0.011141,1.0688,0.32572,0.5,3.4943,0.00078698,0.00048245,-0.00071961,0.00087239,-0.00089159,0.0021996,,0.030872,-0.01151376
0.0017114,0.34887,0.5,3.4943,-0.024913,-0.0073641,1.061,0.34887,0.5,3.4943,0.00086308,0.00039348,-0.00061478,0.00066028,-0.00062465,0.0018994,,0.0273824,-0.00983648
0.0015811,0.37102,0.5,3.4943,-0.027561,-0.0052671,1.0582,0.37102,0.5,3.4943,0.00093263,0.00022141,-0.00047387,0.00062977,-0.00042447,0.0015998,,0.0252976,-0.00758192
0.0016389,0.39221,0.5,3.4943,-0.028946,-0.0047245,1.0632,0.39221,0.5,3.4943,0.0009644,0.00011224,-6.39E-05,0.00086652,-0.00020153,0.0014469,,0.0262224,-0.001021904
0.0018647,0.41248,0.5,3.4943,-0.030467,-0.0063458,1.0703,0.41248,0.5,3.4943,0.0010256,9.03E-05,0.0001407,0.0011542,-0.00029225,0.0015496,,0.0298352,0.0022512
0.002016,0.43187,0.5,3.4943,-0.032288,-0.0097669,1.0784,0.43187,0.5,3.4943,0.0011874,3.16E-05,2.34E-05,0.0013685,-0.00051406,0.0014759,,0.032256,0.000374688
0.0019189,0.4504,0.5,3.4943,-0.033776,-0.0096387,1.0785,0.4504,0.5,3.4943,0.0012944,1.84E-05,2.26E-05,0.0014308,-0.00055241,0.0011125,,0.0307024,0.000362112
0.0020078,0.46812,0.5,3.4943,-0.034877,-0.0090674,1.073,0.46812,0.5,3.4943,0.001307,2.88E-05,-0.00016996,0.0014472,-0.00074746,0.0012615,,0.0321248,-0.00271936
0.0021216,0.48504,0.5,3.4943,-0.035716,-0.010533,1.0721,0.48504,0.5,3.4943,0.001377,-1.58E-05,-0.00025865,0.0014252,-0.00078255,0.0014409,,0.0339456,-0.0041384
0.0021293,0.50122,0.5,3.4943,-0.036611,-0.011895,1.0757,0.50122,0.5,3.4943,0.001526,-3.00E-05,-0.00030432,0.001428,-0.00069948,0.0013046,,0.0340688,-0.00486912
0.0021252,0.51667,0.5,3.4943,-0.038064,-0.012383,1.0796,0.51667,0.5,3.4943,0.0016759,1.53E-05,-0.00037657,0.0012669,-0.00055033,0.0013076,,0.0340032,-0.00602512
0.0020952,0.53142,0.5,3.4943,-0.038964,-0.01355,1.0795,0.53142,0.5,3.4943,0.0017601,-1.56E-05,-0.0002157,0.0011334,-0.00029727,0.0012968,,0.0335232,-0.0034512
0.0019177,0.54551,0.5,3.4943,-0.038696,-0.016576,1.0833,0.54551,0.5,3.4943,0.0017596,-0.00014477,-0.00014117,0.0010982,-4.55E-05,0.00097765,,0.0306832,-0.00225872
0.0016751,0.55896,0.5,3.4943,-0.038173,-0.020332,1.0848,0.55896,0.5,3.4943,0.0017336,-0.00019128,-0.00020678,0.00090398,0.00014357,0.00071267,,0.0268016,-0.00330848
0.0015691,0.5718,0.5,3.4943,-0.037965,-0.022369,1.0824,0.5718,0.5,3.4943,0.0017487,-0.00016882,-0.00014675,0.00077243,0.0002471,0.00061702,,0.0251056,-0.002348
0.0015943,0.58405,0.5,3.4943,-0.037983,-0.023814,1.0795,0.58405,0.5,3.4943,0.0018258,-0.00015593,5.45E-05,0.00072588,0.00024949,0.00063691,,0.0255088,0.000872144
0.0016449,0.59575,0.5,3.4943,-0.037759,-0.026195,1.0744,0.59575,0.5,3.4943,0.0019337,-0.00010756,0.00014111,0.00063794,0.00014716,0.00071817,,0.0263184,0.00225776
0.0016845,0.6069,0.5,3.4943,-0.037341,-0.027369,1.0716,0.6069,0.5,3.4943,0.0020283,-8.10E-05,0.00018711,0.00052727,-2.40E-05,0.00081343,,0.026952,0.00299376
0.0018209,0.61755,0.5,3.4943,-0.037238,-0.027902,1.07,0.61755,0.5,3.4943,0.0021036,-8.81E-05,0.00032174,0.00048127,-0.0001822,0.0010569,,0.0291344,0.00514784
0.0019777,0.6277,0.5,3.4943,-0.037382,-0.028522,1.0691,0.6277,0.5,3.4943,0.002201,-0.00010594,0.00046853,0.00048848,-0.00031329,0.0012659,,0.0316432,0.00749648
0.0021066,0.63738,0.5,3.4943,-0.037463,-0.029236,1.0705,0.63738,0.5,3.4943,0.0023525,-0.0001568,0.00058628,0.00050863,-0.00036341,0.001352,,0.0337056,0.00938048
0.0022298,0.64661,0.5,3.4943,-0.037408,-0.030267,1.0713,0.64661,0.5,3.4943,0.0025341,-0.00021377,0.00066026,0.00053836,-0.00037748,0.0013871,,0.0356768,0.01056416
0.0023562,0.65542,0.5,3.4943,-0.037194,-0.031207,1.0718,0.65542,0.5,3.4943,0.0027105,-0.00028296,0.00070118,0.00058093,-0.00041861,0.0014209,,0.0376992,0.01121888
0.0024819,0.66381,0.5,3.4943,-0.03683,-0.031686,1.0724,0.66381,0.5,3.4943,0.0028536,-0.00036722,0.00076741,0.00064361,-0.00043977,0.0014666,,0.0397104,0.01227856
0.0026025,0.67207,0.5,3.4943,-0.036394,-0.03124,1.0728,0.67207,0.5,3.4943,0.0029515,-0.00046862,0.00083489,0.00073636,-0.00044883,0.0015171,,0.04164,0.01335824
0.0027095,0.68032,0.5,3.4943,-0.035876,-0.030323,1.0723,0.68032,0.5,3.4943,0.0030105,-0.00056648,0.00086651,0.000866,-0.00044576,0.0015425,,0.043352,0.01386416
0.0027987,0.68858,0.5,3.4943,-0.035197,-0.029254,1.0715,0.68858,0.5,3.4943,0.0030169,-0.00063609,0.00085165,0.0010133,-0.00044309,0.0015671,,0.0447792,0.0136264
0.0028676,0.69683,0.5,3.4943,-0.034353,-0.028379,1.0702,0.69683,0.5,3.4943,0.0029548,-0.0006583,0.00085656,0.0011785,-0.00045936,0.0016019,,0.0458816,0.01370496
0.0029483,0.70509,0.5,3.4943,-0.03345,-0.027652,1.0684,0.70509,0.5,3.4943,0.0028306,-0.00063642,0.00089346,0.0013599,-0.00048582,0.0017062,,0.0471728,0.01429536
0.0030156,0.71335,0.5,3.4943,-0.032615,-0.027013,1.0659,0.71335,0.5,3.4943,0.002667,-0.0005807,0.00095331,0.0015466,-0.00047617,0.0018176,,0.0482496,0.01525296
0.0030781,0.7216,0.5,3.4943,-0.031868,-0.026454,1.0628,0.7216,0.5,3.4943,0.0024979,-0.00050224,0.0010331,0.0017184,-0.0004347,0.0019398,,0.0492496,0.0165296
0.003116,0.72986,0.5,3.4943,-0.031147,-0.026112,1.0599,0.72986,0.5,3.4943,0.0023519,-0.00041113,0.0010993,0.0018633,-0.00040978,0.0020169,,0.049856,0.0175888
0.0031228,0.73811,0.5,3.4943,-0.03036,-0.026234,1.0568,0.73811,0.5,3.4943,0.0022328,-0.00032289,0.0011126,0.0019569,-0.00044156,0.0020559,,0.0499648,0.0178016
0.0031032,0.74637,0.5,3.4943,-0.029484,-0.02661,1.0543,0.74637,0.5,3.4943,0.0021271,-0.0002507,0.0010668,0.0019955,-0.00051488,0.0020838,,0.0496512,0.0170688
0.0030104,0.75463,0.5,3.4943,-0.028598,-0.026503,1.0519,0.75463,0.5,3.4943,0.0020281,-0.00019156,0.0009615,0.001982,-0.00056558,0.0020107,,0.0481664,0.015384
0.0028784,0.76288,0.5,3.4943,-0.027803,-0.025319,1.0494,0.76288,0.5,3.4943,0.0019438,-0.00014169,0.00080427,0.0019414,-0.00061333,0.0018715,,0.0460544,0.01286832
0.0027808,0.77114,0.5,3.4943,-0.027031,-0.023596,1.0475,0.77114,0.5,3.4943,0.0018835,-9.04E-05,0.00060144,0.0019003,-0.0006854,0.0017778,,0.0444928,0.00962304
0.0027183,0.7794,0.5,3.4943,-0.026119,-0.021973,1.0461,0.7794,0.5,3.4943,0.0018491,-3.55E-05,0.00040163,0.0018649,-0.00079409,0.0017227,,0.0434928,0.00642608
0.0027268,0.78765,0.5,3.4943,-0.02509,-0.020217,1.0443,0.78765,0.5,3.4943,0.0018318,1.77E-05,0.00026595,0.0018411,-0.00095289,0.0017807,,0.0436288,0.0042552
0.0028146,0.79591,0.5,3.4943,-0.024006,-0.018096,1.041,0.79591,0.5,3.4943,0.0018115,6.91E-05,0.00022156,0.00184,-0.0011438,0.0019778,,0.0450336,0.00354496
0.0029611,0.80416,0.5,3.4943,-0.022919,-0.015624,1.0375,0.80416,0.5,3.4943,0.0017747,0.00011633,0.00022188,0.0018841,-0.0013263,0.0022633,,0.0473776,0.00355008
0.0031113,0.81242,0.5,3.4943,-0.021925,-0.012931,1.0344,0.81242,0.5,3.4943,0.0017309,0.0001556,0.00021999,0.0019805,-0.0014886,0.0025111,,0.0497808,0.00351984
0.0032046,0.82068,0.5,3.4943,-0.020943,-0.01051,1.0321,0.82068,0.5,3.4943,0.0016911,0.00017859,0.00020667,0.0021526,-0.0016311,0.0025655,,0.0512736,0.00330672
0.0032476,0.82893,0.5,3.4943,-0.019827,-0.0089753,1.0312,0.82893,0.5,3.4943,0.001639,0.00016875,0.00019936,0.0024005,-0.0017372,0.0024558,,0.0519616,0.00318976
0.0048793,0.030909,0.5,3.5388,-0.0026448,0.0054175,0.73859,0.030909,0.5,3.5388,0.00037145,3.41E-05,-0.00013345,0.0027304,0.0010298,0.0066567,,0.0780688,-0.0021352
0.004964,0.066184,0.5,3.5388,-0.0043684,0.011099,0.85454,0.066184,0.5,3.5388,0.00088,0.00010218,-0.00017996,0.0029405,0.0014757,0.0061074,,0.079424,-0.00287936
0.0049617,0.10006,0.5,3.5388,-0.0032688,0.014331,0.90395,0.10006,0.5,3.5388,0.0011657,0.00029316,-0.00020688,0.002687,0.0012695,0.0060706,,0.0793872,-0.00331008
0.006105,0.13258,0.5,3.5388,-0.0024702,0.0064329,0.92901,0.13258,0.5,3.5388,0.0011713,0.00042471,7.67E-05,0.0023598,0.0014044,0.0086789,,0.09768,0.0012272
0.0049892,0.16379,0.5,3.5388,-0.0054941,-0.0052295,0.9704,0.16379,0.5,3.5388,0.00089464,0.00031648,0.00015412,0.0014678,0.0012062,0.007616,,0.0798272,0.00246592
0.002978,0.19372,0.5,3.5388,-0.0095053,-0.017281,1.0119,0.19372,0.5,3.5388,0.00065361,9.21E-05,-0.00021963,0.00090162,5.88E-05,0.0044008,,0.047648,-0.00351408
0.0020521,0.22242,0.5,3.5388,-0.01086,-0.020544,1.0346,0.22242,0.5,3.5388,0.00060287,3.97E-07,-0.00024037,0.00088566,-1.42E-05,0.0026156,,0.0328336,-0.00384592
0.0020355,0.24993,0.5,3.5388,-0.010284,-0.015825,1.0499,0.24993,0.5,3.5388,0.00067665,8.39E-05,-0.00021227,0.0010393,-0.00013459,0.0023552,,0.032568,-0.00339632
0.0019364,0.27629,0.5,3.5388,-0.010484,-0.01508,1.0626,0.27629,0.5,3.5388,0.00076447,0.00016233,-0.00030855,0.00091592,-0.00062764,0.0021925,,0.0309824,-0.0049368
0.0018298,0.30154,0.5,3.5388,-0.013898,-0.014143,1.0745,0.30154,0.5,3.5388,0.0007756,0.00034876,-0.00054807,0.00085797,-0.00080484,0.002026,,0.0292768,-0.00876912
0.0018803,0.32572,0.5,3.5388,-0.019791,-0.010944,1.0685,0.32572,0.5,3.5388,0.00078972,0.00046925,-0.0006873,0.00085744,-0.00086669,0.0021135,,0.0300848,-0.0109968
0.0016613,0.34887,0.5,3.5388,-0.024898,-0.0072047,1.0606,0.34887,0.5,3.5388,0.00085126,0.00037442,-0.00059206,0.00062864,-0.00059737,0.0018428,,0.0265808,-0.00947296
0.0015553,0.37102,0.5,3.5388,-0.027576,-0.0052417,1.0577,0.37102,0.5,3.5388,0.0009194,0.00021127,-0.00043916,0.00062326,-0.00039698,0.001568,,0.0248848,-0.00702656
0.0016515,0.39221,0.5,3.5388,-0.028989,-0.0048085,1.0629,0.39221,0.5,3.5388,0.00096112,0.0001002,-4.43E-05,0.00091572,-0.00021186,0.0014261,,0.026424,-0.00070848
0.0018788,0.41248,0.5,3.5388,-0.030643,-0.0065558,1.071,0.41248,0.5,3.5388,0.0010489,8.75E-05,0.00012818,0.0012075,-0.00029431,0.0015011,,0.0300608,0.00205088
0.0020107,0.43187,0.5,3.5388,-0.032464,-0.0098304,1.079,0.43187,0.5,3.5388,0.0012324,4.08E-05,1.66E-05,0.0013807,-0.00050873,0.0014084,,0.0321712,0.000264816
0.0019109,0.4504,0.5,3.5388,-0.033759,-0.0096248,1.0784,0.4504,0.5,3.5388,0.0013333,3.42E-05,4.22E-05,0.0014211,-0.00056269,0.0010673,,0.0305744,0.000675856
0.0019918,0.46812,0.5,3.5388,-0.034804,-0.0090045,1.0731,0.46812,0.5,3.5388,0.0013249,5.18E-05,-0.00014443,0.0014235,-0.00073911,0.0012352,,0.0318688,-0.00231088
0.0021177,0.48504,0.5,3.5388,-0.035753,-0.010352,1.0722,0.48504,0.5,3.5388,0.0013893,9.70E-06,-0.00028416,0.0014394,-0.00075327,0.0014066,,0.0338832,-0.00454656
0.0021503,0.50122,0.5,3.5388,-0.036734,-0.011607,1.0763,0.50122,0.5,3.5388,0.0015532,-1.47E-05,-0.000353,0.0014484,-0.00068553,0.0012991,,0.0344048,-0.005648
0.0021249,0.51667,0.5,3.5388,-0.038123,-0.01207,1.0795,0.51667,0.5,3.5388,0.001702,2.21E-05,-0.00036951,0.0012716,-0.00052195,0.001276,,0.0339984,-0.00591216
0.0020693,0.53142,0.5,3.5388,-0.038846,-0.013342,1.0792,0.53142,0.5,3.5388,0.0017557,-7.22E-06,-0.00020233,0.0011417,-0.0002432,0.0012412,,0.0331088,-0.00323728
0.0018879,0.54551,0.5,3.5388,-0.038514,-0.016634,1.0839,0.54551,0.5,3.5388,0.0017447,-0.00014355,-0.00014384,0.0010955,1.08E-05,0.00093572,,0.0302064,-0.00230144
0.0016748,0.55896,0.5,3.5388,-0.038101,-0.020599,1.0849,0.55896,0.5,3.5388,0.0017348,-0.00019412,-0.00018525,0.00091764,0.00019664,0.00069721,,0.0267968,-0.002964
0.0016015,0.5718,0.5,3.5388,-0.03803,-0.022554,1.0816,0.5718,0.5,3.5388,0.0017599,-0.00016394,-0.00011359,0.00080007,0.00027839,0.00064298,,0.025624,-0.00181744
0.0016284,0.58405,0.5,3.5388,-0.038073,-0.024121,1.0787,0.58405,0.5,3.5388,0.0018309,-0.00012859,8.79E-05,0.00074964,0.00024567,0.00067636,,0.0260544,0.00140696
0.0016617,0.59575,0.5,3.5388,-0.03777,-0.026518,1.074,0.59575,0.5,3.5388,0.0019255,-7.51E-05,0.00016166,0.00065417,0.00011623,0.00074372,,0.0265872,0.00258656
0.0017015,0.6069,0.5,3.5388,-0.037286,-0.027517,1.0716,0.6069,0.5,3.5388,0.0020255,-7.49E-05,0.00020766,0.0005398,-5.02E-05,0.00083778,,0.027224,0.00332256
0.001853,0.61755,0.5,3.5388,-0.03716,-0.028118,1.07,0.61755,0.5,3.5388,0.0021222,-0.00010007,0.0003484,0.00049046,-0.00019257,0.0010934,,0.029648,0.0055744
0.001989,0.6277,0.5,3.5388,-0.037311,-0.028789,1.0696,0.6277,0.5,3.5388,0.0022193,-0.00012215,0.00046726,0.0004977,-0.00030199,0.0012611,,0.031824,0.00747616
0.002102,0.63738,0.5,3.5388,-0.037388,-0.029497,1.071,0.63738,0.5,3.5388,0.0023446,-0.0001684,0.00056744,0.00052116,-0.00034264,0.0013383,,0.033632,0.00907904
0.0022125,0.64661,0.5,3.5388,-0.037282,-0.030496,1.0719,0.64661,0.5,3.5388,0.0024986,-0.00022316,0.00064054,0.00055201,-0.00036156,0.0013745,,0.0354,0.01024864
0.0023228,0.65542,0.5,3.5388,-0.037018,-0.031308,1.0725,0.65542,0.5,3.5388,0.0026583,-0.00029676,0.00067952,0.0005995,-0.00039724,0.0013879,,0.0371648,0.01087232
0.0024487,0.66381,0.5,3.5388,-0.03666,-0.031566,1.0731,0.66381,0.5,3.5388,0.0028084,-0.00038737,0.00073235,0.00067128,-0.0004151,0.0014176,,0.0391792,0.0117176
0.002584,0.67207,0.5,3.5388,-0.03624,-0.030954,1.0736,0.67207,0.5,3.5388,0.0029264,-0.0004935,0.00077917,0.00077504,-0.00042273,0.0014666,,0.041344,0.01246672
0.0027003,0.68032,0.5,3.5388,-0.035662,-0.030032,1.0731,0.68032,0.5,3.5388,0.0029828,-0.00058792,0.00080577,0.00090998,-0.00041766,0.0015079,,0.0432048,0.01289232
0.0027824,0.68858,0.5,3.5388,-0.034855,-0.029084,1.0721,0.68858,0.5,3.5388,0.0029667,-0.00064618,0.00079571,0.0010563,-0.0004241,0.0015417,,0.0445184,0.01273136
0.0028467,0.69683,0.5,3.5388,-0.033897,-0.028407,1.0705,0.69683,0.5,3.5388,0.0028919,-0.00065287,0.00080744,0.001217,-0.00044707,0.0015846,,0.0455472,0.01291904
0.0029264,0.70509,0.5,3.5388,-0.032938,-0.027865,1.0683,0.70509,0.5,3.5388,0.0027696,-0.00061832,0.00085723,0.0013874,-0.00047204,0.0016958,,0.0468224,0.01371568
0.0029932,0.71335,0.5,3.5388,-0.032123,-0.027323,1.0654,0.71335,0.5,3.5388,0.0026158,-0.00055507,0.00093661,0.0015596,-0.00046293,0.001811,,0.0478912,0.01498576
0.0030523,0.7216,0.5,3.5388,-0.031491,-0.026752,1.0623,0.7216,0.5,3.5388,0.0024641,-0.00047371,0.0010144,0.0017171,-0.00043339,0.0019233,,0.0488368,0.0162304
0.0030881,0.72986,0.5,3.5388,-0.030896,-0.026396,1.0594,0.72986,0.5,3.5388,0.002341,-0.00038276,0.001064,0.0018462,-0.00042599,0.001989,,0.0494096,0.017024
0.0031038,0.73811,0.5,3.5388,-0.030184,-0.026557,1.0567,0.73811,0.5,3.5388,0.002243,-0.00029419,0.0010641,0.0019304,-0.00046267,0.0020343,,0.0496608,0.0170256
0.0030895,0.74637,0.5,3.5388,-0.029351,-0.026937,1.0546,0.74637,0.5,3.5388,0.0021533,-0.00022286,0.0010149,0.0019703,-0.00051869,0.0020555,,0.049432,0.0162384
0.0029973,0.75463,0.5,3.5388,-0.028505,-0.026647,1.0524,0.75463,0.5,3.5388,0.0020627,-0.00017077,0.00091268,0.0019655,-0.00055257,0.0019665,,0.0479568,0.01460288
0.0028683,0.76288,0.5,3.5388,-0.027729,-0.025148,1.0502,0.76288,0.5,3.5388,0.0019771,-0.0001302,0.0007463,0.0019342,-0.00060606,0.0018253,,0.0458928,0.0119408
0.0027818,0.77114,0.5,3.5388,-0.026944,-0.023184,1.0483,0.77114,0.5,3.5388,0.0019105,-8.46E-05,0.00053734,0.0019008,-0.00069722,0.0017524,,0.0445088,0.00859744
0.002738,0.7794,0.5,3.5388,-0.026047,-0.021455,1.0463,0.7794,0.5,3.5388,0.0018691,-3.20E-05,0.00034789,0.0018753,-0.00082682,0.0017316,,0.043808,0.00556624
0.002768,0.78765,0.5,3.5388,-0.025036,-0.019638,1.0437,0.78765,0.5,3.5388,0.0018442,2.07E-05,0.00023629,0.0018645,-0.0010051,0.0018274,,0.044288,0.00378064
0.0028731,0.79591,0.5,3.5388,-0.02395,-0.017529,1.0399,0.79591,0.5,3.5388,0.00182,7.61E-05,0.00020482,0.0018793,-0.0012041,0.002047,,0.0459696,0.00327712
0.0030234,0.80416,0.5,3.5388,-0.02287,-0.015185,1.0365,0.80416,0.5,3.5388,0.0017879,0.00013487,0.00019502,0.0019435,-0.0013757,0.0023154,,0.0483744,0.00312032
0.0031554,0.81242,0.5,3.5388,-0.021782,-0.012643,1.0337,0.81242,0.5,3.5388,0.0017502,0.00019278,0.00017991,0.0020691,-0.0015179,0.0024915,,0.0504864,0.00287856
0.0032203,0.82068,0.5,3.5388,-0.020574,-0.01029,1.0318,0.82068,0.5,3.5388,0.0017084,0.00023548,0.00015998,0.0022731,-0.0016393,0.002459,,0.0515248,0.00255968
0.0032515,0.82893,0.5,3.5388,-0.019249,-0.0087716,1.031,0.82893,0.5,3.5388,0.0016471,0.0002354,0.0001605,0.0025329,-0.0017356,0.002323,,0.052024,0.002568
0.004849,0.030909,0.5,3.584,-0.0026728,0.0052609,0.73813,0.030909,0.5,3.584,0.00038437,1.84E-05,-0.00012714,0.0026827,0.0010482,0.0066309,,0.077584,-0.00203424
0.0049469,0.066184,0.5,3.584,-0.004205,0.011214,0.85428,0.066184,0.5,3.584,0.00091961,0.00010174,-0.00016389,0.0028253,0.0014798,0.0061488,,0.0791504,-0.00262224
0.0050645,0.10006,0.5,3.584,-0.0030352,0.015001,0.90317,0.10006,0.5,3.584,0.0011936,0.00031242,-0.0002045,0.0026546,0.0012411,0.0062808,,0.081032,-0.003272
0.0060863,0.13258,0.5,3.584,-0.002693,0.0068555,0.92887,0.13258,0.5,3.584,0.0011575,0.00044209,4.61E-05,0.0023957,0.001378,0.0086194,,0.0973808,0.000737392
0.0048427,0.16379,0.5,3.584,-0.0059372,-0.0049498,0.97114,0.16379,0.5,3.584,0.00089994,0.00032872,0.00014856,0.0014114,0.0011824,0.0073739,,0.0774832,0.00237696
0.0029578,0.19372,0.5,3.584,-0.0097672,-0.016949,1.012,0.19372,0.5,3.584,0.00067393,1.00E-04,-0.00020954,0.00086562,1.67E-05,0.0043761,,0.0473248,-0.00335264
0.0020404,0.22242,0.5,3.584,-0.011108,-0.020472,1.0347,0.22242,0.5,3.584,0.00058654,1.32E-05,-0.00024754,0.0009014,-3.86E-05,0.0025928,,0.0326464,-0.00396064
0.0020509,0.24993,0.5,3.584,-0.010617,-0.015715,1.0493,0.24993,0.5,3.584,0.00065128,9.14E-05,-0.00021279,0.0010417,-0.0001615,0.0024088,,0.0328144,-0.00340464
0.001999,0.27629,0.5,3.584,-0.010685,-0.014964,1.0622,0.27629,0.5,3.584,0.00076821,0.00015976,-0.0003019,0.00089541,-0.00066973,0.0023343,,0.031984,-0.0048304
0.0018405,0.30154,0.5,3.584,-0.013885,-0.014042,1.0747,0.30154,0.5,3.584,0.00079743,0.00034326,-0.00052112,0.0008542,-0.00079571,0.0020293,,0.029448,-0.00833792
0.001845,0.32572,0.5,3.584,-0.019752,-0.01074,1.0684,0.32572,0.5,3.584,0.00079706,0.00045661,-0.00064823,0.00084584,-0.00083665,0.0020471,,0.02952,-0.01037168
0.0016366,0.34887,0.5,3.584,-0.024914,-0.0070551,1.0603,0.34887,0.5,3.584,0.00084453,0.00035944,-0.00055999,0.00060666,-0.00057224,0.0018219,,0.0261856,-0.00895984
0.0015395,0.37102,0.5,3.584,-0.027597,-0.0052215,1.0573,0.37102,0.5,3.584,0.0009076,0.00020308,-0.00040799,0.00063146,-0.00037054,0.0015399,,0.024632,-0.00652784
0.0016431,0.39221,0.5,3.584,-0.029069,-0.004873,1.0628,0.39221,0.5,3.584,0.00094798,9.20E-05,-3.48E-05,0.00095489,-0.00022494,0.0013833,,0.0262896,-0.000557488
0.0018647,0.41248,0.5,3.584,-0.030864,-0.0067456,1.0719,0.41248,0.5,3.584,0.0010419,8.86E-05,0.00010718,0.0012354,-0.00030375,0.0014521,,0.0298352,0.00171488
0.001997,0.43187,0.5,3.584,-0.03266,-0.0098635,1.0795,0.43187,0.5,3.584,0.0012356,5.27E-05,1.55E-05,0.0013791,-0.00050402,0.0013794,,0.031952,0.000247536
0.0019053,0.4504,0.5,3.584,-0.033759,-0.0095773,1.0782,0.4504,0.5,3.584,0.0013402,4.17E-05,7.18E-05,0.0014045,-0.00057225,0.001066,,0.0304848,0.001148416
0.0019725,0.46812,0.5,3.584,-0.034756,-0.0089162,1.0733,0.46812,0.5,3.584,0.0013284,6.08E-05,-0.00012194,0.0013943,-0.00072933,0.0012223,,0.03156,-0.00195104
0.0021114,0.48504,0.5,3.584,-0.035852,-0.010133,1.0725,0.48504,0.5,3.584,0.0013981,3.12E-05,-0.00031428,0.001444,-0.00072585,0.0013807,,0.0337824,-0.00502848
0.002161,0.50122,0.5,3.584,-0.036932,-0.01127,1.0767,0.50122,0.5,3.584,0.0015802,5.39E-06,-0.00039671,0.0014468,-0.00065745,0.001295,,0.034576,-0.00634736
0.0021119,0.51667,0.5,3.584,-0.038198,-0.011768,1.0792,0.51667,0.5,3.584,0.0017299,2.99E-05,-0.0003564,0.0012493,-0.0004694,0.0012445,,0.0337904,-0.0057024
0.0020362,0.53142,0.5,3.584,-0.038739,-0.013186,1.079,0.53142,0.5,3.584,0.0017649,-4.56E-06,-0.0001949,0.0011313,-0.00017871,0.0011761,,0.0325792,-0.0031184
0.001856,0.54551,0.5,3.584,-0.038401,-0.016746,1.0845,0.54551,0.5,3.584,0.0017575,-0.00014142,-0.00015605,0.0010725,6.30E-05,0.00088196,,0.029696,-0.0024968
0.0016832,0.55896,0.5,3.584,-0.038105,-0.020891,1.0847,0.55896,0.5,3.584,0.0017568,-0.00019112,-0.00016056,0.00090753,0.00023646,0.0007021,,0.0269312,-0.00256896
0.00163,0.5718,0.5,3.584,-0.038131,-0.022785,1.0807,0.5718,0.5,3.584,0.0017745,-0.00015332,-6.82E-05,0.00080099,0.00029232,0.00068447,,0.02608,-0.00109128
0.0016512,0.58405,0.5,3.584,-0.038164,-0.024477,1.0779,0.58405,0.5,3.584,0.0018411,-9.88E-05,0.00013394,0.00074036,0.00023078,0.00072094,,0.0264192,0.00214304
0.0016822,0.59575,0.5,3.584,-0.037788,-0.026782,1.0738,0.59575,0.5,3.584,0.0019432,-5.04E-05,0.00019588,0.00064178,9.32E-05,0.00077946,,0.0269152,0.00313408
0.0017314,0.6069,0.5,3.584,-0.037228,-0.027627,1.0716,0.6069,0.5,3.584,0.0020508,-7.24E-05,0.00023326,0.00053847,-6.20E-05,0.00087363,,0.0277024,0.00373216
0.0018846,0.61755,0.5,3.584,-0.03702,-0.028354,1.0701,0.61755,0.5,3.584,0.0021358,-0.00010233,0.00037351,0.00049476,-0.00019703,0.0011387,,0.0301536,0.00597616
0.0019891,0.6277,0.5,3.584,-0.037149,-0.029056,1.0701,0.6277,0.5,3.584,0.0022063,-0.00012533,0.00047421,0.0004976,-0.00029175,0.0012743,,0.0318256,0.00758736
0.0020869,0.63738,0.5,3.584,-0.03728,-0.029724,1.0715,0.63738,0.5,3.584,0.0023198,-0.00017055,0.00056216,0.00051771,-0.0003247,0.0013363,,0.0333904,0.00899456
0.0021969,0.64661,0.5,3.584,-0.037232,-0.030634,1.0724,0.64661,0.5,3.584,0.002488,-0.000232,0.00063141,0.00054863,-0.00035032,0.0013572,,0.0351504,0.01010256
0.0023144,0.65542,0.5,3.584,-0.037002,-0.031263,1.0733,0.65542,0.5,3.584,0.0026686,-0.00031603,0.00066019,0.00060153,-0.00038288,0.0013587,,0.0370304,0.01056304
0.0024465,0.66381,0.5,3.584,-0.036616,-0.031295,1.0739,0.66381,0.5,3.584,0.0028189,-0.00041366,0.00068871,0.00068476,-0.00039281,0.0013895,,0.039144,0.01101936
0.0025753,0.67207,0.5,3.584,-0.036085,-0.030593,1.0743,0.67207,0.5,3.584,0.0029077,-0.00051683,0.0007257,0.00080197,-0.00039484,0.0014409,,0.0412048,0.0116112
0.0026758,0.68032,0.5,3.584,-0.035385,-0.029778,1.0738,0.68032,0.5,3.584,0.002935,-0.00059615,0.00075229,0.00094114,-0.00039178,0.0014755,,0.0428128,0.01203664
0.002756,0.68858,0.5,3.584,-0.034513,-0.029014,1.0728,0.68858,0.5,3.584,0.0029119,-0.00064071,0.00073541,0.0010858,-0.00040582,0.0015143,,0.044096,0.01176656
0.0028248,0.69683,0.5,3.584,-0.033525,-0.028482,1.0707,0.69683,0.5,3.584,0.0028368,-0.00064004,0.0007518,0.0012397,-0.00043204,0.0015731,,0.0451968,0.0120288
0.0028958,0.70509,0.5,3.584,-0.032562,-0.02797,1.0681,0.70509,0.5,3.584,0.0027142,-0.00060395,0.00081506,0.0013945,-0.00045777,0.0016828,,0.0463328,0.01304096
0.0029498,0.71335,0.5,3.584,-0.031803,-0.027438,1.0649,0.71335,0.5,3.584,0.002568,-0.0005414,0.00090848,0.0015473,-0.00045628,0.0017843,,0.0471968,0.01453568
0.0030007,0.7216,0.5,3.584,-0.03126,-0.026934,1.0618,0.7216,0.5,3.584,0.0024304,-0.00046255,0.00097493,0.0016925,-0.0004421,0.0018786,,0.0480112,0.01559888
0.0030436,0.72986,0.5,3.584,-0.030772,-0.026675,1.0591,0.72986,0.5,3.584,0.0023202,-0.00037564,0.0010117,0.001823,-0.00045355,0.0019439,,0.0486976,0.0161872
0.0030736,0.73811,0.5,3.584,-0.030168,-0.026781,1.0567,0.73811,0.5,3.584,0.0022329,-0.00029092,0.0010051,0.0019213,-0.00049127,0.001993,,0.0491776,0.0160816
0.0030646,0.74637,0.5,3.584,-0.029428,-0.026871,1.0549,0.74637,0.5,3.584,0.0021529,-0.00022605,0.00095994,0.0019739,-0.00053029,0.0020026,,0.0490336,0.01535904
0.0029749,0.75463,0.5,3.584,-0.028656,-0.026216,1.053,0.75463,0.5,3.584,0.0020703,-0.00018492,0.0008655,0.0019736,-0.00055502,0.0019061,,0.0475984,0.013848
0.0028589,0.76288,0.5,3.584,-0.02792,-0.024511,1.051,0.76288,0.5,3.584,0.0019898,-0.00015493,0.00069702,0.0019441,-0.00061557,0.001784,,0.0457424,0.01115232
0.0027897,0.77114,0.5,3.584,-0.027091,-0.022533,1.0488,0.77114,0.5,3.584,0.0019206,-0.00011319,0.00049759,0.001915,-0.00072122,0.0017438,,0.0446352,0.00796144
0.0027654,0.7794,0.5,3.584,-0.025992,-0.020871,1.0462,0.7794,0.5,3.584,0.0018685,-5.49E-05,0.00033961,0.0019007,-0.00087006,0.0017616,,0.0442464,0.00543376
0.002818,0.78765,0.5,3.584,-0.024709,-0.019128,1.0428,0.78765,0.5,3.584,0.0018344,7.77E-06,0.00026109,0.001913,-0.001064,0.0018886,,0.045088,0.00417744
0.002945,0.79591,0.5,3.584,-0.023408,-0.017084,1.0388,0.79591,0.5,3.584,0.0018115,7.13E-05,0.00023475,0.0019658,-0.0012678,0.0021126,,0.04712,0.003756
0.0031047,0.80416,0.5,3.584,-0.022189,-0.014766,1.0357,0.80416,0.5,3.584,0.0017865,0.00013535,0.00020689,0.0020827,-0.0014391,0.0023402,,0.0496752,0.00331024
0.0032203,0.81242,0.5,3.584,-0.021092,-0.012234,1.0334,0.81242,0.5,3.584,0.0017486,0.00019714,0.00016893,0.002265,-0.001569,0.002427,,0.0515248,0.00270288
0.0032535,0.82068,0.5,3.584,-0.019938,-0.0099162,1.0317,0.82068,0.5,3.584,0.0016939,0.0002441,0.00013512,0.0024941,-0.00166,0.002319,,0.052056,0.00216192
0.003262,0.82893,0.5,3.584,-0.018586,-0.0084585,1.0308,0.82893,0.5,3.584,0.0016164,0.00024473,0.00013773,0.0027192,-0.0017299,0.0021885,,0.052192,0.00220368
0.0047691,0.030909,0.5,3.6298,-0.0026616,0.0050272,0.73725,0.030909,0.5,3.6298,0.00038622,-8.61E-06,-0.00012833,0.0025875,0.0010628,0.0065644,,0.0763056,-0.00205328
0.0049312,0.066184,0.5,3.6298,-0.0039393,0.011397,0.85377,0.066184,0.5,3.6298,0.00093442,9.44E-05,-0.00015817,0.0027026,0.0014755,0.0062255,,0.0788992,-0.00253072
0.0051337,0.10006,0.5,3.6298,-0.0026923,0.01579,0.90284,0.10006,0.5,3.6298,0.0012088,0.00031299,-0.00021746,0.0025904,0.0012406,0.0064682,,0.0821392,-0.00347936
0.0060009,0.13258,0.5,3.6298,-0.0029162,0.0073403,0.9294,0.13258,0.5,3.6298,0.0011689,0.0004515,1.73E-05,0.0023811,0.0013474,0.0084518,,0.0960144,0.000276176
0.0046915,0.16379,0.5,3.6298,-0.00642,-0.0046008,0.97218,0.16379,0.5,3.6298,0.00093283,0.00036701,0.00015916,0.001355,0.0011144,0.0070953,,0.075064,0.00254656
0.0029211,0.19372,0.5,3.6298,-0.010011,-0.016602,1.0124,0.19372,0.5,3.6298,0.00069607,0.00012043,-0.00018997,0.00081683,-2.87E-05,0.0043293,,0.0467376,-0.00303952
0.00203,0.22242,0.5,3.6298,-0.011341,-0.02036,1.0349,0.22242,0.5,3.6298,0.00057123,2.93E-05,-0.00024888,0.00091402,-6.70E-05,0.0025748,,0.03248,-0.00398208
0.0020982,0.24993,0.5,3.6298,-0.010984,-0.015568,1.0488,0.24993,0.5,3.6298,0.00062958,0.00010468,-0.00022251,0.0010764,-0.00017289,0.0024905,,0.0335712,-0.00356016
0.0020732,0.27629,0.5,3.6298,-0.010959,-0.014863,1.0617,0.27629,0.5,3.6298,0.00076678,0.0001641,-0.00029661,0.00089984,-0.00068143,0.0024798,,0.0331712,-0.00474576
0.0018441,0.30154,0.5,3.6298,-0.013954,-0.01395,1.0747,0.30154,0.5,3.6298,0.00080989,0.0003412,-0.00049644,0.00084887,-0.00077918,0.0020294,,0.0295056,-0.00794304
0.00181,0.32572,0.5,3.6298,-0.019789,-0.010534,1.0684,0.32572,0.5,3.6298,0.00080089,0.00044493,-0.00061305,0.00083577,-0.00079738,0.0019834,,0.02896,-0.0098088
0.0016213,0.34887,0.5,3.6298,-0.024971,-0.0069136,1.0601,0.34887,0.5,3.6298,0.0008391,0.00034187,-0.00051136,0.00059266,-0.0005455,0.0018109,,0.0259408,-0.00818176
0.0015361,0.37102,0.5,3.6298,-0.02762,-0.0051986,1.0569,0.37102,0.5,3.6298,0.00090089,0.00019102,-0.00035839,0.00065063,-0.00035467,0.0015207,,0.0245776,-0.00573424
0.0016303,0.39221,0.5,3.6298,-0.029154,-0.0049583,1.0628,0.39221,0.5,3.6298,0.00093959,9.08E-05,-1.99E-05,0.00097971,-0.00024167,0.0013412,,0.0260848,-0.000318048
0.0018319,0.41248,0.5,3.6298,-0.031079,-0.006952,1.0728,0.41248,0.5,3.6298,0.0010245,9.39E-05,8.03E-05,0.0012318,-0.00031495,0.0014075,,0.0293104,0.001285072
0.0019678,0.43187,0.5,3.6298,-0.032818,-0.0098771,1.0797,0.43187,0.5,3.6298,0.0012093,6.05E-05,1.76E-05,0.0013549,-0.00049676,0.0013714,,0.0314848,0.000281904
0.0018896,0.4504,0.5,3.6298,-0.033727,-0.0095177,1.0778,0.4504,0.5,3.6298,0.0013183,4.21E-05,0.00010541,0.0013718,-0.00058188,0.0010891,,0.0302336,0.00168656
0.001941,0.46812,0.5,3.6298,-0.034706,-0.008849,1.0736,0.46812,0.5,3.6298,0.0013176,6.39E-05,-0.00011728,0.0013525,-0.00072899,0.0012119,,0.031056,-0.00187648
0.0020958,0.48504,0.5,3.6298,-0.035995,-0.0099253,1.0729,0.48504,0.5,3.6298,0.0014024,5.67E-05,-0.00036611,0.001419,-0.00071031,0.0013702,,0.0335328,-0.00585776
0.0021529,0.50122,0.5,3.6298,-0.037194,-0.010908,1.0768,0.50122,0.5,3.6298,0.0016073,3.77E-05,-0.00044226,0.0014017,-0.00062307,0.0012968,,0.0344464,-0.00707616
0.002074,0.51667,0.5,3.6298,-0.038299,-0.011489,1.0786,0.51667,0.5,3.6298,0.0017672,4.42E-05,-0.00034011,0.0011775,-0.0003997,0.0012033,,0.033184,-0.00544176
0.0019867,0.53142,0.5,3.6298,-0.038647,-0.013102,1.079,0.53142,0.5,3.6298,0.0017938,-8.55E-06,-0.0002038,0.0010758,-0.00011249,0.0011036,,0.0317872,-0.0032608
0.0018098,0.54551,0.5,3.6298,-0.038299,-0.016956,1.085,0.54551,0.5,3.6298,0.0017775,-0.00014757,-0.00017309,0.0010128,9.99E-05,0.00082928,,0.0289568,-0.00276944
0.0016677,0.55896,0.5,3.6298,-0.038099,-0.021254,1.0843,0.55896,0.5,3.6298,0.0017697,-0.00019686,-0.00012188,0.00086005,0.00025376,0.00070559,,0.0266832,-0.00195008
0.0016343,0.5718,0.5,3.6298,-0.038223,-0.023108,1.0798,0.5718,0.5,3.6298,0.0017902,-0.00015657,-2.58E-05,0.00076536,0.00028017,0.00071296,,0.0261488,-0.000413088
0.0016578,0.58405,0.5,3.6298,-0.038252,-0.024906,1.0772,0.58405,0.5,3.6298,0.0018651,-8.77E-05,0.00016449,0.00069895,0.00019603,0.00075164,,0.0265248,0.00263184
0.0016948,0.59575,0.5,3.6298,-0.037789,-0.027043,1.0736,0.59575,0.5,3.6298,0.0019646,-4.17E-05,0.00022602,0.00061233,6.12E-05,0.00081279,,0.0271168,0.00361632
0.0017541,0.6069,0.5,3.6298,-0.037152,-0.027798,1.0715,0.6069,0.5,3.6298,0.00206,-6.83E-05,0.00027205,0.00053294,-8.05E-05,0.0009153,,0.0280656,0.0043528
0.0019039,0.61755,0.5,3.6298,-0.036924,-0.028679,1.0702,0.61755,0.5,3.6298,0.0021413,-9.19E-05,0.00040649,0.00049854,-0.00020587,0.0011679,,0.0304624,0.00650384
0.0019869,0.6277,0.5,3.6298,-0.037098,-0.029355,1.0708,0.6277,0.5,3.6298,0.0022181,-0.00011434,0.00048134,0.00049279,-0.00028861,0.0012629,,0.0317904,0.00770144
0.0020769,0.63738,0.5,3.6298,-0.037275,-0.029943,1.072,0.63738,0.5,3.6298,0.0023245,-0.00015399,0.00055122,0.0005024,-0.00031965,0.0013269,,0.0332304,0.00881952
0.0021785,0.64661,0.5,3.6298,-0.037198,-0.030728,1.073,0.64661,0.5,3.6298,0.0024645,-0.00021644,0.00060376,0.00053216,-0.00035371,0.0013603,,0.034856,0.00966016
0.0022791,0.65542,0.5,3.6298,-0.036863,-0.031187,1.074,0.65542,0.5,3.6298,0.0026071,-0.00030756,0.00062554,0.00059484,-0.0003837,0.0013563,,0.0364656,0.01000864
0.0024009,0.66381,0.5,3.6298,-0.03637,-0.031063,1.0746,0.66381,0.5,3.6298,0.0027313,-0.00041157,0.00065186,0.00069638,-0.00038884,0.0013742,,0.0384144,0.01042976
0.0025318,0.67207,0.5,3.6298,-0.035795,-0.030346,1.0751,0.67207,0.5,3.6298,0.0028289,-0.00051587,0.00067171,0.00083163,-0.00038756,0.001403,,0.0405088,0.01074736
0.0026475,0.68032,0.5,3.6298,-0.035071,-0.02963,1.0746,0.68032,0.5,3.6298,0.0028822,-0.00059189,0.00068208,0.00097704,-0.00038328,0.0014357,,0.04236,0.01091328
0.0027431,0.68858,0.5,3.6298,-0.034124,-0.028982,1.0733,0.68858,0.5,3.6298,0.0028647,-0.00063303,0.00068144,0.0011215,-0.00040327,0.0015,,0.0438896,0.01090304
0.0028048,0.69683,0.5,3.6298,-0.033058,-0.028573,1.0707,0.69683,0.5,3.6298,0.0027819,-0.00062697,0.00071589,0.0012699,-0.00043266,0.0015578,,0.0448768,0.01145424
0.002863,0.70509,0.5,3.6298,-0.032086,-0.028146,1.0677,0.70509,0.5,3.6298,0.0026618,-0.00058503,0.00078292,0.0014147,-0.00045901,0.0016495,,0.045808,0.01252672
0.0029124,0.71335,0.5,3.6298,-0.031377,-0.027641,1.0644,0.71335,0.5,3.6298,0.0025282,-0.0005188,0.00087355,0.0015576,-0.00046288,0.001739,,0.0465984,0.0139768
0.0029608,0.7216,0.5,3.6298,-0.030926,-0.027103,1.0614,0.7216,0.5,3.6298,0.0024028,-0.00044271,0.00093028,0.0016931,-0.00046249,0.0018257,,0.0473728,0.01488448
0.0030056,0.72986,0.5,3.6298,-0.030518,-0.026836,1.0589,0.72986,0.5,3.6298,0.0023015,-0.0003635,0.00095899,0.0018141,-0.00048145,0.0018956,,0.0480896,0.01534384
0.0030369,0.73811,0.5,3.6298,-0.02995,-0.026962,1.0569,0.73811,0.5,3.6298,0.0022199,-0.00028766,0.00094541,0.0019054,-0.00050408,0.0019486,,0.0485904,0.01512656
0.0030195,0.74637,0.5,3.6298,-0.029213,-0.027014,1.0552,0.74637,0.5,3.6298,0.0021427,-0.00023014,0.00090086,0.001952,-0.00052049,0.0019444,,0.048312,0.01441376
0.0029341,0.75463,0.5,3.6298,-0.028423,-0.026192,1.0536,0.75463,0.5,3.6298,0.0020622,-0.00019516,0.00080887,0.0019535,-0.00053857,0.0018525,,0.0469456,0.01294192
0.0028403,0.76288,0.5,3.6298,-0.027641,-0.024273,1.0516,0.76288,0.5,3.6298,0.0019777,-0.0001651,0.00065078,0.0019363,-0.00061693,0.0017665,,0.0454448,0.01041248
0.002794,0.77114,0.5,3.6298,-0.026744,-0.022131,1.0489,0.77114,0.5,3.6298,0.0018949,-0.0001167,0.00048022,0.0019261,-0.00075138,0.0017669,,0.044704,0.00768352
0.0027949,0.7794,0.5,3.6298,-0.025646,-0.020358,1.0456,0.7794,0.5,3.6298,0.0018285,-5.30E-05,0.00035771,0.0019384,-0.0009264,0.0018229,,0.0447184,0.00572336
0.0028683,0.78765,0.5,3.6298,-0.024438,-0.018523,1.0417,0.78765,0.5,3.6298,0.0017889,1.08E-05,0.00029426,0.0019853,-0.0011281,0.0019624,,0.0458928,0.00470816
0.0030069,0.79591,0.5,3.6298,-0.023221,-0.016467,1.0379,0.79591,0.5,3.6298,0.0017708,7.65E-05,0.00025505,0.0020761,-0.0013179,0.0021669,,0.0481104,0.0040808
0.0031549,0.80416,0.5,3.6298,-0.022067,-0.014225,1.0352,0.80416,0.5,3.6298,0.001755,0.00014346,0.00020701,0.0022288,-0.0014633,0.002326,,0.0504784,0.00331216
0.003242,0.81242,0.5,3.6298,-0.020899,-0.011764,1.0332,0.81242,0.5,3.6298,0.0017207,0.0001989,0.00016197,0.0024424,-0.0015689,0.0023208,,0.051872,0.00259152
0.0032602,0.82068,0.5,3.6298,-0.019552,-0.0094975,1.0316,0.82068,0.5,3.6298,0.0016627,0.00022812,0.00013195,0.0026795,-0.0016466,0.0021782,,0.0521632,0.0021112
0.0032761,0.82893,0.5,3.6298,-0.018079,-0.0081801,1.0305,0.82893,0.5,3.6298,0.0015856,0.00020964,0.0001452,0.0028745,-0.0017164,0.0020921,,0.0524176,0.0023232
0.0046605,0.030909,0.5,3.676,-0.0026065,0.0046355,0.736,0.030909,0.5,3.676,0.00037099,-3.51E-05,-0.00014733,0.0024685,0.001091,0.0064816,,0.074568,-0.00235728
0.0049212,0.066184,0.5,3.676,-0.0036531,0.0115,0.85299,0.066184,0.5,3.676,0.00090791,8.18E-05,-0.00017579,0.0025939,0.0014776,0.0063405,,0.0787392,-0.00281264
0.0051642,0.10006,0.5,3.676,-0.0024243,0.016506,0.90287,0.10006,0.5,3.676,0.0011896,0.00029425,-0.00024919,0.0025216,0.0012674,0.0066173,,0.0826272,-0.00398704
0.0058513,0.13258,0.5,3.676,-0.0032325,0.0078143,0.93051,0.13258,0.5,3.676,0.001182,0.00044603,-1.86E-05,0.0023324,0.001295,0.0081882,,0.0936208,-0.000297648
0.0045384,0.16379,0.5,3.676,-0.006939,-0.004162,0.9735,0.16379,0.5,3.676,0.00097812,0.00040933,0.00017243,0.0013091,0.00099465,0.0067896,,0.0726144,0.00275888
0.0028827,0.19372,0.5,3.676,-0.010253,-0.016213,1.0131,0.19372,0.5,3.676,0.00071973,0.00014253,-0.00016492,0.00077318,-6.45E-05,0.0042725,,0.0461232,-0.00263872
0.0020244,0.22242,0.5,3.676,-0.011555,-0.020203,1.0353,0.22242,0.5,3.676,0.00056294,3.49E-05,-0.00024551,0.00091925,-9.86E-05,0.0025667,,0.0323904,-0.00392816
0.0021608,0.24993,0.5,3.676,-0.011347,-0.015384,1.0482,0.24993,0.5,3.676,0.00061782,0.00011722,-0.00024287,0.0011347,-0.00019373,0.002569,,0.0345728,-0.00388592
0.0021503,0.27629,0.5,3.676,-0.011271,-0.014753,1.0612,0.27629,0.5,3.676,0.00076175,0.0001822,-0.00029769,0.0009327,-0.0006851,0.0026062,,0.0344048,-0.00476304
0.0018383,0.30154,0.5,3.676,-0.014064,-0.013855,1.0747,0.30154,0.5,3.676,0.00081105,0.00034641,-0.00047519,0.0008424,-0.0007618,0.0020231,,0.0294128,-0.00760304
0.0017696,0.32572,0.5,3.676,-0.019845,-0.010317,1.0684,0.32572,0.5,3.676,0.00080183,0.00043541,-0.00058468,0.00082373,-0.00074922,0.0019137,,0.0283136,-0.00935488
0.0016041,0.34887,0.5,3.676,-0.02503,-0.0067767,1.0598,0.34887,0.5,3.676,0.00083964,0.00032339,-0.00045685,0.00058423,-0.0005164,0.0017844,,0.0256656,-0.0073096
0.0015454,0.37102,0.5,3.676,-0.027648,-0.0051977,1.0566,0.37102,0.5,3.676,0.00090857,0.00017371,-0.0002984,0.00067129,-0.00035701,0.0015109,,0.0247264,-0.0047744
0.001627,0.39221,0.5,3.676,-0.029264,-0.0050773,1.0631,0.39221,0.5,3.676,0.00095333,9.02E-05,9.74E-07,0.00098283,-0.00026034,0.0013178,,0.026032,0.000015588
0.0017898,0.41248,0.5,3.676,-0.0313,-0.0071477,1.0736,0.41248,0.5,3.676,0.0010203,9.95E-05,6.03E-05,0.0011973,-0.0003186,0.001362,,0.0286368,0.000964352
0.0019303,0.43187,0.5,3.676,-0.03297,-0.0098104,1.0798,0.43187,0.5,3.676,0.0011818,6.58E-05,2.05E-05,0.0013146,-0.0004881,0.0013641,,0.0308848,0.000328704
0.0018717,0.4504,0.5,3.676,-0.033714,-0.0093865,1.0775,0.4504,0.5,3.676,0.0012936,3.98E-05,0.00012624,0.0013319,-0.00059506,0.0011178,,0.0299472,0.00201984
0.0019045,0.46812,0.5,3.676,-0.034692,-0.0087848,1.074,0.46812,0.5,3.676,0.0013053,6.20E-05,-0.00013564,0.0013016,-0.00073873,0.0012021,,0.030472,-0.00217024
0.0020613,0.48504,0.5,3.676,-0.036189,-0.0097187,1.0734,0.48504,0.5,3.676,0.0013979,7.77E-05,-0.00042922,0.0013621,-0.00069988,0.0013626,,0.0329808,-0.00686752
0.0021107,0.50122,0.5,3.676,-0.037497,-0.010499,1.0767,0.50122,0.5,3.676,0.0016112,6.53E-05,-0.00047557,0.0013226,-0.00057556,0.0012876,,0.0337712,-0.00760912
0.0020049,0.51667,0.5,3.676,-0.038405,-0.011183,1.0778,0.51667,0.5,3.676,0.0017755,4.92E-05,-0.0003227,0.0010845,-0.00031937,0.0011498,,0.0320784,-0.0051632
0.0019207,0.53142,0.5,3.676,-0.038552,-0.013024,1.0791,0.53142,0.5,3.676,0.0018032,-2.67E-05,-0.00022217,0.00099917,-5.39E-05,0.001039,,0.0307312,-0.00355472
0.0017585,0.54551,0.5,3.676,-0.038213,-0.017199,1.0853,0.54551,0.5,3.676,0.0017893,-0.00016646,-0.00018222,0.00093172,0.00011858,0.00079603,,0.028136,-0.00291552
0.0016376,0.55896,0.5,3.676,-0.038107,-0.021635,1.0837,0.55896,0.5,3.676,0.0017845,-0.00020797,-8.12E-05,0.00078986,0.00024411,0.00070078,,0.0262016,-0.001299248
0.0016206,0.5718,0.5,3.676,-0.038288,-0.023455,1.079,0.5718,0.5,3.676,0.0018055,-0.00016207,4.25E-07,0.00071288,0.00024125,0.00072285,,0.0259296,6.80544E-06
0.0016457,0.58405,0.5,3.676,-0.038271,-0.02534,1.0765,0.58405,0.5,3.676,0.0018722,-8.73E-05,0.00017517,0.0006529,0.00014384,0.0007664,,0.0263312,0.00280272
0.0016944,0.59575,0.5,3.676,-0.037719,-0.027286,1.0734,0.59575,0.5,3.676,0.0019621,-4.96E-05,0.00024622,0.00058685,1.86E-05,0.00083987,,0.0271104,0.00393952
0.0017683,0.6069,0.5,3.676,-0.037035,-0.028046,1.0714,0.6069,0.5,3.676,0.0020557,-7.49E-05,0.00030653,0.00052738,-0.00010401,0.00095359,,0.0282928,0.00490448
0.0019084,0.61755,0.5,3.676,-0.036785,-0.029088,1.0706,0.61755,0.5,3.676,0.0021356,-8.41E-05,0.00042483,0.00049818,-0.0002179,0.0011831,,0.0305344,0.00679728
0.0019717,0.6277,0.5,3.676,-0.036948,-0.029689,1.0714,0.6277,0.5,3.676,0.0021982,-9.88E-05,0.00048488,0.00048501,-0.00029881,0.0012603,,0.0315472,0.00775808
0.0020526,0.63738,0.5,3.676,-0.03713,-0.030168,1.0725,0.63738,0.5,3.676,0.0022824,-0.00013056,0.00054483,0.00048644,-0.00033271,0.0013364,,0.0328416,0.00871728
0.0021501,0.64661,0.5,3.676,-0.037059,-0.030777,1.0736,0.64661,0.5,3.676,0.0024148,-0.00019947,0.00058234,0.00052206,-0.00036876,0.0013633,,0.0344016,0.00931744
0.0022505,0.65542,0.5,3.676,-0.036735,-0.031032,1.0748,0.65542,0.5,3.676,0.00257,-0.00030413,0.00060471,0.00059985,-0.00039384,0.0013312,,0.036008,0.00967536
0.0023839,0.66381,0.5,3.676,-0.036256,-0.030779,1.0755,0.66381,0.5,3.676,0.0027164,-0.0004151,0.00061511,0.00071544,-0.00039098,0.001336,,0.0381424,0.00984176
0.0025219,0.67207,0.5,3.676,-0.03563,-0.030122,1.0759,0.67207,0.5,3.676,0.0028206,-0.00051573,0.00061036,0.00085747,-0.00037719,0.0013658,,0.0403504,0.00976576
0.002632,0.68032,0.5,3.676,-0.034771,-0.029584,1.0752,0.68032,0.5,3.676,0.0028521,-0.00057756,0.00063031,0.00099994,-0.00037418,0.0014119,,0.042112,0.01008496
0.0027156,0.68858,0.5,3.676,-0.033733,-0.029114,1.0736,0.68858,0.5,3.676,0.0028159,-0.00060148,0.00065064,0.0011377,-0.00039781,0.0014776,,0.0434496,0.01041024
0.0027679,0.69683,0.5,3.676,-0.032681,-0.028802,1.0707,0.69683,0.5,3.676,0.0027358,-0.00058436,0.00068987,0.0012769,-0.0004237,0.001523,,0.0442864,0.01103792
0.002825,0.70509,0.5,3.676,-0.031767,-0.028311,1.0673,0.70509,0.5,3.676,0.0026262,-0.00054223,0.00075045,0.0014124,-0.00044591,0.0016114,,0.0452,0.0120072
0.0028713,0.71335,0.5,3.676,-0.031131,-0.027692,1.0639,0.71335,0.5,3.676,0.0025007,-0.00048317,0.00083253,0.0015454,-0.00044844,0.0016966,,0.0459408,0.01332048
0.0029137,0.7216,0.5,3.676,-0.030743,-0.027157,1.0611,0.7216,0.5,3.676,0.0023788,-0.00042026,0.00087969,0.0016714,-0.00045417,0.0017771,,0.0466192,0.01407504
0.002963,0.72986,0.5,3.676,-0.030381,-0.026998,1.0588,0.72986,0.5,3.676,0.0022767,-0.0003566,0.00089768,0.0017936,-0.00047549,0.0018559,,0.047408,0.01436288
0.0029991,0.73811,0.5,3.676,-0.029849,-0.027071,1.057,0.73811,0.5,3.676,0.0021938,-0.00029453,0.00087906,0.0018984,-0.00050036,0.001906,,0.0479856,0.01406496
0.002985,0.74637,0.5,3.676,-0.029148,-0.026782,1.0555,0.74637,0.5,3.676,0.0021197,-0.00024893,0.00083612,0.001961,-0.00052739,0.0018892,,0.04776,0.01337792
0.0029204,0.75463,0.5,3.676,-0.028388,-0.025583,1.0541,0.75463,0.5,3.676,0.0020425,-0.00022139,0.0007562,0.0019792,-0.00056986,0.0018192,,0.0467264,0.0120992
0.0028591,0.76288,0.5,3.676,-0.027584,-0.023545,1.0519,0.76288,0.5,3.676,0.0019554,-0.00018785,0.00062462,0.0019771,-0.00067824,0.0017855,,0.0457456,0.00999392
0.0028417,0.77114,0.5,3.676,-0.026603,-0.021466,1.0486,0.77114,0.5,3.676,0.0018653,-0.00012903,0.00049085,0.0019817,-0.00083358,0.0018364,,0.0454672,0.0078536
0.002863,0.7794,0.5,3.676,-0.025344,-0.019775,1.0447,0.7794,0.5,3.676,0.0017922,-5.63E-05,0.00039794,0.0020113,-0.0010133,0.0019224,,0.045808,0.00636704
0.0029442,0.78765,0.5,3.676,-0.023957,-0.018037,1.0407,0.78765,0.5,3.676,0.0017507,1.09E-05,0.00034152,0.0020835,-0.0012007,0.0020543,,0.0471072,0.00546432
0.0030803,0.79591,0.5,3.676,-0.022632,-0.016064,1.0372,0.79591,0.5,3.676,0.0017354,7.45E-05,0.00028667,0.0022204,-0.0013695,0.0022048,,0.0492848,0.00458672
0.0032119,0.80416,0.5,3.676,-0.021418,-0.01379,1.0348,0.80416,0.5,3.676,0.0017203,0.00013378,0.00022148,0.0024308,-0.001488,0.0022726,,0.0513904,0.00354368
0.0032706,0.81242,0.5,3.676,-0.020285,-0.011256,1.033,0.81242,0.5,3.676,0.0016788,0.00017573,0.00017088,0.0026682,-0.001559,0.0021942,,0.0523296,0.00273408
0.0032667,0.82068,0.5,3.676,-0.019059,-0.0090547,1.0314,0.82068,0.5,3.676,0.001612,0.00018957,0.00014266,0.0028635,-0.0016109,0.0020578,,0.0522672,0.00228256
0.0032755,0.82893,0.5,3.676,-0.017674,-0.0079494,1.0302,0.82893,0.5,3.676,0.0015376,0.0001593,0.00016102,0.0029832,-0.0016819,0.0020302,,0.052408,0.00257632
0.0045511,0.030909,0.5,3.7227,-0.0024707,0.0040941,0.73447,0.030909,0.5,3.7227,0.00034797,-4.76E-05,-0.000181,0.0023602,0.0011306,0.006394,,0.0728176,-0.002896
0.0049154,0.066184,0.5,3.7227,-0.0033295,0.011474,0.85203,0.066184,0.5,3.7227,0.00085854,7.08E-05,-0.00021696,0.0025117,0.001487,0.0064605,,0.0786464,-0.00347136
0.0051545,0.10006,0.5,3.7227,-0.0022397,0.017011,0.90313,0.10006,0.5,3.7227,0.0011453,0.00025683,-0.00029871,0.0024666,0.0013126,0.0066971,,0.082472,-0.00477936
0.0056674,0.13258,0.5,3.7227,-0.003607,0.0082064,0.93191,0.13258,0.5,3.7227,0.0011845,0.00042281,-6.57E-05,0.0022727,0.0012219,0.0078776,,0.0906784,-0.001051136
0.004398,0.16379,0.5,3.7227,-0.0074587,-0.0036146,0.97493,0.16379,0.5,3.7227,0.0010243,0.00044002,0.00017776,0.0012804,0.00084197,0.0064913,,0.070368,0.00284416
0.0028564,0.19372,0.5,3.7227,-0.010496,-0.01578,1.0139,0.19372,0.5,3.7227,0.00074854,0.00015551,-0.00013805,0.00075461,-8.13E-05,0.0042096,,0.0457024,-0.0022088
0.0020318,0.22242,0.5,3.7227,-0.011763,-0.020003,1.0357,0.22242,0.5,3.7227,0.00056421,2.26E-05,-0.00023779,0.00091885,-0.0001313,0.0025805,,0.0325088,-0.00380464
0.0022264,0.24993,0.5,3.7227,-0.011714,-0.015175,1.0476,0.24993,0.5,3.7227,0.00061339,0.00012115,-0.00026688,0.0011977,-0.00024954,0.0026418,,0.0356224,-0.00427008
0.0022212,0.27629,0.5,3.7227,-0.011632,-0.014618,1.0605,0.27629,0.5,3.7227,0.00075125,0.00020672,-0.00030292,0.0009839,-0.00070722,0.0027073,,0.0355392,-0.00484672
0.0018257,0.30154,0.5,3.7227,-0.014213,-0.013719,1.0746,0.30154,0.5,3.7227,0.00080174,0.00035323,-0.00045696,0.00083557,-0.00074585,0.0020141,,0.0292112,-0.00731136
0.0017253,0.32572,0.5,3.7227,-0.019886,-0.010067,1.0684,0.32572,0.5,3.7227,0.00079844,0.00042536,-0.00056423,0.00080696,-0.00069957,0.0018451,,0.0276048,-0.00902768
0.0015773,0.34887,0.5,3.7227,-0.025061,-0.0066364,1.0594,0.34887,0.5,3.7227,0.00084006,0.00030306,-0.0004113,0.00057781,-0.00048833,0.0017368,,0.0252368,-0.0065808
0.0015557,0.37102,0.5,3.7227,-0.027692,-0.0052552,1.0564,0.37102,0.5,3.7227,0.00092385,0.00014946,-0.00024565,0.00068528,-0.00037394,0.0015022,,0.0248912,-0.0039304
0.0016366,0.39221,0.5,3.7227,-0.02942,-0.0052522,1.0634,0.39221,0.5,3.7227,0.00098751,8.84E-05,2.33E-05,0.00096859,-0.00028292,0.0013171,,0.0261856,0.000372384
0.0017595,0.41248,0.5,3.7227,-0.031548,-0.0073438,1.0743,0.41248,0.5,3.7227,0.0010439,0.00011076,4.54E-05,0.001154,-0.0003196,0.0013211,,0.028152,0.000726112
0.0018992,0.43187,0.5,3.7227,-0.033154,-0.0096649,1.0798,0.43187,0.5,3.7227,0.0011803,7.14E-05,1.99E-05,0.0012778,-0.00047969,0.0013403,,0.0303872,0.00031792
0.0018568,0.4504,0.5,3.7227,-0.033764,-0.0091455,1.0773,0.4504,0.5,3.7227,0.0012814,3.26E-05,0.00013924,0.0013014,-0.0006047,0.0011309,,0.0297088,0.00222784
0.001868,0.46812,0.5,3.7227,-0.034743,-0.0086864,1.0746,0.46812,0.5,3.7227,0.0012915,5.32E-05,-0.00016196,0.0012556,-0.0007442,0.001189,,0.029888,-0.00259136
0.0020097,0.48504,0.5,3.7227,-0.036424,-0.0094908,1.074,0.48504,0.5,3.7227,0.0013832,8.85E-05,-0.0004915,0.0012926,-0.00068108,0.0013435,,0.0321552,-0.007864
0.0020456,0.50122,0.5,3.7227,-0.037827,-0.010037,1.0763,0.50122,0.5,3.7227,0.0015973,8.02E-05,-0.00050357,0.0012375,-0.00051618,0.0012563,,0.0327296,-0.00805712
0.0019322,0.51667,0.5,3.7227,-0.038537,-0.01083,1.0771,0.51667,0.5,3.7227,0.00177,4.40E-05,-0.00031637,0.0010012,-0.00024294,0.0010931,,0.0309152,-0.00506192
0.0018641,0.53142,0.5,3.7227,-0.038493,-0.012907,1.0795,0.53142,0.5,3.7227,0.0018116,-4.42E-05,-0.00024918,0.0009256,-1.14E-05,0.00099093,,0.0298256,-0.00398688
0.0017194,0.54551,0.5,3.7227,-0.038159,-0.017404,1.0854,0.54551,0.5,3.7227,0.0018045,-0.00017797,-0.00018137,0.00085278,0.00012418,0.00078159,,0.0275104,-0.00290192
0.0016054,0.55896,0.5,3.7227,-0.038117,-0.021978,1.083,0.55896,0.5,3.7227,0.0017914,-0.00021372,-4.34E-05,0.00072558,0.00021935,0.00069372,,0.0256864,-0.000694864
0.0015997,0.5718,0.5,3.7227,-0.038323,-0.023788,1.0783,0.5718,0.5,3.7227,0.0018037,-0.00016841,1.45E-05,0.00066976,0.00019854,0.00072596,,0.0255952,0.000232528
0.0016354,0.58405,0.5,3.7227,-0.038251,-0.025723,1.076,0.58405,0.5,3.7227,0.0018669,-9.92E-05,0.00017365,0.00062421,0.00010195,0.00077972,,0.0261664,0.0027784
0.0017029,0.59575,0.5,3.7227,-0.037615,-0.027482,1.0732,0.59575,0.5,3.7227,0.0019511,-7.12E-05,0.00025235,0.00058064,-1.66E-05,0.00087404,,0.0272464,0.0040376
0.0017832,0.6069,0.5,3.7227,-0.036889,-0.02834,1.0715,0.6069,0.5,3.7227,0.0020328,-8.48E-05,0.00033188,0.00053215,-0.00012788,0.0010014,,0.0285312,0.00531008
0.0019028,0.61755,0.5,3.7227,-0.03665,-0.029506,1.0711,0.61755,0.5,3.7227,0.0021017,-7.34E-05,0.00043556,0.00050157,-0.00023762,0.0012024,,0.0304448,0.00696896
0.0019561,0.6277,0.5,3.7227,-0.036868,-0.029966,1.0722,0.6277,0.5,3.7227,0.0021697,-8.31E-05,0.00049196,0.00048388,-0.00031686,0.0012587,,0.0312976,0.00787136
0.0020368,0.63738,0.5,3.7227,-0.037107,-0.030313,1.0731,0.63738,0.5,3.7227,0.0022652,-0.00011581,0.00054402,0.00048206,-0.0003461,0.0013263,,0.0325888,0.00870432
0.0021277,0.64661,0.5,3.7227,-0.037033,-0.030733,1.0744,0.64661,0.5,3.7227,0.0023951,-0.00019196,0.00056271,0.00052549,-0.00037771,0.0013348,,0.0340432,0.00900336
0.0022217,0.65542,0.5,3.7227,-0.036627,-0.030864,1.0757,0.65542,0.5,3.7227,0.002531,-0.00029817,0.00057716,0.00061363,-0.00039887,0.0012987,,0.0355472,0.00923456
0.0023502,0.66381,0.5,3.7227,-0.036023,-0.03061,1.0764,0.66381,0.5,3.7227,0.0026471,-0.00040001,0.00057493,0.00073503,-0.00038711,0.0013182,,0.0376032,0.00919888
0.0024746,0.67207,0.5,3.7227,-0.035271,-0.030086,1.0766,0.67207,0.5,3.7227,0.0027291,-0.00048598,0.00057542,0.00087487,-0.00037087,0.0013453,,0.0395936,0.00920672
0.0025802,0.68032,0.5,3.7227,-0.034352,-0.029692,1.0756,0.68032,0.5,3.7227,0.0027713,-0.00053674,0.00059896,0.0010109,-0.00037715,0.0013782,,0.0412832,0.00958336
0.0026751,0.68858,0.5,3.7227,-0.033301,-0.029289,1.0737,0.68858,0.5,3.7227,0.002763,-0.00055664,0.00063016,0.0011439,-0.00039932,0.0014433,,0.0428016,0.01008256
0.0027353,0.69683,0.5,3.7227,-0.032233,-0.028974,1.0705,0.69683,0.5,3.7227,0.0026946,-0.00054045,0.00068841,0.0012789,-0.00042315,0.0014971,,0.0437648,0.01101456
0.0027896,0.70509,0.5,3.7227,-0.031341,-0.028442,1.0669,0.70509,0.5,3.7227,0.0025842,-0.00050448,0.0007464,0.0014132,-0.00043691,0.0015818,,0.0446336,0.0119424
0.0028343,0.71335,0.5,3.7227,-0.030759,-0.027811,1.0634,0.71335,0.5,3.7227,0.002461,-0.0004551,0.00080834,0.0015488,-0.00043407,0.0016588,,0.0453488,0.01293344
0.0028832,0.7216,0.5,3.7227,-0.030424,-0.027275,1.0608,0.7216,0.5,3.7227,0.0023437,-0.00040511,0.00083838,0.0016812,-0.00044398,0.0017415,,0.0461312,0.01341408
0.0029383,0.72986,0.5,3.7227,-0.030093,-0.027117,1.0586,0.72986,0.5,3.7227,0.0022435,-0.00035372,0.00084991,0.0018071,-0.00047597,0.0018259,,0.0470128,0.01359856
0.0029655,0.73811,0.5,3.7227,-0.029577,-0.027141,1.0571,0.73811,0.5,3.7227,0.0021618,-0.00030135,0.00082571,0.0019063,-0.00051137,0.0018628,,0.047448,0.01321136
0.0029446,0.74637,0.5,3.7227,-0.028859,-0.026754,1.0557,0.74637,0.5,3.7227,0.0020864,-0.0002597,0.00078383,0.0019587,-0.00055012,0.001844,,0.0471136,0.01254128
0.0028973,0.75463,0.5,3.7227,-0.028017,-0.025463,1.0542,0.75463,0.5,3.7227,0.0020036,-0.00022777,0.00071394,0.0019771,-0.00061643,0.0018139,,0.0463568,0.01142304
0.0028714,0.76288,0.5,3.7227,-0.027102,-0.023354,1.0517,0.76288,0.5,3.7227,0.0019078,-0.00018263,0.00060999,0.0019888,-0.00075548,0.001846,,0.0459424,0.00975984
0.0028805,0.77114,0.5,3.7227,-0.02604,-0.021191,1.0479,0.77114,0.5,3.7227,0.0018074,-0.00011238,0.00050904,0.0020136,-0.00093136,0.0019401,,0.046088,0.00814464
0.0029174,0.7794,0.5,3.7227,-0.024833,-0.01942,1.0436,0.7794,0.5,3.7227,0.0017274,-3.54E-05,0.00043301,0.0020658,-0.0011124,0.0020415,,0.0466784,0.00692816
0.0030036,0.78765,0.5,3.7227,-0.023626,-0.017627,1.0397,0.78765,0.5,3.7227,0.0016875,2.78E-05,0.00037106,0.0021675,-0.0012777,0.0021521,,0.0480576,0.00593696
0.0031315,0.79591,0.5,3.7227,-0.022496,-0.015622,1.0365,0.79591,0.5,3.7227,0.0016786,8.09E-05,0.00030224,0.0023401,-0.001413,0.0022443,,0.050104,0.00483584
0.0032373,0.80416,0.5,3.7227,-0.021443,-0.013307,1.0344,0.80416,0.5,3.7227,0.0016658,0.00012116,0.00023638,0.0025789,-0.0014966,0.00223,,0.0517968,0.00378208
0.003277,0.81242,0.5,3.7227,-0.020339,-0.01076,1.0327,0.81242,0.5,3.7227,0.0016227,0.0001369,0.00019631,0.0028226,-0.0015424,0.0021087,,0.052432,0.00314096
0.0032758,0.82068,0.5,3.7227,-0.019028,-0.0086624,1.0311,0.82068,0.5,3.7227,0.0015613,0.00012606,0.00018284,0.0029999,-0.0015909,0.0019903,,0.0524128,0.00292544
0.003292,0.82893,0.5,3.7227,-0.017631,-0.0078047,1.0298,0.82893,0.5,3.7227,0.0015054,8.40E-05,0.00021301,0.0030811,-0.0016759,0.0019975,,0.052672,0.00340816
0.0027831,0.010992,0.5,1.2548,0.00022061,0.0073248,0.5009,0.010992,0.5,1.2548,0.00010451,7.83E-05,-0.0002938,0.0013765,-0.00022736,0.0040852,,0.0445296,-0.0047008
0.0041542,0.030909,0.5,1.25,0.0004343,0.010471,0.71804,0.030909,0.5,1.25,0.00021759,0.0001369,-0.00053819,0.0020484,-0.00033178,0.0060424,,0.0664672,-0.00861104
0.0045591,0.042614,0.5,1.25,0.0010849,0.010936,0.75056,0.042614,0.5,1.25,0.00035704,0.00015704,-0.00061399,0.0020654,6.60E-05,0.0066957,,0.0729456,-0.00982384
0.0054028,0.066184,0.5,1.25,0.0023877,0.012011,0.81581,0.066184,0.5,1.25,0.00064738,0.00019708,-0.00077837,0.0021128,0.00083888,0.0080454,,0.0864448,-0.01245392
0.005241,0.077424,0.5,1.25,0.0024043,0.0065033,0.83426,0.077424,0.5,1.25,0.00072979,0.00025436,-0.00060455,0.002048,0.0011843,0.0077042,,0.083856,-0.0096728
0.0049159,0.10006,0.5,1.25,0.0025587,-0.0048766,0.87147,0.10006,0.5,1.25,0.00088975,0.0003616,-0.0002593,0.001892,0.0018637,0.00705,,0.0786544,-0.0041488
0.0047961,0.11085,0.5,1.25,0.001652,-0.0098913,0.89097,0.11085,0.5,1.25,0.00082788,0.00036514,-0.00030669,0.0018024,0.0014161,0.0069618,,0.0767376,-0.00490704
0.0045507,0.13258,0.5,1.25,-0.00020364,-0.020096,0.93024,0.13258,0.5,1.25,0.00069978,0.00037661,-0.00039252,0.0015924,0.000538,0.0068091,,0.0728112,-0.00628032
0.0043668,0.14293,0.5,1.25,-0.00028982,-0.018181,0.9446,0.14293,0.5,1.25,0.00062117,0.00030312,-0.00048017,0.0014381,0.00015188,0.0066743,,0.0698688,-0.00768272
0.0039742,0.16379,0.5,1.25,-0.00048358,-0.013893,0.97321,0.16379,0.5,1.25,0.00047515,0.00016667,-0.00064831,0.0011334,-0.00060607,0.0063399,,0.0635872,-0.01037296
0.0034612,0.17372,0.5,1.25,-0.00061388,-0.01303,0.98644,0.17372,0.5,1.25,0.00048019,0.00016736,-0.00046874,0.0010505,-0.00047189,0.0053917,,0.0553792,-0.00749984
0.0024126,0.19372,0.5,1.25,-0.0007993,-0.011198,1.0133,0.19372,0.5,1.25,0.00048192,0.00017047,-0.00010105,0.00090382,-0.00020421,0.0034394,,0.0386016,-0.0016168
0.0022218,0.20324,0.5,1.25,-0.0015078,-0.011917,1.0203,0.20324,0.5,1.25,0.00049469,0.00017494,-3.43E-05,0.00087519,-2.71E-05,0.0030738,,0.0355488,-0.000548608
0.0018921,0.22242,0.5,1.25,-0.0028992,-0.013496,1.0349,0.22242,0.5,1.25,0.00050129,0.00018562,9.71E-05,0.00085322,0.0003172,0.0024297,,0.0302736,0.0015532
0.0018408,0.23155,0.5,1.25,-0.003538,-0.013595,1.0405,0.23155,0.5,1.25,0.00049483,0.00017167,5.28E-05,0.00089219,0.00026729,0.0022946,,0.0294528,0.00084496
0.0017458,0.24993,0.5,1.25,-0.0047723,-0.013869,1.0517,0.24993,0.5,1.25,0.00048088,0.00014057,-3.07E-05,0.00098086,0.00017374,0.0020298,,0.0279328,-0.000491136
0.0016411,0.25868,0.5,1.25,-0.0058649,-0.014399,1.0566,0.25868,0.5,1.25,0.00047107,0.00012103,-9.05E-05,0.00091631,0.00013588,0.0018949,,0.0262576,-0.001447824
0.0014046,0.27629,0.5,1.25,-0.0080727,-0.015362,1.0666,0.27629,0.5,1.25,0.00045711,8.57E-05,-0.00020615,0.00078989,4.51E-05,0.0015622,,0.0224736,-0.0032984
0.0014059,0.28467,0.5,1.25,-0.0092228,-0.014592,1.0649,0.28467,0.5,1.25,0.00043137,7.80E-05,-0.00019032,0.00080553,0.00010878,0.0015748,,0.0224944,-0.00304512
0.0014111,0.30154,0.5,1.25,-0.011586,-0.013012,1.0616,0.30154,0.5,1.25,0.00038487,6.28E-05,-0.00016187,0.00083143,0.00022976,0.0016058,,0.0225776,-0.00258992
0.0014821,0.30956,0.5,1.25,-0.0116,-0.01119,1.0595,0.30956,0.5,1.25,0.00038279,9.00E-05,-0.00016953,0.00091288,8.70E-05,0.0016685,,0.0237136,-0.00271248
0.0016341,0.32572,0.5,1.25,-0.011568,-0.0076277,1.0552,0.32572,0.5,1.25,0.0003866,0.00014086,-0.00018046,0.0010779,-0.00018764,0.0018036,,0.0261456,-0.00288736
0.0017112,0.3334,0.5,1.25,-0.011355,-0.0078227,1.0594,0.3334,0.5,1.25,0.00041217,0.00017441,-0.00018398,0.0010354,-0.00031118,0.0019749,,0.0273792,-0.00294368
0.0018471,0.34887,0.5,1.25,-0.010839,-0.0082651,1.068,0.34887,0.5,1.25,0.00046844,0.00023644,-0.00019792,0.0009505,-0.00056012,0.0022753,,0.0295536,-0.00316672
0.0018187,0.35622,0.5,1.25,-0.011893,-0.0096035,1.0691,0.35622,0.5,1.25,0.00048047,0.00024989,-0.0001994,0.00086917,-0.00053003,0.0022878,,0.0290992,-0.0031904
0.0017557,0.37102,0.5,1.25,-0.014001,-0.012205,1.0711,0.37102,0.5,1.25,0.00050283,0.0002787,-0.00019488,0.00069356,-0.00045605,0.0023149,,0.0280912,-0.00311808
0.0016269,0.37805,0.5,1.25,-0.015677,-0.013789,1.071,0.37805,0.5,1.25,0.00051605,0.00030174,-0.00023159,0.00069406,-0.00043392,0.0020438,,0.0260304,-0.00370544
0.0013718,0.39221,0.5,1.25,-0.019054,-0.016903,1.0708,0.39221,0.5,1.25,0.00053523,0.00034779,-0.0002998,0.00069943,-0.00038413,0.0015089,,0.0219488,-0.0047968
0.0013489,0.39894,0.5,1.25,-0.020602,-0.017743,1.0707,0.39894,0.5,1.25,0.00056521,0.00036173,-0.00029924,0.00070023,-0.00038167,0.0014324,,0.0215824,-0.00478784
0.0012915,0.41248,0.5,1.25,-0.023655,-0.019645,1.07,0.41248,0.5,1.25,0.00062151,0.00038888,-0.00029479,0.00071704,-0.00038619,0.0012444,,0.020664,-0.00471664
0.0013654,0.41892,0.5,1.25,-0.025141,-0.018937,1.0709,0.41892,0.5,1.25,0.00066715,0.00033839,-0.00027774,0.00068329,-0.00041876,0.0013803,,0.0218464,-0.00444384
0.0015194,0.43187,0.5,1.25,-0.028077,-0.017787,1.0724,0.43187,0.5,1.25,0.00076146,0.00024161,-0.00024927,0.00061412,-0.00049222,0.0016633,,0.0243104,-0.00398832
0.0016071,0.43802,0.5,1.25,-0.029222,-0.016678,1.0741,0.43802,0.5,1.25,0.00081095,0.00016464,-0.00016198,0.00061639,-0.00050038,0.0017868,,0.0257136,-0.00259168
0.0017976,0.4504,0.5,1.25,-0.03161,-0.014393,1.0782,0.4504,0.5,1.25,0.00090753,2.78E-06,4.83E-06,0.00061346,-0.00052287,0.0020741,,0.0287616,7.72208E-05
0.0018269,0.45628,0.5,1.25,-0.032011,-0.013933,1.0763,0.45628,0.5,1.25,0.00093849,-2.98E-05,-2.32E-05,0.00060878,-0.00053516,0.0021065,,0.0292304,-0.000370464
0.0018793,0.46812,0.5,1.25,-0.03295,-0.012878,1.0724,0.46812,0.5,1.25,0.00098965,-0.00010212,-7.06E-05,0.00059808,-0.00055813,0.0021709,,0.0300688,-0.001128896
0.0018755,0.47373,0.5,1.25,-0.032801,-0.012432,1.0721,0.47373,0.5,1.25,0.0010017,-0.00010679,-0.00014806,0.00058937,-0.00057011,0.0021598,,0.030008,-0.00236896
0.0018641,0.48504,0.5,1.25,-0.032566,-0.011543,1.0715,0.48504,0.5,1.25,0.0010175,-0.00010968,-0.00031053,0.00056746,-0.00059225,0.0021433,,0.0298256,-0.00496848
0.0018414,0.49041,0.5,1.25,-0.032152,-0.011515,1.0718,0.49041,0.5,1.25,0.0010308,-0.00011682,-0.00031264,0.00060836,-0.00058224,0.0020437,,0.0294624,-0.00500224
0.0018,0.50122,0.5,1.25,-0.031338,-0.011403,1.0725,0.50122,0.5,1.25,0.0010596,-0.00012824,-0.00031992,0.00068521,-0.0005633,0.0018551,,0.0288,-0.00511872
0.0017302,0.50634,0.5,1.25,-0.031081,-0.012133,1.0742,0.50634,0.5,1.25,0.0010733,-0.00011833,-0.00028036,0.00070195,-0.0004996,0.0016851,,0.0276832,-0.00448576
0.0015894,0.51667,0.5,1.25,-0.030544,-0.013518,1.0775,0.51667,0.5,1.25,0.001104,-9.73E-05,-0.00020507,0.00073396,-0.00036952,0.0013408,,0.0254304,-0.00328112
0.0015359,0.52156,0.5,1.25,-0.030892,-0.013817,1.0784,0.52156,0.5,1.25,0.0011046,-8.17E-05,-0.00016122,0.00074787,-0.00031887,0.0012194,,0.0245744,-0.00257952
0.0014261,0.53142,0.5,1.25,-0.031563,-0.014446,1.0802,0.53142,0.5,1.25,0.0011003,-3.89E-05,-7.72E-05,0.00078431,-0.00021722,0.00096758,,0.0228176,-0.001235456
0.0014389,0.5361,0.5,1.25,-0.032192,-0.014165,1.0797,0.5361,0.5,1.25,0.0011053,-3.09E-05,-0.00012534,0.00077592,-0.00018656,0.00099668,,0.0230224,-0.00200544
0.0014657,0.54551,0.5,1.25,-0.033461,-0.013695,1.0783,0.54551,0.5,1.25,0.0011144,-6.14E-06,-0.00020647,0.00076847,-0.00012614,0.0010485,,0.0234512,-0.00330352
0.0015215,0.54997,0.5,1.25,-0.033889,-0.013073,1.0788,0.54997,0.5,1.25,0.0011423,-1.69E-05,-0.00022069,0.00076934,-0.00012114,0.0011313,,0.024344,-0.00353104
0.0016315,0.55896,0.5,1.25,-0.034802,-0.011992,1.0802,0.55896,0.5,1.25,0.0012045,-3.85E-05,-0.00024783,0.00076538,-0.00010362,0.0012931,,0.026104,-0.00396528
0.0017299,0.56322,0.5,1.25,-0.034932,-0.011302,1.0798,0.56322,0.5,1.25,0.0012445,-7.96E-05,-0.00019136,0.00085869,-0.00019183,0.0013566,,0.0276784,-0.00306176
0.0019168,0.5718,0.5,1.25,-0.035276,-0.0099181,1.0793,0.5718,0.5,1.25,0.0013289,-0.00017027,-9.30E-05,0.0010364,-0.00035656,0.0014682,,0.0306688,-0.001487424
0.0020078,0.57587,0.5,1.25,-0.035116,-0.0098145,1.0789,0.57587,0.5,1.25,0.0013648,-0.00019536,-5.82E-05,0.0011509,-0.00044147,0.0014998,,0.0321248,-0.000931792
0.0021958,0.58405,0.5,1.25,-0.034858,-0.009431,1.078,0.58405,0.5,1.25,0.0014434,-0.00026319,7.70E-06,0.0013822,-0.00061797,0.0015659,,0.0351328,0.000123126
0.0022279,0.58793,0.5,1.25,-0.034543,-0.0099137,1.0776,0.58793,0.5,1.25,0.0014595,-0.00026444,3.95E-05,0.0014281,-0.00060962,0.0015681,,0.0356464,0.00063264
0.0023104,0.59575,0.5,1.25,-0.033944,-0.010681,1.0766,0.59575,0.5,1.25,0.0014945,-0.00028225,0.0001118,0.0015355,-0.00060828,0.0015909,,0.0369664,0.0017888
0.0022777,0.59945,0.5,1.25,-0.033669,-0.011468,1.0767,0.59945,0.5,1.25,0.0014876,-0.00027278,9.21E-05,0.0015259,-0.00056859,0.0015419,,0.0364432,0.001473616
0.0022263,0.6069,0.5,1.25,-0.033127,-0.012878,1.0768,0.6069,0.5,1.25,0.0014702,-0.00025681,6.18E-05,0.0015224,-0.00048861,0.00146,,0.0356208,0.000988624
0.0021537,0.61043,0.5,1.25,-0.032998,-0.013565,1.0771,0.61043,0.5,1.25,0.0014603,-0.00024324,7.09E-05,0.001499,-0.00045433,0.0013482,,0.0344592,0.001133808
0.0020107,0.61755,0.5,1.25,-0.032713,-0.014933,1.0778,0.61755,0.5,1.25,0.0014381,-0.0002096,8.98E-05,0.0014566,-0.00038594,0.0011268,,0.0321712,0.001436352
0.0019551,0.62091,0.5,1.25,-0.032693,-0.01559,1.0784,0.62091,0.5,1.25,0.0014402,-0.00020685,0.00011473,0.0014364,-0.00038523,0.0010335,,0.0312816,0.00183568
0.0018325,0.6277,0.5,1.25,-0.0326,-0.016917,1.0795,0.6277,0.5,1.25,0.001443,-0.0001964,0.00015944,0.0013888,-0.00038371,0.00083309,,0.02932,0.00255104
0.0018098,0.63091,0.5,1.25,-0.032608,-0.017958,1.0797,0.63091,0.5,1.25,0.001457,-0.00019573,0.00017283,0.0013774,-0.00037361,0.00078532,,0.0289568,0.00276528
0.0017574,0.63738,0.5,1.25,-0.032581,-0.019946,1.0803,0.63738,0.5,1.25,0.0014849,-0.00019386,0.00018888,0.0013567,-0.00035724,0.0006732,,0.0281184,0.00302208
0.001757,0.64044,0.5,1.25,-0.032573,-0.021216,1.0805,0.64044,0.5,1.25,0.0015083,-0.00019934,0.00023593,0.0013313,-0.00033159,0.00067454,,0.028112,0.00377488
0.0017528,0.64661,0.5,1.25,-0.032522,-0.023683,1.0809,0.64661,0.5,1.25,0.001559,-0.00020522,0.00033132,0.0012911,-0.00028446,0.00065548,,0.0280448,0.00530112
0.0017574,0.64953,0.5,1.25,-0.032495,-0.024992,1.0816,0.64953,0.5,1.25,0.0015876,-0.00021631,0.00038551,0.0012394,-0.00027432,0.00068774,,0.0281184,0.00616816
0.0017655,0.65542,0.5,1.25,-0.032392,-0.027658,1.0832,0.65542,0.5,1.25,0.0016472,-0.00023184,0.0004952,0.0011359,-0.00025658,0.00074797,,0.028248,0.0079232
0.0017666,0.6582,0.5,1.25,-0.03246,-0.028678,1.0832,0.6582,0.5,1.25,0.0016766,-0.00024567,0.00055233,0.0010765,-0.00023658,0.00078007,,0.0282656,0.00883728
0.0017655,0.66381,0.5,1.25,-0.032519,-0.030848,1.0835,0.66381,0.5,1.25,0.0017322,-0.00026957,0.00065395,0.00094996,-0.00019382,0.00084895,,0.028248,0.0104632
0.0017881,0.66655,0.5,1.25,-0.032759,-0.031611,1.0829,0.66655,0.5,1.25,0.0017656,-0.00028903,0.0006955,0.00090253,-0.00019567,0.00090801,,0.0286096,0.011128
0.0018174,0.67207,0.5,1.25,-0.033159,-0.033279,1.0818,0.67207,0.5,1.25,0.0018272,-0.00032638,0.00076694,0.00080049,-0.00018834,0.0010071,,0.0290784,0.01227104
0.0018323,0.6748,0.5,1.25,-0.033499,-0.033973,1.0805,0.6748,0.5,1.25,0.0018678,-0.00034558,0.00080107,0.00075529,-0.00019706,0.0010414,,0.0293168,0.01281712
0.0018589,0.68032,0.5,1.25,-0.034119,-0.035427,1.0781,0.68032,0.5,1.25,0.0019442,-0.00038663,0.00086309,0.0006636,-0.0002123,0.00111,,0.0297424,0.01380944
0.0018534,0.68306,0.5,1.25,-0.034519,-0.036207,1.0772,0.68306,0.5,1.25,0.0019879,-0.00039689,0.00088475,0.00061626,-0.00021348,0.0011027,,0.0296544,0.014156
0.001853,0.68858,0.5,1.25,-0.035254,-0.037763,1.0753,0.68858,0.5,1.25,0.0020696,-0.00042412,0.00093688,0.00052242,-0.00021337,0.0011139,,0.029648,0.01499008
0.0018549,0.69132,0.5,1.25,-0.035746,-0.038388,1.0745,0.69132,0.5,1.25,0.0021125,-0.00041814,0.00095347,0.00048795,-0.00022012,0.0011093,,0.0296784,0.01525552
0.0018565,0.69683,0.5,1.25,-0.036666,-0.039652,1.0728,0.69683,0.5,1.25,0.002192,-0.00041256,0.0010035,0.0004137,-0.00023031,0.0011073,,0.029704,0.016056
0.0018832,0.69957,0.5,1.25,-0.037225,-0.03972,1.0724,0.69957,0.5,1.25,0.002234,-0.00039603,0.0010146,0.00040385,-0.00023676,0.0011286,,0.0301312,0.0162336
0.0019275,0.70509,0.5,1.25,-0.038323,-0.039968,1.0714,0.70509,0.5,1.25,0.0023136,-0.00036087,0.001052,0.00037813,-0.00025389,0.0011633,,0.03084,0.016832
0.0019641,0.70783,0.5,1.25,-0.038907,-0.039327,1.0711,0.70783,0.5,1.25,0.002353,-0.00034864,0.0010668,0.00038474,-0.00024524,0.0011904,,0.0314256,0.0170688
0.0020383,0.71335,0.5,1.25,-0.040095,-0.038249,1.0705,0.71335,0.5,1.25,0.0024312,-0.00031233,0.0010987,0.00039405,-0.00023371,0.0012514,,0.0326128,0.0175792
0.0020852,0.71609,0.5,1.25,-0.040689,-0.037097,1.0704,0.71609,0.5,1.25,0.0024612,-0.00031484,0.0011193,0.00041172,-0.00021986,0.0012975,,0.0333632,0.0179088
0.0021822,0.7216,0.5,1.25,-0.041932,-0.034909,1.0701,0.7216,0.5,1.25,0.0025258,-0.00030746,0.0011566,0.00044208,-0.00019368,0.0013965,,0.0349152,0.0185056
0.0022379,0.72434,0.5,1.25,-0.042489,-0.03372,1.07,0.72434,0.5,1.25,0.0025403,-0.0003276,0.0011757,0.00046896,-0.00020445,0.0014666,,0.0358064,0.0188112
0.002352,0.72986,0.5,1.25,-0.043718,-0.031327,1.0699,0.72986,0.5,1.25,0.0025807,-0.0003609,0.001212,0.00051918,-0.00021697,0.0016042,,0.037632,0.019392
0.0023936,0.7326,0.5,1.25,-0.044118,-0.030324,1.0696,0.7326,0.5,1.25,0.0025766,-0.00040138,0.001228,0.0005539,-0.0002662,0.0016566,,0.0382976,0.019648
0.0024836,0.73811,0.5,1.25,-0.045091,-0.028273,1.0692,0.73811,0.5,1.25,0.0025864,-0.00047997,0.0012533,0.00061913,-0.00035333,0.0017617,,0.0397376,0.0200528
0.0025002,0.74085,0.5,1.25,-0.045251,-0.027504,1.0688,0.74085,0.5,1.25,0.0025646,-0.00053531,0.0012708,0.0006621,-0.0004094,0.0017737,,0.0400032,0.0203328
0.0025389,0.74637,0.5,1.25,-0.045751,-0.025906,1.0681,0.74637,0.5,1.25,0.0025392,-0.00064644,0.0013029,0.00074146,-0.00051907,0.001797,,0.0406224,0.0208464
0.0025475,0.74911,0.5,1.25,-0.045674,-0.025351,1.0677,0.74911,0.5,1.25,0.0025046,-0.00070366,0.0013126,0.00079011,-0.0005675,0.0018003,,0.04076,0.0210016
0.0025605,0.75463,0.5,1.25,-0.045683,-0.02414,1.0669,0.75463,0.5,1.25,0.0024487,-0.00082325,0.00133,0.00088118,-0.00065078,0.0017911,,0.040968,0.02128
0.0025947,0.75737,0.5,1.25,-0.045393,-0.023824,1.0658,0.75737,0.5,1.25,0.0024078,-0.0008702,0.0013472,0.00093677,-0.00071604,0.0018449,,0.0415152,0.0215552
0.0026441,0.76288,0.5,1.25,-0.044944,-0.023135,1.064,0.76288,0.5,1.25,0.002335,-0.00097313,0.0013662,0.0010413,-0.00081737,0.0019118,,0.0423056,0.0218592
0.0027041,0.76562,0.5,1.25,-0.044457,-0.023015,1.0623,0.76562,0.5,1.25,0.0022976,-0.0010115,0.0013915,0.0011095,-0.00090027,0.0020011,,0.0432656,0.022264
0.002817,0.77114,0.5,1.25,-0.04355,-0.022818,1.0592,0.77114,0.5,1.25,0.0022273,-0.0010963,0.0014404,0.0012392,-0.0010569,0.0021674,,0.045072,0.0230464
0.002872,0.77388,0.5,1.25,-0.042865,-0.02293,1.0578,0.77388,0.5,1.25,0.0021993,-0.0011303,0.0014447,0.001321,-0.0011253,0.0022236,,0.045952,0.0231152
0.003005,0.7794,0.5,1.25,-0.041501,-0.023168,1.0546,0.7794,0.5,1.25,0.0021469,-0.0012069,0.0014766,0.0014855,-0.0012811,0.0023776,,0.04808,0.0236256
0.0030457,0.78213,0.5,1.25,-0.040619,-0.023583,1.0537,0.78213,0.5,1.25,0.0021257,-0.0012341,0.0014572,0.0015812,-0.0013247,0.0023846,,0.0487312,0.0233152
0.0031546,0.78765,0.5,1.25,-0.03883,-0.024314,1.0515,0.78765,0.5,1.25,0.0020882,-0.0012997,0.0014417,0.001782,-0.0014338,0.0024391,,0.0504736,0.0230672
0.0031941,0.79039,0.5,1.25,-0.037814,-0.02496,1.0509,0.79039,0.5,1.25,0.0020685,-0.0013133,0.0014098,0.0018895,-0.001459,0.0024301,,0.0511056,0.0225568
0.0032875,0.79591,0.5,1.25,-0.035721,-0.026139,1.0494,0.79591,0.5,1.25,0.0020324,-0.0013528,0.0013606,0.0021167,-0.0015185,0.002426,,0.0526,0.0217696
0.0033242,0.79865,0.5,1.25,-0.034686,-0.026755,1.0488,0.79865,0.5,1.25,0.0020114,-0.0013451,0.0013268,0.0022188,-0.0015416,0.002418,,0.0531872,0.0212288
0.0034019,0.80416,0.5,1.25,-0.032505,-0.027968,1.0477,0.80416,0.5,1.25,0.0019671,-0.0013399,0.0012634,0.0024378,-0.0015841,0.0023988,,0.0544304,0.0202144
0.0034292,0.8069,0.5,1.25,-0.031541,-0.028298,1.0472,0.8069,0.5,1.25,0.0019468,-0.0013078,0.001239,0.0025076,-0.0016103,0.0024039,,0.0548672,0.019824
0.0034843,0.81242,0.5,1.25,-0.029478,-0.029008,1.0464,0.81242,0.5,1.25,0.0018983,-0.0012495,0.0011927,0.0026611,-0.0016677,0.0024092,,0.0557488,0.0190832
0.0034807,0.81516,0.5,1.25,-0.028598,-0.028987,1.046,0.81516,0.5,1.25,0.0018835,-0.001197,0.0011691,0.0026818,-0.0016623,0.002396,,0.0556912,0.0187056
0.0034763,0.82068,0.5,1.25,-0.026729,-0.029025,1.0453,0.82068,0.5,1.25,0.001845,-0.001094,0.001124,0.0027302,-0.0016747,0.0023773,,0.0556208,0.017984
0.0034092,0.82474,0.5,1.2561,-0.025479,-0.028502,1.0447,0.82474,0.5,1.2561,0.001829,-0.00098938,0.0010782,0.0026948,-0.0016074,0.0022946,,0.0545472,0.0172512
0.0033438,0.82893,0.5,1.2561,-0.024174,-0.028025,1.0442,0.82893,0.5,1.2561,0.0018164,-0.000894,0.0010357,0.0026598,-0.001548,0.0022114,,0.0535008,0.0165712
0.0026559,0.0090767,0.5,1.2756,0.00020664,0.0070429,0.48006,0.0090767,0.5,1.2756,9.37E-05,7.30E-05,-0.00026979,0.0013191,-0.00022076,0.0038989,,0.0424944,-0.00431664
0.0021748,0.0020779,0.5,1.2837,0.00013017,0.0059479,0.40376,0.0020779,0.5,1.2837,5.54E-05,4.88E-05,-0.00018392,0.0010832,-0.00018395,0.0032111,,0.0347968,-0.00294272
0.003247,0.8333,0.5,1.2756,-0.022843,-0.027167,1.0433,0.8333,0.5,1.2756,0.001804,-0.0007514,0.00097714,0.0025826,-0.0014673,0.0021075,,0.051952,0.01563424
0.0032415,0.8333,0.5,1.2957,-0.022827,-0.027051,1.0427,0.8333,0.5,1.2957,0.0017831,-0.00072334,0.00095701,0.0025889,-0.0014666,0.0021111,,0.051864,0.01531216
0.002181,0.0020779,0.5,1.3137,2.59E-05,0.0059901,0.40382,0.0020779,0.5,1.3137,5.51E-05,4.79E-05,-0.00018228,0.0010933,-0.00018851,0.0032136,,0.034896,-0.00291648
0.0020405,8.67E-19,0.5,1.3197,-7.93E-06,0.0056767,0.38118,-2.95E-10,0.5,1.3197,4.35E-05,4.00E-05,-0.0001548,0.0010264,-0.00017653,0.003011,,0.032648,-0.0024768
0.0032253,0.8333,0.5,1.3137,-0.022792,-0.026944,1.0422,0.8333,0.5,1.3137,0.001757,-0.00069784,0.00093426,0.002592,-0.0014634,0.0021016,,0.0516048,0.01494816
0.0032285,0.8333,0.5,1.3338,-0.022792,-0.026825,1.0416,0.8333,0.5,1.3338,0.00174,-0.00067314,0.00091657,0.0026082,-0.0014738,0.0021089,,0.051656,0.01466512
0.0020495,8.67E-19,0.5,1.3518,-7.05E-05,0.0057315,0.38123,-2.95E-10,0.5,1.3518,4.32E-05,3.86E-05,-0.00015172,0.0010396,-0.00017737,0.0030162,,0.032792,-0.00242752
0.0020552,8.67E-19,0.5,1.3578,-6.26E-05,0.0057596,0.38126,-2.95E-10,0.5,1.3578,4.21E-05,3.63E-05,-0.00014655,0.0010493,-0.00017662,0.0030191,,0.0328832,-0.0023448
0.0032195,0.8333,0.5,1.3518,-0.022777,-0.026718,1.0411,0.8333,0.5,1.3518,0.0017176,-0.0006519,0.00089921,0.0026167,-0.0014793,0.0021046,,0.051512,0.01438736
0.0032201,0.8333,0.5,1.3718,-0.022773,-0.026608,1.0406,0.8333,0.5,1.3718,0.0017003,-0.00061488,0.00087971,0.0026256,-0.0014873,0.0021143,,0.0515216,0.01407536
0.0020681,8.67E-19,0.5,1.3897,8.04E-05,0.0058256,0.38132,-2.95E-10,0.5,1.3897,4.17E-05,3.42E-05,-0.00014172,0.0010693,-0.00017494,0.0030251,,0.0330896,-0.00226752
0.0020738,8.67E-19,0.5,1.3957,8.66E-05,0.0058485,0.38135,-2.95E-10,0.5,1.3957,4.18E-05,3.33E-05,-0.00013933,0.0010788,-0.00017427,0.0030271,,0.0331808,-0.00222928
0.0032149,0.8333,0.5,1.3897,-0.022749,-0.026497,1.0401,0.8333,0.5,1.3897,0.0016823,-0.0005829,0.00086211,0.0026306,-0.0014947,0.0021168,,0.0514384,0.01379376
0.0032098,0.8333,0.5,1.4098,-0.022755,-0.026384,1.0396,0.8333,0.5,1.4098,0.0016663,-0.00054529,0.00084573,0.0026367,-0.001495,0.0021166,,0.0513568,0.01353168
0.0020856,8.67E-19,0.5,1.4276,0.00017537,0.0059024,0.38142,-2.95E-10,0.5,1.4276,4.18E-05,3.26E-05,-0.00013709,0.0010983,-0.00017274,0.0030311,,0.0333696,-0.00219344
0.0020871,8.67E-19,0.5,1.4336,0.00017936,0.0059189,0.38146,-2.95E-10,0.5,1.4336,4.10E-05,3.26E-05,-0.00013244,0.0011035,-0.00017375,0.0030296,,0.0333936,-0.00211904
0.0032076,0.8333,0.5,1.4276,-0.022739,-0.026285,1.0392,0.8333,0.5,1.4276,0.0016517,-0.0005107,0.0008308,0.0026455,-0.0014971,0.0021178,,0.0513216,0.0132928
0.0031934,0.8333,0.5,1.4476,-0.022777,-0.026194,1.0389,0.8333,0.5,1.4476,0.0016354,-0.00049319,0.00081167,0.0026489,-0.0014896,0.0021026,,0.0510944,0.01298672
0.0020907,8.67E-19,0.5,1.4654,0.00017094,0.0059575,0.38158,-2.95E-10,0.5,1.4654,4.07E-05,3.27E-05,-0.00012811,0.0011142,-0.00017578,0.0030265,,0.0334512,-0.00204976
0.0020913,8.67E-19,0.5,1.4713,0.00018161,0.0059648,0.38165,-2.95E-10,0.5,1.4713,4.15E-05,3.13E-05,-0.00012496,0.0011186,-0.0001767,0.0030225,,0.0334608,-0.00199936
0.0031889,0.8333,0.5,1.4654,-0.02277,-0.026112,1.0385,0.8333,0.5,1.4654,0.001616,-0.00047299,0.00079312,0.0026621,-0.001488,0.0020997,,0.0510224,0.01268992
0.0031787,0.8333,0.5,1.4853,-0.022854,-0.026015,1.0384,0.8333,0.5,1.4853,0.0016168,-0.00047139,0.00077561,0.0026658,-0.00148,0.0020748,,0.0508592,0.01240976
0.0020916,8.67E-19,0.5,1.5031,0.00016767,0.0059821,0.38182,-2.95E-10,0.5,1.5031,4.18E-05,3.01E-05,-0.00012202,0.0011275,-0.00017856,0.003014,,0.0334656,-0.00195232
0.0020981,8.67E-19,0.5,1.509,0.00018086,0.005985,0.3819,-2.95E-10,0.5,1.509,4.39E-05,3.03E-05,-0.00012079,0.0011391,-0.00017981,0.0030132,,0.0335696,-0.00193264
0.0031815,0.8333,0.5,1.5031,-0.022883,-0.025924,1.0381,0.8333,0.5,1.5031,0.0016096,-0.00046388,0.00075921,0.0026836,-0.0014803,0.0020697,,0.050904,0.01214736
0.0031721,0.8333,0.5,1.523,-0.023006,-0.025853,1.038,0.8333,0.5,1.523,0.0016227,-0.0004582,0.00074606,0.0026761,-0.0014674,0.0020454,,0.0507536,0.01193696
0.0021095,8.67E-19,0.5,1.5407,0.00021585,0.005992,0.38212,-2.95E-10,0.5,1.5407,4.47E-05,3.05E-05,-0.00011964,0.0011628,-0.00018233,0.0030115,,0.033752,-0.00191424
0.0021199,8.67E-19,0.5,1.5466,0.0002209,0.005999,0.38221,-2.95E-10,0.5,1.5466,4.68E-05,3.01E-05,-0.00011898,0.0011791,-0.00018468,0.003014,,0.0339184,-0.00190368
0.0031778,0.8333,0.5,1.5407,-0.023058,-0.025762,1.0378,0.8333,0.5,1.5407,0.0016318,-0.00044762,0.00073327,0.0026859,-0.0014638,0.0020379,,0.0508448,0.01173232
0.0031515,0.8333,0.5,1.5605,-0.023168,-0.025702,1.0378,0.8333,0.5,1.5605,0.0016335,-0.00043449,0.00072375,0.0026609,-0.0014435,0.0020086,,0.050424,0.01158
0.0021396,8.67E-19,0.5,1.5782,0.00026224,0.0060154,0.38245,-2.95E-10,0.5,1.5782,4.75E-05,2.97E-05,-0.00011836,0.0012126,-0.00018948,0.0030191,,0.0342336,-0.00189376
0.0021462,8.67E-19,0.5,1.5841,0.00026602,0.0060186,0.38254,-2.95E-10,0.5,1.5841,5.02E-05,2.85E-05,-0.00012099,0.0012206,-0.00019057,0.0030218,,0.0343392,-0.00193584
0.0031439,0.8333,0.5,1.5782,-0.023213,-0.025624,1.0377,0.8333,0.5,1.5782,0.0016366,-0.00041628,0.00071162,0.0026592,-0.001432,0.0019919,,0.0503024,0.01138592
0.0030936,0.8333,0.5,1.598,-0.023357,-0.025575,1.0378,0.8333,0.5,1.598,0.001613,-0.00040826,0.00070875,0.0026225,-0.0014062,0.0019517,,0.0494976,0.01134
0.0021577,8.67E-19,0.5,1.6157,0.00044054,0.0060261,0.38276,-2.95E-10,0.5,1.6157,5.10E-05,2.75E-05,-0.00012342,0.0012371,-0.0001928,0.0030274,,0.0345232,-0.00197472
0.0021561,8.67E-19,0.5,1.6216,0.00044594,0.0060223,0.38284,-2.95E-10,0.5,1.6216,5.07E-05,2.46E-05,-0.00012092,0.0012354,-0.00019085,0.0030262,,0.0344976,-0.00193472
0.0030652,0.8333,0.5,1.6157,-0.023428,-0.025499,1.0377,0.8333,0.5,1.6157,0.0015931,-0.00039327,0.00070129,0.0026131,-0.0013887,0.0019242,,0.0490432,0.01122064
0.0030091,0.8333,0.5,1.6354,-0.023607,-0.025446,1.0378,0.8333,0.5,1.6354,0.0015629,-0.00040367,0.0006975,0.0025751,-0.0013604,0.0018803,,0.0481456,0.01116
0.0021531,8.67E-19,0.5,1.653,0.00072266,0.0060134,0.38304,-2.95E-10,0.5,1.653,5.07E-05,2.21E-05,-0.00011858,0.001232,-0.00018675,0.0030235,,0.0344496,-0.00189728
0.0021513,8.67E-19,0.5,1.6589,0.00073703,0.0060045,0.38313,-2.95E-10,0.5,1.6589,5.18E-05,1.70E-05,-0.00011797,0.0012326,-0.00018057,0.0030182,,0.0344208,-0.00188752
0.0029706,0.8333,0.5,1.653,-0.023706,-0.025371,1.0378,0.8333,0.5,1.653,0.0015345,-0.00040554,0.00068853,0.0025606,-0.0013431,0.0018461,,0.0475296,0.01101648
0.0029257,0.8333,0.5,1.6727,-0.023933,-0.025362,1.0379,0.8333,0.5,1.6727,0.0015262,-0.00041598,0.00069013,0.0025201,-0.0013103,0.0018052,,0.0468112,0.01104208
0.0021467,8.67E-19,0.5,1.6903,0.00081597,0.0059838,0.38333,-2.95E-10,0.5,1.6903,5.28E-05,1.23E-05,-0.0001174,0.0012339,-0.00016757,0.0030066,,0.0343472,-0.0018784
0.0021525,8.67E-19,0.5,1.6962,0.00083262,0.0059751,0.38342,-2.95E-10,0.5,1.6962,5.66E-05,9.75E-06,-0.00012075,0.001245,-0.0001617,0.0030035,,0.03444,-0.001932
0.0028928,0.8333,0.5,1.6903,-0.024062,-0.025304,1.0379,0.8333,0.5,1.6903,0.0015175,-0.00041918,0.00068555,0.0024997,-0.0012864,0.0017685,,0.0462848,0.0109688
0.0028616,0.8333,0.5,1.71,-0.024301,-0.025335,1.038,0.8333,0.5,1.71,0.0015277,-0.00041812,0.00069209,0.0024606,-0.0012553,0.0017349,,0.0457856,0.01107344
0.0021614,8.67E-19,0.5,1.7275,0.00077306,0.0059549,0.38362,-2.95E-10,0.5,1.7275,5.84E-05,7.42E-06,-0.00012387,0.0012677,-0.00014929,0.0029966,,0.0345824,-0.00198192
0.0021686,8.67E-19,0.5,1.7334,0.00077561,0.0059512,0.3837,-2.95E-10,0.5,1.7334,6.08E-05,4.83E-06,-0.00012595,0.0012788,-0.00014582,0.0029975,,0.0346976,-0.0020152
0.0028379,0.8333,0.5,1.7275,-0.024442,-0.025326,1.038,0.8333,0.5,1.7275,0.0015388,-0.00041655,0.0006942,0.0024357,-0.0012277,0.0017014,,0.0454064,0.0111072
0.0028027,0.8333,0.5,1.7471,-0.024696,-0.025372,1.038,0.8333,0.5,1.7471,0.0015393,-0.00042122,0.00069872,0.0023954,-0.0012011,0.0016706,,0.0448432,0.01117952
0.0021811,8.67E-19,0.5,1.7646,0.00077614,0.0059424,0.3839,-2.95E-10,0.5,1.7646,6.13E-05,2.48E-06,-0.00012788,0.0013018,-0.00013842,0.0029991,,0.0348976,-0.00204608
0.0021815,8.67E-19,0.5,1.7705,0.00077287,0.0059465,0.38398,-2.95E-10,0.5,1.7705,6.21E-05,-3.37E-07,-0.00013233,0.001297,-0.00013416,0.0030038,,0.034904,-0.00211728
0.0027742,0.8333,0.5,1.7646,-0.024846,-0.025397,1.0381,0.8333,0.5,1.7646,0.0015406,-0.00042363,0.00069911,0.0023683,-0.0011729,0.0016396,,0.0443872,0.01118576
0.0027343,0.8333,0.5,1.7842,-0.025103,-0.025399,1.0381,0.8333,0.5,1.7842,0.0015294,-0.00044081,0.00070194,0.0023298,-0.0011392,0.0016094,,0.0437488,0.01123104
0.0021814,8.67E-19,0.5,1.8016,0.00087823,0.0059562,0.38417,-2.95E-10,0.5,1.8016,6.16E-05,-2.89E-06,-0.00013647,0.0012873,-0.00012519,0.0030138,,0.0349024,-0.00218352
0.0021736,8.67E-19,0.5,1.8075,0.00087817,0.0059596,0.38426,-2.95E-10,0.5,1.8075,5.91E-05,-6.88E-06,-0.00013467,0.0012702,-0.00011813,0.0030179,,0.0347776,-0.00215472
0.0026986,0.8333,0.5,1.8016,-0.025269,-0.025415,1.0381,0.8333,0.5,1.8016,0.0015189,-0.00045313,0.00070356,0.0022993,-0.0011069,0.0015791,,0.0431776,0.01125696
0.0026502,0.8333,0.5,1.8212,-0.025544,-0.025357,1.0381,0.8333,0.5,1.8212,0.0015031,-0.00046736,0.00070166,0.0022423,-0.0010696,0.001555,,0.0424032,0.01122656
0.0021599,8.67E-19,0.5,1.8386,0.00105,0.005968,0.38447,-2.95E-10,0.5,1.8386,5.83E-05,-1.05E-05,-0.00013299,0.0012352,-0.00010335,0.0030263,,0.0345584,-0.00212784
0.0021491,8.67E-19,0.5,1.8444,0.0010652,0.0059475,0.38456,-2.95E-10,0.5,1.8444,5.69E-05,-1.74E-05,-0.00012973,0.0012197,-9.09E-05,0.0030216,,0.0343856,-0.00207568
0.0026035,0.8333,0.5,1.8386,-0.025727,-0.02534,1.0381,0.8333,0.5,1.8386,0.0014885,-0.0004779,0.00069979,0.0021894,-0.0010355,0.0015291,,0.041656,0.01119664
0.0025686,0.8333,0.5,1.8581,-0.025996,-0.025239,1.0381,0.8333,0.5,1.8581,0.0014847,-0.00048061,0.00070401,0.0021411,-0.001007,0.0015113,,0.0410976,0.01126416
0.002128,8.67E-19,0.5,1.8755,0.0011802,0.0059001,0.38477,-2.95E-10,0.5,1.8755,5.68E-05,-2.36E-05,-0.00012671,0.0011879,-6.49E-05,0.0030113,,0.034048,-0.00202736
0.0021202,8.67E-19,0.5,1.8813,0.0012072,0.0058612,0.38485,-2.95E-10,0.5,1.8813,5.71E-05,-2.74E-05,-0.00012971,0.0011807,-4.93E-05,0.0030026,,0.0339232,-0.00207536
0.0025327,0.8333,0.5,1.8755,-0.026192,-0.025208,1.038,0.8333,0.5,1.8755,0.0014834,-0.00048742,0.00070731,0.0020916,-0.00097743,0.0014904,,0.0405232,0.01131696
0.002505,0.8333,0.5,1.8949,-0.026453,-0.025058,1.038,0.8333,0.5,1.8949,0.0014775,-0.0004871,0.00070827,0.0020578,-0.00096222,0.0014746,,0.04008,0.01133232
0.0021035,8.67E-19,0.5,1.9123,0.0010195,0.0057706,0.38505,-2.95E-10,0.5,1.9123,5.70E-05,-3.08E-05,-0.00013252,0.001166,-1.66E-05,0.0029838,,0.033656,-0.00212032
0.0020998,8.67E-19,0.5,1.9181,0.0010368,0.0057302,0.38512,-2.95E-10,0.5,1.9181,5.54E-05,-3.17E-05,-0.00013813,0.0011614,-3.00E-06,0.0029828,,0.0335968,-0.00221008
0.0024744,0.8333,0.5,1.9123,-0.026646,-0.025021,1.0379,0.8333,0.5,1.9123,0.0014765,-0.00049269,0.00070973,0.0020155,-0.00094464,0.0014568,,0.0395904,0.01135568
0.0024554,0.8333,0.5,1.9317,-0.026874,-0.024835,1.0379,0.8333,0.5,1.9317,0.0014742,-0.00049853,0.00070658,0.0019927,-0.00093068,0.0014438,,0.0392864,0.01130528
0.0020935,8.67E-19,0.5,1.949,0.00086467,0.005636,0.38529,-2.95E-10,0.5,1.949,5.45E-05,-3.26E-05,-0.00014337,0.0011519,2.55E-05,0.0029806,,0.033496,-0.00229392
0.0020957,8.67E-19,0.5,1.9548,0.0008736,0.0056003,0.38534,-2.95E-10,0.5,1.9548,5.24E-05,-3.28E-05,-0.00015125,0.001146,3.36E-05,0.0029931,,0.0335312,-0.00242
0.0024334,0.8333,0.5,1.949,-0.027065,-0.024775,1.0378,0.8333,0.5,1.949,0.0014774,-0.00050482,0.00070659,0.0019569,-0.00091309,0.0014324,,0.0389344,0.01130544
0.0024123,0.8333,0.5,1.9684,-0.02727,-0.024509,1.0378,0.8333,0.5,1.9684,0.0014778,-0.00050487,0.0007054,0.0019203,-0.00089389,0.0014264,,0.0385968,0.0112864
0.0021025,8.67E-19,0.5,1.9856,0.0010212,0.0055166,0.38548,-2.95E-10,0.5,1.9856,5.14E-05,-3.30E-05,-0.0001586,0.0011337,5.06E-05,0.0030199,,0.03364,-0.0025376
0.002111,8.67E-19,0.5,1.9914,0.0010236,0.0054855,0.38554,-2.95E-10,0.5,1.9914,4.96E-05,-3.48E-05,-0.00016091,0.0011312,5.42E-05,0.0030411,,0.033776,-0.00257456
0.0023881,0.8333,0.5,1.9856,-0.027442,-0.024388,1.0378,0.8333,0.5,1.9856,0.0014813,-0.00050549,0.00070954,0.0018723,-0.00087345,0.0014226,,0.0382096,0.01135264
0.0023691,0.8333,0.5,2.005,-0.027609,-0.02413,1.0378,0.8333,0.5,2.005,0.0014823,-0.00049913,0.00070678,0.0018347,-0.00086514,0.0014213,,0.0379056,0.01130848
0.0021308,8.67E-19,0.5,2.0222,0.0010757,0.0054125,0.38567,-2.95E-10,0.5,2.0222,4.91E-05,-3.63E-05,-0.00016307,0.0011262,6.18E-05,0.0030864,,0.0340928,-0.00260912
0.0021412,8.67E-19,0.5,2.028,0.0010774,0.0053711,0.38573,-2.95E-10,0.5,2.028,4.91E-05,-4.01E-05,-0.00016143,0.0011267,6.50E-05,0.0031067,,0.0342592,-0.00258288
0.0023471,0.8333,0.5,2.0222,-0.027771,-0.023989,1.0377,0.8333,0.5,2.0222,0.0014869,-0.00049528,0.00070892,0.0017886,-0.00085036,0.0014187,,0.0375536,0.01134272
0.0023376,0.8333,0.5,2.0415,-0.027942,-0.023674,1.0378,0.8333,0.5,2.0415,0.0014871,-0.00049037,0.00069876,0.0017736,-0.00084049,0.0014145,,0.0374016,0.01118016
0.0021636,8.67E-19,0.5,2.0587,0.00099677,0.0052738,0.38587,-2.95E-10,0.5,2.0587,4.93E-05,-4.35E-05,-0.00015991,0.0011278,7.15E-05,0.0031501,,0.0346176,-0.00255856
0.0021724,8.67E-19,0.5,2.0645,0.00099726,0.0052198,0.38593,-2.95E-10,0.5,2.0645,4.92E-05,-4.32E-05,-0.00015885,0.0011277,7.42E-05,0.0031678,,0.0347584,-0.0025416
0.0023224,0.8333,0.5,2.0587,-0.028107,-0.023485,1.0378,0.8333,0.5,2.0587,0.0014894,-0.00049057,0.00069314,0.0017474,-0.00082423,0.001408,,0.0371584,0.01109024
0.0023143,0.8333,0.5,2.078,-0.028234,-0.023165,1.0379,0.8333,0.5,2.078,0.0014865,-0.0004973,0.00067597,0.0017416,-0.00081232,0.0014004,,0.0370288,0.01081552
0.0021912,8.67E-19,0.5,2.0951,0.00099466,0.0050929,0.38608,-2.95E-10,0.5,2.0951,4.91E-05,-4.30E-05,-0.00015787,0.0011275,7.98E-05,0.0032058,,0.0350592,-0.00252592
0.0021983,8.67E-19,0.5,2.1009,0.00098514,0.0050369,0.38613,-2.95E-10,0.5,2.1009,4.67E-05,-3.93E-05,-0.00015572,0.0011237,8.03E-05,0.0032261,,0.0351728,-0.00249152
0.0023023,0.8333,0.5,2.0951,-0.028373,-0.022949,1.0379,0.8333,0.5,2.0951,0.0014901,-0.00050329,0.00066539,0.0017226,-0.00079903,0.0013919,,0.0368368,0.01064624
0.0022911,0.8333,0.5,2.1144,-0.028475,-0.022597,1.0381,0.8333,0.5,2.1144,0.0014954,-0.0004997,0.00065514,0.0016977,-0.00079059,0.0013891,,0.0366576,0.01048224
0.0022157,8.67E-19,0.5,2.1315,0.0010959,0.0049052,0.38626,-2.95E-10,0.5,2.1315,4.57E-05,-3.60E-05,-0.00015372,0.001116,8.13E-05,0.0032697,,0.0354512,-0.00245952
0.0022236,8.67E-19,0.5,2.1372,0.0010809,0.004855,0.3863,-2.95E-10,0.5,2.1372,4.35E-05,-3.20E-05,-0.00015343,0.0011066,7.92E-05,0.0032971,,0.0355776,-0.00245488
0.0022753,0.8333,0.5,2.1315,-0.028586,-0.022346,1.0381,0.8333,0.5,2.1315,0.0015053,-0.0004953,0.0006497,0.0016604,-0.0007805,0.001385,,0.0364048,0.0103952
0.0022601,0.8333,0.5,2.1507,-0.028641,-0.022029,1.0383,0.8333,0.5,2.1507,0.0015117,-0.00048512,0.00064114,0.0016219,-0.00078202,0.0013865,,0.0361616,0.01025824
0.0022428,8.67E-19,0.5,2.1678,0.0013229,0.0047365,0.3864,-2.95E-10,0.5,2.1678,4.27E-05,-2.84E-05,-0.00015316,0.0010873,7.47E-05,0.0033556,,0.0358848,-0.00245056
0.002251,8.67E-19,0.5,2.1735,0.0013085,0.0046918,0.38645,-2.95E-10,0.5,2.1735,4.08E-05,-2.57E-05,-0.00015145,0.0010743,7.20E-05,0.0033869,,0.036016,-0.0024232
0.0022449,0.8333,0.5,2.1678,-0.02872,-0.021779,1.0384,0.8333,0.5,2.1678,0.0015212,-0.00047634,0.00063551,0.0015809,-0.00077967,0.0013876,,0.0359184,0.01016816
0.0022439,0.8333,0.5,2.1869,-0.028726,-0.021449,1.0386,0.8333,0.5,2.1869,0.001514,-0.00047358,0.00062212,0.0015838,-0.00077927,0.00139,,0.0359024,0.00995392
0.002271,8.67E-19,0.5,2.204,0.0012849,0.0045864,0.38655,-2.95E-10,0.5,2.204,4.02E-05,-2.33E-05,-0.00014985,0.0010477,6.62E-05,0.003454,,0.036336,-0.0023976
0.0022802,8.67E-19,0.5,2.2097,0.0012769,0.0045377,0.38661,-2.95E-10,0.5,2.2097,3.86E-05,-2.32E-05,-0.00014629,0.0010384,6.34E-05,0.0034833,,0.0364832,-0.00234064
0.0022427,0.8333,0.5,2.204,-0.028765,-0.021164,1.0387,0.8333,0.5,2.204,0.0015097,-0.00047058,0.00061116,0.0015837,-0.0007714,0.001392,,0.0358832,0.00977856
0.002244,0.8333,0.5,2.2231,-0.028733,-0.020845,1.0389,0.8333,0.5,2.2231,0.0014945,-0.00046914,0.0005904,0.0015984,-0.00075415,0.001395,,0.035904,0.0094464
0.0023018,8.67E-19,0.5,2.2401,0.00079427,0.004423,0.38676,-2.95E-10,0.5,2.2401,3.82E-05,-2.31E-05,-0.00014298,0.0010194,5.76E-05,0.0035461,,0.0368288,-0.00228768
0.002316,8.67E-19,0.5,2.2458,0.00079183,0.0043724,0.38684,-2.95E-10,0.5,2.2458,3.73E-05,-2.40E-05,-0.00013998,0.0010203,5.63E-05,0.0035744,,0.037056,-0.00223968
0.0022454,0.8333,0.5,2.2401,-0.028744,-0.020564,1.0391,0.8333,0.5,2.2401,0.0014906,-0.00046739,0.0005721,0.0016067,-0.00073726,0.0013934,,0.0359264,0.0091536
0.0022453,0.8333,0.5,2.2592,-0.028659,-0.020265,1.0393,0.8333,0.5,2.2592,0.0014983,-0.00046515,0.0005565,0.0016007,-0.0007302,0.0013916,,0.0359248,0.008904
0.0023471,8.67E-19,0.5,2.2762,0.00038534,0.0042534,0.38704,-2.95E-10,0.5,2.2762,3.72E-05,-2.49E-05,-0.00013718,0.0010222,5.34E-05,0.0036348,,0.0375536,-0.00219488
0.0023658,8.67E-19,0.5,2.2819,0.00037854,0.0042032,0.38713,-2.95E-10,0.5,2.2819,3.69E-05,-2.48E-05,-0.00013401,0.0010296,5.73E-05,0.0036651,,0.0378528,-0.00214416
0.0022434,0.8333,0.5,2.2762,-0.028613,-0.019985,1.0394,0.8333,0.5,2.2762,0.00152,-0.0004652,0.00054318,0.0015845,-0.00072688,0.0013823,,0.0358944,0.00869088
0.0022266,0.8333,0.5,2.2953,-0.028476,-0.019757,1.0396,0.8333,0.5,2.2953,0.0015353,-0.00044943,0.00052978,0.0015462,-0.00074,0.0013717,,0.0356256,0.00847648
0.0024058,8.67E-19,0.5,2.3122,0.00021111,0.0040853,0.38735,-2.95E-10,0.5,2.3122,3.70E-05,-2.48E-05,-0.00013105,0.0010448,6.55E-05,0.0037298,,0.0384928,-0.0020968
0.0024224,8.67E-19,0.5,2.3179,0.00019457,0.0040332,0.38744,-2.95E-10,0.5,2.3179,3.70E-05,-2.19E-05,-0.00012849,0.0010489,7.27E-05,0.003759,,0.0387584,-0.00205584
0.0022088,0.8333,0.5,2.3122,-0.028392,-0.019525,1.0398,0.8333,0.5,2.3122,0.0015542,-0.00043798,0.00051864,0.0015042,-0.00075082,0.0013592,,0.0353408,0.00829824
0.0021931,0.8333,0.5,2.3312,-0.028242,-0.019318,1.0399,0.8333,0.5,2.3312,0.0015352,-0.00042637,0.0005089,0.0015008,-0.00077033,0.0013502,,0.0350896,0.0081424
0.0024579,8.67E-19,0.5,2.3482,0.00017807,0.003911,0.38768,-2.95E-10,0.5,2.3482,3.71E-05,-1.92E-05,-0.00012612,0.0010574,8.76E-05,0.0038213,,0.0393264,-0.00201792
0.002467,8.67E-19,0.5,2.3538,0.00015373,0.0038584,0.38777,-2.95E-10,0.5,2.3538,3.67E-05,-1.45E-05,-0.00012304,0.0010548,9.08E-05,0.0038425,,0.039472,-0.00196864
0.0021749,0.8333,0.5,2.3482,-0.028142,-0.019078,1.04,0.8333,0.5,2.3482,0.0015111,-0.00041158,0.00049771,0.0014946,-0.00077582,0.0013442,,0.0347984,0.00796336
0.0021743,0.8333,0.5,2.3672,-0.02799,-0.018874,1.0401,0.8333,0.5,2.3672,0.001474,-0.00040405,0.00049226,0.00152,-0.00076851,0.0013545,,0.0347888,0.00787616
0.0024869,8.67E-19,0.5,2.3841,0.00037081,0.0037349,0.38801,-2.95E-10,0.5,2.3841,3.64E-05,-1.01E-05,-0.00012018,0.0010496,9.73E-05,0.0038879,,0.0397904,-0.00192288
0.0024933,8.67E-19,0.5,2.3897,0.00034439,0.0036832,0.38812,-2.95E-10,0.5,2.3897,3.57E-05,-6.91E-06,-0.00011818,0.0010504,9.51E-05,0.0039006,,0.0398928,-0.00189088
0.0021677,0.8333,0.5,2.3841,-0.027878,-0.018636,1.0402,0.8333,0.5,2.3841,0.0014386,-0.00039334,0.0004788,0.0015386,-0.00075145,0.0013582,,0.0346832,0.0076608
0.0021886,0.8333,0.5,2.403,-0.027702,-0.018438,1.0402,0.8333,0.5,2.403,0.0014338,-0.00039656,0.0004666,0.0015618,-0.00073716,0.0013816,,0.0350176,0.0074656
0.0025077,8.67E-19,0.5,2.4199,0.00043077,0.0035614,0.38837,-2.95E-10,0.5,2.4199,3.54E-05,-4.02E-06,-0.00011633,0.0010522,9.03E-05,0.0039278,,0.0401232,-0.00186128
0.0025182,8.67E-19,0.5,2.4255,0.00040403,0.0035218,0.38848,-2.95E-10,0.5,2.4255,3.52E-05,-3.61E-06,-0.00011518,0.0010629,8.94E-05,0.0039383,,0.0402912,-0.00184288
0.0022033,0.8333,0.5,2.4199,-0.027539,-0.018198,1.0403,0.8333,0.5,2.4199,0.0014437,-0.00040161,0.00044731,0.0015764,-0.00072718,0.0013866,,0.0352528,0.00715696
0.0022154,0.8333,0.5,2.4388,-0.02733,-0.01804,1.0403,0.8333,0.5,2.4388,0.001455,-0.00039521,0.00043364,0.0015731,-0.00073233,0.0014026,,0.0354464,0.00693824
0.0025405,8.67E-19,0.5,2.4556,0.00017226,0.0034285,0.38874,-2.95E-10,0.5,2.4556,3.53E-05,-3.25E-06,-0.00011411,0.0010849,8.73E-05,0.0039608,,0.040648,-0.00182576
0.0025502,8.67E-19,0.5,2.4613,0.00014069,0.0034008,0.38884,-2.95E-10,0.5,2.4613,3.62E-05,-2.32E-06,-0.00011284,0.0010926,8.88E-05,0.0039716,,0.0408032,-0.00180544
0.0022191,0.8333,0.5,2.4556,-0.027145,-0.01784,1.0404,0.8333,0.5,2.4556,0.0014783,-0.00039149,0.00041828,0.0015594,-0.00074386,0.0014005,,0.0355056,0.00669248
0.0022092,0.8333,0.5,2.4745,-0.026885,-0.017729,1.0404,0.8333,0.5,2.4745,0.0014686,-0.00037426,0.00041461,0.0015373,-0.0007697,0.0014126,,0.0353472,0.00663376
0.0025699,8.67E-19,0.5,2.4913,-9.06E-05,0.0033357,0.38907,-2.95E-10,0.5,2.4913,3.68E-05,-1.48E-06,-0.00011166,0.0011084,9.19E-05,0.0039947,,0.0411184,-0.00178656
0.0025718,8.67E-19,0.5,2.4969,-0.00012454,0.0033077,0.38916,-2.95E-10,0.5,2.4969,3.72E-05,2.68E-06,-0.00011155,0.0011029,9.03E-05,0.0040035,,0.0411488,-0.0017848
0.0021958,0.8333,0.5,2.4913,-0.026641,-0.017565,1.0404,0.8333,0.5,2.4913,0.0014588,-0.00035795,0.00041053,0.0015198,-0.00079117,0.001413,,0.0351328,0.00656848
0.0021933,0.8333,0.5,2.5102,-0.026393,-0.01748,1.0403,0.8333,0.5,2.5102,0.0014313,-0.00034028,0.00041926,0.0015229,-0.00080968,0.0014324,,0.0350928,0.00670816
0.0025756,8.67E-19,0.5,2.5269,-0.00013414,0.0032418,0.38935,-2.95E-10,0.5,2.5269,3.71E-05,6.46E-06,-0.00011146,0.0010916,8.69E-05,0.0040226,,0.0412096,-0.00178336
0.0025748,8.67E-19,0.5,2.5325,-0.00016644,0.0032163,0.38943,-2.95E-10,0.5,2.5325,3.63E-05,1.09E-05,-0.00011012,0.0010849,8.15E-05,0.0040284,,0.0411968,-0.00176192
0.0021843,0.8333,0.5,2.5269,-0.02615,-0.017334,1.0403,0.8333,0.5,2.5269,0.0013985,-0.00032248,0.0004217,0.0015274,-0.00081689,0.0014426,,0.0349488,0.0067472
0.0021945,0.8333,0.5,2.5457,-0.025948,-0.017249,1.0403,0.8333,0.5,2.5457,0.0013888,-0.00030772,0.00041896,0.0015405,-0.00081162,0.0014597,,0.035112,0.00670336
0.002574,8.67E-19,0.5,2.5625,-3.13E-05,0.0031558,0.38962,-2.95E-10,0.5,2.5625,3.57E-05,1.50E-05,-0.00010889,0.0010712,7.01E-05,0.0040411,,0.041184,-0.00174224
0.002578,8.67E-19,0.5,2.5681,-6.08E-05,0.0031361,0.38971,-2.95E-10,0.5,2.5681,3.57E-05,1.69E-05,-0.00010634,0.0010773,6.68E-05,0.0040431,,0.041248,-0.00170144
0.0022037,0.8333,0.5,2.5625,-0.025704,-0.017113,1.0403,0.8333,0.5,2.5625,0.0013818,-0.0002997,0.00041229,0.0015571,-0.00080916,0.0014685,,0.0352592,0.00659664
0.0022192,0.8333,0.5,2.5813,-0.025513,-0.017058,1.0402,0.8333,0.5,2.5813,0.001386,-0.00029662,0.00039017,0.0015768,-0.00081398,0.0014757,,0.0355072,0.00624272
0.0025866,8.67E-19,0.5,2.598,6.39E-05,0.0030895,0.38992,-2.95E-10,0.5,2.598,3.57E-05,1.86E-05,-0.00010398,0.00109,5.97E-05,0.0040475,,0.0413856,-0.00166368
0.0025922,8.67E-19,0.5,2.6036,3.75E-05,0.0030755,0.39001,-2.95E-10,0.5,2.6036,3.72E-05,1.86E-05,-0.00010162,0.001103,6.04E-05,0.0040442,,0.0414752,-0.00162592
0.0022303,0.8333,0.5,2.598,-0.025288,-0.016952,1.0402,0.8333,0.5,2.598,0.0013912,-0.00029405,0.00037063,0.0015898,-0.00082211,0.0014795,,0.0356848,0.00593008
0.0022267,0.8333,0.5,2.6167,-0.025111,-0.016917,1.0402,0.8333,0.5,2.6167,0.0013962,-0.00029298,0.00035625,0.0015694,-0.00083818,0.0014878,,0.0356272,0.0057
0.0026026,8.67E-19,0.5,2.6334,8.05E-05,0.0030426,0.39021,-2.95E-10,0.5,2.6334,3.78E-05,1.86E-05,-9.94E-05,0.00113,6.17E-05,0.0040374,,0.0416416,-0.001590704
0.0026014,8.67E-19,0.5,2.639,5.40E-05,0.0030306,0.39029,-2.95E-10,0.5,2.639,4.03E-05,2.04E-05,-9.85E-05,0.0011324,6.25E-05,0.0040302,,0.0416224,-0.001575216
0.0022197,0.8333,0.5,2.6334,-0.024887,-0.016859,1.0402,0.8333,0.5,2.6334,0.001396,-0.00028482,0.00034642,0.0015466,-0.0008517,0.0014968,,0.0355152,0.00554272
0.0022251,0.8333,0.5,2.6521,-0.024742,-0.016795,1.0401,0.8333,0.5,2.6521,0.0014048,-0.00027501,0.00035568,0.0015305,-0.00087457,0.0015149,,0.0356016,0.00569088
0.0025969,8.67E-19,0.5,2.6688,6.92E-06,0.0030022,0.39046,-2.95E-10,0.5,2.6688,4.13E-05,2.21E-05,-9.75E-05,0.0011372,6.42E-05,0.0040152,,0.0415504,-0.001560784
0.0025889,8.67E-19,0.5,2.6744,-2.12E-05,0.00299,0.39053,-2.95E-10,0.5,2.6744,4.31E-05,2.78E-05,-9.87E-05,0.0011264,6.18E-05,0.0040083,,0.0414224,-0.001579568
0.0022265,0.8333,0.5,2.6688,-0.024562,-0.016716,1.04,0.8333,0.5,2.6688,0.0014072,-0.00025902,0.0003625,0.0015168,-0.00089643,0.0015289,,0.035624,0.0058
0.0022548,0.8333,0.5,2.6875,-0.024472,-0.016596,1.04,0.8333,0.5,2.6875,0.0014248,-0.00023128,0.00036441,0.0015325,-0.00089411,0.0015523,,0.0360768,0.00583056
0.0025709,8.67E-19,0.5,2.7041,-3.68E-05,0.0029611,0.39069,-2.95E-10,0.5,2.7041,4.38E-05,3.30E-05,-9.98E-05,0.0011041,5.69E-05,0.003994,,0.0411344,-0.001597184
0.0025651,8.67E-19,0.5,2.7097,-6.06E-05,0.0029523,0.39076,-2.95E-10,0.5,2.7097,4.51E-05,3.86E-05,-9.98E-05,0.0010977,5.13E-05,0.0039874,,0.0410416,-0.00159664
0.0022734,0.8333,0.5,2.7041,-0.024328,-0.016511,1.04,0.8333,0.5,2.7041,0.0014401,-0.00020802,0.00036323,0.0015453,-0.00090221,0.0015615,,0.0363744,0.00581168
0.0022965,0.8333,0.5,2.7228,-0.024239,-0.016397,1.04,0.8333,0.5,2.7228,0.0014441,-0.00019164,0.00033634,0.0015721,-0.00088867,0.0015768,,0.036744,0.00538144
0.0025519,8.67E-19,0.5,2.7394,-3.69E-05,0.0029314,0.39092,-2.95E-10,0.5,2.7394,4.53E-05,4.36E-05,-9.98E-05,0.0010849,3.98E-05,0.0039736,,0.0408304,-0.001596256
0.0025508,8.67E-19,0.5,2.745,-5.02E-05,0.0029238,0.391,-2.95E-10,0.5,2.745,4.90E-05,4.70E-05,-9.74E-05,0.0010911,3.44E-05,0.0039616,,0.0408128,-0.00155784
0.0023116,0.8333,0.5,2.7394,-0.02413,-0.016315,1.04,0.8333,0.5,2.7394,0.0014486,-0.00017776,0.00031539,0.0015925,-0.00088811,0.0015821,,0.0369856,0.00504624
0.002303,0.8333,0.5,2.758,-0.024058,-0.016143,1.0399,0.8333,0.5,2.758,0.001449,-0.00018975,0.00029131,0.0015755,-0.00089432,0.0015814,,0.036848,0.00466096
0.0025452,8.67E-19,0.5,2.7746,1.37E-05,0.0029056,0.39117,-2.95E-10,0.5,2.7746,5.03E-05,5.01E-05,-9.51E-05,0.0011041,2.32E-05,0.0039361,,0.0407232,-0.001522128
0.0025413,8.67E-19,0.5,2.7802,7.54E-06,0.0028983,0.39124,-2.95E-10,0.5,2.7802,5.52E-05,5.25E-05,-9.29E-05,0.0011109,1.88E-05,0.0039164,,0.0406608,-0.001487088
0.0022918,0.8333,0.5,2.7746,-0.023956,-0.016038,1.0399,0.8333,0.5,2.7746,0.0014466,-0.00019277,0.00027356,0.0015492,-0.00089826,0.0015878,,0.0366688,0.00437696
0.0022683,0.8333,0.5,2.7932,-0.023901,-0.015862,1.0399,0.8333,0.5,2.7932,0.0014518,-0.00020231,0.00026503,0.0015059,-0.00091287,0.0015789,,0.0362928,0.00424048
0.0025282,8.67E-19,0.5,2.8098,0.00011484,0.0028808,0.39139,-2.95E-10,0.5,2.8098,5.69E-05,5.48E-05,-9.09E-05,0.001125,9.51E-06,0.0038746,,0.0404512,-0.001454432
0.0025182,8.67E-19,0.5,2.8153,0.00010565,0.002871,0.39144,-2.95E-10,0.5,2.8153,5.99E-05,5.67E-05,-8.92E-05,0.0011243,5.59E-06,0.0038522,,0.0402912,-0.001426672
0.0022469,0.8333,0.5,2.8098,-0.023841,-0.015731,1.0399,0.8333,0.5,2.8098,0.0014486,-0.0002038,0.0002629,0.0014644,-0.00092618,0.0015808,,0.0359504,0.0042064
0.0022603,0.8333,0.5,2.8283,-0.023804,-0.015515,1.04,0.8333,0.5,2.8283,0.001459,-0.00019176,0.00024626,0.001487,-0.00093044,0.0015747,,0.0361648,0.00394016
0.0024939,8.67E-19,0.5,2.8449,6.85E-05,0.0028476,0.39157,-2.95E-10,0.5,2.8449,6.06E-05,5.84E-05,-8.75E-05,0.0011228,-2.61E-06,0.0038043,,0.0399024,-0.001400752
0.0024851,8.67E-19,0.5,2.8504,4.55E-05,0.0028385,0.39162,-2.95E-10,0.5,2.8504,6.12E-05,6.03E-05,-8.53E-05,0.0011261,-5.97E-06,0.003783,,0.0397616,-0.00136512
0.0022703,0.8333,0.5,2.8449,-0.023768,-0.015344,1.04,0.8333,0.5,2.8449,0.00147,-0.00017579,0.00023571,0.0014995,-0.00094052,0.0015712,,0.0363248,0.00377136
0.0022999,0.8333,0.5,2.8634,-0.023687,-0.015146,1.0401,0.8333,0.5,2.8634,0.0014713,-0.00016487,0.0002076,0.0015514,-0.00092331,0.001577,,0.0367984,0.0033216
0.0024658,8.67E-19,0.5,2.8799,-0.00011719,0.0028169,0.39173,-2.95E-10,0.5,2.8799,6.14E-05,6.21E-05,-8.32E-05,0.0011328,-1.31E-05,0.0037374,,0.0394528,-0.001331904
0.0024617,8.67E-19,0.5,2.8854,-0.00014667,0.002812,0.39177,-2.95E-10,0.5,2.8854,6.16E-05,6.44E-05,-8.06E-05,0.0011462,-1.54E-05,0.0037156,,0.0393872,-0.001289664
0.0023255,0.8333,0.5,2.8799,-0.023651,-0.01498,1.0402,0.8333,0.5,2.8799,0.0014836,-0.00015034,0.0001861,0.0015854,-0.00091252,0.0015819,,0.037208,0.0029776
0.0023418,0.8333,0.5,2.8984,-0.023569,-0.014737,1.0402,0.8333,0.5,2.8984,0.0014853,-0.00015576,0.00016145,0.0016051,-0.00090804,0.0015932,,0.0374688,0.0025832
0.0024524,8.67E-19,0.5,2.9149,-0.00041152,0.0028003,0.39186,-2.95E-10,0.5,2.9149,6.18E-05,6.66E-05,-7.82E-05,0.0011738,-2.04E-05,0.0036692,,0.0392384,-0.0012504
0.0024442,8.67E-19,0.5,2.9204,-0.00043206,0.0027942,0.39187,-2.95E-10,0.5,2.9204,6.36E-05,6.87E-05,-7.57E-05,0.0011801,-2.06E-05,0.0036448,,0.0391072,-0.001211344
0.00235,0.8333,0.5,2.9149,-0.023529,-0.01455,1.0402,0.8333,0.5,2.9149,0.0014929,-0.00015509,0.00014213,0.0016036,-0.00089735,0.0016035,,0.0376,0.00227408
0.0023423,0.8333,0.5,2.9334,-0.0234,-0.014302,1.0402,0.8333,0.5,2.9334,0.001501,-0.00014272,0.00013203,0.0015832,-0.00091229,0.0016004,,0.0374768,0.00211248
0.002425,8.67E-19,0.5,2.9498,-0.00076106,0.0027801,0.39191,-2.95E-10,0.5,2.9498,6.43E-05,7.07E-05,-7.34E-05,0.0011931,-2.10E-05,0.0035926,,0.0388,-0.00117504
0.0024067,8.67E-19,0.5,2.9553,-0.00076994,0.002776,0.3919,-2.95E-10,0.5,2.9553,6.55E-05,7.12E-05,-7.14E-05,0.0011787,-1.74E-05,0.0035693,,0.0385072,-0.001141696
0.0023267,0.8333,0.5,2.9498,-0.023336,-0.014091,1.0402,0.8333,0.5,2.9498,0.0015043,-0.00013515,0.00012458,0.0015536,-0.00091398,0.0015956,,0.0372272,0.00199328
0.0023334,0.8333,0.5,2.9683,-0.023217,-0.013823,1.0402,0.8333,0.5,2.9683,0.0015043,-0.00010203,0.00011695,0.0015733,-0.0009382,0.0015893,,0.0373344,0.0018712
0.0023672,8.67E-19,0.5,2.9847,-0.00079705,0.0027665,0.39187,-2.95E-10,0.5,2.9847,6.58E-05,7.16E-05,-6.94E-05,0.0011491,-9.92E-06,0.0035194,,0.0378752,-0.00111056
0.002348,8.67E-19,0.5,2.9902,-0.00079878,0.002767,0.39183,-2.95E-10,0.5,2.9902,6.40E-05,7.12E-05,-6.71E-05,0.0011274,-4.38E-06,0.0035046,,0.037568,-0.001074368
0.0023341,0.8333,0.5,2.9847,-0.023172,-0.013578,1.0402,0.8333,0.5,2.9847,0.0015085,-8.02E-05,0.00011184,0.0015826,-0.00094901,0.0015771,,0.0373456,0.00178944
0.0023707,0.8333,0.5,3.0031,-0.023011,-0.01331,1.0401,0.8333,0.5,3.0031,0.0015032,-6.22E-05,9.95E-05,0.001645,-0.00097636,0.0015933,,0.0379312,0.001591488
0.0023096,8.67E-19,0.5,3.0195,-0.00096152,0.0027684,0.39174,-2.95E-10,0.5,3.0195,6.36E-05,7.08E-05,-6.50E-05,0.0010828,7.23E-06,0.0034729,,0.0369536,-0.001040512
0.0023008,8.67E-19,0.5,3.025,-0.00096118,0.0027691,0.3917,-2.95E-10,0.5,3.025,6.18E-05,7.05E-05,-6.21E-05,0.0010753,1.26E-05,0.0034645,,0.0368128,-0.000994352
0.0023952,0.8333,0.5,3.0195,-0.02295,-0.013048,1.0401,0.8333,0.5,3.0195,0.0015057,-4.76E-05,8.83E-05,0.0016896,-0.00098443,0.001595,,0.0383232,0.001413536
0.0024362,0.8333,0.5,3.0379,-0.022801,-0.012752,1.0398,0.8333,0.5,3.0379,0.0015079,-5.08E-05,6.98E-05,0.0017377,-0.0010168,0.0016267,,0.0389792,0.001116688
0.0022842,8.67E-19,0.5,3.0543,-0.0012796,0.0027711,0.3916,-2.95E-10,0.5,3.0543,6.19E-05,7.03E-05,-5.95E-05,0.00106,2.40E-05,0.0034465,,0.0365472,-0.000951328
0.0022837,8.67E-19,0.5,3.06,-0.0012793,0.0027746,0.39159,-2.95E-10,0.5,3.06,6.43E-05,7.00E-05,-5.64E-05,0.0010688,3.14E-05,0.0034342,,0.0365392,-0.000902608
0.0024579,0.8333,0.5,3.0543,-0.022719,-0.01247,1.0398,0.8333,0.5,3.0543,0.0015045,-4.92E-05,5.50E-05,0.0017715,-0.0010236,0.0016398,,0.0393264,0.0008804
0.0024967,0.8333,0.5,3.0732,-0.022543,-0.012159,1.0395,0.8333,0.5,3.0732,0.00152,-4.08E-05,3.30E-05,0.0017911,-0.0010738,0.0016823,,0.0399472,0.000528544
0.0022799,8.67E-19,0.5,3.09,-0.00085791,0.0027834,0.39155,-2.95E-10,0.5,3.09,6.47E-05,6.97E-05,-5.36E-05,0.0010871,4.71E-05,0.0034079,,0.0364784,-0.00085728
0.002281,8.67E-19,0.5,3.0958,-0.00086106,0.0027931,0.39155,-2.95E-10,0.5,3.0958,7.09E-05,7.03E-05,-5.21E-05,0.0011013,5.59E-05,0.0033898,,0.036496,-0.000833824
0.002514,0.8333,0.5,3.09,-0.022415,-0.011835,1.0394,0.8333,0.5,3.09,0.0015229,-3.08E-05,1.60E-05,0.0018044,-0.0010984,0.0017006,,0.040224,0.000256048
0.002564,0.8333,0.5,3.1094,-0.022242,-0.01159,1.039,0.8333,0.5,3.1094,0.0015287,-6.83E-06,6.69E-06,0.0018288,-0.0011646,0.0017705,,0.041024,0.000107046
0.0022769,8.67E-19,0.5,3.1266,-0.00052915,0.0028166,0.39157,-2.95E-10,0.5,3.1266,7.22E-05,7.07E-05,-5.07E-05,0.0011306,7.45E-05,0.003351,,0.0364304,-0.000811968
0.0022769,8.67E-19,0.5,3.1326,-0.00054279,0.0028263,0.39158,-2.95E-10,0.5,3.1326,7.68E-05,7.22E-05,-5.00E-05,0.0011421,8.25E-05,0.0033349,,0.0364304,-0.000799936
0.0025922,0.8333,0.5,3.1266,-0.022112,-0.011293,1.0388,0.8333,0.5,3.1266,0.0015383,1.52E-05,-1.39E-06,0.0018466,-0.0012112,0.0017995,,0.0414752,-2.22752E-05
0.0026686,0.8333,0.5,3.1465,-0.021916,-0.01112,1.0382,0.8333,0.5,3.1465,0.0015487,2.68E-05,6.94E-06,0.0018856,-0.0012817,0.001903,,0.0426976,0.000111058
0.0022723,8.67E-19,0.5,3.1642,-0.00087242,0.0028496,0.3916,-2.95E-10,0.5,3.1642,7.84E-05,7.35E-05,-4.93E-05,0.0011658,9.94E-05,0.0033004,,0.0363568,-0.000788528
0.002272,8.67E-19,0.5,3.1702,-0.0009021,0.0028573,0.39161,-2.95E-10,0.5,3.1702,7.82E-05,7.38E-05,-4.81E-05,0.0011736,0.00010659,0.003292,,0.036352,-0.000769472
0.002717,0.8333,0.5,3.1642,-0.021741,-0.010862,1.0379,0.8333,0.5,3.1642,0.0015659,4.40E-05,7.52E-06,0.0019082,-0.001337,0.0019598,,0.043472,0.000120309
0.0028135,0.8333,0.5,3.1845,-0.021641,-0.01073,1.0373,0.8333,0.5,3.1845,0.001594,3.98E-05,3.32E-05,0.0019549,-0.0014001,0.002078,,0.045016,0.000531904
0.002271,8.67E-19,0.5,3.2026,-0.00093423,0.0028758,0.39163,-2.95E-10,0.5,3.2026,7.82E-05,7.40E-05,-4.70E-05,0.0011897,0.00012174,0.0032741,,0.036336,-0.000751424
0.0022711,8.67E-19,0.5,3.2088,-0.00097639,0.0028811,0.39163,-2.95E-10,0.5,3.2088,7.55E-05,7.11E-05,-4.52E-05,0.0011954,0.00013026,0.0032713,,0.0363376,-0.000722848
0.0028903,0.8333,0.5,3.2026,-0.021536,-0.010525,1.0369,0.8333,0.5,3.2026,0.001618,4.44E-05,4.36E-05,0.0019916,-0.0014576,0.002171,,0.0462448,0.000696928
0.002977,0.8333,0.5,3.2233,-0.021443,-0.010414,1.0363,0.8333,0.5,3.2233,0.0016568,4.49E-05,7.03E-05,0.0020321,-0.0014981,0.002265,,0.047632,0.001125264
0.0022734,8.67E-19,0.5,3.2418,-0.00068041,0.0028941,0.39165,-2.95E-10,0.5,3.2418,7.46E-05,6.84E-05,-4.35E-05,0.0012069,0.00014822,0.0032653,,0.0363744,-0.000696016
0.0022726,8.67E-19,0.5,3.2482,-0.00072463,0.0028934,0.39165,-2.95E-10,0.5,3.2482,7.28E-05,6.20E-05,-4.10E-05,0.0012103,0.00016187,0.0032622,,0.0363616,-0.000656704
0.0030583,0.8333,0.5,3.2418,-0.021311,-0.010254,1.0358,0.8333,0.5,3.2418,0.0016877,5.08E-05,8.25E-05,0.0020637,-0.0015368,0.0023652,,0.0489328,0.001320064
0.0031073,0.8333,0.5,3.2631,-0.021242,-0.010158,1.0353,0.8333,0.5,3.2631,0.0016905,5.59E-05,0.00011298,0.0021121,-0.0015614,0.002412,,0.0497168,0.00180768
0.0022726,8.67E-19,0.5,3.2819,-0.00041537,0.0028923,0.39165,-2.95E-10,0.5,3.2819,7.22E-05,5.62E-05,-3.88E-05,0.0012171,0.00019064,0.0032558,,0.0363616,-0.000620048
0.0022708,8.67E-19,0.5,3.2884,-0.00045047,0.0028904,0.39165,-2.95E-10,0.5,3.2884,7.21E-05,4.78E-05,-3.65E-05,0.0012184,0.0002106,0.0032511,,0.0363328,-0.00058432
0.0031688,0.8333,0.5,3.2819,-0.02115,-0.010035,1.0348,0.8333,0.5,3.2819,0.0016909,6.82E-05,0.00013626,0.002157,-0.0015893,0.0024897,,0.0507008,0.00218016
0.0031939,0.8333,0.5,3.3036,-0.02102,-0.0099073,1.0343,0.8333,0.5,3.3036,0.0016705,6.38E-05,0.00016703,0.0022121,-0.0016139,0.0025052,,0.0511024,0.00267248
0.0022671,8.67E-19,0.5,3.3229,-0.0004152,0.0028871,0.39165,-2.95E-10,0.5,3.3229,7.19E-05,4.02E-05,-3.44E-05,0.0012209,0.00025271,0.0032413,,0.0362736,-0.000551104
0.0022673,8.67E-19,0.5,3.3295,-0.0004373,0.0028924,0.39165,-2.95E-10,0.5,3.3295,7.26E-05,3.23E-05,-3.35E-05,0.001223,0.00027622,0.003239,,0.0362768,-0.000536352
0.003235,0.8333,0.5,3.3229,-0.020885,-0.0097482,1.0339,0.8333,0.5,3.3229,0.0016528,7.14E-05,0.00019636,0.0022546,-0.00164,0.0025627,,0.05176,0.00314176
0.0032407,0.8333,0.5,3.345,-0.020741,-0.0096378,1.0334,0.8333,0.5,3.345,0.0016273,5.44E-05,0.00021647,0.0022961,-0.00166,0.0025579,,0.0518512,0.00346352
0.0022672,8.67E-19,0.5,3.3646,-0.00094276,0.0029064,0.39167,-2.95E-10,0.5,3.3646,7.29E-05,2.52E-05,-3.27E-05,0.0012275,0.00032581,0.0032341,,0.0362752,-0.000522752
0.0022726,8.67E-19,0.5,3.3713,-0.0009549,0.0029199,0.3917,-2.95E-10,0.5,3.3713,7.33E-05,1.99E-05,-3.36E-05,0.0012346,0.00034864,0.0032373,,0.0363616,-0.000537936
0.0032561,0.8333,0.5,3.3646,-0.020636,-0.0094975,1.033,0.8333,0.5,3.3646,0.0016017,4.77E-05,0.00024177,0.0023188,-0.0016823,0.0025918,,0.0520976,0.00386832
0.0032631,0.8333,0.5,3.3871,-0.020427,-0.0093697,1.0326,0.8333,0.5,3.3871,0.0015926,4.03E-05,0.00024954,0.0023652,-0.0017042,0.0025684,,0.0522096,0.00399264
0.0022837,8.67E-19,0.5,3.4071,-0.0012454,0.0029533,0.39178,-2.95E-10,0.5,3.4071,7.35E-05,1.51E-05,-3.45E-05,0.0012495,0.00039675,0.0032443,,0.0365392,-0.000552272
0.0022934,8.67E-19,0.5,3.414,-0.0012528,0.0029632,0.39183,-2.95E-10,0.5,3.414,7.39E-05,1.30E-05,-3.62E-05,0.0012607,0.00041503,0.0032522,,0.0366944,-0.000579776
0.0032706,0.8333,0.5,3.4071,-0.020266,-0.0091979,1.0323,0.8333,0.5,3.4071,0.0015831,3.60E-05,0.00026296,0.0023892,-0.0017232,0.0025689,,0.0523296,0.00420736
0.0032699,0.8333,0.5,3.43,-0.019985,-0.0091184,1.0319,0.8333,0.5,3.43,0.0015863,6.69E-05,0.00024895,0.0024191,-0.0017364,0.0025343,,0.0523184,0.0039832
0.0023136,8.67E-19,0.5,3.4504,-0.0011537,0.0029878,0.39195,-2.95E-10,0.5,3.4504,7.40E-05,1.10E-05,-3.79E-05,0.0012841,0.0004535,0.0032692,,0.0370176,-0.000605616
0.0023235,8.67E-19,0.5,3.4573,-0.0011603,0.0029791,0.39199,-2.95E-10,0.5,3.4573,7.52E-05,1.10E-05,-3.93E-05,0.0012941,0.00046474,0.0032777,,0.037176,-0.000629568
0.0032687,0.8333,0.5,3.4504,-0.019805,-0.0090142,1.0316,0.8333,0.5,3.4504,0.0015906,8.98E-05,0.0002345,0.0024361,-0.0017432,0.0025107,,0.0522992,0.003752
0.0032773,0.8333,0.5,3.4736,-0.019442,-0.008934,1.0313,0.8333,0.5,3.4736,0.0015901,0.00012338,0.00022563,0.0025001,-0.001757,0.0024646,,0.0524368,0.00361008
0.0023434,8.67E-19,0.5,3.4943,-0.0013707,0.0029593,0.39208,-2.95E-10,0.5,3.4943,7.58E-05,1.09E-05,-4.08E-05,0.0013149,0.00048833,0.0032961,,0.0374944,-0.000652048
0.0023476,8.67E-19,0.5,3.5013,-0.001378,0.0029372,0.39207,-2.95E-10,0.5,3.5013,7.79E-05,1.06E-05,-4.08E-05,0.0013172,0.00049386,0.0033,,0.0375616,-0.000652256
0.0032867,0.8333,0.5,3.4943,-0.019162,-0.0088144,1.0311,0.8333,0.5,3.4943,0.0015958,0.00014914,0.00021184,0.002557,-0.001771,0.0024205,,0.0525872,0.00338944
0.0032925,0.8333,0.5,3.5179,-0.018792,-0.0087585,1.0309,0.8333,0.5,3.5179,0.0015959,0.00018012,0.00020053,0.0026176,-0.0017762,0.0023715,,0.05268,0.00320848
0.0023552,8.67E-19,0.5,3.5388,-0.0015809,0.0028855,0.39205,-2.95E-10,0.5,3.5388,8.00E-05,1.02E-05,-4.08E-05,0.001322,0.00050534,0.0033084,,0.0376832,-0.000652544
0.0023504,8.67E-19,0.5,3.546,-0.0015853,0.0028607,0.39198,-2.95E-10,0.5,3.546,8.20E-05,7.74E-06,-3.98E-05,0.0013144,0.00050824,0.0033043,,0.0376064,-0.000636608
0.0032943,0.8333,0.5,3.5388,-0.01852,-0.0086626,1.0307,0.8333,0.5,3.5388,0.0015997,0.00021151,0.00018223,0.0026799,-0.0017755,0.0023089,,0.0527088,0.00291568
0.0032933,0.8333,0.5,3.5627,-0.018167,-0.008606,1.0305,0.8333,0.5,3.5627,0.0015809,0.00021178,0.00017492,0.0027375,-0.0017695,0.0022681,,0.0526928,0.00279872
0.0023389,8.67E-19,0.5,3.584,-0.0011828,0.0028026,0.3918,-2.95E-10,0.5,3.584,8.34E-05,5.49E-06,-3.89E-05,0.0012987,0.00051416,0.0032956,,0.0374224,-0.000621808
0.0023262,8.67E-19,0.5,3.5913,-0.0011811,0.0027656,0.39166,-2.95E-10,0.5,3.5913,8.37E-05,1.22E-06,-3.91E-05,0.0012837,0.00051647,0.0032851,,0.0372192,-0.0006248
0.0032983,0.8333,0.5,3.584,-0.017855,-0.0084585,1.0304,0.8333,0.5,3.584,0.0015665,0.00021618,0.0001642,0.0028252,-0.0017669,0.0022048,,0.0527728,0.0026272
0.0033059,0.8333,0.5,3.6082,-0.017587,-0.0084632,1.0302,0.8333,0.5,3.6082,0.0015555,0.0001899,0.00017215,0.0028712,-0.0017625,0.0021852,,0.0528944,0.0027544
0.0022988,8.67E-19,0.5,3.6298,-0.00057677,0.0026786,0.39132,-2.95E-10,0.5,3.6298,8.26E-05,-2.64E-06,-3.92E-05,0.0012524,0.00052119,0.0032626,,0.0367808,-0.000627632
0.0023732,0.0011898,0.5,3.6386,-0.00064651,0.0026944,0.4044,0.0011898,0.5,3.6386,9.14E-05,-7.92E-06,-4.63E-05,0.0012811,0.00054741,0.0033739,,0.0379712,-0.000740448
0.0033125,0.8333,0.5,3.6298,-0.017348,-0.0083321,1.0301,0.8333,0.5,3.6298,0.001541,0.00017337,0.00017567,0.0029443,-0.0017561,0.0021398,,0.053,0.00281072
0.0033094,0.8333,0.5,3.6542,-0.017179,-0.008388,1.0299,0.8333,0.5,3.6542,0.0015247,0.00014253,0.00018384,0.0029605,-0.0017477,0.0021336,,0.0529504,0.00294144
0.0023402,0.0011898,0.5,3.676,-0.00049192,0.0025543,0.40395,0.0011898,0.5,3.676,8.98E-05,-1.16E-05,-4.90E-05,0.0012436,0.00055631,0.003347,,0.0374432,-0.000783568
0.002868,0.0084961,0.5,3.6942,-0.0009589,0.002855,0.48498,0.0084961,0.5,3.6942,0.00014994,-2.22E-05,-8.63E-05,0.0015026,0.00070319,0.0040835,,0.045888,-0.001380304
0.0033091,0.8333,0.5,3.676,-0.016988,-0.0082794,1.0298,0.8333,0.5,3.676,0.001502,0.00011883,0.00019129,0.0030117,-0.0017314,0.0021045,,0.0529456,0.00306064
0.0033113,0.8333,0.5,3.7007,-0.016993,-0.0083638,1.0296,0.8333,0.5,3.7007,0.0014975,8.04E-05,0.00021884,0.0030284,-0.0017318,0.0020967,,0.0529808,0.00350144
0.0028441,0.0084961,0.5,3.7227,-0.0011231,0.002709,0.48456,0.0084961,0.5,3.7227,0.00014919,-2.35E-05,-8.99E-05,0.0014769,0.0007127,0.004062,,0.0455056,-0.001437888
0.0044888,0.030909,0.5,3.75,-0.0023484,0.0037358,0.73344,0.030909,0.5,3.75,0.00033489,-4.15E-05,-0.00020229,0.0023103,0.0011462,0.0063324,,0.0718208,-0.00323664
0.0047515,0.05135,0.5,3.75,-0.0027389,0.0083022,0.80197,0.05135,0.5,3.75,0.00061371,2.08E-05,-0.0002319,0.0024114,0.0013406,0.0064778,,0.076024,-0.0037104
0.0049046,0.066184,0.5,3.75,-0.0031,0.011406,0.8514,0.066184,0.5,3.75,0.00082841,7.06E-05,-0.00024702,0.0024751,0.0014905,0.0065058,,0.0784736,-0.00395232
0.0050296,0.085815,0.5,3.75,-0.0025754,0.014878,0.8819,0.085815,0.5,3.75,0.00099429,0.00014999,-0.00029889,0.0024614,0.0014192,0.0066036,,0.0804736,-0.00478224
0.0051302,0.10006,0.5,3.75,-0.0021172,0.017206,0.90339,0.10006,0.5,3.75,0.0011149,0.00022824,-0.00033327,0.0024424,0.0013458,0.0067031,,0.0820832,-0.00533232
0.0053443,0.11891,0.5,3.75,-0.0032084,0.012112,0.9207,0.11891,0.5,3.75,0.0011606,0.00033151,-0.00019733,0.0023231,0.0012137,0.0072048,,0.0855088,-0.00315728
0.0055599,0.13258,0.5,3.75,-0.0037834,0.0084096,0.9328,0.13258,0.5,3.75,0.0011771,0.00040131,-9.93E-05,0.0022416,0.0011756,0.0077012,,0.0889584,-0.001589584
0.00486,0.15066,0.5,3.75,-0.006097,0.0017347,0.95764,0.15066,0.5,3.75,0.0011118,0.00044124,6.99E-05,0.0016932,0.00090462,0.0069151,,0.07776,0.001118448
0.0043263,0.16379,0.5,3.75,-0.0077167,-0.0032362,0.97573,0.16379,0.5,3.75,0.0010444,0.00044847,0.00017228,0.001276,0.00074486,0.0063321,,0.0692208,0.00275648
0.0034989,0.18113,0.5,3.75,-0.009348,-0.01039,0.99814,0.18113,0.5,3.75,0.00088283,0.00027642,9.46E-06,0.00098436,0.00030145,0.0051306,,0.0559824,0.00015136
0.0028506,0.19372,0.5,3.75,-0.010625,-0.015505,1.0145,0.19372,0.5,3.75,0.00076687,0.00015678,-0.00012334,0.00076326,-8.68E-05,0.0041711,,0.0456096,-0.00197344
0.0023975,0.21035,0.5,3.75,-0.011337,-0.018092,1.0268,0.21035,0.5,3.75,0.00064823,6.37E-05,-0.00018973,0.00085275,-0.00013206,0.0032941,,0.03836,-0.00303568
0.0020508,0.22242,0.5,3.75,-0.01187,-0.019868,1.0359,0.22242,0.5,3.75,0.00057072,7.75E-06,-0.00023168,0.00092181,-0.00015309,0.002609,,0.0328128,-0.00370688
0.0021895,0.23836,0.5,3.75,-0.011941,-0.017085,1.0422,0.23836,0.5,3.75,0.00059386,7.55E-05,-0.00026783,0.0011134,-0.00025835,0.0026717,,0.035032,-0.00428528
0.0022714,0.24993,0.5,3.75,-0.01192,-0.015055,1.0472,0.24993,0.5,3.75,0.00061454,0.00011697,-0.00028006,0.0012307,-0.00030807,0.0026975,,0.0363424,-0.00448096
0.0022607,0.26521,0.5,3.75,-0.011911,-0.014758,1.0547,0.26521,0.5,3.75,0.00068518,0.00018276,-0.00029115,0.0011059,-0.00054547,0.0027303,,0.0361712,-0.0046584
0.0022585,0.27629,0.5,3.75,-0.011877,-0.014523,1.0601,0.27629,0.5,3.75,0.00074315,0.00021874,-0.00030631,0.001016,-0.00073793,0.0027579,,0.036136,-0.00490096
0.0019797,0.29092,0.5,3.75,-0.013256,-0.013963,1.0686,0.29092,0.5,3.75,0.00077066,0.00029239,-0.00038038,0.00089307,-0.0007208,0.0022957,,0.0316752,-0.00608608
0.0018134,0.30154,0.5,3.75,-0.014341,-0.013585,1.0746,0.30154,0.5,3.75,0.00079189,0.000354,-0.00044516,0.0008307,-0.00073705,0.0020042,,0.0290144,-0.00712256
0.0017422,0.31555,0.5,3.75,-0.017535,-0.011433,1.071,0.31555,0.5,3.75,0.0007948,0.00038603,-0.00050702,0.00080517,-0.00069393,0.0018844,,0.0278752,-0.00811232
0.0016999,0.32572,0.5,3.75,-0.01992,-0.0098979,1.0683,0.32572,0.5,3.75,0.00079341,0.00041636,-0.00055213,0.00079314,-0.00067447,0.0018133,,0.0271984,-0.00883408
0.0016212,0.33913,0.5,3.75,-0.022911,-0.0079968,1.0629,0.33913,0.5,3.75,0.0008213,0.00034097,-0.00045803,0.00067078,-0.00056382,0.0017504,,0.0259392,-0.00732848
0.001559,0.34887,0.5,3.75,-0.025087,-0.0065542,1.0592,0.34887,0.5,3.75,0.0008388,0.00028955,-0.00039373,0.00057442,-0.00047498,0.0017048,,0.024944,-0.00629968
0.0015665,0.3617,0.5,3.75,-0.026643,-0.0058949,1.0575,0.3617,0.5,3.75,0.0008969,0.00019668,-0.00029315,0.00064345,-0.00043578,0.0015927,,0.025064,-0.0046904
0.0015574,0.37102,0.5,3.75,-0.027749,-0.0053141,1.0562,0.37102,0.5,3.75,0.00093213,0.00013209,-0.00022349,0.00068864,-0.00038768,0.0014941,,0.0249184,-0.00357584
0.001612,0.3833,0.5,3.75,-0.028817,-0.0053837,1.0607,0.3833,0.5,3.75,0.00098454,0.00011161,-8.04E-05,0.0008334,-0.00033736,0.001406,,0.025792,-0.001286656
0.001646,0.39221,0.5,3.75,-0.029544,-0.0053824,1.0637,0.39221,0.5,3.75,0.0010113,8.59E-05,3.27E-05,0.00095253,-0.00029908,0.0013282,,0.026336,0.00052272
0.0016988,0.40396,0.5,3.75,-0.0308,-0.0065831,1.0702,0.40396,0.5,3.75,0.0010459,0.00010928,2.57E-05,0.0010514,-0.00030468,0.0013003,,0.0271808,0.000410416
0.0017505,0.41248,0.5,3.75,-0.031695,-0.0074626,1.0748,0.41248,0.5,3.75,0.0010696,0.00011869,3.49E-05,0.0011293,-0.00032011,0.001302,,0.028008,0.000559152
0.0018273,0.42372,0.5,3.75,-0.032577,-0.0085836,1.0775,0.42372,0.5,3.75,0.0011351,9.16E-05,2.98E-05,0.0012119,-0.00040849,0.0013076,,0.0292368,0.000476128
0.0018861,0.43187,0.5,3.75,-0.033252,-0.0095596,1.0798,0.43187,0.5,3.75,0.0011925,7.50E-05,1.90E-05,0.001264,-0.00047581,0.0013157,,0.0301776,0.000304464
0.001872,0.44261,0.5,3.75,-0.033549,-0.0091929,1.0782,0.44261,0.5,3.75,0.0012397,4.72E-05,9.54E-05,0.0012846,-0.00055639,0.0012197,,0.029952,0.00152608
0.0018542,0.4504,0.5,3.75,-0.033805,-0.0089745,1.0772,0.4504,0.5,3.75,0.0012822,3.09E-05,0.00014558,0.0012946,-0.00060896,0.0011317,,0.0296672,0.00232928
0.0018503,0.46067,0.5,3.75,-0.034389,-0.0088187,1.0762,0.46067,0.5,3.75,0.0012849,4.37E-05,-5.39E-05,0.0012563,-0.00068416,0.0011594,,0.0296048,-0.000862608
0.001855,0.46812,0.5,3.75,-0.034801,-0.0086257,1.0751,0.46812,0.5,3.75,0.0012892,5.23E-05,-0.00018057,0.001237,-0.00074281,0.0011838,,0.02968,-0.00288912
0.0019222,0.47793,0.5,3.75,-0.035878,-0.0090077,1.0745,0.47793,0.5,3.75,0.0013407,7.91E-05,-0.00038832,0.001238,-0.00069158,0.0012657,,0.0307552,-0.00621312
0.0019817,0.48504,0.5,3.75,-0.036585,-0.009346,1.0742,0.48504,0.5,3.75,0.0013792,9.40E-05,-0.00052689,0.0012536,-0.00066504,0.0013307,,0.0317072,-0.00843024
0.0019899,0.49442,0.5,3.75,-0.037443,-0.0095193,1.075,0.49442,0.5,3.75,0.0014971,8.74E-05,-0.00051359,0.001218,-0.00054877,0.0012647,,0.0318384,-0.00821744
0.002005,0.50122,0.5,3.75,-0.038033,-0.0097488,1.076,0.50122,0.5,3.75,0.0015872,8.39E-05,-0.00051867,0.0011948,-0.00047943,0.001228,,0.03208,-0.00829872
0.0019416,0.51017,0.5,3.75,-0.038337,-0.010285,1.0764,0.51017,0.5,3.75,0.001683,5.43E-05,-0.0003986,0.0010676,-0.0003203,0.0011328,,0.0310656,-0.0063776
0.001894,0.51667,0.5,3.75,-0.038636,-0.010618,1.0768,0.51667,0.5,3.75,0.0017556,3.90E-05,-0.00031988,0.00096823,-0.0002054,0.0010641,,0.030304,-0.00511808
0.0018666,0.52522,0.5,3.75,-0.038502,-0.01197,1.0787,0.52522,0.5,3.75,0.0017818,-1.30E-05,-0.00029724,0.00092733,-9.13E-05,0.0010241,,0.0298656,-0.00475584
0.001838,0.53142,0.5,3.75,-0.038483,-0.012843,1.0797,0.53142,0.5,3.75,0.0017993,-5.01E-05,-0.00026899,0.00089553,6.04E-06,0.00098114,,0.029408,-0.00430384
0.0017592,0.53959,0.5,3.75,-0.038282,-0.015629,1.0828,0.53959,0.5,3.75,0.0017981,-0.00012504,-0.00020194,0.00084945,7.04E-05,0.00087095,,0.0281472,-0.00323104
0.0016984,0.54551,0.5,3.75,-0.038142,-0.01752,1.0854,0.54551,0.5,3.75,0.0017951,-0.0001813,-0.00017343,0.00081882,0.00012743,0.00078292,,0.0271744,-0.00277488
0.0016325,0.55331,0.5,3.75,-0.038159,-0.020243,1.0836,0.55331,0.5,3.75,0.0017909,-0.00020214,-7.67E-05,0.00075243,0.00016805,0.00072162,,0.02612,-0.001227456
0.0015845,0.55896,0.5,3.75,-0.038141,-0.022166,1.0826,0.55896,0.5,3.75,0.0017855,-0.00021717,-1.87E-05,0.00069894,0.00020807,0.00068467,,0.025352,-0.000299392
0.0015963,0.5664,0.5,3.75,-0.038283,-0.023226,1.08,0.5664,0.5,3.75,0.0017965,-0.00019026,-7.27E-06,0.00067802,0.00018923,0.00071812,,0.0255408,-0.000116304
0.0015939,0.5718,0.5,3.75,-0.038369,-0.023987,1.0781,0.5718,0.5,3.75,0.0018017,-0.00017121,1.71E-05,0.00065455,0.00018048,0.00073168,,0.0255024,0.00027368
0.0016262,0.5789,0.5,3.75,-0.038285,-0.025139,1.0767,0.5789,0.5,3.75,0.001835,-0.0001318,0.00010123,0.0006404,0.00012643,0.00077705,,0.0260192,0.00161968
0.0016412,0.58405,0.5,3.75,-0.038255,-0.025953,1.0757,0.58405,0.5,3.75,0.0018616,-0.0001027,0.00016814,0.00062124,8.58E-05,0.00079966,,0.0262592,0.00269024
0.0016858,0.59083,0.5,3.75,-0.037833,-0.026892,1.0743,0.59083,0.5,3.75,0.0019009,-8.86E-05,0.00022112,0.0006091,1.63E-05,0.00086167,,0.0269728,0.00353792
0.0017142,0.59575,0.5,3.75,-0.037566,-0.027632,1.0731,0.59575,0.5,3.75,0.0019362,-7.68E-05,0.00025421,0.00059078,-3.36E-05,0.00090133,,0.0274272,0.00406736
0.0017584,0.60221,0.5,3.75,-0.037136,-0.028215,1.0723,0.60221,0.5,3.75,0.0019787,-7.94E-05,0.00031336,0.00056308,-9.61E-05,0.00097508,,0.0281344,0.00501376
0.0017922,0.6069,0.5,3.75,-0.036831,-0.028576,1.0715,0.6069,0.5,3.75,0.0020131,-8.51E-05,0.0003468,0.00054268,-0.00014288,0.0010286,,0.0286752,0.0055488
0.0018457,0.61307,0.5,3.75,-0.036711,-0.029284,1.0716,0.61307,0.5,3.75,0.0020546,-7.39E-05,0.00039755,0.000517,-0.0002019,0.0011199,,0.0295312,0.0063608
0.001896,0.61755,0.5,3.75,-0.03661,-0.029774,1.0715,0.61755,0.5,3.75,0.0020835,-6.91E-05,0.00044115,0.00050415,-0.00024805,0.0012044,,0.030336,0.0070584
0.0019226,0.62343,0.5,3.75,-0.036743,-0.029934,1.0721,0.62343,0.5,3.75,0.0021241,-7.51E-05,0.000471,0.00048912,-0.00029015,0.0012319,,0.0307616,0.007536
0.001945,0.6277,0.5,3.75,-0.036834,-0.030128,1.0726,0.6277,0.5,3.75,0.0021527,-7.91E-05,0.00049471,0.00048168,-0.00032347,0.0012556,,0.03112,0.00791536
0.0019893,0.63331,0.5,3.75,-0.036953,-0.030245,1.0731,0.63331,0.5,3.75,0.0022008,-9.87E-05,0.0005183,0.0004808,-0.00033936,0.001297,,0.0318288,0.0082928
0.0020232,0.63738,0.5,3.75,-0.037053,-0.030391,1.0735,0.63738,0.5,3.75,0.0022409,-0.00011247,0.00054019,0.00048004,-0.00035165,0.0013254,,0.0323712,0.00864304
0.0020706,0.64273,0.5,3.75,-0.036979,-0.030523,1.0743,0.64273,0.5,3.75,0.0023058,-0.00015862,0.00053999,0.0005124,-0.00036909,0.001323,,0.0331296,0.00863984
0.0021089,0.64661,0.5,3.75,-0.036948,-0.030699,1.0749,0.64661,0.5,3.75,0.0023605,-0.00019064,0.00054786,0.00053066,-0.00038238,0.0013266,,0.0337424,0.00876576
0.0021649,0.65171,0.5,3.75,-0.036696,-0.030711,1.0757,0.65171,0.5,3.75,0.002437,-0.00025159,0.00055358,0.00058898,-0.00039182,0.0013038,,0.0346384,0.00885728
0.0022044,0.65542,0.5,3.75,-0.036525,-0.030767,1.0762,0.65542,0.5,3.75,0.0024942,-0.00029625,0.00055965,0.00062605,-0.00040072,0.0012886,,0.0352704,0.0089544
0.002282,0.66028,0.5,3.75,-0.036176,-0.030618,1.0767,0.66028,0.5,3.75,0.0025689,-0.00035185,0.00055676,0.00069848,-0.00038979,0.0012966,,0.036512,0.00890816
0.0023361,0.66381,0.5,3.75,-0.035922,-0.030511,1.077,0.66381,0.5,3.75,0.0026178,-0.00039468,0.00055583,0.00074952,-0.00038484,0.0013048,,0.0373776,0.00889328
0.0024084,0.66859,0.5,3.75,-0.035485,-0.030277,1.077,0.66859,0.5,3.75,0.0026775,-0.00043952,0.00055477,0.000827,-0.00037488,0.0013123,,0.0385344,0.00887632
0.0024607,0.67207,0.5,3.75,-0.035169,-0.030057,1.077,0.67207,0.5,3.75,0.0027119,-0.00047567,0.00055498,0.0008858,-0.00036805,0.0013236,,0.0393712,0.00887968
0.002524,0.67685,0.5,3.75,-0.034604,-0.029917,1.0763,0.67685,0.5,3.75,0.0027386,-0.00050074,0.00056879,0.00096028,-0.00037323,0.0013492,,0.040384,0.00910064
0.0025684,0.68032,0.5,3.75,-0.034218,-0.029751,1.0758,0.68032,0.5,3.75,0.0027563,-0.00052209,0.00057869,0.0010175,-0.00037587,0.001363,,0.0410944,0.00925904
0.0026174,0.68511,0.5,3.75,-0.033562,-0.02959,1.0745,0.68511,0.5,3.75,0.0027398,-0.00052752,0.00061138,0.0010906,-0.0003849,0.0014045,,0.0418784,0.00978208
0.0026573,0.68858,0.5,3.75,-0.03312,-0.029421,1.0737,0.68858,0.5,3.75,0.0027363,-0.00053588,0.0006245,0.0011465,-0.00039422,0.0014319,,0.0425168,0.009992
0.0026844,0.69336,0.5,3.75,-0.032503,-0.029252,1.0717,0.69336,0.5,3.75,0.0026883,-0.00052116,0.00066576,0.0012196,-0.00040169,0.0014609,,0.0429504,0.01065216
0.0027097,0.69683,0.5,3.75,-0.032054,-0.029119,1.0703,0.69683,0.5,3.75,0.0026596,-0.00051436,0.00069026,0.0012764,-0.00041171,0.0014835,,0.0433552,0.01104416
0.0027399,0.70162,0.5,3.75,-0.031583,-0.02875,1.0682,0.70162,0.5,3.75,0.0025978,-0.00049381,0.00071439,0.0013495,-0.00041215,0.0015324,,0.0438384,0.01143024
0.0027627,0.70509,0.5,3.75,-0.031208,-0.028527,1.0666,0.70509,0.5,3.75,0.0025514,-0.00047868,0.00073878,0.001406,-0.00041794,0.001568,,0.0442032,0.01182048
0.0027917,0.70987,0.5,3.75,-0.030919,-0.028102,1.0647,0.70987,0.5,3.75,0.0024855,-0.00045493,0.00075845,0.0014809,-0.0004162,0.0016169,,0.0446672,0.0121352
0.0028104,0.71335,0.5,3.75,-0.030675,-0.027837,1.0632,0.71335,0.5,3.75,0.0024337,-0.00043416,0.0007845,0.0015379,-0.000415,0.0016493,,0.0449664,0.012552
0.0028381,0.71813,0.5,3.75,-0.030506,-0.02754,1.0618,0.71813,0.5,3.75,0.0023689,-0.00041251,0.00079371,0.0016103,-0.00042973,0.0016971,,0.0454096,0.01269936
0.0028587,0.7216,0.5,3.75,-0.030365,-0.027315,1.0607,0.7216,0.5,3.75,0.0023196,-0.00039148,0.00080634,0.001666,-0.0004339,0.0017318,,0.0457392,0.01290144
0.0028844,0.72639,0.5,3.75,-0.030186,-0.027281,1.0595,0.72639,0.5,3.75,0.0022629,-0.0003692,0.00080794,0.0017338,-0.00046331,0.0017723,,0.0461504,0.01292704
0.0029076,0.72986,0.5,3.75,-0.030047,-0.027214,1.0586,0.72986,0.5,3.75,0.0022207,-0.0003476,0.00081278,0.0017868,-0.00047676,0.0018078,,0.0465216,0.01300448
0.0029212,0.73464,0.5,3.75,-0.029746,-0.027183,1.0577,0.73464,0.5,3.75,0.002173,-0.00032533,0.00079704,0.0018433,-0.00050908,0.0018261,,0.0467392,0.01275264
0.0029326,0.73811,0.5,3.75,-0.029529,-0.027193,1.0571,0.73811,0.5,3.75,0.0021386,-0.00030331,0.00078686,0.001885,-0.00052397,0.0018416,,0.0469216,0.01258976
0.0029296,0.7429,0.5,3.75,-0.029101,-0.026779,1.0562,0.7429,0.5,3.75,0.0020931,-0.00028481,0.00076612,0.0019235,-0.00056369,0.0018425,,0.0468736,0.01225792
0.0029208,0.74637,0.5,3.75,-0.028799,-0.026617,1.0557,0.74637,0.5,3.75,0.0020614,-0.0002673,0.00074851,0.0019456,-0.00057999,0.0018346,,0.0467328,0.01197616
0.0029175,0.75115,0.5,3.75,-0.028304,-0.025685,1.0547,0.75115,0.5,3.75,0.0020108,-0.00024916,0.00071914,0.0019736,-0.00064203,0.0018506,,0.04668,0.01150624
0.0028976,0.75463,0.5,3.75,-0.027949,-0.025142,1.0541,0.75463,0.5,3.75,0.001976,-0.00023573,0.00068976,0.0019813,-0.00066992,0.0018379,,0.0463616,0.01103616
0.0029058,0.75941,0.5,3.75,-0.027388,-0.023882,1.0525,0.75941,0.5,3.75,0.0019176,-0.00020503,0.00065135,0.0020045,-0.00076884,0.0018894,,0.0464928,0.0104216
0.0028949,0.76288,0.5,3.75,-0.027003,-0.022995,1.0514,0.76288,0.5,3.75,0.0018774,-0.00018605,0.00060764,0.0020095,-0.00082732,0.0019029,,0.0463184,0.00972224
0.0029111,0.76767,0.5,3.75,-0.026332,-0.021788,1.049,0.76767,0.5,3.75,0.0018198,-0.00013853,0.00056537,0.0020348,-0.00093308,0.0019677,,0.0465776,0.00904592
0.002915,0.77114,0.5,3.75,-0.025886,-0.020879,1.0474,0.77114,0.5,3.75,0.0017775,-0.00010899,0.00052292,0.0020452,-0.001007,0.0020072,,0.04664,0.00836672
0.0029408,0.77592,0.5,3.75,-0.025119,-0.019907,1.0448,0.77592,0.5,3.75,0.001737,-5.96E-05,0.00047952,0.0020826,-0.0011004,0.0020619,,0.0470528,0.00767232
0.0029562,0.7794,0.5,3.75,-0.024612,-0.019162,1.043,0.7794,0.5,3.75,0.0017034,-2.73E-05,0.00044755,0.0021046,-0.0011765,0.0021046,,0.0472992,0.0071608
0.0030018,0.78418,0.5,3.75,-0.023858,-0.018205,1.0408,0.78418,0.5,3.75,0.0016869,7.99E-06,0.00040446,0.0021687,-0.0012493,0.002148,,0.0480288,0.00647136
0.0030381,0.78765,0.5,3.75,-0.023351,-0.017452,1.0392,0.78765,0.5,3.75,0.0016702,3.46E-05,0.00037841,0.0022115,-0.0013188,0.0021945,,0.0486096,0.00605456
0.0031006,0.79244,0.5,3.75,-0.022684,-0.016347,1.0375,0.79244,0.5,3.75,0.0016675,5.73E-05,0.00033614,0.0023183,-0.0013743,0.0022154,,0.0496096,0.00537824
0.0031544,0.79591,0.5,3.75,-0.022209,-0.015504,1.0362,0.79591,0.5,3.75,0.0016637,7.97E-05,0.0003072,0.0023909,-0.0014312,0.0022542,,0.0504704,0.0049152
0.0032021,0.80069,0.5,3.75,-0.021606,-0.014131,1.035,0.80069,0.5,3.75,0.0016539,9.16E-05,0.0002724,0.0025364,-0.0014611,0.002214,,0.0512336,0.0043584
0.0032466,0.80416,0.5,3.75,-0.021163,-0.013157,1.0341,0.80416,0.5,3.75,0.0016485,0.00010852,0.0002447,0.0026368,-0.0014963,0.0022079,,0.0519456,0.0039152
0.003263,0.80895,0.5,3.75,-0.020586,-0.011645,1.0331,0.80895,0.5,3.75,0.0016196,0.00010635,0.00022848,0.002775,-0.0015127,0.0021315,,0.052208,0.00365568
0.0032797,0.81242,0.5,3.75,-0.020122,-0.010574,1.0324,0.81242,0.5,3.75,0.0016015,0.00011297,0.00021163,0.0028775,-0.001532,0.0020804,,0.0524752,0.00338608
0.0032774,0.8172,0.5,3.75,-0.019499,-0.0094231,1.0315,0.8172,0.5,3.75,0.0015664,9.75E-05,0.00021244,0.002964,-0.0015602,0.0020245,,0.0524384,0.00339904
0.0032769,0.82068,0.5,3.75,-0.018948,-0.0085411,1.0308,0.82068,0.5,3.75,0.0015406,9.30E-05,0.00020678,0.0030386,-0.0015806,0.0019747,,0.0524304,0.00330848
0.0032877,0.82546,0.5,3.75,-0.018259,-0.0081656,1.0301,0.82546,0.5,3.75,0.0015149,6.44E-05,0.0002329,0.0030701,-0.0016382,0.0019904,,0.0526032,0.0037264
0.0033191,0.8333,0.5,3.7227,-0.016973,-0.0082956,1.0294,0.8333,0.5,3.7227,0.0014824,4.49E-05,0.00024333,0.0030745,-0.001729,0.0020813,,0.0531056,0.00389328
0.0032937,0.82893,0.5,3.7415,-0.017659,-0.0078049,1.0296,0.82893,0.5,3.7415,0.0014958,5.84E-05,0.0002354,0.003097,-0.0016745,0.0019947,,0.0526992,0.0037664
0.0033103,0.83193,0.5,3.7398,-0.01725,-0.0082127,1.0294,0.83193,0.5,3.7398,0.0014865,3.56E-05,0.00025613,0.0030795,-0.0017149,0.0020545,,0.0529648,0.00409808
